:10400000F80801206D640000396400004564000078
:104010004964000055640000616400000000000075
:1040200000000000000000000000000061E300004C
:104030002164000000000000F1E3000055E40000EE
:10404000156400001564000015640000156400008C
:10405000156400001564000015640000156400007C
:10406000156400001564000015640000156400006C
:10407000156400001564000015640000156400005C
:10408000156400001564000015640000156400004C
:10409000156400001564000015640000156400003C
:1040A000156400001564000015640000156400002C
:1040B0002D640000F5920000C59200003543000019
:1040C000156400001564000015640000156400000C
:1040D0002D6400002D6400002D6400002D6400009C
:1040E0002D6400002D6400000000000000000000AE
:1040F00000000000799400001564000015640000C1
:104100001564000015640000715D0000C95D0000C9
:10411000E95D0000095E0000395E0000915E00006C
:10412000D15E0000F15E000015640000156400001F
:10413000156400001564000015640000156400009B
:10414000156400001564000015640000156400008B
:10415000156400001564000000000000000000006D
:10416000000000000000000000000000000000004F
:1041700000000000000000004590000015640000F1
:10418000156400001564000015640000156400004B
:1041900000000000E57200002164000021640000BE
:1041A00021640000216400002164000021640000FB
:1041B000D57100002164000021640000216400002A
:1041C000216400005D720000216400002164000091
:1041D000216400004D7100001564000015640000AA
:1041E0001564000015E1000049E1000015640000BD
:1041F00015640000156400001564000045DD000032
:1042000015640000000000000000000015640000BC
:104210001564000015640000156400006DD40000F2
:104220001564000041D3000015640000156400000F
:10423000156400001564000015640000156400009A
:10424000156400001564000015640000156400008A
:10425000156400001564000015640000156400007A
:104260000000000010B5054C237833B9044B13B19E
:104270000448AFF300800123237010BD702B002091
:1042800000000000000002000C4B43B10C480D4937
:1042900010B5AFF300800C48036823B910BD0A487D
:1042A000036833B97047094B002BF7D0BDE81040C5
:1042B0001847064B002BF5D0184700BF0000000040
:1042C00000000200742B002000000200000000002B
:1042D00010B41349134A0B6943F400730B6113883C
:1042E00043F0010313801388DB07FCD40E4B0F4906
:1042F00051630F4C946340F602704FF00041108000
:10430000C3F88010BFF34F8FBFF36F8FA022C3F8A5
:10431000801183F81F235DF8044B1960704700BFBC
:104320000008004000A0004100E100E090DB002018
:1043300010E4002010B5244B93F84E20910709D5C6
:104340000221224A83F84E101368214A002111608D
:1043500003B198471C4B93F84E20520744BF0422E8
:1043600083F84E20184B93F84E20D40706D5174AF1
:10437000D268012183F84E1002B19047124B93F896
:104380005E20900709D5114A114952680224002085
:1043900083F85E40486002B190470B4B93F85E2073
:1043A000510744BF042283F85E20074B93F85E2038
:1043B000D20708D5054A1269012183F85E1012B1AF
:1043C000BDE81040104710BD00A000418C2B00201C
:1043D00090DD0020F0B4041D0E4E0F4F2401120298
:1043E000355945F0010535510C4D47F8203002F4A0
:1043F000FE4207EB800745F8201006EB001342F45D
:1044000000120498F8600721325183F84D10F0BC77
:10441000704700BF00A000418C2B002010E6002058
:1044200002281BD8B2F5007F18D82DE9F041234CA3
:104430004FF0004584B0C4F88050BFF34F8FBFF3F6
:104440006F8FDFF888E05EF820704FB100201B4BC3
:104450004FF000421A6004B0BDE8F08100207047C0
:10446000174BDFF86C80044603EB40231846012607
:1044700015464EF82460C04740F20141114AADF89C
:1044800000100346ADF8025052F8242002922B444B
:104490000397019304AB13E90F000B4D05EB0415D3
:1044A00085E80F00240104F1824404F520443046DD
:1044B000236C43F002032364C9E700BF00E100E07E
:1044C00010DE002010E6002090DB002090DD0020B0
:1044D000D7030100F8B52B4B2B4F2C4E2C4C984793
:1044E0002C4B2D482D4A04254FF040419D60986289
:1044F000996293F8421001F0FB0183F8421093F89F
:104500004200202100F0FE0083F84200C3F814515D
:1045100059609F629E62596093F84500284383F872
:104520004500996193F8451001F0FE0183F84510AC
:104530002546402335F8020B13700233C0F30321E4
:10454000DBB261F07F01482B9070517002F10302E1
:10455000F0D10C221149124B60209847002809DB4A
:10456000012502200F4B257298470F4B00221A702D
:104570002846F8BD0C4A0D4B0321022011709847C4
:104580000020F8BDB95A000020000240000002C01F
:10459000A42B0020008000410400004090E6002091
:1045A000AD5B00009DD70000A1E600208DD7000084
:1045B000014B187A704700BFA42B0020184B1A7AC1
:1045C00010B552B3044600686168164A03C3A31EBF
:1045D00006345988C1F30321117033F8021F51705A
:1045E000A34202F10202F4D10F4A0E490F4B0420FC
:1045F000C2F81401082260209847044630B10C4AE2
:1046000013780133DBB2022B137001D8204610BDA2
:104610000220084B9847204610BD6FF06304F5E771
:10462000A42B002090E6002000800041AD5B00003C
:10463000A1E600208DD70000FF2901DC012801D967
:104640000020704710B40A4C0302E0182344405C79
:10465000084C5A549042084818BF42544FF0010386
:1046600008BF405C237018BF10465DF8044B7047CC
:10467000A4E70020B02B0020A4E60020FF2916DCD0
:1046800070B40F4B0F4C585C904200D062545A5497
:1046900058180D4D90F80001012690422E7008D058
:1046A00062541944104681F8002170BC7047002004
:1046B0007047605C194481F8002170BC704700BFEE
:1046C000A4E70020A4E60020B02B0020F0B503B33F
:1046D000114E124DDFF848E001EB00240B44344446
:1046E0000127FF2901DC012809D90131994204F190
:1046F000010402F10102F4D101232B70F0BD167800
:1047000094F800C02F70B44518BF01F80E602670F1
:10471000EBE7024DF0E700BFA4E70020B02B00203C
:10472000A4E60020FF28DABF014B185C0020704788
:10473000A4E6002038B5674C237813B9AB2800F005
:10474000978023782BB1BA284FF0000300F08A80BD
:1047500023702379002B7BD063889BB2B3F5037F52
:1047600076D2A37962795C494FF40375022A05FB7E
:10477000031300F089806279012A00F0A480627935
:10478000002A7CD000226271628892B2511C89B2E8
:104790006180618898548BB20E2B00F0858063880D
:1047A0009BB20D2B5DD9A27963884FF4037101FB95
:1047B00002429BB2528A0D3BC2F30B02934250DD80
:1047C0000023237063802371A37904EB8303D3F860
:1047D000383823B194F84838013384F84838B4F8AD
:1047E0004A389BB243B1B4F84C3801339BB2002233
:1047F000A4F84C38A4F84A28A579384B9847EDB26C
:10480000A37904EB850504EB8303C5F83808D3F8D6
:1048100038383BB9A37904EB8303D3F83828013245
:10482000C3F83828A379D4F850080133DBB2032B3E
:10483000A37184BF0023A3710021294B9847294B02
:104840004FF080521A60BFF34F8FBFF36F8F38BDA8
:10485000237833B9B4F84A3801339BB2A4F84A3804
:1048600038BD38BD0122638023702271637138BD69
:10487000012323702379002B7FF46EAFE8E7AC2887
:1048800080D1012262717FE758B96188628813FA8A
:1048900081F113FA82F3BA20AB2201F8010C03F87C
:1048A000022C0023637138BDA3794FF4037202FB1D
:1048B00003435B8AC3F30B03B3F5007F7FF66FAF4F
:1048C0000023237138BDDC287FF459AF02226271C6
:1048D0005AE700BFB82B0020C02B002061F4000075
:1048E00045EC000004ED00E02DE9F043ADF5057D59
:1048F0001C46BDF80E30384E019064F30B031D0AC0
:1049000001203768029760F30715ADF80E30ADF857
:104910000C108DF80F50114604A822462F4F8C9D85
:10492000B84704F10C0189B200222D4B01A8984729
:1049300004F1100601ABC0431C4480B2B6B2010AB8
:10494000AB22BA23022E607321732A706B7040DD94
:104950004FF0000901AC023E26444946C8460220F9
:104960004FF0AC0C4FF0DC0E102712E0A3F1AC01BD
:10497000B1FA81F14909B9F1000F01D0BA2B16D073
:10498000A3F1AB09B9FA89F9A6424FEA59191046C1
:104990001BD014F8013B2B54421C92B20029E5D0E5
:1049A000DC2BE3D10230AF54002182B2E8E7AB1830
:1049B00002304FF00009A64203F802CC03F801ECE4
:1049C00080B205F802804946E3D10DF5057DBDE8CA
:1049D000F0830220F9E700BF20408000D7030100E8
:1049E000FDFF000010B5114CD4F85018A4F854087D
:1049F00082B039B10E4B0F489847D4F8583843B1BC
:104A000002B010BD032201200B4B9847C4F8500898
:104A1000F0E70A4A019205220092094909480A4C26
:104A20004FF48072A0470128EAD0FEE7B82B00209F
:104A3000C1540000354700003DE90000103400205B
:104A4000040D0100A14B00009DF10000014BC3F8D3
:104A50005C087047B82B0020014BC3F86008704712
:104A6000B82B0020014B1878704700BF00220020AF
:104A700070B505686B1C82B004461FD0414B984747
:104A800085421BD0637B404D03F00F020121042AB5
:104A90000BD13E4B62681B689A42637B16BF0222B1
:104AA0006FF3030362F303036373D5F85C38002BE1
:104AB0003FD0204602B0BDE870401847637B03F04A
:104AC0000D01012937D021894FF6FF70814203F093
:104AD0000F0243D02C4DB5F8543823F01F031B04AC
:104AE00047F6E0701B0C0140994226D00121207B43
:104AF00095F8643883422BD9254E7378002B30D13A
:104B0000B5F86628642303FB02F3C3F30723222BC3
:104B1000337029D91F4B019105209847637B207B77
:104B2000019903F00F020123A5F8663885F864089F
:104B3000ADE702B070BD144DB7E7144B61681B6858
:104B400099421CD00029D2D0111F18BF0121CEE7F5
:104B5000B5F866380133A5F86638E7E700210A4D55
:104B6000C5E700237370DEE70B4B0191984744F6CD
:104B7000206398420199CDD90520084BCDE700214B
:104B8000B5E700BF1D9E0000B82B0020204080002C
:104B90000022002009D8000055F40000F9D70000D9
:104BA0002DE9F04F3B4DDFF804B1DFF804A183B0ED
:104BB0004FF47A71D5F85008374B984780B195F883
:104BC00068480426E4B20023A700EA19D2F838287E
:104BD000DAB90134E4B2042C28BF0024013EF3D139
:104BE00095F848384A228BF8112013B1002385F834
:104BF0004838D5F8603803B19847DAF80030DB065A
:104C00002CD44B238BF81130D2E701934FF403736C
:104C100003FB04F805EB0809204BB9F8121098447F
:104C2000C1F30B011E4B0E314046002298474FF650
:104C3000FF73984209F11009019B1BD085F8684861
:104C400095F868280132D2B22F44032A85F86828E3
:104C5000C7F8383888BF85F86838BAE7114B04219F
:104C60004FF480709847DAF8003023F01003CAF848
:104C70000030C6E7B9F80220C2F30B02032ADDD9DF
:104C800099F8032012F0F00FD8D1074B404698470F
:104C9000019BD3E7B82B0020A1EE0000C02B002021
:104CA000FDFF000091CC0000714A000000FF0120D0
:104CB0009CF8002010B5B3F5007F82B00AD900241B
:104CC0002146074B07489847001BB0FA80F040097F
:104CD00002B010BD034C0094034CA0470446EFE71C
:104CE000D954000024340020E9480000104BB3F8E8
:104CF0004A2892B242B1B3F84C28013292B2002154
:104D0000A3F84C28A3F84A1893F88C2A0132D2B29F
:104D1000092A83F88C2A09D9B3F84C28002192B2C9
:104D2000A3F88E2A83F88C1AA3F84C18704700BF9A
:104D3000B82B0020024BB3F88E0A80B2704700BF38
:104D4000B82B002070B444789DF90C508270012675
:104D500063F3061466F303046FF3C7140170447021
:104D6000C57070BC0420704710B4437801700224F1
:104D700064F30613012161F303030021C2F3072446
:104D800061F3C7130271447143708170C1705DF8A3
:104D9000044B0620704700BF43780170012262F384
:104DA000061362F303036FF3C7130021437082708D
:104DB000C1700420704700BF30B4437801700124F3
:104DC00064F30613032503F07F03202465F3030334
:104DD000002102718470C170437030BC052070479F
:104DE00010B443780170012464F3061364F30303E1
:104DF0006FF3C71320240021027184704370C170C7
:104E00005DF8044B05207047F0B44478017001262A
:104E100004F08F0166F303019DF810509DF81440D3
:104E20008280202700269DF8182083716FF3C71118
:104E300087704170C670C57104724272F0BC0A205E
:104E4000704700BF43780170012262F3061362F3DA
:104E5000030322216FF3C713002281704370C270D5
:104E60000420704710B443780170012262F30613E6
:104E7000032403F07F0364F30303222100228170E3
:104E8000C27043705DF8044B0420704770B54478DD
:104E90000170012504F08F0465F3030422261D46EA
:104EA0006FF3C7140023114686704470C3702A46FE
:104EB000024B04309847281D70BD00BFD703010086
:104EC00043780170012262F3061362F30303212188
:104ED0006FF3C713002281704370C27004207047C3
:104EE00010B443780170012262F30613032403F027
:104EF0007F0364F30303212100228170C270437099
:104F00005DF8044B0420704770B5447801700125AA
:104F100004F08F0465F3030421261D466FF3C714C4
:104F20000023114686704470C3702A46024B043039
:104F30009847281D70BD00BFD70301002DE9F04739
:104F400044780170012504F08F0165F303019DF899
:104F50003CE0BDF82090BDF82C809DF830C09DF855
:104F600034709DF8386042256FF3C71100248570B6
:104F70004170C470BDF824509DF840401199BEF1B5
:104F8000000F07D090F801E04FF0020A6AF3030E19
:104F900080F801E083600A9B4260A0F80C900361F6
:104FA000A0F8148080F816C0C7750676C5814476CF
:104FB000C0F81A101E20BDE8F08700BF70B4447816
:104FC0000170012565F3061465F303049DF80C6078
:104FD000027102256FF3C71400214371857044707C
:104FE000C170867170BC0520704700BF70B54478F1
:104FF0009DF81450017004F00F0162F303011026B4
:10500000002483808670C47041702A460499024B44
:1050100006309847A81D70BDD703010070B44478CE
:105020000170022565F3061404F07F0400211226A6
:1050300065F303044371027186704470C17081711D
:10504000C17170BC07207047F0B44478017002252C
:1050500065F3061404F07F04C3F30727082665F3FD
:1050600003040021037247728670C170447042606D
:10507000F0BC0A20704700BF43780170022262F33F
:105080000613012262F3030311216FF3C7130022F9
:1050900081704370C2700420704700BF4378017074
:1050A000022262F3061303F07F0362F3030311216C
:1050B000002281704370C27002710520704700BFEA
:1050C00043780170012262F3061362F30303802127
:1050D0006FF3C713002281704370C27004207047C1
:1050E00010B443780170012262F30613032403F025
:1050F0007F0364F30303802100228170C270437038
:105100005DF8044B0420704743780170012262F37C
:10511000061362F3030381216FF3C713002281702A
:105120004370C2700420704710B4437801700122AC
:1051300062F30613032403F07F0364F30303812166
:1051400000228170C27043705DF8044B04207047E8
:1051500010B443780170022464F30613012161F353
:10516000030382246FF3C7130021426084704370ED
:10517000C1705DF8044B0820704700BF4378017090
:10518000012262F3061362F3030340216FF3C71396
:10519000002281704370C2700420704770B544785B
:1051A00001701E2B4FF0010504F08F0428BF1E2351
:1051B00065F3030440261D466FF3C7140023114610
:1051C00086704470C3702A46024B04309847281DED
:1051D00070BD00BFD7030100F0B51A4C23686468A6
:1051E00023F4FF43490223F07F0301F4C06143EA43
:1051F000400083B008430AB140F480504FEA104C9D
:105200004FEA106E010A270A260C250E8DF80000C1
:105210008DF804408DF8011008236A4600218DF8AE
:1052200002C08DF803E0084C8DF805708DF806601B
:105230008DF807500348A047B0FA80F0400903B04A
:10524000F0BD00BF004080006593000030B4294BE2
:105250009B7813F0010F284B1C685B6822D0E50790
:1052600036D501F00301254B1C696FF341041C6125
:105270001C6960F317441C61186961F383001861AD
:10528000002A1A6914BF0221002161F30B221A615E
:105290001A6942F002021A61DA68D207FCD50020CE
:1052A00030BC7047E30702D5154B30BC1847C4F338
:1052B00047039842F8D1C4F3412301F00305AB4200
:1052C000F2D114F4F04418BF01249442E7D0EBE784
:1052D000C4F34703984201F00301C4D1C4F341234E
:1052E0008B42C0D114F4F04418BF01249442D6D0AC
:1052F000B9E700BF002000410040800000180040D6
:10530000D9510000014B1868704700BF4C3600208F
:10531000024A136801331360704700BF4C36002007
:1053200010B586B0142301AA00210B480B4CA047EE
:105330009DF80830B12B0BD006AAB12302F8103D1E
:1053400004210123064C0448A047012006B010BDEB
:10535000002006B010BD00BF00408000FD9200009C
:10536000659300008318B3F5805F0CD810B5074C27
:10537000E36A5B07FCD40B4600F188411846044BF6
:105380009847012010BD0020704700BF0040004139
:10539000D70301008318B3F5805F16D810B50C4C05
:1053A000E36A5B07FCD400F188400A4B9847084A3F
:1053B000D36A5907FCD4D36A9B0704D54AF2335306
:1053C0009380012010BD012010BD0020704700BF58
:1053D00000400041D7030100024A13680133136003
:1053E000704700BF503600200C4B1A791AB99B68E1
:1053F00003B118477047014610B5186919730124A5
:10540000074A5C7300219047064B4FF080521A60A8
:10541000BFF34F8FBFF36F8F10BD00BF503600201A
:1054200045EC000004ED00E070B51F4C237D82B018
:105430002BB1657DEDB2012D03D00023237502B0A1
:1054400070BD237933B9A37DCBB9184B4FF48032AB
:10545000C3F898200021A069154B9847154B4FF0D1
:1054600080521A60BFF34F8FBFF36F8F2379002BE9
:10547000E3D10E4B4FF48032C3F89420DDE701A84E
:105480000D4B9847094B0D49D3F88000D3F8A02065
:10549000D3F8906056400640564001A88847B303B1
:1054A000D3D5E575D6E700BF503600200080004117
:1054B00045EC000004ED00E0D58D0000E58D000016
:1054C000014B9860704700BF50360020014B987523
:1054D000704700BF50360020B1F5806F01D3002027
:1054E00070472DE9F04F284C284B227D06460122BB
:1054F00083B00D46A06922750021984730462946A1
:10550000234B9847667DF6B2012E06D00023E37543
:105510001846237503B0BDE8F08F1421A0691D4B18
:1055200098470028F2D0E37D43B3DFF87090DFF8AE
:105530007080194FDFF86CA001A8C847D7F8801019
:10554000D7F8A020D7F8903082EA030B0BEA010BC2
:105550008BEA020B01A8C0471BF4003F304606F15E
:10556000010602D0D047052EE6D14FF48033C7F8AC
:105570009830094B4FF48032C3F8942000232375F0
:105580002846E375C6E700BF50360020A9E80000B2
:10559000295E0000A1EE000000800041D58D0000D2
:1055A000E58D0000A1F600002DE9F04182B0104E1B
:1055B000DFF848800F4B02A801254FF48017F52231
:1055C0007761294600F8012D88F804509847002299
:1055D0000446094B88F8042028469847E0B2401B4F
:1055E000B0FA80F04009B76102B0BDE8F08100BFB9
:1055F00000800041D9540000A1F600005036002080
:10560000F0B5124D83B0F5234FF480168DF80500E8
:105610008DF806108DF804306E6100BF00BF0C4F8E
:105620000C4B0122032101A83A7198470A4BC4B2DE
:1056300002209847032C02D000233B71AE61A4F1F5
:105640000300B0FA80F0400903B0F0BD00800041D3
:1056500050360020D9540000A1F6000010B582B0E9
:10566000194B8DF805004FF48012F5208DF80610C7
:105670008DF804005A6100BF00BF144C144B012286
:10568000032101A8227198470023C0B22371114958
:105690004FF0805201E07D2B0FD000BF01339BB251
:1056A000FA2BF8D1A0F10300074BB0FA80F04FF4C9
:1056B000801240099A6102B010BD0A60BFF34F8F9B
:1056C000BFF36F8FE9E700BF008000415036002034
:1056D000D954000004ED00E070B582B0154C164AB4
:1056E0008DF805000023FD264FF4801063738DF8BC
:1056F00004600D46506100BF00BF012219462069B9
:105700000E4B2271984702210D4B01A89847206942
:105710000C4B0A21984728B1637B03F0FF000BB1C3
:10572000237B2B70044B00214FF4801221719A616E
:1057300002B070BD5036002000800041A9E8000092
:10574000D9540000A1EE000030B5114B83B00446DF
:105750000D469847C0B1022C12D020460DF107012A
:105760000C4B984718B96FF0010003B030BD9DF89D
:105770000730AB420CBF00206FF0020003B030BD19
:105780002046054B9847E8E74FF0FF30EDE700BFB4
:1057900001560000D9560000A1F6000010B582B0F5
:1057A00004460DF107010220054B984728B19DF8EA
:1057B0000700001BB0FA80F0400902B010BD00BF26
:1057C000D9560000024BA3FB0030C00805307047DB
:1057D000CDCCCCCC044BA3FB0023DB0803EB830331
:1057E000A0EB4300C0B27047CDCCCCCC10B582B09A
:1057F00004460DF107010020074B984748B104F01B
:1058000003049DF8070044F06004001BB0FA80F028
:10581000400902B010BD00BFD956000000F00302DD
:10582000044B054853F8223080FB0320DB17C3EB01
:10583000A0107047100D0100D34D6210704700BFDB
:105840002DE9F04106460D4603201C210C4C17465D
:10585000A047002812DB05F0030141F060010020A1
:10586000A04700280ADB39460120A047002805DBB5
:10587000314623460220BDE8F0411847BDE8F081DB
:10588000495700002DE9F04F85B0414E03900020AC
:1058900070750191029230753E4B3F4A3F49404836
:1058A000404DDFF82091404CDFF81C8198474FF0C5
:1058B000030A4FF480124FF4803B3C4BA261C4F8C2
:1058C00094B0C4F884B0C4F8A880C4F8A8304FF4E9
:1058D0000033C4F88430364BC4F8A8800220C4F8E2
:1058E000A8304FF00067A84704206761A84702204E
:1058F000A761A8472F4B98470120A847012272753E
:10590000727DFAB9019B03F0030141F060010020B0
:10591000C847071E02994FF001002ADBC847071E3F
:1059200003994FF0020024DBC847071E21DB022049
:10593000214B98471C4B4FF4801238469A6105B0B2
:10594000BDE8F08F1C210320C8474FF400334FF00F
:1059500080411A4AC4F888B0071EC4F8A810C4F8D9
:10596000A820C4F88430124BC4F8A880C4F8A8302A
:10597000C8DA0220124B98474FF48013A36102202B
:10598000A847BAF1010A94D1384605B0BDE8F08FB6
:1059900050360020195C0000D9530000E953000084
:1059A00029540000A1F6000000800041010002C05F
:1059B000020002C0A95500009DD70000010000C0F0
:1059C0008DD70000495700000000024010B5154B6C
:1059D0001B7D0446D3B12046134B144C9847144BFF
:1059E0004FF480125A614FF08050002340F277113B
:1059F00000BF7D2B9AB20ED0FA2A0CD001338B4215
:105A0000F6D10B4B4FF480129A6110BD9F21094BC8
:105A100003209847DFE72060BFF34F8FBFF36F8FFE
:105A2000ECE700BF50360020A1F6000004ED00E0D6
:105A3000008000415D56000038B503220021054D6D
:105A4000054C0120A8470322206100210120A8471E
:105A5000A06138BD3DE9000050360020F0B589B0A6
:105A600008AC174644F8200D094D01A80B221E462C
:105A7000A8470E998DF80F700C2205A80496A84728
:105A8000202322461946034C0348A04709B0F0BD25
:105A900055040100659300000040800010B4044CE0
:105AA00020230246A446194602485DF8044B60478D
:105AB000659300000040800070B52F4C6378012290
:105AC00022702BB12D4B2E4898472D482D4B9847CF
:105AD0002D4B2E4A2E492F4D29484026C3F8E06011
:105AE000936943F480639361A8472B4B24482B4D63
:105AF00098472B4B2B482C494FF480025A609862F0
:105B000099625A6093F8561041F0040183F85610D8
:105B10009A6193F8562002F0FE0242F0010283F8E7
:105B2000562093F83B2002F0F0024FF4000142F0BF
:105B3000020283F83B20596098629D62596093F895
:105B4000572042F0040283F85720996193F85720B8
:105B500002F0FE0242F0010283F8572093F83B2046
:105B600002F00F0242F0200283F83B2000210120C6
:105B700060702170618070BD72360020818F0000DE
:105B8000A4E90020658F0000001C004000080040D0
:105B900000400141458F0000798F0000800002C065
:105BA0000080004100000240400002C0F0B50B4CF4
:105BB0000B4B83B007460D46204601A91646984771
:105BC000394620464FF40062064B9847F2B2294608
:105BD0002046054B984703B0F0BD00BFA4E9002064
:105BE000BD8F0000898F0000998F000010B5054C13
:105BF0006388022B01D8012010BD034B9847002079
:105C0000608010BD72360020B95A0000014B02229C
:105C10009A75704700340040F0B5494D494C2860F2
:105C20006069494E6960494B402140F40050606111
:105C3000C6F8A0101968AA6041F0010183B019608C
:105C4000D86910F00100FBD1414C424A1A604FF470
:105C500040374DF6AD0684214FF480225F609E816F
:105C60009975C4F88420BFF34F8FBFF36F8FA026C0
:105C7000A968394BC4F88421384F84F832636260D4
:105C8000009107223649B8474FF40023C4F8843006
:105C9000BFF34F8FBFF36F8F6A68C4F8843184F805
:105CA000336363606AB14FF48013C4F88430BFF388
:105CB0004F8FBFF36F8F8022C4F8843184F8342370
:105CC0006360AB6873B1224B4FF40012C3F88420B9
:105CD000BFF34F8FBFF36F8FC021C3F8842183F8C8
:105CE00035135A6019481F4D02681F4C1F4B002185
:105CF00042F0020202602980218093F8502002F0D5
:105D0000FE0242F0010283F8502093F8382002F09E
:105D1000F00242F0020283F8382093F8512002F09A
:105D2000FE0242F0010283F8512093F8382002F07D
:105D30000F0242F0200283F8382003B0F0BD00BF0C
:105D40007836002000080040001C0040003400406D
:105D500000E100E0040010400D5C0000D5430000AD
:105D600028340040C6ED0020C4ED00200080004132
:105D7000114A138801339BB2B3F5806F138024BF9F
:105D8000002313800D4B1988138889B29BB2994266
:105D90000AD013880A490B4A9BB2CB5CDBB29362F0
:105DA000084B01221A767047064B01221A75054BE3
:105DB00001221A76704700BFC6ED0020C4ED002016
:105DC000C4E900200034004008B5054B1B681BB136
:105DD0009847044B02221A75024B02221A7608BD1C
:105DE000783600200034004008B5054B5B681BB1D5
:105DF000044A906AC0B29847024B04221A7608BD42
:105E0000783600200034004008B5054B9B6803B18C
:105E10009847044B0621802259831A7608BD00BF9B
:105E200078360020003400400A46024B014600202C
:105E3000184700BF21440000114A138801339BB268
:105E4000B3F5827F138024BF002313800D4B198884
:105E5000138889B29BB299420AD013880A490B4A27
:105E60009BB2CB5CDBB29362084B01221A7670477F
:105E7000064B01221A75054B01221A76704700BFA6
:105E8000C8ED0020CAED0020CCED0020002001412B
:105E900008B50B4B196839B10A4A0B4B12881B889D
:105EA00092B29BB29A4203D0084B02221A7608BDE6
:105EB0008847064B02221A75044B02221A7608BD47
:105EC00084360020CAED0020C8ED002000200141EA
:105ED00008B5054B5B681BB1044A906AC0B298478D
:105EE000024B04221A7608BD8436002000200141AE
:105EF00008B5054B9B6803B19847044B06218022E7
:105F000059831A7608BD00BF843600200020014165
:105F10002DE9F041104C114D002301214FF6FF7285
:105F2000A160A3614FF4FE716361E3602361201DF2
:105F30006360A8472146206080224FF40060084B30
:105F4000984708B9BDE8F081214680224FF40060EF
:105F5000044BBDE8F0411847D8F00020FDFF0000D9
:105F600095530000655300002DE9F047DFF8F090ED
:105F7000374E384B002529462022072409F110000E
:105F8000C9F80840C9F8045098475022032089F8FE
:105F900034207778F17889F835001222F02089F8DA
:105FA0003D204FF0FF3289F83650A9F83A5089F871
:105FB0003E50A9F8385089F8FE5189F8FF51C9F8C8
:105FC000405089F83F0089F83C10C9F84450C9F89E
:105FD0004850C9F84C50C9F85050C9F85450C9F845
:105FE000302089F83720B7B1DFF8808006F5DC76FD
:105FF000AA4616F8044C0AEB05004030224631460A
:106000004844013C0135C0475444BD425FFA84FA1C
:1060100006F12006EDD14FF6FF724FF4FE710E4BE4
:106020000E48CD2489F8FD4198474FF40072C9F815
:1060300000000B490B4B0020984708B9BDE8F087DA
:106040004FF400720649084B0020BDE8F04718479E
:1060500030F30020ED030100FDFF0000DCEE002026
:10606000D8EE00209553000065530000D7030100CF
:1060700010B5044C044B21464FF4007200209847A1
:10608000204610BDD8EE0020655300000048704740
:10609000D8EE002010B50D4C0D4B984720464FF61A
:1060A000FF724FF4FE710B4B984721464FF400727C
:1060B00041F8040D084B00209847044618B1074BDF
:1060C0009847074B9847204610BD00BFDCEE0020E4
:1060D00055F40000FDFF00009553000049B5000095
:1060E0000178000010B5094C094B984720464FF63F
:1060F000FF727C21074B9847211F44F8040C802233
:106100004FF40060044BBDE810401847DCF000205D
:1061100055F40000FDFF0000955300002DE9F0410B
:106120001B4C01220023A260636008B12361E3607D
:10613000184D194E00236B604DF2D86E23624FF656
:10614000FF72AB60EB607821A5F11C00642723830C
:10615000E382A382A383A4F81AE0A777B047A5F14E
:106160002001206080224FF440600C4B984708B912
:10617000BDE8F081A5F120018022094B4FF4406079
:106180009847084B9847084BBDE8F041184700BFB7
:1061900080FE0120A0FE0120FDFF000095530000BD
:1061A0006553000049B50000017800002DE9F04F6B
:1061B000254D95F8019081B0B9F1000F3BD04FF01B
:1061C000000ADFF8908005F5DC75574601261CE0D3
:1061D00092F84020B34669885044914206F1010686
:1061E00000F1400002D8A988914206D240442246DC
:1061F0002946164B98470137FFB2013C5444D94514
:106200001FFA84FA05F1200514DD15F8044C08EB9B
:106210000A02701E022C0244DAD108EB0A0291191C
:10622000024491F8401092F8402002EB012292B211
:10623000B346D0E717B901B0BDE8F08F044B01B009
:10624000BDE8F04F184700BF30F30020D70301002E
:1062500095600000D8EE002070B50A4C0A4B9847B4
:106260000025201D4FF6FF727821084BA583984723
:106270002146206080224FF44060054BBDE870400D
:10628000184700BF80FE012055F40000FDFF00000C
:10629000955300002DE9F0414D4E4E4C4E4D314688
:1062A0004FF400720020A0474C4B301D4FF6FF7298
:1062B0004FF4FE711E60A8473368834268D0484B94
:1062C0009847484890F801E0BEF1000F2BD0002716
:1062D000B8463A4605E001377745DAB200F12000CA
:1062E0001ED090F8B4114B1E01291344F3D13A4447
:1062F000B118B0F8BAC191F840108C4503D8B0F885
:10630000BCC18C45E7D232440137B0F8B81182F8ED
:10631000401077454FF00108DAB200F12000E0D1DB
:10632000B8F1000F26D1304E802231464FF4406044
:10633000A0472E4B301D4FF6FF7278211E60A847F4
:106340003368834233D00120294B9847294E80225D
:1063500031464FF40060A047274B301D4FF6FF72C7
:106360007C211E60A847336883422DD1B36823B1D6
:10637000BDE8F081214B9847D5E7802231464FF4A4
:106380000060A0470122B2601D4BBDE8F0411847F4
:10639000B368062B95D8012B9CBF002333870221BD
:1063A0000722164B86F84610B260984789E7B36813
:1063B000002BCBD1802231464FF44060A047012210
:1063C000104BB2609847C1E70F4BBDE8F04118474A
:1063D000D8EE002065530000FDFF0000D4EE002041
:1063E000695F000030F3002080FE0120D0EE002025
:1063F0001D610000D8F0002058F1002095600000D9
:10640000E560000059620000115F0000004B184772
:10641000E58A0000014B5E225A74FEE700FF01206E
:10642000014B28225A74FEE700FF0120014B29226C
:106430005A74FEE700FF0120014B2B225A74FEE73D
:1064400000FF0120FEE700BF014B40225A74FEE727
:1064500000FF0120014B21225A74FEE700FF0120BA
:10646000014B3D225A74FEE700FF01201B491C4AE4
:10647000914208B50ED01B4882420BD2D34303444D
:1064800023F003030433134451F8040B42F8040BC4
:106490009A42F9D1144A15498A420AD2D3430B448D
:1064A00023F0030304331344002142F8041B9A42EF
:1064B000FBD10F4A0F4B22F07F029A60D3F888205D
:1064C00042F47002C3F88820BFF34F8FBFF36F8F81
:1064D000094B9847094B9847FEE700BF1424010079
:1064E00000220020642B0020702B0020F8F80020F0
:1064F0000040000000ED00E071030100C1CC00008D
:1065000030B44B1CC5B24FEA501005F01F04C0B2A6
:1065100027D0C30103F1824303F50043181903EBAD
:10652000540390F8402002F0FE0242F0010280F88D
:106530004020EA070AD493F8302001F00F0102F05E
:10654000F002114383F8301030BC704793F83020CC
:1065500002F00F0242EA0111C9B283F8301030BCD8
:10656000704704EBC01000F1824000F5004090F845
:10657000403003F0FE0380F8403030BC704700BF6D
:1065800040F21223234A03FB01F1531893F86230BF
:1065900050B1DBB2B3FA83F35B0901EB8311114411
:1065A000D1F866301E2B20DC10B41B4A1B4B1C4854
:1065B00050611C491C4C4FF400524FF04040C3F84E
:1065C0009820C3F88820C3F8A810C3F8A80093F84F
:1065D000CD20802102F0FE0283F8CD2099609C62DC
:1065E000986259615DF8044B70470B4B0B4A0F4999
:1065F000596192F8CD3003F0FE0343F0010382F8B5
:10660000CD3092F8B63003F00F0343F0500382F818
:10661000B63070470422002000380042008000415C
:1066200000686001002000408000004002686001B6
:1066300040F21223224A03FB01F1531893F862300F
:1066400050B1DBB2B3FA83F35B0901EB8311114460
:10665000D1F866301E2B1EDC10B41A4A1A4B1B48A8
:1066600090601B491B4C4FF400124FF080409A6120
:106670009A609862996293F85520022102F0FE0216
:106680004FF0404083F8552099609C6298625961B0
:106690005DF8044B70470B4B0B4A0F49996092F819
:1066A000553003F0FE0343F0010382F8553092F8B1
:1066B0003A3003F00F0343F0600382F83A3070473A
:1066C0000422002000380042008000410068600180
:1066D000200000C0020000400268600140F2122366
:1066E000224A03FB01F1531893F8623050B1DBB238
:1066F000B3FA83F35B0901EB83111144D1F86630DF
:106700001E2B1EDC10B41A4A1A4B1B48D0601B49C2
:106710001B4C4FF400224FF080409A619A609862BF
:10672000996293F85320082102F0FE024FF0404096
:1067300083F8532099609C62986259615DF8044B1C
:1067400070470B4B0B4A0F49D96092F8533003F056
:10675000FE0343F0010382F8533092F8393003F01E
:106760000F0343F0500382F83930704704220020B1
:10677000003800420080004100686001080000C04D
:10678000080000400268600140F21223224A03FB25
:1067900001F1531893F8623050B1DBB2B3FA83F3CE
:1067A0005B0901EB83111144D1F866301E2B1DDC0F
:1067B00010B41A4A1A4B1B4810611B491B4C4FF06E
:1067C00080724FF080409A619A609862996293F863
:1067D00058204FF0007102F0FE0283F858209960B3
:1067E00098629C6259615DF8044B70470B4B0C4AF0
:1067F0000F49196192F8583003F0FE0343F001038A
:1068000082F8583092F83C3003F0F00343F005036F
:1068100082F83C30704700BF04220020003800425C
:106820000080004100686001000100C0000200C05B
:1068300002686001F0B4184A1849D369184C43F053
:10684000100343250120D361C4F8F4500A460860C0
:10685000936813F00103FBD1012113609162146C62
:106860001049114F6FF07F4060F3170402264FF478
:106870008075202014649764D6631562C1F88C007B
:10688000BFF34F8FBFF36F8FC1F88C0181F8653371
:10689000F0BCC860704700BF000800400010004214
:1068A000001C004000E100E0E0FFFF00F0B4184AE7
:1068B00018499369184C43F4805343250120936190
:1068C000C4F8E4500A460860936813F00103FBD152
:1068D000012113609162146C1049114F6FF07F40D9
:1068E00060F3170402264FF480754FF08050146453
:1068F0001765D6631562C1F88800BFF34F8FBFF3E9
:106900006F8FC1F8880181F85C33F0BC88607047F4
:106910000008004000800141001C004000E100E050
:10692000E0FFFF0070B4184A1849D369184C43F0CF
:10693000080343250120D361C4F8F4500A460860D7
:10694000936813F00103FBD1012113609162146C71
:1069500010494FF6FF7060F317044FF6E0760220FF
:106960004FF480751464D664D0631562C1F88C004E
:10697000BFF34F8FBFF36F8FC1F88C0181F8613384
:1069800070BCC860704700BF00080040000C0042A7
:10699000001C004000E100E0F0B4194A1949936975
:1069A000194C43F40063432501209361C4F8E4507B
:1069B0000A460860936813F00103FBD101211360BC
:1069C0009162146C11494FF6FF7060F317044FF693
:1069D000E07702264FF480754FF40010146497643A
:1069E000D6631562C1F88800BFF34F8FBFF36F8F76
:1069F000C1F8880181F85533F0BC8860704700BF4A
:106A00000008004000600141001C004000E100E07F
:106A1000F8B5384A38499369384C43F480434325E4
:106A200001209361C4F8E8500A460860136913F026
:106A30000103FBD142F2231003254FF446740421D5
:106A4000136015731486D080517113682C492D4F33
:106A50002D4E2E4D43F00203136088472C4B2D4AD8
:106A6000D96A2448DFF894C0DFF8ACE041F0870130
:106A7000D9624FF40671116240F2772191620221CE
:106A8000C2F824110121C2F8DC115160C26942F43C
:106A90008042C261802443224FF04040CCF8042160
:106AA000C7F814E09C609E62986293F8472002F059
:106AB000FB0283F8472093F847204FF4005102F07F
:106AC000FE0283F847205C61C3F88810C3F8A85021
:106AD000C3F8A80093F8CD2002F0FB0283F8CD2084
:106AE00093F8CD2002F0FE0283F8CD20C3F8981071
:106AF000F8BD00BF0008004000C00141001C00407C
:106B0000356800000038004280000040002000404E
:106B10000080004100E0004100686001F8B5314AA2
:106B200031495369314C43F40043432501205361FB
:106B3000C4F8A4500A460860136913F00103FBD19E
:106B4000042403254FF4467042F223111360157399
:106B50001086D180547113682549264F264E43F084
:106B6000020313608847254B254AD96ADFF898E06D
:106B700041F40301D96240F21D21116340F27521F5
:106B8000916308204FF04041C2F82C41C2F8D45123
:106B90005460C7F80CE098609E62996293F84320B5
:106BA000184C02F0FB0283F8432093F843204FF483
:106BB000002102F0FE024FF0804583F84320586127
:106BC00099609D629C6293F8532002F0FB0283F867
:106BD000532093F8532002F0FE0283F8532099616A
:106BE000F8BD00BF00080040003C0040001C004011
:106BF000AD680000003800420800004000800041FD
:106C000000E00041080000C000686001F8B5324AA9
:106C100032499369324C43F4005343250120936178
:106C2000C4F8E8500A460860136913F00103FBD169
:106C300042F2231003254FF44674042113601573A8
:106C40001486D080517113682649274F274E284D4E
:106C500043F0020313608847264B274AD96ADFF8BE
:106C60009CE041F4194140F2162440F27620D962AA
:106C70001464062190640520C2F828114FF00074B6
:106C8000C2F8D80110214FF080405160C7F810E0E1
:106C90009C6098629E6293F8592002F0FB0283F890
:106CA000592093F859204FF0807102F0FE0283F8CA
:106CB00059205C61996098629D6293F8582002F0B7
:106CC000FB0283F8582093F8582002F0FE0283F864
:106CD00058209961F8BD00BF0008004000A00141A4
:106CE000001C00402569000000380042000200C07E
:106CF000000100C00080004100E000410068600128
:106D0000F8B5324A32495369324C43F48043432543
:106D100001205361C4F8A4500A460860136913F0B7
:106D20000103FBD142F2231003254FF446740421E2
:106D3000136015731486D080517113682649274E4D
:106D4000274D284F284C43F0020313608847274BF8
:106D5000274AD96A41F00141D9624FF41D700821D8
:106D600040F2122EC2F850E09065C2F830110720B0
:106D70004021C2F8D001516002204FF04042B7607C
:106D800098609D629A6293F8412002F0FB0283F8BA
:106D9000412093F841204FF4001102F0FE024FF021
:106DA000804583F84120586199609D629C6293F808
:106DB000552002F0FB0283F8552093F8552002F08D
:106DC000FE0283F855209961F8BD00BF000800401D
:106DD00000380040001C0040996900000038004263
:106DE0000200004000686001200000C000800041F7
:106DF00000E00041814205D006D9091AD140014482
:106E000088420AD008467047411AD140411A884248
:106E100008BF01F1FF31084670470131084670474D
:106E2000024B1888003018BF0120704794360020AC
:106E30000C4B0D4A10B5A3FB00130C4C0021DB08D2
:106E400008462380904701210020094B98470221E2
:106E50000020084B984703210020074BBDE8104055
:106E6000184700BFCDCCCCCC816500009436002003
:106E7000DD66000089670000316600002DE9F04FF3
:106E8000A64BA74C83B09847638807460BB1013BDC
:106E9000638047F22F539F4200F29980A379013318
:106EA000DBB20022072BA371A28000F20281042032
:106EB0009C4B9847002800F0AD804CF608739F4229
:106EC00040F2AE80237A0133DBB2032B237200F24F
:106ED000EA80954B9847637A00286DD00133DBB286
:106EE000092B637200F2F580904EDFF85C82DFF8C8
:106EF00044A2DFF84C92A7F57A67002440F21225ED
:106F000005FB04652B6A9847B84283463BD9AB68BA
:106F1000202B38DDB5F80A3201339BB2032BA5F8DC
:106F20000A3200F2B28040F6B7339B4515D840F2E2
:106F3000122505FB0465AB68FA2B0EDDB5F80C32A3
:106F400001339BB2272BA5F80C3200F28E8001345E
:106F5000042CD3D103B0BDE8F08FE5B22846C0477A
:106F600002460028F3D140F2122303FB0463B3F876
:106F70000C1289B20029EAD0681DC0B26C49A3F88E
:106F80000C228847E3E7E5B22846C0470028CAD16B
:106F900040F2122303FB0463B3F80A2292B2002AE0
:106FA000C1D0B3F80A22013A92B2A3F80A22002A09
:106FB000B9D12846D047B6E7002B95D0013BDBB2CC
:106FC0006372002B90D10A205A4B98478CE747F602
:106FD00017139F4237D800230420524DA380A8479F
:106FE00000287AD10420A84700287FF466AF47F232
:106FF00023739F427FF661AFE379002B3FF45DAFCF
:10700000013BDBB2E371002B7FF457AF0620494B05
:10701000984752E7E3790133DBB2072BE3716DD870
:107020004CF61F339F423FF654AF237A002B3FF4B8
:1070300050AF013BDBB22372002B7FF44AAF0B2031
:107040003C4B984745E70420364DA84700284ED0D2
:107050006388002B58D12288002A55D1A388013398
:107060009BB2632B53D8A380BCE75FFA84FB0BF180
:107070000500C0B2304B98472822584641F288316B
:107080002E4BA5F80C22984761E7E3B2184601930E
:10709000C847019B18468023A5F80A324FF47A713D
:1070A000264B98473FE7264B0B2098470423237233
:1070B0000FE7214B0420984763880422A271002B1C
:1070C0007FF4F5AEC8224FF4FA601E4B62809847F9
:1070D000EDE60A201A4B984706E76388002B81D11A
:1070E000C8224FF4FA60174B628098477AE7A37979
:1070F000002B3FF477AF013BA37173E7104B0620E1
:1071000098470423E37190E70023A3806AE70420F3
:10711000074BA280A271984764E700BF99D5000091
:1071200094360020B9D7000081B700000422002067
:107130009DD7000009D800008DD7000065BD000074
:10714000F9D70000316E000045BD000070B41F4B40
:107150001F4C93F8630093F862100A1CC0B218BF6A
:10716000012200EB021202F1180603EB860602F17F
:107170003805D6F80660E66603EB85055832D5F883
:107180000650256703EB820201F0FF01D2F80620CA
:10719000626793F863200132D2B20F2A83F863202A
:1071A00084BF002283F8632093F8F62152B2904204
:1071B00007D1B1FA81F14909FF2283F8621083F8FF
:1071C000F621034B0122DA6270BC704704220020D2
:1071D0000010004270B41F4B1F4C93F8750293F8D7
:1071E00074120A1CC0B218BF012200EB021202F195
:1071F000180603EB860602F13805D6F81862E66633
:1072000003EB85055832D5F81852256703EB820247
:1072100001F0FF01D2F81822E26793F875220132DB
:10722000D2B20F2A83F8752284BF002283F8752218
:1072300093F8082452B2904207D1B1FA81F149097A
:10724000FF2283F8741283F80824034B0122DA62C8
:1072500070BC7047042200200080014170B41F4BB5
:107260001F4C93F8870493F886140A1CC0B218BF09
:10727000012200EB021202F1180603EB860602F16E
:107280003805D6F82A64E66603EB85055832D5F84A
:107290002A54256703EB820201F0FF01D2F82A2469
:1072A000A26793F887240132D2B20F2A83F8872489
:1072B00084BF002283F8872493F81A2652B29042A2
:1072C00007D1B1FA81F14909FF2283F8861483F8C6
:1072D0001A26034B0122DA6270BC70470422002098
:1072E000000C004270B41F4B1F4C93F8990693F8A2
:1072F00098160A1CC0B218BF012200EB021202F15C
:10730000180603EB860602F13805D6F83C66E666F9
:1073100003EB85055832D5F83C56256703EB82020E
:1073200001F0FF01D2F83C26626793F899260132FA
:10733000D2B20F2A83F8992684BF002283F89926B7
:1073400093F82C2852B2904207D1B1FA81F1490941
:10735000FF2283F8981683F82C28034B0122DA6267
:1073600070BC704704220020006001412DE9F84FF5
:107370004B6A0C469046074698479B4B05469847F4
:10738000E22D38BFE225B4F84030B4F84030ADB259
:10739000AB4282B280F0FF8094F85410012940F291
:1073A0000F81A4F84050B4F84010B4F8423099422C
:1073B00084BFB4F84030A4F84230B4F84010B4F8B8
:1073C0000432994240F2D180A38BB3F5404FC0F014
:1073D000CC80B4F8063201339BB2632BA4F806329A
:1073E00000F2E980A4F84A20B4F84A20B4F840300A
:1073F0009A423CBFB4F84A30A4F8403080B205F15C
:107400006103984200F3BF80DFF808A246F29F06AE
:10741000A368DFF8049203FB07F31B0C40F29710FC
:10742000A3FB00012A460023C8474E2838BF4E2040
:10743000C0EB401B4FEA4B0B6C4B6D4A94F8641049
:10744000D7810BFB05FB03FB07B34E2184F86410C7
:1074500053454FF00001024688BFA3EB0A03A0F199
:107460000C0994F8650084F86510A4F84420B4F879
:10747000080294F8522088BF190C5E4B984740F6DA
:10748000FF721FFA80FE9645714628BF1146B1F57E
:10749000007F38BF4FF40071A4F80812A068B4F858
:1074A0000832B4F8081200FB0EF00014A3F50073C4
:1074B00003FB00F3B3FBF1F303F50073A4F84830CA
:1074C000B4F848104C4BB3FBF5F3914228BF11467A
:1074D000B1F5007F38BF4FF40071A4F84810ABEB52
:1074E0000A0AA068B4F848101B04B3FBF0F303EBDE
:1074F0001A43934228BF1346B3F5007F38BF4FF4B9
:1075000000738B4208F1100039D2A4F84830C0B2A1
:107510003A4B9847B4F84800A36841F20E5202FB78
:10752000006009EB89063C3605FB1606360B05FBA9
:1075300006F52D0A03FB05F52D0CC4F8EE51A4F851
:107540003C90E38B012B4BD0E38B022B4AD0E38B97
:10755000032B0CBF2A4A2B4AA38F5386A38F0333D6
:107560009BB21386E787BDE8F88F002394F80612D4
:1075700084F8063294F8071284F8073232E7C0B272
:10758000214B9847C6E7401B40F6184A0AFB00FA11
:10759000C0EB00263CE7591BA3EB1111A4F84010E7
:1075A000B4F842108B427FF4FEAEB4F84030013B99
:1075B000A4F84030F7E6B4F84030A4F8043211E7FC
:1075C000E91A03EB9101A4F84010B4F840108B4283
:1075D0007FF4E9AEB4F840300133A4F84030E2E67D
:1075E0000A4AB9E70A4AB7E7C1D500008C940200FD
:1075F00094360020F56D0000C0047700F9D7000034
:1076000000A001410038004009D8000000C001413D
:10761000003C0040189504006100010010B4094BC3
:10762000094C1B68094993F8403003EB830303EBD3
:1076300083035B0096339BB20246184623465DF8EF
:10764000044B1847D4EE00206D7300000422002084
:1076500010B4094B094C1B68094993F8403003EBFF
:10766000830303EB83035B0096339BB20246184609
:1076700023465DF8044B1847D4EE00206D730000DC
:107680001624002010B4094B094C1B68094993F8D3
:10769000403003EB830303EB83035B0096339BB221
:1076A0000246184623465DF8044B1847D4EE0020E6
:1076B0006D7300002826002010B4094B094C1B688C
:1076C000094993F8403003EB830303EB83035B002A
:1076D00096339BB20246184623465DF8044B184782
:1076E000D4EE00206D7300003A28002070B51E4EC5
:1076F0001E4D33681E4C93F8400000EB800000EBF9
:10770000800040009630294680B20022A0473368AE
:1077100093F8400000EB800000EB800040009630C2
:1077200005F2122180B20122A047336893F840008D
:1077300000EB800000EB80004000963005F2244111
:1077400080B20222A047336893F8400000EB80002B
:1077500000EB80004000963005F23661234680B28F
:107760000322BDE870401847D4EE00200422002018
:107770006D73000030B51549154C8B69154D1648D1
:10778000012243F080038B6183B02A70227080470E
:10779000124B9847124B9847124B9847124B9847F9
:1077A00002232370114B9847114A13690BB103B0A0
:1077B00030BD103206218DE806000E480E490F4CF0
:1077C0004FF40072A0470128F1D0FEE70008004006
:1077D0000038004200E00041116A00001D6B00000B
:1077E0000D6C0000016D0000D5440000ED76000036
:1077F0009436002001820000681301009DF1000012
:10780000084A094B1268DB8992F8400000EB8000BF
:1078100000EB80004000963080B2834201D0034BE1
:1078200018477047D4EE002094360020ED76000013
:10783000014B5869704700BF943600200549042267
:107840008B8B9BB21BB9013AFAD101207047002003
:10785000704700BF0422002029482DE9F041002292
:1078600040F2122404FB020101328B8B9BB26BBBF2
:10787000B1F80C329BB24BBB042AF3D1214A1168F8
:107880009C4614319E4640F2122404FB03052F4609
:10789000B5F84E2092B28AB1B5F84E600A88B6B2F9
:1078A000921B002AB8BF5242B2F5FA6F2E460FDC87
:1078B00095F81022022A0BD0A7F84EE00133042BD2
:1078C00001F10201E1D1BCF1000F0DD1BDE8F08161
:1078D000B6F80E2221F8082CB6F84E200A804FF098
:1078E000010C86F810E2E7E7074B084C98470222A4
:1078F000A446114601230520BDE8F041604700BFC2
:107900000422002058F10020E5600000C1D80000EA
:10791000134904228B8B9BB2D3B9013AFAD170B5CB
:10792000104C114DA047114B1B689B8B032B04D8A7
:10793000AA690F4B801A984206D90E4B98470E4BF6
:10794000984730B1A047A8610C4BBDE8704018477C
:1079500070470123184602220521094EB047F1E77E
:107960000422002055F4000094360020D0EE0020C0
:10797000FF2D93025962000091BD0000597800006C
:10798000C1D8000010B53B4CA3894FF6FF7293425B
:107990001CBF0133A381237F0133DBB2632B18D8D3
:1079A0002377354B984794F824300133DBB2072B0B
:1079B00017D884F82430E38C304A01339BB251212C
:1079C000632BE38451741DD8322B24D0192B37D06C
:1079D00010BD236A002101330322236221776277DD
:1079E000DFE794F825300022012B84F8242020D0F2
:1079F000627F52B90133DBB2102B00D9002384F827
:107A00002530D8E70023E38410BDA17A0029F1D006
:107A1000013A6277EEE71A4C23685B07D8D5194B19
:107A200002214FF400709847236823F00403236079
:107A300010BDA27AD2B1627F002AE9D10223DEE72B
:107A4000238D01339BB2092B2385C1D90E48002316
:107A500040F2122101FB0302183201331268002A9E
:107A6000B6DC042BF6D10023238510BD022384F855
:107A70002530A0E794360020EDC7000000FF01206C
:107A80009CF8002091CC0000042200202DE9F8434E
:107A9000714C724B94F862509847714B9847B5FA05
:107AA00085F5704B98476D096F4B984704EB85132C
:107AB0006E4AD3F866001064D3F8E6605664D3F8D3
:107AC000660190644FF0010C4FF0FF0E84F8625095
:107AD00084F863C084F8F6E1D3F86670644E6548B4
:107AE0006549BFB2013F5763D3F878723764D3F862
:107AF000F892C6F84490D3F87873376584F87452D6
:107B000084F875C284F808E4D3F87872BFB2A7F29B
:107B10002F477763D3F88A740764D3F80A95C0F8BF
:107B20004490D3F88A75C76484F8865484F887C46F
:107B300084F81AE6D3F88A74BFB2A7F65E074763E3
:107B4000D3F89C760F6403F2167703F29668D7F8A1
:107B500006704F6403F29673D3F806308B6484F892
:107B6000985684F899C684F82CE8D8F806309BB269
:107B7000A3F68D434B6372B6136843F002031360A0
:107B8000336843F002033360036843F00203036089
:107B90000B6843F002030B6093689C07FCD4344AE3
:107BA00093689807FCD4334A93689907FCD4324A07
:107BB00093689B07FCD462B63048314B314C44612A
:107BC00093F8CD20304902F0FE0242F0010283F822
:107BD000CD2093F8B62002F00F0242F0500283F855
:107BE000B620C46093F8532002F0FE0242F0010276
:107BF00083F8532093F8392002F00F0242F050022C
:107C000083F83920046193F8582002F0FE0242F014
:107C1000010283F8582093F83C2002F0F00242F071
:107C2000050283F83C20846093F8552002F0FE02A0
:107C300042F0010283F8552093F83A2002F00F0237
:107C400042F06002012083F83A2081F82A0081F88E
:107C50002B00BDE8F88300BF042200203568000037
:107C6000AD6800002569000099690000001000421D
:107C700000800141000C00420060014100380042D8
:107C8000008000410268600194360020000000007E
:107C90002DE9F04F8BB04FF0000ADFF8D4B3CDF8E8
:107CA00004A0CDF80CA0CDF808A040F2122808FBE3
:107CB0000AB14A68002A40F0E2805FFA8AF0009038
:107CC000B1F8EE01A1F8EE21B1F8F001A1F8F02130
:107CD000B1F8EA01A1F8EA21B1F8EC01A1F8EC2130
:107CE000A1F8482008FB0AB318331B68002B03DDFA
:107CF000039B0133DBB2039308FB0AB31D469A6969
:107D0000059293F8624055F8042FE4B222B1D04AAC
:107D10001288002A00F0BA8008FB0AB40020228BE7
:107D20002083618B6083A36B00999847B4F8043279
:107D30009BB2002B6ED108FB0AB318331B68002BD3
:107D400006DD029A00991346002A08BF0B460293EB
:107D500008FB0AB318331B68002B03DD019B0133BA
:107D6000DBB201930AF1010ABAF1040F9FD1019B22
:107D7000002B00F05D81029B40F2122C0CFB03F7FC
:107D80004FF0000E0CFB0EF00BEB0003996929BBC2
:107D900093F86240B4FA84F464092401631803F18F
:107DA00018029200D5195D4403F158060244383395
:107DB000D5F8065000EB860600EB83035A445E4478
:107DC0005B440131C2F8065005F1FF381029A5F1D6
:107DD0000205C6F80680C3F80650DFD10EF1010E89
:107DE000BEF1040FCED1039B002B00F0DA81029A82
:107DF00040F2122303FB02B393F86330023303F023
:107E00000F038BF8F6318BF808348BF81A368BF8A1
:107E10002C385DE1636B984748BBB4F804228D4B66
:107E200091B24DF24C4202FB01F2A3FB0213D21AB3
:107E300003EB5203C3F3CF23A3F53B52213A92B293
:107E400046F653718A4200F25981DA0AA4F80E22EA
:107E5000B4F80E22110408FB0AB248BFA4F80E02BF
:107E6000A2F84E3092F81032012B00F08F8108FBFF
:107E70000AB30022A3F80422A3F806225BE75FFA04
:107E80008AF300931846CB6A98472BE734331B6874
:107E9000984700287FF440AF2B68C3B16E4A9342E5
:107EA00040F28D81B3F5800F00F291816FF4A972D9
:107EB000A3F5F133134446F22660A3FB0001674D9E
:107EC00061A3D3E90023A84700F23A739BB208FBF1
:107ED0000AF70BEB0701B4FA84F25209604D0B610B
:107EE0001446002001F5F0730692CDF81CA00A4656
:107EF00004934FEA041E0646AA468AE01C68594DC0
:107F00001B68AB4240F21481574B9C4203D82409B2
:107F100004FB00F4210C0EEB0603183307EB83037C
:107F2000156904985B44141DD0F806002944B0FB81
:107F3000F1F1C3F80610D3F80600D4F800C0D3F866
:107F40000690C517A0FB0C010CFB0511000E40EAC2
:107F500001200330484540F2E780D3F80610C81EE0
:107F6000B2F80E429568B2F80EC20EEB0603183353
:107F70000FFA8CFC21B207EB830305FB0CF55B4485
:107F8000A1EB154101440EEB0600D3F80640183072
:107F900007EB8000A142584488BFD3F80610D0F800
:107FA0000600B2F8483088BF01F1FF3140F6965420
:107FB000411A04FB01F0000A9BB203FB00F3D08FCF
:107FC000B2F84A401B0C03F2971380B200FB03F394
:107FD000A4B2B3FBF4F4002900F0A38008460EEB32
:107FE0000603383307EB83038C425B4480F09180B7
:107FF000091BC3F806100EEB0603583307EB830387
:108000005B440136102EC3F8060000F0A5803AF854
:10801000020B1346014653F8044FB4F5000F7FF6E8
:108020006DAF1868114CA04240F28580890872E754
:10803000039BFBB9FF238BF8F6318BF808348BF8E0
:108040001A368BF82C3843E0AD1C3E0000000000CF
:10805000943600200101100053E30100610001008B
:10806000220D0100FFFF0300FFFF0F00FFFFA30031
:1080700004220020029A574D40F2122303FB02B360
:10808000554A93F86330023303F00F038BF8F6314F
:108090008BF808348BF81A368BF82C3890474F48F9
:1080A000019F04684E494F4A4F4B67F341040460F7
:1080B000086885F82A7067F341000860116867F363
:1080C000410111601A6867F341021A60474B9847F3
:1080D000BBF86C04ADF82000BBF85A42444BBBF827
:1080E0007E16BBF84820ADF8224008A8ADF8241051
:1080F000ADF8262098470BB0BDE8F08F0A23A4F80E
:108100000E3208FB0AB30022A3F80422A3F80622C9
:1081100011E60121DC88D98019894FF0000119810D
:1081200069E7012001465AE7002808BF012017E748
:108130004FF48044ECE618682E4CA0420AD81B6825
:10814000C3F530031B0901FB03F12B4BA3FB0131EA
:10815000490CE0E60021DEE6069BDDF81CA007EBFB
:1081600083145C445F44D4F866307B61D4F8663194
:10817000BB61059B1BB9174B93F82A3013BB9BF9C6
:108180004838002BB8BF8BF848A8D4E5022382F802
:10819000103208FB0AB30022A3F80422A3F8062237
:1081A000C9E5FF238BF8F6310B4A8BF808348BF8BE
:1081B0001A368BF82C389047104B984786E740F2D8
:1081C0003A7384E60099BB6B01209847D7E746F6DF
:1081D00060537CE69436002041F400000010004219
:1081E00000800141000C0042006001419DF500004B
:1081F000BD450000FFFFAF00ABAAAAAA8D7A000020
:108200002DE9F04F5E4B5F4D8BB098475E4B5F4A58
:108210004321C3F89010536943F4806353612B7872
:1082200043F001032B706E6816F00106FBD12E623D
:10823000EE61EB69564CDFF884915649564FDFF8F2
:108240008081DFF880A143F00073EB612B6A43F477
:1082500000532B62EB6943F40033EB61EB6940F6AA
:10826000510043F00203EB61A8602A6B40230243F4
:108270002A636E636360A162C4F82890636094F817
:10828000462042F0040284F846204FF41811A361FE
:108290000620B8474FF40063404A6360A262C4F806
:1082A0002890636094F84B2042F0040284F84B203D
:1082B0004FF42C11A3610B20B8471023384A636098
:1082C000A262C4F82890636094F8442042F004024B
:1082D00084F844204FF41011A3610420B84701230F
:1082E000304A6360A262C4F82890636094F840202A
:1082F00042F0040284F8402031463046A361B8477A
:108300002B78294A43F002032B709047274B88F8BB
:108310002C601B6830460C3340F2122101FB06A290
:10832000013633F9024BA2F80E42042E82F81002F5
:10833000F4D100230993079340F2122BEBB10220F2
:1083400006901B4B98471B49B8F8003052224A74DC
:10835000002B39D0069A013BC2F10A00A8F8003080
:10836000134B9847144B9847B8F80C30182B00F271
:10837000548298F82C30002BE1D105200690E0E7DC
:108380001DB6000000280040001C0040000800400E
:1083900000800041400002400165000000080240EA
:1083A0001000024001000240F9CE000058F1002008
:1083B000A1F6000000FF012085790000000002C046
:1083C0009436002004220020A14B9847002800F09A
:1083D0001E820023C8F814300BFB03A202F5F472CE
:1083E0000133D2F80620D8F81410042B0A44C8F838
:1083F0001420F1D10893B8F80C30182B00F2268223
:10840000944A26234FF000095374934B5FFA89F086
:1084100098470BFB09A2C0F30F2113680193938BBC
:1084200006468E48C3F307230068CD1A002DB8BF57
:108430006D4290F841400094994290F8467000F0E7
:1084400080814FF0000382F846300BFB09A42D1108
:1084500094F84630032D4FEA131303F10203A8BF2B
:1084600003250493EBB203930123013F0293009B86
:10847000022B00F009817A4B9847002840F00481D4
:10848000009B012B00F0AA81009B032B00F0C88108
:1084900023682268F31A48BF0F3302EB2313042228
:1084A00023604FF0000388F82C3084F8533084F8B0
:1084B00052202368019A9A4200F02581FAB2A683DD
:1084C000022A6368226800F23181C2F30F2E21680C
:1084D000059107EB07220EF101016248D4F800C0B4
:1084E0001144724400EB410100EB42024FF6FF7E63
:1084F000F445098C128C00F062819DF81400891AF1
:10850000120200FB012161602268964204D0626879
:108510009BB2934200F00D810BFB09A4254655F850
:10852000042FE260636B984738B1A3884FF00003D3
:10853000A3806B884FF000036B804B4B984730B3A0
:108540000BFB09A494F8F73113F0010F474B00F02F
:108550000481984728B194F8F731012B94BF00208B
:10856000022000230BFB03A292F8F721824200F0C5
:108570009A810133042BF5D10BFB00A00BFB09A260
:10858000C1681368090A03FB01F31B0A53600BFB64
:1085900009A42546364B55F8040F984760602B68B0
:1085A00098F80A201B0AA3602968C4F85E1032B14B
:1085B000E38B98F80B109BB2994200F0F28009F11E
:1085C0000109B9F1040F7FF420AF224A2A23537422
:1085D000284B984798F82C30002B069B0CBF0A209C
:1085E0000520C01A80B2244B98471A4A242353749A
:1085F000224B9847002800F02C8198F83430002B4B
:1086000000F04D81013B88F8343098F82C30002B75
:1086100000F0D88098F83530002B40F0D38001234B
:1086200088F83530164B9847079B044643B1089AA3
:10863000BAF81C309BB2002B40F01281013AF7D1FE
:10864000104B1B685B0700F1F480079491E600BFB4
:10865000B145000000FF012099C30000D4EE0020C6
:1086600091BD0000200D01005DC3000075C3000036
:108670004DB70000917C0000A1F60000ED5B00000A
:1086800055F400009CF8002094F85430AB4202DD11
:1086900094F85330B3B9B8F80C30B3F5AF7F11D9B3
:1086A0002023039A8AF853308AF854208AF86532D6
:1086B0008AF866228AF877348AF878248AF8893624
:1086C0008AF88A2694F85430C3F10403DBB284F8A4
:1086D0005230236894F852102268F31A0B41134465
:1086E000236094F853302BB194F85330013BDBB244
:1086F00084F853304FF0000388F82C302368019A37
:108700009A427FF4DBAE23689E423FF4D7AE2368E3
:108710009E422368FAB2CCBF013303F1FF332360DA
:10872000022AA683636822687FF6CFAE12026260D7
:10873000EAE6029B049A0133934202937FF497AED8
:10874000EAE692F846301F2B3FF67FAE92F84630AD
:108750000133DBB282F8463077E6984700283BD0F9
:1087600094F8F731012B94BF0122032200230BFB65
:1087700003A191F8F711914200F097800133042B87
:10878000F5D10BFB09A10BFB02A24868136883F427
:108790007F43020A83F0FF0303FB02F31B0A4B60D3
:1087A000F5E6012A98F81D3072D90022C8F8302069
:1087B000002B3FF404AF013B88F81D30FFE66FF05B
:1087C0007F41A0E63D4B98473D4B98473D4B98472E
:1087D000002388F8353025E70122C7E7B8F80C30C8
:1087E000B3F5AF7F7FF654AE23682268F31A48BF13
:1087F0000F3302EB23132360042201214FF0000307
:1088000088F82C1084F8533084F8522051E62E4B0F
:10881000984700287FF4DDADABE52C4B9847A8E5E1
:1088200023682268F31A48BF3F3302EBA3130622E2
:1088300036E6274B02214FF400709847254B254A16
:108840001B68079423F00403136092E51F4B9847BD
:10885000D6E5214B02209847C82388F83430D4E667
:1088600098F82C30002B079B08BF0A22A4EB0303C7
:1088700018BF05229A421AD3099B002B3FF4E0AEA1
:10888000013B09937FF4DCAE0C20144B9847D7E6EC
:10889000002B3FF494AE0022C8F830208BE7022072
:1088A0000F4B9847B1E6D8B266E6DAB269E70D4BEE
:1088B0000C2098474FF4C8730993C1E685790000EE
:1088C0001179000009C70000D54400007D6E00004A
:1088D00091CC00009CF800208DD7000009D8000042
:1088E0009DD70000F9D7000070B50B4A0B4C5369B7
:1088F0000B4D0C4943F48073536120462560884733
:108900002046094B4FF400624FF47A719847204695
:10891000064BBDE8704018470008004080F1002079
:1089200000200040B99B0000FD9B0000C59C00009A
:1089300000B583B0064B01A89847064B9A680AB960
:10894000A5221A7301A8044B984703B05DF804FBF5
:10895000D58D000000200040E58D000070B5074A6D
:10896000074CD369074D084943F48063D36120461F
:10897000A8472046054BBDE8704018470008004056
:1089800078F100200D9000000028004215900000B2
:108990002DE9F0412D4F2E4E2E4D84B001A8B04749
:1089A000D7F88020D7F8A030D7F890405C4014402A
:1089B00001A85C40A8476846B047D7F88010D7F8B0
:1089C000A020D7F8903082EA030808EA0108684638
:1089D00088EA0208A84718F4000F0CBF00230223FE
:1089E00002A8C4F380541C43B047D7F88010D7F8CE
:1089F000A020D7F8903082EA030808EA010802A80C
:108A000088EA0208A84718F0804F0CBF002304230F
:108A100003A81C43B047D7F88020D7F8A030D7F878
:108A200090605E4016405E4003A8A847002E04DB1D
:108A3000E0B2013004B0BDE8F08144F008040F2C2E
:108A4000F6D1012004B0BDE8F08100BF00800041F4
:108A5000D58D0000E58D00002DE9F0411E4DDFF8B9
:108A600080801E4E84B002A8C047D5F88020D5F87B
:108A7000A030D5F890405C40144002A85C40B0475C
:108A800001A8C047D5F88020D5F8A030D5F890705F
:108A90005F40174001A85F40B04717F4804F0CBFFC
:108AA0000023022303A8C4F300341C43C047D5F8B5
:108AB0008020D5F8A030D5F890505D4003A815402F
:108AC0005D40B04715F4004F0CBF00200420204348
:108AD00004B0BDE8F08100BF00800041E58D0000DA
:108AE000D58D00002DE9F041A44BA54CA54FA64D16
:108AF000A64E9847A64BA748A749DFF8D0E24FF407
:108B00008002C3F88420C3F8A800C3F8A810C3F8F3
:108B1000842093F8D61041F0040183F8D610C3F8EE
:108B2000982093F8D6209D4902F0FE0283F8D620C3
:108B30004FF40002C3F88420C3F8A800C3F8A8408B
:108B4000C3F8842093F8D74044F0040483F8D74056
:108B5000C3F8982093F8D72002F0FE0283F8D720BC
:108B60004FF08042C3F88420C3F8A800C3F8A8706F
:108B7000C3F8842093F8DE40894F44F0040483F85E
:108B8000DE40C3F8982093F8DE4004F0FE0483F83A
:108B9000DE404FF00044C3F88440C3F8A800C3F897
:108BA000A850C3F8844093F8DF5045F0040583F8DB
:108BB000DF50C3F8984093F8DF4004F0FE0483F8D8
:108BC000DF404FF48054C3F88440C3F8A8E0C3F8F2
:108BD000A810C3F8844093F8CC50DFF8F4E145F0D6
:108BE000040583F8CC50C3F8984093F8CC4004F0C7
:108BF000FE0483F8CC404FF48044C3F88440C3F8AB
:108C0000A860C3F8A810C3F8844093F8CE50654E0E
:108C100045F0040583F8CE50C3F8984093F8CE4051
:108C200004F0FE0483F8CE404FF40044C3F88440BF
:108C3000C3F8A870C3F8A810C3F8844093F8CF50C5
:108C4000594F45F0040583F8CF50C3F8984093F886
:108C5000CF40564D04F0FE0483F8CF404FF000643F
:108C60005C619C609A62C3F828E093F85B4004F072
:108C7000FE0483F85B404FF40034C3F89440C3F81B
:108C80008840C3F8A820C3F8A86093F8D140484EA4
:108C900004F0FE0483F8D1404FF480145C619C60C2
:108CA0009A629F6293F854400EF5FC3E04F0FE0475
:108CB00083F854400EF1040E4FF480245C609862F7
:108CC000C3F828E093F852003A4C00F0FB0083F818
:108CD000520093F8520000F0FE0083F852004FF467
:108CE0008060C3F88400C3F8A850C3F8A810C3F884
:108CF000840093F8CA5045F0040583F8CA50C3F8BD
:108D0000980093F8CA004FF480350F3F00F0FE0042
:108D100083F8CA00C3F89450C3F88850C3F8A82059
:108D2000C3F8A87093F8D0004FF4006200F0FE0082
:108D300083F8D000C3F88420C3F8A860C3F8A81053
:108D4000C3F8842093F8CB1041F0040183F8CB10D2
:108D5000C3F8982093F8CB2002F0FE0283F8CB20D2
:108D6000A047154A154C13691549164843F04003AE
:108D70001361A047144BBDE8F0411847B1900000C3
:108D8000800002C0004002C0008002C000400240DB
:108D90000080004100000240400002C0000002C00C
:108DA00000800240020000C0100000C00004024029
:108DB00000080240E988000000080040018E000021
:108DC000004000415CF100205D890000001002407D
:108DD000000800C0EFF31083036072B6BFF35F8F2B
:108DE000704700BFBFF35F8F036883F3108870473D
:108DF000436903B118477047836903B11847704747
:108E000010B5044B0446984718B9034A034B84E84D
:108E10000C0010BD19920000F18D0000F98D0000CA
:108E20002DE9F84F244F1E4605460C469146B8479B
:108E3000224B074628469847B6F5007F37D800FBF7
:108E400007F0A0422FD3331998422CD3DFF8788053
:108E5000D8F800304FEA543A9A451CD021462846AB
:108E6000DFF868B0D847D0B924F4FF5121F01F01D2
:108E70002846134B98470127C8F800A021462846EA
:108E8000D84760B92146284633464A460D4CA0478C
:108E90003846BDE8F88FDFF834B00027EEE76FF012
:108EA0001000BDE8F88F6FF00D00BDE8F88F6FF08F
:108EB0001E00BDE8F88F00BF6D92000075920000A3
:108EC0007D92000099920000D4360020AD920000FF
:108ED000034B1B68B3EB503F14BF012000207047C9
:108EE000D436002030B585B005890391144602922E
:108EF000074BADF804504FF4004201A91438ADF807
:108F000006209847002808BF204605B030BD00BFA6
:108F10009D96000030B585B00589039114460292F4
:108F2000074BADF8045048F2010201A91438ADF81E
:108F300006209847002808BF204605B030BD00BF76
:108F40009D96000010B5044B0446984718B9034A93
:108F5000034BA261636110BD11960000158F0000E4
:108F6000E58E000010B5034B0446984708B9A06190
:108F7000606110BD1D960000004B1847419600002F
:108F8000004B184789960000C1F3090102F4806282
:108F90000A4382831046704710B584B0848B0391D6
:108FA0000292054BADF804404FF4004201A9ADF820
:108FB0000620984704B010BD9D960000143008604C
:108FC000002070472DE9F0470679002E08BF2026C3
:108FD0008E4212D2A9B10025DFF82C9080460F46B0
:108FE0002C464046C8473319A040DCB2A74245EAA8
:108FF0000005F6D82846BDE8F087034BBDE8F047EA
:1090000018470D46F6E700BFAD9B0000004B184720
:109010006D9B0000004B18479D9B00002021014BD9
:10902000184700BFC58F0000044A05491368002B8C
:1090300008BF0B461844106018467047D836002009
:10904000F808012038B5194B1D682B681C6DE00726
:1090500028D4A20522D4A3011BD4E00114D42202F7
:1090600009D52A68EB68526C12F0200F14BF022158
:10907000012128469847230703D5EB680421284699
:1090800098472B681C6538BDEB6800212846984737
:10909000E5E7EB68032128469847DEE76B6828463A
:1090A0009847D8E7AB6828469847D2E7DC360020D7
:1090B00010B50A4A0A4913889BB243F440731380DF
:1090C0008847084B9847084B9847084B984740F605
:1090D000FF70074BBDE81040184700BF004000413B
:1090E000E1930000F5930000459100000D9400000D
:1090F000F5900000C10707D50E4A0F4B136243F6E7
:10910000FD7153680B42FCD1820707D5094A0B4B0E
:10911000536243F6FD7153680B42FCD1030708D537
:10912000044A074BD36243F6FD7153680B42FCD1EE
:1091300070477047001C004007010100070108004C
:1091400008010100014B01225A71704700080040DC
:1091500070B48E08448AE507FCD54AF21554848021
:10916000448AE407FCD54BB1C2EB86061446256859
:10917000A5510434A51AADB2AB42F8D8438ADB0737
:10918000FCD54AF20353416170BC8380704700BF35
:10919000F0B41D4A1D4B17889B78DE0730D4BFB250
:1091A000538ADD07FCD51388194D17499BB24FF43C
:1091B00025441380556194804B8ADC07FCD5144903
:1091C000114B144E4AF215554AF204549D805A8AA6
:1091D000D207FCD502680A6042684A6082688A60E9
:1091E000C268CA6059619C805A8AD207FCD5103186
:1091F000B14200F11000E9D11F800020F0BC70479F
:109200006FF01000FAE700BF00400041002000416D
:10921000004080000042800010B401610B88114CB6
:10922000114A206023F0C0039B049B0C4FF00054B4
:109230000B80C2F88040BFF34F8FBFF36F8F4FF0AA
:109240008043C2F88030BFF34F8FBFF36F8F002091
:10925000C2F88041C2F88031146013605DF8044B9D
:10926000704700BFE036002000E100E04FF40070DE
:10927000704700BF0369986880B2704721F4FF51BE
:10928000026921F01F01538ADB07FCD54AF2015322
:1092900051619380704700BF10B4034C0069A4462D
:1092A0005DF8044B604700BF519100000369C1F3B2
:1092B0004F319A69012303FA01F111420CBF18469C
:1092C000002070470A4B186803691A8AD20704D530
:1092D00001221A8203684BB118471A8A92B22AB146
:1092E00040F25E221A824368002BF5D1704700BF1E
:1092F000E0360020004B1847C592000070B5A0F57D
:109300000005A5F58045B5F5007F0BD2124E451836
:10931000B5421BD85C1E21440844B0420FD96FF0FF
:109320000C0070BDA0F18014042C12D80B4E45180F
:10933000B5420BD85C1E21444418B442EFD82946EC
:1093400010461A46064B9847002070BD6FF00D007E
:1093500070BD6FF01A0070BDFF4180008400800076
:10936000D7030100F0B5A0F50004A4F58044B4F5DE
:10937000007FADF5017D1CD2164D4418AC4223D8B8
:109380005C1E0C440444AC4221D81D4616460C46D3
:10939000114F01464FF400726846B8472A463146DD
:1093A0000DEB0400B84768460C4B98470DF5017D5E
:1093B000F0BDA0F18010052834BF6FF010006FF0F1
:1093C0001A000DF5017DF0BD6FF00D00F9E76FF0AB
:1093D0000C00F6E7FF418000D703010091910000E7
:1093E000034BDA69012102F47C52DA611974704787
:1093F00000140040034A044B53611369DB07FCD59A
:10940000704700BF00100040022E6002184A23235C
:109410005363D36B13F0060FFBD1164B93631449C0
:10942000022382F83030CB6B9B07FCD42C23104AEC
:109430008B64136D13F0060FFBD10E4BD3640C49F4
:10944000022382F844300B6D9807FCD4084B02E0ED
:109450001A6C900702D41A6CD207F9D5044B02E0BB
:109460005A6D920702D45A6DD107F9D5704700BFE3
:10947000001000404000020000B50C4A937883B011
:10948000DBB20193019B990707D5094B1B6823B1F8
:109490005068984703B05DF804FB019BDB07F9D5E2
:1094A000034B5B68002BF5D0004AF1E70000024156
:1094B00084F1002070B4104D06460FCD87B06C4685
:1094C0000FC495E8030084E803006A46002352F8BD
:1094D000041BB14207D00133062BF8D14FF0FF3007
:1094E00007B070BC7047DBB2D81E18BF4FF0FF301A
:1094F00007B070BC704700BF74130100F0B5056978
:10950000154E4FF480343C2703E0013C1BD09B07F1
:1095100013D12B7E0B6077740B68AA7D13F080004B
:109520001FFA83FEF1D02E218023A6F82CE032868C
:1095300071742B766FF00400F0BD3E237374A6F8AF
:109540002CE03286F0BD21237374A6F82CE032861D
:109550006FF00400F0BD00BF00FF0120F8B52A4BFA
:10956000054608460C469847E3692849C7B27E007D
:1095700013F0010F06EB070301EBC303DA6917D100
:1095800002F01C00E3699B07FCD123689B0709D507
:10959000236823F002032360E3699B07FCD1E3699E
:1095A0009B07FCD440F001002060E3699807FCD1E0
:1095B000E369DB07FCD42260E3699807FCD1F31967
:1095C00001EBC3031B6A6360E3695B07FCD4F31917
:1095D00001EBC303C2F301625B6AE360AA81636AC1
:1095E000012A94BF0022012223F4804343EA8232FD
:1095F0006262E06910F00400FBD13E4401EBC60159
:109600004B8DEB81F8BD00BFB594000074130100D1
:109610000161014B184700BF5D95000003691A689E
:1096200022F002021A60DA699207FCD11A6842F04D
:1096300001021A60D86910F00100FBD1704700BF29
:1096400030B403691A6842F002021A60DA699107BD
:10965000FCD1042410254FF6FF71D86910F00400E6
:10966000FBD15A8BC2F30112012A0AD00139F4D17D
:10967000013C04D05D83DA695207FCD4EBE76FF05C
:10968000050030BC704700BF03691A6822F002026F
:109690001A60D86910F00300FBD170472DE9F0473C
:1096A00043880469DE0582B000F127824B889BB2B3
:1096B00043F480734B8082460F4607C98AE807004F
:1096C000636843F480736360E3695D07FCD4DAF890
:1096D00004302268012B636800F07A8123F4802330
:1096E0006360E3695B07FCD4BAF800305A0552D5D1
:1096F000BAF80220D60706D5BAF8022092B242F490
:109700008062AAF8022040F2FE7202EA4302E36994
:109710005D07FCD4636A03F4804343F400431343BE
:109720006362E3695807FCD401A95046B04EB14DBD
:10973000B0473B236B742168019AE3695B07FCD453
:10974000638B12F0010F9BB238D09A0761D50122CA
:109750002276BAF8022092B242F48052AAF802208D
:10976000BAF8022022F48072120413F0010F4FEABB
:109770001242AAF8022014BF6FF004006FF0030039
:10978000BAF8023023F480731B041B0CAAF80230D1
:1097900002B0BDE8F087BAF802105A00D2B201F068
:1097A00001031A43E3695907FCD4636A03F4804355
:1097B0001A436262E3695A07FCD4B5E7920742D5BF
:1097C000DAF80420002A00F0AA81580700F1A781E6
:1097D000013ACAF80420C1F3C061002A40F01B819D
:1097E00049B9636843F480236360E3695807FCD494
:1097F000002A40F01281BAF802301B0400F1808187
:10980000BAF8023023F480731B041B0CAAF8023050
:1098100003E1580700F18881BAF802305B0500F1D6
:109820000981DAF80420002A40F02C81BAF80230CD
:109830001A0400F15A81BAF8023023F480731B0431
:109840001B0CAAF8023000234FF03A084FF002092F
:10985000BAF80220D2052ED501A95046B04785F8A6
:109860001180002840F0A880019B2168E26952071E
:10987000FCD4628BD80792B221D5900754D501232E
:109880002376BAF802309BB243F48053AAF8023030
:10989000BAF8023023F480731B041B0CAAF80230C0
:1098A00012F0010FBAF8022014BF6FF004036FF03A
:1098B0000303D205D0D4184602B0BDE8F08713F0F8
:1098C0000203C5D0DAF80430002B00F0CE80500738
:1098D00000F1CB805A1ECAF80420C1F3C061002AEF
:1098E00045D139B9636843F480236360E3695B075A
:1098F000FCD45AB9BAF802301A047DD4BAF802304E
:1099000023F480731B041B0CAAF80230DAF8082039
:10991000531CCAF80830E36913F00403FBD1A16AB1
:10992000117084F8189093E7510700F1B980BAF8E4
:109930000230580520D5BAF80030DB0903F00602E2
:10994000E3695907FCD4636A03F4804343F0F103ED
:1099500013436362E36913F00403FBD1BAF80220F6
:1099600022F480621204120CAAF8022070E7012A85
:10997000CCD10029CAD0B5E7DAF804206AB9BAF820
:1099800002301A0476D4BAF8023023F480731B0430
:109990001B0CAAF8023000235AE7DAF808100B78FB
:1099A000A362E36913F00403FBD10131013ACAF861
:1099B0000810CAF804204BE77B881D047FF5E0AE51
:1099C000636843F440336360E3695907FCD4D7E626
:1099D00010017FF583AE43F480236360E369590788
:1099E000FCD4BAF800305A053FF582AED3E600BF8A
:1099F000FD94000000FF0120636823F4807363601E
:109A0000E3695807FCD4636843F440336360E36957
:109A10005907FCD472E7012A5CD0DAF80820531CFD
:109A2000CAF80830E3695B07FCD4A36A1370022309
:109A3000237608E7BAF80030DB0903F00602E36991
:109A40005807FCD4636A03F4804343F0F1031343E3
:109A50006362E3695907FCD4BAF8023023F48063E7
:109A60001B041B0CAAF80230EDE684F818906FF086
:109A70000103EDE6636843F440336360E3695B0729
:109A8000FCD480E7DAF808100B78A362E369580782
:109A9000FCD40131013ACAF80810CAF80420D2E611
:109AA000DAF80430002B06DDBAF802309BB243F43A
:109AB0008053AAF80230BAF802301A040DD4BAF86A
:109AC000023023F480731B041B0CAAF802306FF0E1
:109AD0000103BDE60029A0D083E6636843F4403368
:109AE0006360E3695B07FCD4E9E7636843F44033F0
:109AF0006360E3695B07FCD49DE66FF0050047E611
:109B0000636823F480736360E3695907FCD4636876
:109B100043F440336360E3695A07FCD470E60223E0
:109B200023766FF001002BE6DAF80430002B06DD17
:109B3000BAF802309BB243F48053AAF80230BAF864
:109B4000023019040AD4BAF8023023F480731B04DB
:109B50001B0CAAF802306FF0010011E6636843F4B1
:109B600040336360E3695A07FCD4ECE70B7813F0E9
:109B700002030FD10A7802F0BF020A700A7910B40A
:109B800002F0FE0220240A71047101605DF8044BAA
:109B9000184670476FF01003184670470268137834
:109BA00043F0020313700020704700BF0268937AED
:109BB000DB07FCD5106A704703689A6812F00E0F35
:109BC000FBD11A78D20915D19A6812F00E0FFBD189
:109BD0001A7892070ED41A7802F0FB021A7098686D
:109BE00010F00E00FBD15A7802F0F00242F00702AA
:109BF0005A7070476FF01000704700BF0368986894
:109C000010F00E0FFBD11878C0094CD1986810F0F5
:109C10000E0FFBD11878C0F34000002843D1F0B4F8
:109C2000A2FB01452E46074656EA070210D1B4F5BD
:109C30007A3F41D010D9B4F5FA1F3BD02BD9B4F5F7
:109C4000FA0F24D0B4F57A0F38D0B4F57A1F20D0AB
:109C50006FF00C00F0BC7047B4F5FA4F26D00ED868
:109C6000B4F5FA5F03D0B4F57A5FF1D101205A78E8
:109C700002F0F00210435870F0BC00207047B4F5B9
:109C80007A4F15D0B4F5FA3FE2D10420EFE70A206D
:109C9000EDE70920EBE7B4F5FA2F11D0B4F57A2FF0
:109CA000D6D10720E3E76FF0100070470220DEE70F
:109CB0000320DCE70820DAE70520D8E70B20D6E709
:109CC0000620D4E703681A7842F002021A709868F6
:109CD00010F00E00FBD1704710B5154C23780133FE
:109CE000DBB2092B23701ED863780BB1013B637084
:109CF000104B1A880AB1013A1A805A880AB1013AFF
:109D00005A8063880BB1013B6380A3880BB1013B90
:109D1000A380094B9847094B9847094B9847A3687C
:109D20000133A36010BD074B984700232370DBE786
:109D3000E45600204E2A002025B80000ED4C00001B
:109D40003D58000011530000F0B50023224C234D74
:109D5000E36083B0194603220120A847606118B16F
:109D6000A76917B103B0F0BDFEE704F118020423A0
:109D7000019200934FF400723B46194919481A4D5D
:109D8000A8470128064600D0FEE7E5695DB1174BFC
:109D9000174C9847009702463B4631462846A04755
:109DA0000128DFD0FEE7134B00930246124F134801
:109DB0002B466421B8470746E06158B10B4B0C4C69
:109DC0009847009502462B4631463846A047012861
:109DD000C8D0FEE7FEE700BFE45600203DE90000E2
:109DE000A413010075B000009DF1000055F40000BF
:109DF00021FD0000D99C0000CDFC0000AC13010047
:109E0000044B93F8200020B1034B1888003018BF92
:109E100001207047E45600204E2A0020034BD868EA
:109E200010B9034B1B68186B704700BFE456002045
:109E3000D4EE0020154B93F8212022B9144A126861
:109E400092F8452042B993F8222082420ABF4FF689
:109E5000FF72D884DA84704710B493F8231083F823
:109E60002200013A520001310C2402F0060201F0F6
:109E70000F014FF6FF7083F8242083F8231083F836
:109E80002140D8845DF8044B704700BFE4560020A1
:109E9000D4EE00202DE9F04FA94FAA4E442399B0EB
:109EA00004467B7409B3F2680368002A74D05340F7
:109EB00033F07F430DD1636873B9A34B217B1B68DB
:109EC000D8B2814200F0BA807933DBB2994200F017
:109ED000B58019B0BDE8F08F9B4A12689342F8D163
:109EE000A37B012BF5D105237380657B2A0600F146
:109EF000688145237B74A27B12BB2B0703D105F03D
:109F00007005202D73D096F82D5046237B74022DBA
:109F100000F0BE80637B03F00F03022B00F0CF80C4
:109F2000E57B002D00F0308196F82830012B3BD0E6
:109F3000864B14221A805A237B7419B0BDE8F08F27
:109F4000012A00F09780202A31D0222A40F0B983DC
:109F500015F00F08D7D105F07005102D00F05D81C8
:109F6000002D2ED16389C3F30B03032B29D9784B22
:109F700094F80C80774D9847774B02461B787748CA
:109F80004146A847764B774D1988744A03462068A6
:109F9000A84796F82D50B8E7734A1268126B5340E1
:109FA00033F07F4395D186E764237370C3E72807B6
:109FB000A9D105F07005102D00F0B682002D00F03B
:109FC0000F81DFF89C916FF0040546237B74637B5F
:109FD000217B62480095C3F30213644DA847B9F88A
:109FE00000105E4A034620685E4CA0479CE76389E8
:109FF000C3F30B03042B86D996F82850012D82D188
:10A00000524B227C1B799A423FF47DAF584B594802
:10A010009847594B8046984700F07F0050FA88F0E7
:10A02000564B984702234FF0000263F3070265F393
:10A030000F22217B524B49489847A3E7607B00F0F1
:10A040000F0002287FF445AFE37BFF2B7FF441AF85
:10A050004FF0000360F30703012060F30F23494D25
:10A060003E48A8473E4B3D4A19883E4D034620686E
:10A07000A8472EE715F00D0F05F00F0850D0B8F1E6
:10A08000000F7FF440AFDFF8D8904FF0FF359CE72A
:10A0900096F82C20802A00F02881812A00F08E81F9
:10A0A000212A00F0B481222A00F0F880202A00F052
:10A0B0008382002386F82D3086F82C3034E7F3684D
:10A0C000E57B002B00F08380B37C9D4200F017817C
:10A0D000FF2D7FF426AF2268511C3FF425AF96F880
:10A0E0002110002900F014810121237BC6F83C21B6
:10A0F00086F83A1186F83B311F4B984741F2883376
:10A10000984200F26882F368E27B002B00F08A81BB
:10A11000B37C9A427FF408AF0C4B5A225A8003E773
:10A1200005F07005102D00F05A81002D7FF449AF25
:10A130006389C3F30B03032B3FF6E5AE41E700BF92
:10A1400000FF0120E4560020204080004E2A00201D
:10A150008DC200008D4E000014F3002094F1002009
:10A1600018F30020B54C0000D4EE0020454D00004F
:10A170001D90000078F1002055F40000A1F60000C9
:10A18000694D000049500000AB4B9847012840F250
:10A190003681B368632B1FD9B3F5167FB6F8443107
:10A1A00003F101039BB2A6F8443180F04081312BCA
:10A1B0007FF6BAAE01220023A6F84221A6F8443168
:10A1C000B2E69E4B98479E4B9847657B91E69D4B28
:10A1D0001B6893F8373078E70123A6F84231A3E6ED
:10A1E0006389C3F30B03032B7FF6EBAE954A964BC3
:10A1F0001068257BB0F83A8090F83C9090F83DA02C
:10A2000090F83EB09847294602908DE8000C4B46E6
:10A2100042468E4D8E48A847B4E66389C3F30B03CC
:10A22000042B51D9043B13F0FF054DD0894BB3F8F3
:10A2300000904D4548D8C246434687484FF0010C30
:10A2400019E09EF810E0B0F8BA8101391944CBB298
:10A25000F0459A4603EB0C0836D8B0F8BC117145AE
:10A2600000F1200030D365450CF1010C40F315825C
:10A27000C84580F2128290F8B411022904EB080E4E
:10A28000DFD104EB0C0EA044F24498F810E09AF8E9
:10A2900010800EEB082E1FFA8EFED4E796F834508D
:10A2A000BDB96E4B217B6A4898470346002B3FF4AB
:10A2B00000AF6B4A206811886A4C654AA047F8E6EF
:10A2C000B8F1020F3FF41FAE6FF00105DFF8909177
:10A2D0007BE6637B217B5E48DFF8B8816DB2C3F318
:10A2E00002130095C0470346E0E796F83450002D6E
:10A2F000EFD15D4B217B564898470346D6E722684D
:10A3000001323FF40EAE96F82120002A40F0A781DA
:10A3100096F84081B8F1000F40F06D819D427FF4C6
:10A32000EBAE524AD388002B00F08681013B9DB2F0
:10A33000012DD58040F0808102224D4B94F80CB065
:10A340004FF0000962F3070998474A4B0C90984771
:10A35000494B0B909847494B82469847484B0A9087
:10A360009847484A03460F93904747490E908847BD
:10A370000D90464880470D990E9A0F9B059165F305
:10A380000F290A9906900492ADF80C3002910B9BAC
:10A390000795ADF80090ADF804A00C9ACDF8248094
:10A3A0005946CDF820802A48394DA84703462C4904
:10A3B000274A098820682B4DA847A4E696F8343030
:10A3C000002B00F0538294F80DE0217B2048314DA2
:10A3D0005BB20093CEF30213A847034666E796F8F4
:10A3E0002830012B5AD07388002B57D1B8F1020FB7
:10A3F0003FF489AD6FF00305DFF86490E5E5B6F84A
:10A400004431A6F842515B08A6F844318CE596F831
:10A410003450002D7FF45DAF1F4B217B0C489847D3
:10A42000034643E7074B1B6893F8373071E6B3F5F3
:10A43000167FBFF4BFAE77E5354D000071DE00003A
:10A4400085BD0000D4EE002085C50000094E000047
:10A4500094F1002014F3002030F30020454E00005A
:10A4600018F30020B54C0000C15000004E2A002017
:10A47000D1C50000EDC5000025C6000009C60000DA
:10A4800039C6000041C60000C1C50000C9C50000B2
:10A490003D4F0000454D0000C14E00006389C3F3ED
:10A4A0000B030D2B7FF60CAFB8F1000F15D0F3683E
:10A4B000002B40F0E380AB4A63691268116B4B409C
:10A4C00033F07F4305D192F83430627C9A423FF4F6
:10A4D0001AADB8F1020F00F0D980637E102B00F0A6
:10A4E00093800022A04BF260984762690263627C0D
:10A4F00080F83420A27C80F83520E27C80F8372078
:10A50000227E80F83F20994B9847002840F08680B3
:10A51000637B03F00F03022B3FF4F5ACA27BDFF863
:10A5200060926FF0020550E56389C3F30B03082BBB
:10A530007FF6CAAE8E4BA17C1B789942BFF4C4AEA5
:10A54000894B9847238A428F9A4218BF4387A37C3E
:10A5500090F83C209A4218BF80F83C30237D80F868
:10A560003E30E37C80F83D30824B257B984729467E
:10A570000246814B8148984701252021637B804A10
:10A5800086F82C1086F82D5086F835301188DFF8C3
:10A5900044827A4A034620683563C04796F82D50B6
:10A5A000012D7FF4B2AC0023764D70691A4619462E
:10A5B000A84796F82D50A8E496F83450002D7FF463
:10A5C00088AE714B257B9847704B024629466B48F5
:10A5D000984703466AE66E4B984700283FF493ADD0
:10A5E00096F83A31002B7FF48EAD1A461946706901
:10A5F000644DA84787E5674B217B60489847002258
:10A60000034686F84021D2E66569607CA17C227E03
:10A61000E37CF56030747174F274B374637B5E4AEA
:10A62000217C117103F00F03022B3FF46CAC217BF2
:10A630005A4B52489847A5E4594B257B9847594BAC
:10A640001FFA80F89847584B00901B7801932946D1
:10A65000434602224948554DA8470346A7E696F8C7
:10A66000223096F82320217B4448514DA84796F884
:10A670002120013A034686F8212098E6626953407A
:10A6800033F07F437FF425AF337C1EE70423184665
:10A690000A220321474DA8471FE72A4604F110016B
:10A6A000454B00209847217B3448444B98474FF056
:10A6B000220E0121637B324A86F82CE086F82D10A9
:10A6C00062E7212A40F0888029077FF41CAC05F05E
:10A6D0007005102D19D0002D7FF473AC6389C3F37E
:10A6E0000B03032B7FF66DAC1E4A354B15681035F6
:10A6F00028469847431CDBB2202B2A4628BF20233C
:10A70000217B304D1D48A8473CE46389C3F30B030C
:10A71000042B7FF6D9ADDBB21D1FEDB2202D3FF625
:10A72000D3AD1E2D04D86219033B0021DDB2117494
:10A730000D4B984704F1100900F1100840464946B6
:10A740002A46214B984730B9217B0C481F4B98472C
:10A750004FF0210EADE7494640462A461C4B98472C
:10A76000F2E700BFD4EE00207160000095600000A9
:10A7700030F3002091C50000B94D000094F1002095
:10A7800018F3002095E9000085C50000E14D0000A8
:10A790003D7800009D5000004E2A0020994D000099
:10A7A000A1BD0000F1C000001CF30020ED4F00002F
:10A7B0001D500000C1D8000059C10000654E0000C6
:10A7C00045040100094F0000B9030100E14E0000FB
:10A7D000D7030100B54C0000422A72D12B077FF449
:10A7E00092AB15F070057FF4ECAB6389C3F30B03F8
:10A7F000032B7FF6E6AB02234FF00008012263F340
:10A800000708964B94F80CB062F30F289847944BC6
:10A810000B909847934B81469847934B82469847B5
:10A82000924B0A909847924A03460E93904791495B
:10A830000D9088470C90904880470E9B0C990D9A7C
:10A84000ADF80C300A9B069005910492029309958D
:10A8500008950795ADF80080ADF804A04B460B9A1B
:10A86000864D87485946A847FFF78CBB217B854B0F
:10A870008348854E9847854B814A1988034620684E
:10A88000834CB04704212A4608460123A0474FF4D1
:10A890007A70804B9847C8207F4B98477F4B9847EA
:10A8A0007F4A804B87E80C00BFF34F8F7E497F4B78
:10A8B000CA6802F4E0621343CB60BFF34F8F00BF5E
:10A8C000FDE7112A21D115F00D0F1AD105F0700501
:10A8D000202D7FF476AB6389C3F30B03052B7FF642
:10A8E00070AB734B217C607C9847637B03F00F0354
:10A8F000022B3FF408AB217B6E4B61489847FFF772
:10A9000041BB05F00F08FFF7BABB022A37D115F09B
:10A910000D0FF6D105F07003102B7FF452AB237CA2
:10A92000012B11D096F82830EBB128077FF4EBAA61
:10A93000F368217B73B1327C737CB07C00905E4DF8
:10A940004F48A847FFF71EBB0222002386F82820A5
:10A950007370EAE7594B186890F8342090F8353056
:10A9600090F83700EAE70125284602230A2205214C
:10A97000DFF81C8186F82850C047657BD5E7A2F137
:10A980003003012B05F00F083BD9802A00F0A0808E
:10A99000812A00F0ED80822A40F09681B8F1000F04
:10A9A0007FF4B1AA05F07005202D7FF40AAB63890E
:10A9B000C3F30B03082B7FF604AB284B984723699E
:10A9C0008342024600F06F81237D217B3C4D2C4861
:10A9D000DFF8B89003EB83035B00B380A847B9F8B6
:10A9E0000010274ADFF8A090034620684546C84774
:10A9F00046237B74002D40F0628196F82D50FFF7BE
:10AA000086BAB8F1020FC6D105F07005102D7FF49B
:10AA10007AAA2C4B9847294B61891B6893F83E20F2
:10AA200015180335C1F30B018D4280F24181A17BE2
:10AA3000312940F0EE8093F83D100909012900F01A
:10AA4000E880214B9847002386F820300E201F4BCA
:10AA5000984796F82D50FFF758BA00BFD1C50000AF
:10AA6000EDC5000025C6000009C6000039C600007B
:10AA700041C60000C1C50000C9C500003D4F00002F
:10AA800094F1002009510000B54C000018F300209B
:10AA9000C1D80000316E0000A1F60000596200002C
:10AAA000DCACBAAB4433221100ED00E00400FA053F
:10AAB000C5C2000079500000BD4F0000D4EE002058
:10AAC0005151000085C5000035E0000009D80000A4
:10AAD000B8F1000F66D0B8F1020F7FF414AA05F0A8
:10AAE0007005102D7FF46DAAB388002B3FF40BAADC
:10AAF00023696189083BC1F30B010B44B3F5E03FC7
:10AB00003FF6E2AB02231A4619460120A94DA84799
:10AB10002069A94B00F500309847002848D1638987
:10AB20002169A64DA648C3F30B03083B9BB201F570
:10AB3000003104F11402A847A24B217B0028A2484F
:10AB4000B4BF6FF0030500259847637B03F00F0344
:10AB5000022B804652D196F82D30012B7FF448AF5E
:10AB600000231A4619467069DFF8B082C0473FE7F4
:10AB7000B8F1000F7FF4C7A905F07005202D7FF410
:10AB800020AADFF89C82914BDFF8989208F5E03517
:10AB900098476A688E4B9A424FD0A27B6FF00105AE
:10ABA000FFF713BA05F07005102D7FF40AAA9FE78E
:10ABB000217B884B8448884D98472369618903F538
:10ABC0000033C6F83630C1F30B010839637B86F8D1
:10ABD00035300A4601234FF0800E3163804604F180
:10ABE00014017E4886F82D3086F82CE0A847637B58
:10ABF00003F00F03022B4FF00005B1D0DFF82492D1
:10AC0000714AB9F800102068DFF8E0914346C84760
:10AC1000A1E70021103283B222440846704DA847B4
:10AC2000A37B312B3FF40DAFF368002B3DD06D4B70
:10AC30009847012386F8203008E7A98AB9F8002050
:10AC40009142AAD82B8C0B449342A6DDEA6890452A
:10AC5000A3D92B69B3F5003F9FD29A429DD2297F99
:10AC600088429AD3A97F09B1884296D802F5E0318B
:10AC70000133C6F836109B1A94F80DE0217B33633C
:10AC8000594A514886F835E00123812586F82C5031
:10AC900086F82D309047554DB9F800104A4A0346C2
:10ACA0002068A8477FE40A25A2E6514B9847C0E7F1
:10ACB0000E20504B984796F82D50FFF726B9A27BEF
:10ACC000DFF86091FFF783B9402A52D1B8F1000F45
:10ACD0007FF419A905F07005102D10D0002D7FF418
:10ACE00012A96389C3F30B03132B7FF70CA920234D
:10ACF000414A217B414D3448A847FFF743B9638956
:10AD0000C3F30B03132B06DD043B9DB2202D08D9A2
:10AD10006FF001056CE646237B7496F82D50FFF723
:10AD2000F6B810A82A4604F110012B4B9847102DB5
:10AD300005D8334B98472D231490ADF8543010A804
:10AD4000304B9847002811DB217B2F4B1E48DFF842
:10AD5000D490264D9847B9F800101B4A0346206846
:10AD6000A8470420234B9847002541E66FF00305D0
:10AD70003EE60A2A58D1B8F1020F7FF480A905F007
:10AD80007005202D7FF4BFA8204B984700287FF442
:10AD9000BAA84FF47A701E4B98471E4B404698470E
:10ADA000238A632B7FF6AFA81B4B984796F82D504C
:10ADB000FFF7ABB8C1D80000D18E0000218E000093
:10ADC0005CF10020C150000094F10020C1C50000DA
:10ADD000AABBCCDDE1500000D70301001E570020C4
:10ADE000CD460000A1E0000029510000B54C000054
:10ADF000D1DF0000F9D70000204080009D51000005
:10AE0000055300009D5A00007D510000216E000096
:10AE1000316E0000A1F600005962000095E90000C3
:10AE200000FF010018F30020132A7FF428A9B8F1CD
:10AE3000020F7FF424A96389C3F30B03042B7FF66D
:10AE400062A8023B13F0FF033FF45DA8F268DFF84D
:10AE50006090DFF860B0254604EB43084FF0000A2D
:10AE600014462A4605E0B17C8B420AD00235A8453B
:10AE700019D02B7C002CF6D1D9F8001091F837109E
:10AE8000F2E7697C96F823309942EFD1B6F92600B3
:10AE900086F821A0002886F83AA1C0B2E6DB0A9223
:10AEA000D8470A9AE2E7144696F82D50FFF72DB8D6
:10AEB000D4EE0020359E000070B51E4C94F83A3157
:10AEC00003B970BD94F824001B4B1C4D9847002615
:10AED00094F8232094F8223094F83B11184884F811
:10AEE0003A61A84794F82120013AD2B2054684F885
:10AEF00021208AB9B4F92600002802DBC0B2114B28
:10AF00009847114BD4F83C01104C19880C4A2B4639
:10AF1000A446BDE8704060470D4B0E48984794F832
:10AF2000243000F00600184400F0070084F82400E4
:10AF3000E7E700BFE4560020A1F600001D50000026
:10AF400094F10020359E000018F30020B54C00005D
:10AF50001D90000078F10020024B012283F840216F
:10AF6000704700BFE4560020F0B583B0002834D00D
:10AF70000546324B324C334F00209847012D4FF09D
:10AF8000F8038CBF4626002603251A46304629467C
:10AF900084F8483184F8466184F84751B8472A4B11
:10AFA00084F8490101209847284B984794F84601B6
:10AFB000274B9847274B054694F846019847264B60
:10AFC000064694F84701254C9847334600902A4698
:10AFD00023492448A04703B0F0BD194C224B9847A1
:10AFE000E368CBB9214B1B6893F8340093F8351014
:10AFF00093F83F2094F9493184F84601002B84F8F6
:10B00000471184F8482114DB194B984784F849010B
:10B0100000200D4B9847C7E794F94931207C617CAB
:10B02000E27C84F84601002B84F8471184F848211B
:10B03000EADA044B984784F84901E9E77DD8000033
:10B04000E456002085580000CD540000E9D80000E7
:10B05000C5570000D55700001D580000FD03010032
:10B06000BC1301009CF2002095D80000D4EE002013
:10B07000415800002DE9F04F002083B0A14BA24DB4
:10B080009847C82404E00520A04B9847013C02D013
:10B09000A8470028F7D09E4C9E4B9F4DDFF8E082DA
:10B0A000DFF8E0B29D4EDFF8E0A2984714230022BB
:10B0B000012063709A4B84F828209847994A9A4B4C
:10B0C0001088012284F84A2198479848984B98475D
:10B0D0009848994B9847994B984741236B7438E0AF
:10B0E000B9F1020F00F0D2804FF0030384F828304A
:10B0F0000020934B9847934B9847894B00209847E3
:10B10000002384F84A314223142160696B74D847C4
:10B11000B04794F82D30012B814632D08A4B1B88E2
:10B1200043226A742BB9B04742F21073984200F27E
:10B130009B800320C047844B5B8823B9B04747F20C
:10B14000305398427DD80A20C047DAF800301B07F8
:10B150007ED494F82890B9F1030F2FD06378002B98
:10B16000BED00A2BCFD8B9F1010FCCD094F84A3118
:10B17000022BC8D06A4B02209847012384F84A3139
:10B18000C1E794F82C304822802B6A7400F090803C
:10B19000812B6DD0203B022BC0D86C4B98476C4B59
:10B1A000984700286ED0002384F83430022384F8B6
:10B1B0002D30B047A0EB0900E085AFE7B4F842318D
:10B1C000012B67D094F94931002B96DB94F820309D
:10B1D000ABB15D4B1B8893B10022B4F84E31A4F89B
:10B1E0004C21012284F84B21002B8CD0013B9BB2D7
:10B1F000A4F84E31002B86D10220C04783E7B4F873
:10B200004C3101339BB2FA2BA4F84C3104D894F89A
:10B210004B31002B3FF477AF94F847014D4B9847E3
:10B22000002860D100203E4B98474B4B02209847A6
:10B23000C823A4F84E310023A4F84C3184F84B31D4
:10B2400061E7454B0A209847DAF800301B0780D5A4
:10B25000424B03214FF400709847DAF8003023F096
:10B260000803CAF8003074E703203B4B984762E7B5
:10B270003B4B216BD4F8360000229847394B9B6832
:10B28000984290D0FD2384F834308FE714201F4B70
:10B29000984729E701930520334B344F9847019B8A
:10B2A000484602220821B8470023A4F842312AE781
:10B2B000238ED4F836102E4A2E482F4FB847002838
:10B2C000B4BFFC23002384F8343094F8353013F0F5
:10B2D0000F0F0CBF0223002384F82D30B047A0EBE2
:10B2E0000900E0851AE794F84601244B98470028A6
:10B2F00098D094F84B31002B9DD00020084B9847F4
:10B3000099E700BF7DD8000071B40000A1F60000ED
:10B31000E4560020395A000000FF012055F40000D7
:10B3200069AF000018F30020E5490000959E000079
:10B330004D4A0000B9AE0000594A0000BDCB0000E4
:10B3400095D80000E9D800004E2A00208D6000004A
:10B3500095600000ED5700008DD7000091CC0000F3
:10B360003900010000BF0300CD590000C1D8000022
:10B370001E5700205CF10020218E00009D57000028
:10B380009DD70000A1EE00009CF8002038B50446CF
:10B39000284B0D469847012C16D00C2C19D00D2C9B
:10B3A0001CD0222C0BD0232C1DD0102C20D0212CD3
:10B3B0002ED0802C31D0812C1FD0002038BD2B788E
:10B3C00080F84130012038BD2B7880F8403020468D
:10B3D00038BD2B7880F84230012038BD2B7880F8BA
:10B3E0004330012038BD2B7880F84630012038BD2D
:10B3F0002B7880F84430012038BD90F83D302A7811
:10B4000003F00F0343EA021380F83D30002038BDFB
:10B410002B7880F84530012038BD90F83D302A78EF
:10B4200023F00F0302F00F02134380F83D30002099
:10B4300038BD00BF8D60000070B40A4C0A4B0B4A47
:10B44000C6B2C0F30725A4FB0141C0F30744000EB8
:10B450001E70C1F34F115D709C70D87070BC11806C
:10B46000704700BF1F85EB5110F3002034580020B7
:10B47000014B9878704700BF34580020F8B5154B41
:10B48000154C164F164E07CBA4F24455B3F800E006
:10B4900020606160A2600C233946A4F80CE0A4F59A
:10B4A000A8604FF4D8722B70B0470222062307F52C
:10B4B000D871EA70A4F56470C0226B70B047112394
:10B4C00007F51C71A4F504704FF4BB72AB70B04764
:10B4D000F8BD00BF2C19010074F80020E41301002E
:10B4E000D703010038B5144B144D984714484478DD
:10B4F00000232B8054B100EB4414024692F8B4119F
:10B5000020320B44A2429BB2F8D12B800D4C8278A2
:10B510000023238072B102EB820102EB4101084A51
:10B5200000EB410092F8341316320B4490429BB268
:10B53000F8D12380012038BD7DB4000014F3002031
:10B5400030F300201CF3002030B42D4B2D4A1B6833
:10B55000117893F83C3099423AD82B4D2B4A02F59A
:10B560000070134601E083423AD09C1A13F8011B85
:10B570006829F8D1E40024B2244BAC8001E0834276
:10B5800031D09C1A13F8011B6329F8D1E40024B2CE
:10B590001F4B204A1C8002F50070134601E08342D5
:10B5A00024D09C1A13F8011B5A29F8D1E40024B2C4
:10B5B000184BEC8001E083421BD09C1A13F8011B4E
:10B5C0005529F8D1E400144B24B21C8030BC7047DC
:10B5D00003EBC30302EB83030B4D1B79EB70BDE759
:10B5E0004FF0FF34C8E74FF0FF34D1E74FF0FF349E
:10B5F000DEE7094B4FF0FF341C8030BC704700BFC2
:10B60000D4EE002030F30020345800207C1C0100D0
:10B6100094F800207C1A01001AF3002070B5204B2A
:10B6200020481B78204A1E240021012B0480118011
:10B6300026D0032B29D0052B2CD0042B1BD0022B7A
:10B6400003D1137843F008031370184E184D194BAB
:10B650004FF4087434802C809847174B9847174B49
:10B6600034802C809847164B1649002201201A601E
:10B670005A60887070BD137843F010031370E4E7CC
:10B68000137843F001031370DFE7137843F00203EC
:10B690001370DAE7137843F004031370D5E700BFA3
:10B6A00098F80020CCF2002028F3002016F30020A8
:10B6B00018F30020E5B40000AD61000049B50000BA
:10B6C00020F3002034580020984218DC904220DDFE
:10B6D000801A9B1A10B44FF4FA620C8892FBF3F3B1
:10B6E00013FB00F080B2A0421FD2201A7F2801DD98
:10B6F000032C26D8ECB1013C0C8001201AE00B8809
:10B7000040F2C57293420CD94FF4FA630B800020CB
:10B7100070470B880A2B8CBF0A3B00230B8001204B
:10B7200070470A330B800120704702D9B4F5FA6FD5
:10B7300003D301205DF8044B704701340C800120D5
:10B74000F8E7043C0C800120F4E700BF0A4910B57B
:10B750000A884C888B88A24228BF2246934228BF81
:10B760001346B3F5FA6F06D2A3FB0001034C4FF466
:10B77000FA620023A04710BD582A00206100010092
:10B7800038B5234C234BA5889847234B234A98422E
:10B79000136013D9A0F5EA33C03BC3F38F10002820
:10B7A00030D0B0F5807F28BF4FF48070A1888842E8
:10B7B00096BF091A002189B2A18006E0A188B1F5DF
:10B7C000FA6F0DD34FF4FA61A18028460322144B7F
:10B7D000984780B2A080B0F5FA6018BF012038BD4C
:10B7E0001B1A9B0910D09BB2B3F5807F28BF4FF482
:10B7F00080731A460A44B2F5FA6FE3DC194489B241
:10B80000A180E2E70120D1E701221346F2E700BF61
:10B81000582A002031780000C0D401002CF3002009
:10B82000F56D00002DE9F8439B4C238901339BB251
:10B83000312B88BF0023238123889BB21BB123882F
:10B84000013B9BB22380002304EB430101338A892F
:10B8500092B21AB18A89013A92B28A81042BF3D149
:10B860008E4A13882BB1013B9BB21380002B00F052
:10B87000C2808B4B9847002840F09A80A38A002B07
:10B8800056D0013B9BB2A382002B7FD0E38A002BD2
:10B8900040F0C1802389012B40F29881042B00F0F5
:10B8A000A981062B00F08381082B00F0D5810A2B9B
:10B8B00040F02881227E062A00F2E7807949062599
:10B8C000FF20022225764870228023F0040080B2F7
:10B8D000122840F02F81227E062A02D9228892B2B5
:10B8E00032B970490626FF25022226768D70228005
:10B8F000A3F11E0292B20C2A40F23181202800F0FE
:10B900007781282B00F074812C2B11D14FF4167302
:10B91000227E062A02D9228892B24AB96249614A35
:10B92000A1FB03135B09062000212076D170238040
:10B93000237F0133DBB2092B237725D95B4B5C4A8C
:10B940001968CB680133CB6002F10805134633F860
:10B95000020B002840F09580AB42F8D101F12003A2
:10B96000303132F8020B10B118680130186004331E
:10B970008B42F6D1238DB3F5616F3CBF0133238534
:10B9800000232377BDE8F883BDE8F883237E062BE8
:10B9900002D923889BB22BB9002106220846454BC9
:10B9A00022769847444B1A786FF346121A70BFE715
:10B9B000424B434D9847434BE2881B88424900B2B3
:10B9C0001BB212B2A84790B90820404B9847404B91
:10B9D0009847404BA2881B883F4900B21BB212B265
:10B9E000A847002849D007203C4B984746E7082045
:10B9F0003A4B9847EBE7304939480A7863F300023D
:10BA000063F3410263F3820263F3041263F3C3023C
:10BA10000A7080472DE7012B00F0B880022B00F060
:10BA2000F880628B002A83D00025402B658300F0CC
:10BA30002A81412B00F03381422B00F03A81E02B28
:10BA40007FF476AF4FF47A70264B9847C820264B88
:10BA50009847264B9847264B2649274A83E80600F5
:10BA6000BFF34F8F2549264BCA6802F4E0621343A7
:10BA7000CB60BFF34F8F00BFFDE70720134B984704
:10BA8000FCE60B6901330B6168E7228892B2002A59
:10BA90007FF41BAF12E700BF34580020CCF2002027
:10BAA00031D3000010F300201F85EB51D0EE0020B1
:10BAB0005458002039B4000028F3002045D6000077
:10BAC000C9B600001AF300205A2A002009D8000045
:10BAD000F9D5000094F80020582A0020F9D700007A
:10BAE00049B50000316E0000A1F600005962000067
:10BAF00000FF0120DCACBAABAA99887700ED00E02A
:10BB00000400FA050E2B3FF4D5AE0C2B40F0DB8081
:10BB1000227E062A40F2AF80228892B2002A00F0EC
:10BB2000AA8023F0040080B212283FF4D4AE1A2B6E
:10BB30003FF4D1AE23F00802142A40F0C880227EE0
:10BB4000062A04D9228892B2002A7FF4D1AE624933
:10BB500006260025022226768D702280C8E641F254
:10BB6000111121FA02F2D2077FF5C8AE237E062B0F
:10BB700004D923889BB2002B7FF4DAAE564A062004
:10BB8000FF2102232076D1702380D1E6237E062B6D
:10BB900004D923889BB2002B7FF4CAAE06224FF44F
:10BBA0007A714FF0FF304D4B22769847C0E6227EE7
:10BBB000062A02D9228892B232B947490625FF20C7
:10BBC0000222257608702280022091E6227E062A33
:10BBD00004D9228892B2002A7FF466AE06223F4B37
:10BBE00022764FF4C8714FF0FF309847238958E60A
:10BBF000C8238DE6227E062A03D9228892B2002A23
:10BC00008FD10622354B2276C82100209847238900
:10BC100047E6334E334DDFF8C0804FF0000906276A
:10BC2000B047227E03B2C3EB0323062A85FB032120
:10BC30004FEAE37302D9228892B23AB9C3EB611397
:10BC4000DBB20A22277608F80930228009F10109BF
:10BC5000B9F1040FE4D16BE6227E062A02D92288CC
:10BC600092B232B91C4906250020022225760870BE
:10BC7000228008205EE7184906250020022225764A
:10BC8000487022804DE72846042206210223164EE2
:10BC9000B047164B98472846154B984748E6284624
:10BCA000022304220821104EB0472846104B984723
:10BCB0003EE602232846194604220B4DA8470120E0
:10BCC0000B4B984734E6102B3FF422AF29E7182B93
:10BCD0003FF435AF0CE600BF10F3002039B400008C
:10BCE000654A00001F85EB51C1D80000695F000064
:10BCF0001D610000034B988980B2003018BF0120FD
:10BD0000704700BF34580020034BD88980B2003000
:10BD100018BF0120704700BF34580020034B188A19
:10BD200080B2003018BF0120704700BF3458002097
:10BD3000034B588A80B2003018BF0120704700BF03
:10BD400034580020032808D8054B03EB40008089B5
:10BD500080B2003018BF012070470020704700BF3C
:10BD600034580020032807D8044A054BA2FB0121C0
:10BD700003EB400049098181704700BF1F85EB51EB
:10BD800034580020014B00221A817047345800209B
:10BD9000024B988A003018BF0120704734580020A9
:10BDA000014B1888704700BF28F30020012870B5A8
:10BDB00004460D466AD013287BD01A282AD01728AB
:10BDC00034D0042800F0A280052800F0A4800D28BB
:10BDD00000F0A6800E2800F0A880192800F0AA80A4
:10BDE000202845D0232869D0152800F0BD801E28C2
:10BDF00069D0222800F0EF801F2800F0F28021286F
:10BE000000F09D80242800F0F9802B2800F011819B
:10BE1000002409E0A04B9847A04BA3FB0030C308C7
:10BE2000C00A2B7068700224204670BD9C4E338877
:10BE30007488A34237D9994BA3FB0434C4F3071485
:10BE40000A20984B984750B3944BB288A3FB023218
:10BE50001309DBB2A34228BF2346934A2B70136811
:10BE6000924A997FD27891421BD99A770124DBE7D5
:10BE70008D4B8F4A1B68DB68A2FB03235B0BC3F36C
:10BE8000072202242B706A70204670BD894B9847A8
:10BE9000894B7D30A3FB003000092870C4E7642380
:10BEA000D7E70124C0E77D4CA4FB0323C3F30714A9
:10BEB000C6E7824B984701242870B5E77A4B7C4A45
:10BEC0001B681B69D8E77E4B7E4A93F82A007E4B9D
:10BED00040F2122101FB002140314DF24C42098811
:10BEE00002FB01F2A3FB0213D21A03EB5203C3F3CA
:10BEF000CF23B3F57A7F2CBF9B08002303EB80335D
:10BF00009BB21A0A2B706A7002248DE76F4B984718
:10BF10000124287088E76E4B98470124287083E736
:10BF20006C4B9847012428707EE76B4B984701249F
:10BF3000287079E7694B98470124287074E7604AB4
:10BF4000594B92F82A101B68654A01F10800022437
:10BF500053F82030A2FB03239B0BC3F3072202EB11
:10BF600081122B706A705FE75E4B984700280BDBED
:10BF700004286DD0052867D006286DD007286DD01D
:10BF8000082879D0022871D0574B984700281EDB2B
:10BF900000285FD0012863D0022863D0032863D033
:10BFA000072865D0082865D0092869D00B2865D0F6
:10BFB000052869D00A2865D0A0F11003DBB2032B55
:10BFC00060D90D2866D0062862D004285ED00024EF
:10BFD0002C70012428E7344B1B689B7F0B700124D5
:10BFE00022E7314B344A1B685B8B7D3382FB0312A3
:10BFF000DB17C3EB22132B70012415E7304B314ABA
:10C0000093F82A3040F2122101FB03219A014B6878
:10C01000D2B2BBB10B69354880FB0301DB17C3EB20
:10C02000A103D9B2C3F3072313446B702970022410
:10C03000FAE6244BD3F856300B70C3F307234B704A
:10C040000224F1E61946EFE78A24274B9847BFE719
:10C050008424FAE78924BBE78C24F6E78E24F4E7EE
:10C060008B24B5E78D24B3E78F24B1E79F24ECE759
:10C070008024ADE78224ABE79024E6E78524A7E798
:10C080008324A5E7A024A3E79424A1E79D249FE7A8
:10C0900084249DE797249BE731780000CDCCCCCC5D
:10C0A000582A002035D80000D0EE0020D0F2002021
:10C0B00049D6B9F299D50000D34D6210654A000007
:10C0C000345800200422002001011000CDD50000CA
:10C0D00021D6000015D6000039D6000021CB000083
:10C0E00007452EC2D1D700004DD8000067666666AE
:10C0F0002DE9F041144A154E92F82A300133DBB293
:10C10000032B88BF002382F82A3092F82B300133AA
:10C11000DBB20F2B88BF002382F82B30B37883B1BA
:10C12000DFF830800A4F3446002594F8361394F82F
:10C1300035034144B847B3780135AB4204F11604E6
:10C14000F3DC0448BDE8F0813458002030F30020CF
:10C15000ADBD0000D0F200202DE9F04FDFF874A053
:10C160009AF8013083B09BB30025064688461746EF
:10C17000DFF86490AB46544605E09AF80130AB42D4
:10C1800004F1200418DD94F8B631B34205F101053D
:10C19000F3D194F8B431BB420ED88BB9FF1A1E44C8
:10C1A0009AF801300BF1010BAB42FFB25FFA8BFB47
:10C1B000F6B204F12004E6DC584603B0BDE8F08F87
:10C1C00008EB060194F8B5010193C847019BE5E728
:10C1D0009B46F1E730F300208DB30000012818D012
:10C1E0000C281CD00D2821D022280BD0232824D0A5
:10C1F000102829D0212836D080283BD081282AD069
:10C2000000207047204B1B6893F841300B700120D1
:10C2100070471D4B1B6893F840300B7070471A4BEA
:10C220001B6893F842300B7001207047164B1B6857
:10C2300093F843300B7001207047134B1B6893F841
:10C2400046300B70012070470F4B1B6893F8443049
:10C250000B70012070470C4B1B6893F83D301B0995
:10C260000B7001207047084B1B6893F845300B702A
:10C2700001207047044B1B6893F83D3003F00F0317
:10C280000B700120704700BFD4EE0020F8B50A4DB6
:10C290006B787BB1094F0A4E2A46002492F8B611FA
:10C2A00092F8B5013944B0476B780134A34202F1EA
:10C2B0002002F3DC0148F8BD30F30020F0F200204A
:10C2C000DDC100002DE9F0410C4669B3DF290546C8
:10C2D0000CBF0126002634D04FF4167303FB01F384
:10C2E0004FF6FF72934228BF13469FB2C4EB04126D
:10C2F000920043F23334A24228BF22460223194659
:10C3000092B20420104CA047104A114B11789F8222
:10C31000012464F3461111700024DD825E831C81C8
:10C320000C48BDE8F04100470B4B9847074A084BC3
:10C3300011785C8364F34611012011709882BDE886
:10C34000F0811E27D2E700BFC1D8000028F30020EB
:10C350003458002005E10000E9D80000044B1B68B8
:10C3600093F83C00072894BF00200120704700BFCD
:10C37000D4EE0020074B1B6893F83C00032806D935
:10C3800000F00300012894BF002001207047002026
:10C39000704700BFD4EE00202DE9F843734B1A68B4
:10C3A00092F83C3006464BB3DFF8D48192F8442033
:10C3B0006F4808EB060101EB820140F2122291F86E
:10C3C000E87302FB0602012B384682F8F7712CD184
:10C3D000684D2B889BB2002B4DD0674BDC5D2888C5
:10C3E00080B2002859D0FF2C54D0FF2010FB04F05D
:10C3F00080B205EB46052884BDE8F8835C4940F22D
:10C40000122202FB0012184682F8F731594D2B8890
:10C410009BB2002B34D0584B185C05EB460540EA24
:10C42000002080B22884BDE8F883032B0CD0EDD91E
:10C4300013F0010237D1072B5AD903F00303012B64
:10C44000E4D800F0FD00E1E74A4D2B883FB29BB2F3
:10C450004FEA4709C3B1484BDFF8208113F8174072
:10C4600009F10100C04705EB460540EA042080B20F
:10C470002884BDE8F883781C404B984784B2AEE727
:10C480003E4B984780B2C8E74846DFF8F080C04787
:10C4900084B2E5E74FF6FF70ABE7384B984780B2C0
:10C4A000FF28A3D19FE7072B19D00B2B17D0002013
:10C4B000304D2B889BB2BBB12F4B185CFB07ACD522
:10C4C000AB8A002BA9D1A0F13F039AB2BF2A31D980
:10C4D000FF284FF0FF3018BF002080B289E7012FFE
:10C4E000D4BF00200120E3E7244B984780B2E5E762
:10C4F000042B31D0062B15BF07F0010907F002020B
:10C50000012707F001091B4D2B889BB2FBB11A4B89
:10C510009C5CB9F1000F16D02B889BB203B3164B6D
:10C52000D85D8044FF2C98F848047FF45FAF40EA60
:10C5300000205EE703EBC30203EB420303EBC303FC
:10C54000580080B255E744EA042080B251E7104613
:10C550000A4B984784B2DCE707F00107B946D2E7F7
:10C560003846064B984780B2DBE700BFD4EE002088
:10C57000042200203458002010F30020254700003A
:10C58000E4130100014BD878704700BF34580020F5
:10C59000084B094A1B68117893F83C30994202D83D
:10C5A000064BD878704703EBC30302EB830318797B
:10C5B000704700BFD4EE002030F300203458002034
:10C5C000004B184791890000004B1847598A00001A
:10C5D000054B59885A781B78002061F30F0062F3ED
:10C5E000174063F31F60704700FF010043F6FC73C0
:10C5F000002059885A781B7861F30F0062F31740C6
:10C6000063F31F60704700BF054B59885A781B7849
:10C61000002061F30F0062F3174063F31F6070475F
:10C62000007F030014234FF0000063F30700022390
:10C6300063F30F20704700BF4FF00000704700BF4A
:10C6400007207047034B188880B2003018BF0120C4
:10C65000704700BF34580020032810B5104B0CD988
:10C66000187E824202D2188880B2A8B94FF0FF30FB
:10C670000C4C1A76A047012010BD1C7EA24202D2AB
:10C680001C88A4B254B9FF24C00004FA00F0054C81
:10C690001A76A047002010BD012010BD002010BD5B
:10C6A0003458002039B4000070B4094C257E9D42F6
:10C6B00002D92588ADB245B9064E2376064DA6FBB4
:10C6C0000232C2F34F122954228070BC704700BF5F
:10C6D000345800201F85EB5110F3002010B4084B94
:10C6E0001C7E944202D91C88A4B22CB9054C1A763F
:10C6F00023465DF8044B18475DF8044B704700BFB4
:10C700003458002039B40000F8B5304B984720B1B8
:10C710002F4B012283F82C20F8BD2E4B984741F275
:10C720006F73984227D92A4D95F82C3023BB2A4B9A
:10C730001B6893F83D3003F00F03022B23D0002B2E
:10C7400038D195F82D40002C36D1EB7883B1234EAB
:10C75000234F03E0EB780134A3422BDD2046B047A2
:10C760000028F7D0421ED2B221460020B847F1E798
:10C77000012385F82D30F8BD174B1B6893F83D3029
:10C780001B09022BDBD195F82D40ACB9EB78002BBF
:10C79000EED0124E134F2046B047421CFF282146D0
:10C7A000D2B204F101044FF0000000D0B847EB789A
:10C7B000A342F0DC95F82D400134E4B2012C8ABF8D
:10C7C000002385F82D4085F82D30F8BD019E00002E
:10C7D0003458002055F40000D4EE00202547000016
:10C7E0007D46000039460000704700BF2DE9F04348
:10C7F000B24D2B7883B00BB1013B2B706846B04F24
:10C80000B04EB847B04BD3F88010D3F8A020D3F87F
:10C81000904054400C4054406846B04763052DD4C6
:10C820006B88B3F5166F41D3642B00F0DE80B3F54F
:10C830007A7F00F0E180B3F5FA7F00F0EA80002310
:10C84000EB8001A8B847A04BD3F88010D3F8A02004
:10C85000D3F8904054400C40544001A8B04714F421
:10C8600000642BD1EB8FB3F5166F04D201339BB26A
:10C87000042BEB8773D003B0BDE8F083EA88531C28
:10C880009BB2012BEB8064D9297941B36C88322C9F
:10C8900079D9B4F5166F00F2948004EB8404620039
:10C8A0008A498B488B4B98476C886FE001339BB269
:10C8B0000A2B6B80B8D101232B71C0E7B5F8423049
:10C8C00001339BB2012BA5F8423095F8403055D981
:10C8D000002B6BD10023EB8703B0BDE8F08341F25E
:10C8E0006F708342698004D8023292B2322AEA80A1
:10C8F000A7D92B8F002BA4D0774B98472C8F032CD4
:10C9000000F0BC80022C00F0A3802978002940F0C0
:10C91000B08095F83A40002C00F0888095F83B30C4
:10C92000FF2B04D01933D9B2FA2908BFFF21DFF851
:10C93000D091DFF8C88185F83B100024E0B20423D1
:10C9400042460134C847042C00F08A8095F83B1019
:10C95000F4E72B79002B7FF474AF6B80C4E70120E0
:10C960005E4B5F4F98470126022330461A46194610
:10C97000A5F8424085F84060B8477CE7002BA9D075
:10C9800003B0BDE8F0832B8F01332B87A4F1640340
:10C99000C82B13D9A4F5FA73C82B34D9A4F57A742B
:10C9A000C82C3DD900232B716B804AE70023184621
:10C9B0004A4AEB8785F8403090475CE7494B9847F7
:10C9C000F0E7DFF840C1DFF808E1BCE80F00AEE8AF
:10C9D0000F00BCE80F00AEE80F00DCF800302EF8C6
:10C9E000023B1B0C8EF80030D0E702231A46194692
:10C9F00004203B4CA04722E702231A4600210620D0
:10CA0000374CA0471BE7384B0020984796232B70E4
:10CA1000C8E702231A4604210120314CA0470EE743
:10CA2000324B98470020304B9847BBE7304B984734
:10CA300000286BD095F83C402E4B2046042241F252
:10CA400088319847002864D000232C8F85F83C302B
:10CA5000204B29491E482246984700232B87F0E6A1
:10CA60001F4C02234FF4167203210620A0472C8F7F
:10CA7000EEE701201C4B98472C8FE9E795F83AE048
:10CA8000DFF85C80DFF88090BEFA8EFE4FEA5E1E13
:10CA9000214602230422062085F83AE0C0470023FD
:10CAA00018460422154985F83B30C8472146022321
:10CAB0004FF416720620C0472C8FC9E76458002037
:10CAC000D58D0000E58D0000008000413C1901007B
:10CAD0006C580020FD03010005E10000359E0000B8
:10CAE000C1D8000059AF00001D610000695F00005F
:10CAF00045C6000059C6000084190100C02709007E
:10CB0000A9C6000060190100DDC6000085F83C40A0
:10CB100092E795F83C302C8F013385F83C3097E74D
:10CB2000014B93F84000704764580020BFF34F8FCB
:10CB30000549064BCA6802F4E0621343CB60BFF3B9
:10CB40004F8F00BFFDE700BF00ED00E00400FA05D5
:10CB5000014B2A225A74FEE700FF012038B5104B22
:10CB6000104C98474922104B6274054698470F4B6A
:10CB70001A7882B141F2883295420CD900221A709B
:10CB80000B4BE2600B4C0C491F2501200022256055
:10CB900008701A7038BD064B1A78002AF2D138BDD9
:10CBA00055F4000000FF0120318900005E2A0020BA
:10CBB000AC5800209CF80020A0F80020F0B5274CCD
:10CBC000274B22689A4285B01ED0264D264C274F0F
:10CBD000274E0FCD0FC495E8030044F8040B04233F
:10CBE00021703B7043F6FC702249438803934378DD
:10CBF000029300784B780A784988019000911A488E
:10CC00001D49B04705B0F0BD237C012B10D0022B8D
:10CC100015D0052B1AD0032BA268E3680CBF174967
:10CC200017491148124EB047104B227C1A70D9E7B1
:10CC3000E368A26813490E4E0B48B047F4E7E36877
:10CC4000A26811490A4E0848B047EDE7E368A268B8
:10CC50000E49074E0448B047E6E700BF00FF012039
:10CC6000DCACBAAB2C1A0100B058002098F80020B8
:10CC7000FD03010000FF0100441A0100F419010046
:10CC8000101A01009C190100B8190100D8190100FF
:10CC900010B5084C23788AB01BB1074B9847002386
:10CCA00023700523012201A90020044CA0470AB0EB
:10CCB00010BD00BFA0F80020A5E600004DF900005F
:10CCC00000B5214B214A198E988D5C7C598683B022
:10CCD000D8859C7490471E4B98470122114620B17D
:10CCE0001C4BD92098471C4B9847D920194B984783
:10CCF0000446B0B9194B9847194B9847194B1B6814
:10CD0000013310D0184B9847184B9847184B984749
:10CD1000184B9847184B9847184B9847184B98470B
:10CD2000FEE70D4B9847174B1748984780B2174BB3
:10CD3000009300F13C60234654221549154C00F540
:10CD40005020A047DEE700BF00FF01200D64000077
:10CD5000215300004D5200002DCB0000E5B400002F
:10CD60009562000020408000D14200007DE100007B
:10CD700005DF0000E9C70000499D0000757700004D
:10CD8000BDF300001D90000078F10020781A01002A
:10CD90006C1A01005D5A0000F8B5354B354C9847C8
:10CDA000B0F57A7F46D90123334D23702B88334861
:10CDB000C3F3C803C15C324B10291B6845D9DA8A1A
:10CDC00089B28A4243D29A8BD98201329A832D4A00
:10CDD000B3F814E011895289C1F3C801C2F3C80243
:10CDE0000244014492F8007291F80062B7423A4658
:10CDF00038BF3246964532D3BEF1FF0F2FD0698837
:10CE0000214A5D8B88B24DF24C4101FB00F1A2FB3F
:10CE10000102891A02EB5102C2F3CF22AA4219D3AE
:10CE2000FF2D17D0FF2E4FF009001DD0FF2F1BD074
:10CE3000164B984763783BB1154A137823B11378A2
:10CE4000013BDBB21370F8BDF8BDDA8A0021FF2A7E
:10CE5000BDD1B8E7998B5A834A1C9A83E2E7998B34
:10CE60009A824A1C9A83CAE70A4B9847E2E700BFB6
:10CE700055F40000E0580020D4F800207C1A01008E
:10CE8000D0EE0020C4F80020010110009DD7000062
:10CE9000602A00208DD70000430840F6FF7103F59B
:10CEA000DA0303F5B043B3FBF0F38B42054A28BF26
:10CEB0000B469BB2002113825182D38843F00403B6
:10CEC000D380704700200043430840F6FF7103F50C
:10CED000DA0303F5B043B3FBF0F38B42054A28BFF6
:10CEE0000B469BB2002113825182D38843F0040386
:10CEF000D3807047001C00432DE9F043DA4ADB4938
:10CF0000136ADB4E43F4807341201362C1F824019D
:10CF1000338843F0010383B03380346B14F0010491
:10CF2000FBD1D44BD44F1A68D4495301900100F47B
:10CF3000E04003F4E063034302F007024FF001080E
:10CF40001343802286F82D804FF40075A6F80480E4
:10CF50002620F48032722222FC613580F072B27297
:10CF6000A6F8483033884FF0007043F00203338056
:10CF7000C1F88C00BFF34F8FBFF36F8FC04BC1F868
:10CF80008C01C02281F87923A7F5B0574FF04042B9
:10CF9000C860C3F88450C3F8A870C3F8A82093F8F9
:10CFA000C910B84801F0FE0141EA080183F8C91030
:10CFB00093F8B41001F00F0141F0100183F8B410A0
:10CFC0005D609F629A6293F84910AF4D01F0FE01D7
:10CFD00041EA080183F8491093F8341001F00F0179
:10CFE0004FF4807741F0100183F834105F6098624D
:10CFF0009A6293F8481001F0FE0141EA080183F8B3
:10D00000481093F8341001F0F00141EA080183F868
:10D0100034100821C3F88410C3F8A850C3F8A8201E
:10D0200093F8C31001F0FE0141EA080183F8C31030
:10D0300093F8B11001F00F0141F0100183F8B11025
:10D0400005F57E754FF4806159609D629A6293F890
:10D050004A1001F0FE0141EA080183F84A1093F8F2
:10D06000351001F0F00141EA080183F83510C3F8EA
:10D070008470C3F8A800C3F8A82093F8C810834FA1
:10D0800001F0FE0141EA080183F8C81093F8B410DA
:10D0900001F0F00141EA080183F8B410A5F57075BC
:10D0A0004021C3F88410C3F8A850C3F8A82093F80F
:10D0B000C610774D01F0FE0141EA080183F8C61061
:10D0C00093F8B31001F0F0014FF0100941EA0801A4
:10D0D00083F8B310C3F88490C3F8A870C3F8A820ED
:10D0E00093F8C4106B4F01F0FE0141EA080183F888
:10D0F000C41093F8B21001F0F00141EA080183F87E
:10D10000B210E0382021C3F88410C3F8A800C3F897
:10D11000A82093F8C52002F0FE0242EA080283F834
:10D12000C52093F8B22002F00F0242EA0902022061
:10D1300083F8B220B8476C6085F8089085F80980BC
:10D14000337D43F0020333752B7A23B10220B847B5
:10D150002B7A002BFAD16B68434A44484E4E00218B
:10D160001B09EB6069606972136A412143F0800317
:10D170001362C0F82011338843F001033380346B0D
:10D1800014F00104FBD1454B3C491A68530190014E
:10D1900000F4E04003F4E063034302F007021343AA
:10D1A0004FF001084FF0030E80204FF4A06286F884
:10D1B0002D80A6F804E0F4803072328026202222EE
:10D1C000F072B272A6F8483033884FF4000243F090
:10D1D00002033380C1F88C20BFF34F8FBFF36F8FF2
:10D1E000274BC1F88C21C02081F87703CA604FF427
:10D1F00000704FF040412A4AC3F88400C3F8A820C9
:10D20000C3F8A81093F8C9201F4802F0FE0242EAB2
:10D21000080283F8C92093F8B42002F00F0242F00C
:10D22000100283F8B4200822C3F88420C3F8A800B1
:10D23000C3F8A81093F8C32002F0FE0242EA0802E5
:10D2400083F8C32093F8B12002F00F0242F01002DD
:10D2500083F8B1200220B84710232C612B7585F884
:10D260000980337D1EE000BF00080040001C004024
:10D2700000200043880080000018004000E100E02A
:10D280000080004100010040080000401000004004
:10D29000E0580020A1F60000001C0043840080003C
:10D2A0000002004043F0020333752B7D23B10220BE
:10D2B000B8472B7D002BFAD12A691649164BEC6929
:10D2C00012090020AA61286168720A7D42F00202F8
:10D2D0000A751A7D42F002021A756CB10F4B98471D
:10D2E000002302460093204601210D4CA047012354
:10D2F0006B7003B0BDE8F0830A4B00930122234614
:10D300007D21094C0948A0470446E8610028EED079
:10D31000E4E700BF00200043001C004355F4000078
:10D3200021FD000099CD0000CDFC0000981E0100F9
:10D33000024B1878B0FA80F040097047602A00204C
:10D3400070B5444C627A002A45D1218C424D89B295
:10D3500002F0FF03414A32F81100B5F84010E568C9
:10D3600089B2A94280B24FD3E368C91A89B2884210
:10D370005CD06DD2268C3A4D15FA86F60B1A96F8CB
:10D380000064334103449BB298425ED0208C354EFA
:10D3900080B222F81030238C9BB226F81310238C15
:10D3A0009BB2062B47D0238C01339BB2072B2384DF
:10D3B00084BF00232384228C274B15FA82F595F82D
:10D3C00008249A801A7D42F002021A75224B01222B
:10D3D00083F82E2070BD237A002BF7D01E4AB2F8B6
:10D3E0004030616811FA83F36360237A013BDBB25A
:10D3F0002372002BEAD0137D43F002031375164B02
:10D40000012283F82E2070BD80B11946268C144D60
:10D4100015FA86F6C31A96F800643341C31A9BB214
:10D42000984204BF03F1FF339BB2AFE7238C0C4D4E
:10D430009BB2062BB7D12378002BB4D0908980B251
:10D440000028B0D0084B9847ADE701339BB29DE769
:10D450000B46DBE7E058002000200043C4F8002022
:10D460007C1A0100DCF8002099CE000070B5444C15
:10D47000627A002A45D1618C424D89B202F0FF03E5
:10D48000414A32F81100B5F84010A56989B2A942A5
:10D4900080B24FD3A369C91A89B288425CD06DD2D9
:10D4A000668C3A4D15FA86F60B1A96F810643341DD
:10D4B00003449BB298425ED0608C354E80B222F815
:10D4C0001030638C9BB226F81310638C9BB2062B32
:10D4D00047D0638C01339BB2022B638484BF00234B
:10D4E0006384628C274B15FA82F595F814249A8090
:10D4F0001A7D42F002021A75224B012283F82E2077
:10D5000070BD237D002BF7D01E4AB2F84030216950
:10D5100011FA83F32361237D013BDBB22375002BDA
:10D52000EAD0137D43F002031375164B012283F8F2
:10D530002E2070BD80B11946668C144D15FA86F602
:10D54000C31A96F810643341C31A9BB2984204BFC1
:10D5500003F1FF339BB2AFE7638C0C4D9BB2062BFC
:10D56000B7D12378002BB4D0908880B20028B0D0F7
:10D57000084B9847ADE701339BB29DE70B46DBE7CD
:10D58000E0580020001C0043D4F800207C1A010061
:10D59000BCF80020C9CE0000074B08485A884DF25D
:10D5A0004C4392B203FB02F3A0FB03201B1A00EBD7
:10D5B0005300C00A704700BFD4F8002001011000DA
:10D5C000014B588880B27047D4F80020084B094AB4
:10D5D00019895B89C1F3C801C3F3C80313440A4422
:10D5E00093F8000292F80032984238BF184670470C
:10D5F000C4F800207C1A0100054B19895A8989B2A8
:10D6000092B2914234BF1889588980B2704700BFE6
:10D61000C4F80020014B1B68187D7047D0EE002035
:10D62000034B044A1B88C3F3C803D05C704700BF98
:10D63000D4F800207C1A0100014B1B68987D7047CC
:10D64000D0EE0020014B188880B27047D4F800203B
:10D65000014B188880B27047C4F80020074B084877
:10D660001A884DF24C4392B203FB02F3A0FB032055
:10D670001B1A00EB5300C0F3CF207047C4F8002002
:10D6800001011000014B188880B27047DCF80020BF
:10D69000014B588880B27047C4F80020074B0848F7
:10D6A0005A884DF24C4392B203FB02F3A0FB0320D5
:10D6B0001B1A00EB5300C0F3CF207047C4F80020C2
:10D6C00001011000014B588880B27047DCF800203F
:10D6D000014B988880B27047C4F80020074B084877
:10D6E0009A884DF24C4392B203FB02F3A0FB032055
:10D6F0001B1A00EB5300C0F3CF207047C4F8002082
:10D7000001011000014B988880B27047DCF80020BE
:10D71000014BD88880B27047C4F80020074B0848F6
:10D72000DA884DF24C4392B203FB02F3A0FB0320D4
:10D730001B1A00EB5300C0F3CF207047C4F8002041
:10D7400001011000014BD88880B27047DCF800203E
:10D75000054A136803B993801168012303FA00F0A6
:10D7600008431060704700BF14590020064A136830
:10D770001BB993680BB9938093819168012303FAD5
:10D7800000F0084390607047145900201F2801D80A
:10D79000014B1847704700BF51D700001F2807D81A
:10D7A000044901220B6802FA00F023EA0000086035
:10D7B000704700BF14590020044A0123126803FA7D
:10D7C00000F0104214BF1846002070471459002082
:10D7D00010B40023074C012102E00133202B05D0B7
:10D7E000226801FA03F01040F7D058B25DF8044BFC
:10D7F000704700BF145900201F2801D8014B18475B
:10D80000704700BF6DD700001F2810D8084B10B418
:10D8100001219C689A6801FA00F022EA00009860F1
:10D820001CB19A680AB91922DA815DF8044B704775
:10D8300014590020044A0123926803FA00F01042B0
:10D8400014BF1846002070471459002010B400205F
:10D85000094C012102E00130202808D0A36801FA18
:10D8600000F21A42F7D040B25DF8044B70474FF017
:10D87000FF305DF8044B7047145900201F2806D86C
:10D88000034A0123116903FA00F00843106170474D
:10D89000145900201F2810D8084B10B401211C690E
:10D8A0001A6901FA00F022EA000018611CB11A6935
:10D8B0000AB91922DA815DF8044B70471459002027
:10D8C00010B402EB8202074C92B22076617662833A
:10D8D0002377638B9BB213B9E38384F820305DF820
:10D8E000044B704714590020014B00225A837047A3
:10D8F00014590020F0B500296BD04FEA400E0EEB12
:10D9000000033C4F3C4DFC5CAB8C3C4E04EB840272
:10D9100002EB82021BB2C3EB8203002B4FEA5101E0
:10D92000B8BF5B4293FBF1F39BB2A6F88830B6F820
:10D9300088309BB213B90123A6F888300EEB0002A1
:10D940003A44EB8C527802EB820C0CEB8C0C1BB241
:10D95000C3EB8C03002BB8BF5B4293FBF1F39BB28C
:10D96000A6F88A30B6F88A309BB213B90123A6F81C
:10D970008A3070440744288DBB7803EB830707EB9C
:10D98000870700B2C0EB87000028B8BF404290FB79
:10D99000F1F189B2A6F88C10B6F88C1089B211B9E1
:10D9A0000121A6F88C1004EB840402EB820203EB45
:10D9B000830304EB840402EB820203EB8303A400E1
:10D9C00092009B00A4B292B29BB2AC85EA852B86F2
:10D9D000F0BD084A094E084DA6F8881000EB40003B
:10D9E0001318145CA6F88A105A78A6F88C109B7845
:10D9F000D9E700BFA81E010014590020682A0020A2
:10DA000070B52B4DAB889BB2BBB9012401E0202B34
:10DA100008D004FA03F20A42D8B203F10103F6D0A7
:10DA20000130688601240023AC803221AB860920B6
:10DA3000EB86204ABDE870401047AB889BB2012BB3
:10DA40000AD0AB889BB2022B09D0AB889BB2042BC7
:10DA500022D00023AB8070BD0223AB8070BDAB8EA3
:10DA600001339BB2AB86DB074FF0320110D5114B6F
:10DA700009209847EB8E9BB25A1C92B2EA866A8EB6
:10DA800092B29342E7D303220023AA80AB8670BDF3
:10DA9000084BBDE870401847064B322109209847D3
:10DAA000AB8E01339BB2032BAB86D4D9D1E700BF39
:10DAB00014590020F5D8000010B5894C238F01338C
:10DAC0009BB2132B238784BF00232387238F9BB212
:10DAD0002BB9A28992B2012A04BFA381A380814AF3
:10DAE000B2F890309BB243B1B2F89030013B9BB298
:10DAF000A2F89030002B00F08780002384F83A30A1
:10DB0000638B9BB2002B2BD0A3682BBB23681BBB62
:10DB1000E38B01339BB2E383227F93420DD394F8CE
:10DB20002030002B40F0D4806F4B207E322198476C
:10DB3000012384F820300023E383638B013B9BB2F5
:10DB400000226383A280A3899BB2012B3FD9A389C2
:10DB5000013B9BB2A38110BDA3899BB2002BD7D1FF
:10DB60002368002B34D0A3899BB2002B37D0A36845
:10DB700013B9236C002B56D0A3899BB2002B52D132
:10DB8000236C0BB9A3682364584B216C032098477E
:10DB9000A3889BB23BB9628B92B20A2A8CBF152232
:10DBA0000122A2812364A3899BB2012B03D9A389FB
:10DBB000013B9BB2A381B4F844309BB23BB1B4F8B3
:10DBC0004430013B9BB2A4F84430002B7AD010BD06
:10DBD000E36B002BCBD0A3899BB2002BC7D1E36BA7
:10DBE0000BB92368E363414BE16B00209847A3889E
:10DBF0009BB2002BD7D1628B92B20A2A8CBF15221E
:10DC00000122A281E363CEE794F83A1000293FF4A1
:10DC100074AFA2F88830A2F88A30A2F88C30A385BD
:10DC2000E385238669E72369002B31D1E3899BB221
:10DC3000002B2DD16369002B5AD0A3889BB2012BF6
:10DC400067D0A3889BB2022B63D0A3889BB2042B1E
:10DC50005FD0A3889BB2052B5BD0A3889BB2072B18
:10DC600060D0A3889BB2082B5CD0A3889BB20A2B00
:10DC700058D0A3889BB20B2B54D0C8210C201A4B30
:10DC80009847A38801339BB2132BA3808BD93DE027
:10DC9000A3889BB27BB9012232210920124BA280BA
:10DCA0009847E3899BB2002B3FF47DAFE389013BAA
:10DCB0009BB2E38177E70022322102200A4BA28047
:10DCC0009847EEE7C8210920074BBDE810401847E8
:10DCD000054B607E32219847002384F820302AE7E4
:10DCE00014590020682A0020F5D8000001DA00004D
:10DCF000012384F83A30B4F844309BB233B1B4F81D
:10DD00004430013B9BB2A4F84430A3B10023A3806C
:10DD100049E76369DA07A0D54FF4C8710F20084BB3
:10DD20009847AEE763699B07A7D54FF4C8710520F4
:10DD3000034B9847A5E7C8210920014B9847E5E721
:10DD4000F5D800002DE9F84F444B454E10229A7249
:10DD5000B6F8463001339BB2632BA6F8463064D840
:10DD60000120404FDFF804C1864600214FF004092E
:10DD70004FF002084A00B3189D8C9C8DADB2A4B23E
:10DD8000A54221D90CEB020ABAF888509C8CADB29E
:10DD9000A4B2A54204D2BAF88840A4B2002C3DD166
:10DDA0003244938D9BB29384CBB2002943D0012B94
:10DDB00047D0338D9BB233BBC7F898E0032826D0F9
:10DDC0000130C0B20131D5E79D8C9C8DADB2A4B2BB
:10DDD000A5421ED20CEB020A9D8CBAF888B09C8D2D
:10DDE0001FFA8BFB1BFA85F5A4B2A542D8DCBAF862
:10DDF0008840A4B2002CD3D0BAF888409A8C224430
:10DE000092B29A84D0E70328C7F894E0D8D1BDE84D
:10DE1000F88F96F84830002BD0D0C5E7BAF8884084
:10DE20009A8C121B92B29A84BEE70F4B984700233C
:10DE3000A6F8463094E7B38C9BB243B9C7F89880F4
:10DE4000BEE7F38C9BB22BB9C7F89890B8E7C7F838
:10DE50009480B5E7C7F89490B2E700BF0014004281
:10DE60001459002000800041B9DA0000682A00201F
:10DE7000224B5A8B92B210B46AB91A685AB99A688E
:10DE8000C2B19A8992B232B19A8892B2042A02D966
:10DE90001B4A202151711A482024002240F6FF71AC
:10DEA0004471A3F846201987D98383F820205DF8B0
:10DEB000044B70471A69002AEDD15A69002AEAD149
:10DEC000DA8992B262B99A8892B2032A08D89A88FB
:10DED00092B272B90A4920204871A3F84620DAE7C5
:10DEE00007490022202048719A80DA81A3F8462051
:10DEF000D1E7012283F84920CDE700BF1459002063
:10DF000000140042F0B5294B294A2A4CDFF8BCE046
:10DF1000294F2A482A4E0221C3F88810C3F8A820A6
:10DF20004FF04042C3F8A8200425C3F898100121FF
:10DF3000C3F88850C3F8A8E0C3F8A820C3F89850E5
:10DF4000C3F88810C3F8A870C3F8A820C3F89810C5
:10DF5000E369402543F02003E3610246C6F8F85028
:10DF600001601369DB07FCD44FF4806410200121A9
:10DF700042F6E06314605072117393831068114B82
:10DF800040F002004FF400411060C3F88C10BFF362
:10DF90004F8FBFF36F8F0C4AC3F88C11C02403203E
:10DFA00083F86F43D96082F84800F0BD00800041DB
:10DFB0000200004000080040010000400014004240
:10DFC000001C004000E100E0145900200400004063
:10DFD000164B93F83A20EAB193F84A201449012AE3
:10DFE0004FF0000217D042F21070A1F88820A1F87B
:10DFF0008A20A1F88C209A85DA85188693F84A2021
:10E0000012F1FF324FF0C80118BF012283F84A20F5
:10E01000A3F844107047A1F88820A1F88A20A1F83D
:10E020008C209A85DA851A86E8E700BF145900200B
:10E03000682A0020184B93F83A20DAB110B493F80C
:10E040004A1001F0FF02B1B91449A1F88820A1F8E3
:10E050008A20A1F88C209A85DA851A8693F84A20BE
:10E06000B2FA82F2520983F84A20C8215DF8044BC3
:10E07000A3F8441070470949002242F2107441F29B
:10E080007070A1F88820A1F88A20A1F88C209C85C6
:10E09000D8851A86E2E700BF14590020682A0020BC
:10E0A000164B93F83A20D2B193F84A1001F0FF02D0
:10E0B000B1B91349A1F88820A1F88A20A1F88C20D1
:10E0C0009A85DA851A8693F84A2012F1FF324FF0CA
:10E0D000C80118BF012283F84A20A3F844107047F2
:10E0E0000749002242F21070A1F88820A1F88A2086
:10E0F000A1F88C209A85D8851A86E4E71459002067
:10E10000682A0020024B4FF49672A3F890207047C3
:10E11000682A002038B50A4CE36ADB030AD5094DAA
:10E120002B683BB198474FF4803300222A60E362AA
:10E13000636238BD024B4FF48032DA6238BD00BFF3
:10E14000001000436059002038B50A4CE36A9B0375
:10E150000AD5094D6B683BB198474FF40033002254
:10E16000E3626A60636238BD024B4FF40032DA62E8
:10E1700038BD00BF001000436059002010B4224990
:10E1800022480B6A224A43F0100340240B62C0F875
:10E190001841136843F001031360936813F00103FF
:10E1A000FBD14FF480611160D363136C18494FF6B3
:10E1B000FF7060F317031364136843F002031360E6
:10E1C0008B689B07FCD4134B20224FF400704A71DC
:10E1D000C3F88C00BFF34F8FBFF36F8F60214FF4F4
:10E1E0008062C3F88C0183F86913D860C3F88C206F
:10E1F000BFF34F8FBFF36F8FC3F88C2183F86A137F
:10E200005DF8044BDA60704700080040001C0040D5
:10E210000010004300E100E000F108034FF0FF317F
:10E220000022816002604360C3600361704700BFE9
:10E2300000230361704700BF4368026810B49C6804
:10E240008C609C684B600132616099605DF8044BA2
:10E2500008610260704700BF30B40D686B1C11D0BC
:10E2600000F1080200E01A4653681C68A542FAD281
:10E2700004684B60013499608A60516008610460F1
:10E2800030BC704702695368F2E700BF426881689A
:10E29000036910B4916081685C684A601A68A042A2
:10E2A00008BF5960013A002101611A6018685DF8E1
:10E2B000044B70470E4B1B6882B000220133019261
:10E2C00008D04FF0800383F31188BFF36F8FBFF343
:10E2D0004F8FFEE74FF0800383F31188BFF36F8FFA
:10E2E000BFF34F8F019B002BFCD002B0704700BFE3
:10E2F000FC2A002008480068006880F308884FF076
:10E30000000080F3148862B661B6BFF34F8FBFF38D
:10E310006F8F00DF00BF000008ED00E0DFF80C00A9
:10E32000016841F4700101607047000088ED00E071
:10E3300030B421F001014FF08075074C40F80C4CCF
:10E340006FF0020340F8202C00E9220040F8243C42
:10E3500030BC4438704700BFB5E200000000000048
:10E36000074B19680868B0E8F04F80F30988BFF3DD
:10E370006F8F4FF0000080F311887047AFF300807B
:10E38000C4DA00204FF0800383F31188BFF36F8F4E
:10E39000BFF34F8F0A4A13680133012B136000D07B
:10E3A0007047084B1B6813F0FF0FF9D04FF0800344
:10E3B00083F31188BFF36F8FBFF34F8FFEE700BF6A
:10E3C000FC2A002004ED00E0084A136843B94FF02E
:10E3D000800383F31188BFF36F8FBFF34F8FFEE786
:10E3E000013B13600BB983F311887047FC2A0020AE
:10E3F000EFF30980BFF36F8F154B1A681EF0100FF3
:10E4000008BF20ED108A20E9F04F10602DE90900C7
:10E410004FF0800080F31188BFF34F8FBFF36F8FF1
:10E4200001F06AF94FF0000080F3118809BC196807
:10E430000868B0E8F04F1EF0100F08BFB0EC108A6B
:10E4400080F30988BFF36F8F704700BFAFF3008080
:10E45000C4DA002008B54FF0800383F31188BFF3BE
:10E460006F8FBFF34F8F054B984718B1044B4FF098
:10E4700080521A60002383F3118808BD79F40000EC
:10E4800004ED00E030B4064B064D0748074C00226F
:10E4900007211A602A600460196030BC704700BF11
:10E4A00010E000E018E000E014E000E0FF7601007A
:10E4B0003A4B3B4A1968914237D01A68394B9A4215
:10E4C0003CD030B5384B39491A7883B0FF20D2B2EE
:10E4D000019218701B78DBB28DF803309DF8033081
:10E4E0009DF80320072003F08003486010060B709E
:10E4F00048BF062301D40FE003469DF803205200D5
:10E50000D2B28DF803209DF80320120603F1FF30EC
:10E51000F2D4042B4B601AD04FF0800383F31188A0
:10E52000BFF36F8FBFF34F8FFEE74FF0800383F38E
:10E530001188BFF36F8FBFF34F8FFEE74FF080035B
:10E5400083F31188BFF36F8FBFF34F8FFEE70198FE
:10E55000154D174A174CC0B22870106840F460007F
:10E56000106010681B0240F06040106003F4E0632C
:10E570004B60A047104A114B002414609847104A82
:10E580001049136843F04043136088470E4B984787
:10E590000E4B9847204603B030BD00BF00ED00E0B1
:10E5A00071C20F4170C20F4100E400E068590020C1
:10E5B00020ED00E085E40000FC2A00201DE30000BF
:10E5C00034EF00E0F5E20000F9F60000B5E20000EB
:10E5D000EFF305820F2A11D8104B11495A680B68C6
:10E5E00003F4E063934208D94FF0800383F311886A
:10E5F000BFF36F8FBFF34F8FFEE770470949074B9B
:10E60000525C19789142E8D94FF0800383F3118866
:10E61000BFF36F8FBFF34F8FFEE700BF6859002035
:10E620000CED00E0F0E300E0430710B5134B0446A7
:10E630001CBF20F0070408349847114A1368B3B18F
:10E640001049D1F83C3947F6F7701C44844209D888
:10E65000A34207D21268C1F83C49D4180A4B984724
:10E66000204610BD0024084B9847204610BD02F1FB
:10E670000C0323F007031360E2E700BF41F400003E
:10E680007059002038D000209DF5000040B14FF0B7
:10E69000800383F31188BFF36F8FBFF34F8FFEE7C3
:10E6A000704700BF034BD3F83C09C0F5FF407830FA
:10E6B000704700BF38D0002070B51546026C866BDD
:10E6C000044632B9056835BB4068164B984765600B
:10E6D00024E0154B65B980689847A368216C62688F
:10E6E0000B449342A36016D32368A360284615E029
:10E6F000C0689847236CE26821685B421A448A42EA
:10E70000E26002D262681344E360022D03D126B1B5
:10E71000013E002002E0002000E030460136A66302
:10E7200070BD00BF9DFA0000D7030100026C0346D4
:10E7300072B110B40846D9685C681144A142D9602E
:10E7400024BF1968D960D9685DF8044B014B18479C
:10E75000704700BFD70301004FF0800383F3118897
:10E76000BFF36F8FBFF34F8FFEE700BF70B5846CB0
:10E7700082B00190A4B10A46E36BA16B994208D321
:10E780004FF0800383F31188BFF36F8FBFF34F8F78
:10E79000FEE7A16B8B4205D80026304602B070BD63
:10E7A0000F4B984794F845500E4B01A920469847C7
:10E7B0006DB26B1C064606D06B1C5BB2304684F80B
:10E7C000453002B070BD636A002BE6D004F124002E
:10E7D000054B9847002818BF0126304602B070BD8F
:10E7E00059E70000B9E6000011F800002DE9F047F4
:10E7F0000446DFF8A890C84794F845305DB2002D74
:10E800001CDD244FDFF89880234E05E0B04778B92F
:10E810006B1EDBB25DB28BB1A36C00212046002BD6
:10E82000F4D1636A04F1240043B1B8470028EFD063
:10E83000C0476B1EDBB25DB2002BEDD1FF2384F825
:10E840004530DFF86080C047C84794F844305DB277
:10E85000002D17DD2369ABB104F110070D4EDFF871
:10E86000409005E06B1EDBB25DB25BB123694BB13A
:10E870003846B0470028F5D0C8476B1EDBB25DB202
:10E88000002BF3D1FF2384F844304346BDE8F04722
:10E89000184700BF11F800006DE7000085E3000095
:10E8A0003DF90000C9E3000038B5E0B104461D4B56
:10E8B0000D469847236CE06B2268A26000FB03F0D2
:10E8C000C31A134400210244FF20A163E36084F8CB
:10E8D0004400626084F84500CDB923692BB9124B1E
:10E8E0009847012038BD114B984704F11000104B98
:10E8F00098470028F3D00F4B4FF080521A60BFF3B7
:10E900004F8FBFF36F8F084B9847012038BD04F13C
:10E910001000094DA84704F12400A847024B98476E
:10E92000012038BD85E30000C9E3000059E700007D
:10E9300011F8000004ED00E019E20000F8B540B95C
:10E940004FF0800383F31188BFF36F8FBFF34F8FB6
:10E95000FEE7064601FB00F054300C4B17460D460F
:10E960009847044658B165B92060094BE6632564B1
:10E97000012120469847002384F85070A364204664
:10E98000F8BD00F154030360EFE700BF29E6000083
:10E99000A9E800002DE9F04F85B00192002800F0B1
:10E9A000B280002900F0A280022B00F092801E4667
:10E9B0005D4B04460F46984750B9019B4BB14FF051
:10E9C000800383F31188BFF36F8FBFF34F8FFEE790
:10E9D0000023DFF87C81554DDFF878B1DFF878A1AE
:10E9E00024E0A847D047C04794F84430FF2B04BF29
:10E9F000002384F8443094F84530FF2B04BF0023F3
:10EA000084F84530A847484601A9494B9847002853
:10EA100040F08280C047A26BE36B9A421BD0A847AC
:10EA2000444B20469847444B984701230093C047E6
:10EA3000A16BE26B914229D3022E009B26D0DDF818
:10EA40000490B9F1000F1CD00DF10809002BC8D1BA
:10EA50004846D847C5E7A8470199384B04F110004C
:10EA60009847344B20469847334B98470028DCD1D1
:10EA7000334A4FF080531360BFF34F8FBFF36F8F54
:10EA8000D3E7A847484605B0BDE8F08F2D4B39467F
:10EA9000324620469847A36C7BB1314620462A4B2C
:10EAA000984738B1264B4FF080521A60BFF34F8F12
:10EAB000BFF36F8FA8470120E5E7636A13B9002809
:10EAC000F0D1F7E704F12400204B98470028E9D162
:10EAD000F0E7C26B012A3FF46AAF4FF0800383F383
:10EAE0001188BFF36F8FBFF34F8FFEE7026C002AD0
:10EAF0003FF45AAF4FF0800383F31188BFF36F8F59
:10EB0000BFF34F8FFEE74FF0800383F31188BFF30D
:10EB10006F8FBFF34F8FFEE72046064B9847064B9B
:10EB200098470020AFE700BFEDF90000C9E30000FF
:10EB3000A1F80000EDE700009DF500008DF7000052
:10EB400004ED00E0B9E600006DE7000011F80000F8
:10EB500085E300008DF8000041F400002DE9F84342
:10EB6000F0B1002941D0022B33D01F46314B04466F
:10EB7000904689469847EFF311864FF0800383F360
:10EB80001188BFF36F8FBFF34F8FA26BE36B9A4275
:10EB90000FD3022F0DD0002086F31188BDE8F88333
:10EBA0004FF0800383F31188BFF36F8FBFF34F8F54
:10EBB000FEE794F84550204B49466DB23A46204650
:10EBC00098476B1C1DD06B1C5BB284F8453001204C
:10EBD000E2E7C46B012CC8D04FF0800383F31188A7
:10EBE000BFF36F8FBFF34F8FFEE7046C002CBAD0DA
:10EBF0004FF0800383F31188BFF36F8FBFF34F8F04
:10EC0000FEE7A36C63B1394620460C4B98470028B9
:10EC1000DDD0B8F1000FDAD00120C8F80000BBE762
:10EC2000636A002BD3D004F12400054B98470028D9
:10EC3000EFD1CCE7D1E50000B9E600006DE70000B8
:10EC400011F8000000282FD0036C43B14FF080036F
:10EC500083F31188BFF36F8FBFF34F8FFEE7036815
:10EC6000002B39D070B5274B04460E469847EFF37A
:10EC700011854FF0800383F31188BFF36F8FBFF3CB
:10EC80004F8FA26BE36B9A4224D294F84530013245
:10EC90005BB2A2635A1C10D001335BB284F84530DA
:10ECA000012085F3118870BD4FF0800383F3118834
:10ECB000BFF36F8FBFF34F8FFEE7A36CC3B1204646
:10ECC0000021114B98470028EAD0002EE8D00120FF
:10ECD0003060E6E70020E4E74368002BC2D04FF045
:10ECE000800383F31188BFF36F8FBFF34F8FFEE76D
:10ECF000636A002BD4D004F12400044B9847002809
:10ED0000E3D1CDE7D1E500006DE7000011F8000088
:10ED10002DE9F04F85B0019200287ED0002900F047
:10ED20008A80534B04468846984750B9019E4EB19D
:10ED30004FF0800383F31188BFF36F8FBFF34F8FC2
:10ED4000FEE700264B4F4C4DDFF84CB1DFF84CA1ED
:10ED5000DFF84091B847A36B002B39D1019B002B02
:10ED600064D0002E55D002AEA847D047B84794F8DB
:10ED70004430FF2B04BF002384F8443094F845301E
:10ED8000FF2B04BF002384F84530A847304601A973
:10ED90003A4B9847002831D1B847A36B33BBA847FB
:10EDA0000199374B04F124009847364B2046984789
:10EDB000354B984738B94FF08053C9F80030BFF34E
:10EDC0004F8FBFF36F8F0126B847A36B002BC5D0C1
:10EDD000414620462D4A00939047009B013BA36388
:10EDE0002369002B34D1A847012021E0A847204601
:10EDF000244B9847244B98470126E5E72046214BB2
:10EE00009847214B9847B847A36B7BB1A847012689
:10EE1000DAE702AE3046D847A6E74FF0800383F327
:10EE20001188BFF36F8FBFF34F8FFEE7A847002015
:10EE300005B0BDE8F08F036C002B3FF472AF4FF0CC
:10EE4000800383F31188BFF36F8FBFF34F8FFEE70B
:10EE500004F110000E4B98470028C4D00D4B4FF022
:10EE600080521A60BFF34F8FBFF36F8FBBE700BFB5
:10EE7000EDF9000085E30000C9E30000A1F80000FF
:10EE80008DF70000EDE700009DF500002DE7000084
:10EE900011F8000004ED00E08DF8000041F40000DE
:10EEA0002DE9F04F85B0019150B1056C8DB14FF057
:10EEB000800383F31188BFF36F8FBFF34F8FFEE79B
:10EEC0004FF0800383F31188BFF36F8FBFF34F8F31
:10EED000FEE7584B0446984718B9019D002D40F0B5
:10EEE0009080AB46544F554EDFF878A1DFF878910B
:10EEF000DFF86C811CE0B847A36B002B46D1B0470C
:10EF00002368002B6AD001994D4B04F124009847E7
:10EF10004C4B204698474C4B984738B94FF080539C
:10EF2000C8F80030BFF34F8FBFF36F8F4FF0010B66
:10EF3000B847A36B002B58D1019B002B32D0BBF1FB
:10EF4000000F2AD00DF1080BB047C847B84794F816
:10EF50004430FF2B04BF002384F8443094F845303C
:10EF6000FF2B04BF002384F84530B047584601A961
:10EF7000364B98470028BED02046324B9847324B3C
:10EF80009847B847A36BBBB1B047CFE7B04720461F
:10EF90002C4B98472C4B9847C8E70DF1080B584667
:10EFA000D047D1E7ADB14FF0800383F31188BFF3B1
:10EFB0006F8FBFF34F8FFEE7B0475DB1B847616A0F
:10EFC00019B1236B1968C1F110016068204B984793
:10EFD0000025B047284605B0BDE8F08FB847606807
:10EFE0001C4B98470546B0478DE72268013BA36359
:10EFF00012B9194B9847606023695BB9B047012586
:10F00000E8E74FF0800383F31188BFF36F8FBFF3FE
:10F010004F8FFEE704F11000104B98470028EDD009
:10F020000F4B4FF080521A60BFF34F8FBFF36F8FBB
:10F03000E4E700BFEDF9000085E30000C9E300004C
:10F040008DF70000EDE700009DF50000A1F800003D
:10F0500029FB00000DFA0000C9FB000011F80000B8
:10F0600004ED00E08DF8000041F4000070B50446A6
:10F07000104B0D461646984794F84430FF2B04BFBA
:10F08000002384F8443094F84530FF2B04BF00235C
:10F0900084F84530084B9847A36B2BB93246294674
:10F0A00004F12400054B98472046054BBDE870400D
:10F0B000184700BF85E30000C9E30000C9F700005E
:10F0C000EDE7000080B5074D074C084F4FF0805624
:10F0D0002B68012B04D93E60BFF34F8FBFF36F8FB6
:10F0E000A047F5E778D900205DCB000004ED00E0F3
:10F0F000044BD3F84021D268D2685268C3F8442147
:10F10000704700BF78D900202DE9F0411A4C1B4B05
:10F11000D4F84861D4F84C210546101D0F46984795
:10F120006B1C1DD03544D4F84C31AE425D600ED816
:10F13000D4F84001D4F84C11114B04319847D4F85D
:10F1400044319D4238BFC4F84451BDE8F081D4F841
:10F150006401D4F84C110A4B0431BDE8F041184762
:10F16000002FDFD0D4F84C11064B04F5A870043101
:10F17000BDE8F041184700BF78D900208DE20000BB
:10F1800059E2000039E200004FF0800383F3118858
:10F19000BFF36F8FBFF34F8FFEE700BF2DE9F84F2E
:10F1A0004FEA82080646614C404689461F46A04702
:10F1B000002800F08E8005465420A0470446002811
:10F1C00000F0AD8042460563A521594B284698477B
:10F1D000236BA8F10408984428F0070809F1FF33CD
:10F1E00009F1070104F13402587802F8010B13F811
:10F1F000010F08B18B42F7D10A9B4E4D0F2B28BF50
:10F200000F234FF0000B04F1040AE36263645046DD
:10F2100084F83BB0C4F848B09946A84704F11800F8
:10F22000A847C9F11003A361C4F84CB0424B246154
:10F2300084F850B064623A463146404698470B9B8A
:10F24000206003B11C603D4D3D4B9847D5F87C31A3
:10F250000133C5F87C31D5F84C31002B3DD0D5F8C1
:10F26000A8316BB3E06AD5F8B021D5F8AC31824251
:10F2700003F1010338BFC5F8B00100EB8000C5F809
:10F28000AC31E36305EB800051462E4B98472E4B83
:10F290009847D5F8A83183B1D5F84C21E36AD26AF2
:10F2A0009A420AD2294B4FF080521A60BFF34F8F17
:10F2B000BFF36F8F0120BDE8F88F0120BDE8F88F04
:10F2C000D5F84C31E06ADB6A834298BFC5F84C41FF
:10F2D000C9E74FF0FF30BDE8F88FC5F84C41D5F8CD
:10F2E0007C31012BBED11A4F2E4605F5A078304651
:10F2F0001436B847B045FAD1164E304606F1140818
:10F30000B8474046B847A6F11800B847A6F1300004
:10F31000B847C5F84061E06AC5F86481A3E72846AC
:10F320000D4B98474FF0FF30BDE8F88F29E60000FD
:10F33000ED03010031E2000031E3000078D9002044
:10F3400085E3000039E20000C9E3000004ED00E0BD
:10F3500019E20000F8DA00208DE6000070B510B365
:10F36000124CD4F84C31984205461AD0104B9847AD
:10F37000104B6E699847D4F840319E4209D0D4F8BA
:10F3800064319E4205D004F5A874A64203D0012042
:10F3900070BD022070BDAB6A002B14BF0220032099
:10F3A00070BD002070BD044B984700BF78D9002085
:10F3B00085E30000C9E3000089F1000070B51A4C34
:10F3C0001A491B481B4E82B004F5DC7300250193DB
:10F3D00000952B466022B04701280CD0013001D0A7
:10F3E00002B070BD4FF0800383F31188BFF36F8FBD
:10F3F000BFF34F8FFEE7104B98470128EED14FF037
:10F40000800383F31188BFF36F8FBFF34F8F0B4BD4
:10F410004FF0FF32C4F84421C4F8A801C4F84851A1
:10F4200002B0BDE87040184778D9002038210100AB
:10F43000C5F000009DF100007DFC0000B1E400007B
:10F44000034AD2F8B4310133C2F8B431704700BF77
:10F4500078D90020014BD3F84801704778D90020B3
:10F4600008B5034B9847034BD3F8480108BD00BFCC
:10F47000D1E5000078D900202DE9F047434CD4F8BD
:10F48000B431002B48D1D4F848610136C4F8486142
:10F49000002E4FD0D4F844319E4258D3DFF8F48088
:10F4A000DFF8F490002523E0D4F84031DB68DF6812
:10F4B0007B6807F1040A9E4250465ED3C047BB6A90
:10F4C00007F1180003B1C047FB6AD4F8B02103EB81
:10F4D00083009342514604EB800088BFC4F8B031EA
:10F4E000C847D4F84C31FA6ADB6A9A4228BF012532
:10F4F000D4F840311B68002BD6D14FF0FF33C4F84D
:10F500004431D4F84C31DB6A03EB83039B00E358AE
:10F51000022B28BF012505E0D4F8C0310133C4F81F
:10F52000C0310025D4F8C431002B18BF012528466E
:10F53000BDE8F087D4F840311B6853B14FF0800329
:10F5400083F31188BFF36F8FBFF34F8FFEE7002562
:10F55000D7E7D4F84031D4F86421C4F84021C4F886
:10F560006431D4F8BC310133C4F8BC31D4F8403133
:10F570001B682BB1064B98478CE7C4F84431C0E7B1
:10F580004FF0FF33C4F8443184E700BF78D900203E
:10F59000F1F000008DE2000039E200002DE9F843AF
:10F5A000374CD4F8B43143B94FF0800383F311885A
:10F5B000BFF36F8FBFF34F8FFEE7324B9847D4F8FE
:10F5C000B431013BC4F8B431D4F8B451002D4ED15C
:10F5D000D4F87C31002B4AD02B4EDFF8C0904FF08E
:10F5E00001081DE0D4F87431DD682F1D05F1180005
:10F5F000B0473846B047EB6AD4F8B02103EB83003C
:10F600009342394604EB800088BFC4F8B031C84744
:10F61000D4F84C31EA6ADB6A9A4228BFC4F8C48144
:10F62000D4F86831002BDDD13DB1D4F840311B68EE
:10F630001BBB4FF0FF33C4F84431D4F8C0514DB177
:10F64000124F0126B84708B1C4F8C461013DF9D191
:10F65000C4F8C051D4F8C4314BB10D4B4FF08052B7
:10F660001A60BFF34F8FBFF36F8F012400E00024B7
:10F67000084B98472046BDE8F883074B9847DCE7DE
:10F6800078D9002085E300008DE2000079F40000C5
:10F6900004ED00E0C9E30000F1F0000039E20000F1
:10F6A00010B560B1104BD3F8B41189B14FF080039D
:10F6B00083F31188BFF36F8FBFF34F8FFEE70B4BC0
:10F6C0004FF080521A60BFF34F8FBFF36F8F10BDA2
:10F6D000D3F8B421064C0132C3F8B421A047054B3E
:10F6E00098470028EBD010BD78D9002004ED00E049
:10F6F00009F100009DF5000010B5224CD4F8B4319A
:10F70000002B3AD1C4F8C431D4F84C21D4F84C3190
:10F7100012681B6B9A4206D8D4F84C01D4F84C11ED
:10F72000194B34319847D4F8B0319A00D118890078
:10F73000615839B9C3B1013B9A00D11854F821106E
:10F740000029F7D01A449200A0180832416849688D
:10F7500041602244914204BF49684160CA68C4F8CC
:10F760004C21C4F8B03110BD4FF0800383F31188F1
:10F77000BFF36F8FBFF34F8FFEE70123C4F8C4318F
:10F7800010BD00BF78D9002051CB000068B110B582
:10F790000A4A0B4B0C46D2F84C11183198472046B8
:10F7A0000121084BBDE8104018474FF0800383F358
:10F7B0001188BFF36F8FBFF34F8FFEE778D900201A
:10F7C00059E2000009F1000098B170B514460D4AE5
:10F7D0000D4B0D46D2F84C1118319847002C08BF3C
:10F7E0002846214618BF4FF0FF30084BBDE8704057
:10F7F00018474FF0800383F31188BFF36F8FBFF377
:10F800004F8FFEE778D9002039E2000009F10000AF
:10F81000F8B5C368DD6825B305F11806184C194F13
:10F820003046B847D4F8B43123BB2E1D3046B84714
:10F83000E86AD4F8B031984288BFC4F8B00100EB50
:10F84000800004EB800031460F4B9847D4F84C31D0
:10F85000EA6ADB6A9A4286BF0120C4F8C40100202C
:10F86000F8BD4FF0800383F31188BFF36F8FBFF3B0
:10F870004F8FFEE7314604F5B470034B9847E5E738
:10F8800078D900208DE2000039E20000034BD3F864
:10F89000BC21D3F8483180E80C00704778D90020AB
:10F8A000F8B550B301B30D46214B044698472B6879
:10F8B00020496068D1F848215E1C34D0D1F8BC6181
:10F8C0002768B74206D0824204D301251A4B9847D5
:10F8D0002846F8BD121A9A4218D300232B6001253E
:10F8E000154B98472846F8BD4FF0800383F31188E5
:10F8F000BFF36F8FBFF34F8FFEE74FF0800383F3AB
:10F900001188BFF36F8FBFF34F8FFEE7D1F8BC01B3
:10F910009B1AD1F848212B6084E805000025064B8E
:10F9200098472846F8BD0025034B98472846F8BD60
:10F9300085E3000078D90020C9E30000024B0122D2
:10F94000C3F8C421704700BF78D90020F8B50D4630
:10F950001646002836D00446E16A276BE06B2C601F
:10F9600004F134026A60052B626C29614FF00001DA
:10F97000EF61A8606A61A96128D0194AD2F84C01E8
:10F98000844228D0032B2B7310D06EB1206B0378E8
:10F99000A52B22D1431C1C1A13F8012BA52AFAD03F
:10F9A000C4F38F042C84F8BD2E84F8BDD2F8B43192
:10F9B000A16A0133C2F8B43109B102232B73094B98
:10F9C0009847E2E7064AD2F84C41C5E72046064B85
:10F9D00098472873D9E72973D7E70024E2E700BFE7
:10F9E00078D900209DF500005DF30000064BD3F8A8
:10F9F000A82132B1D3F8B431002B0CBF0220002073
:10FA000070470120704700BF78D9002000283ED001
:10FA100070B51F4CC36AD4F84C21D26A934215D2F8
:10FA20008269002A05DBD4F84C21D26AC2F11002A7
:10FA3000826103EB8303426904EB83039A420ED095
:10FA4000D4F84C31DB6AC362012070BDD4F84C316C
:10FA5000406CDB6A98422CBF0020012070BD051D60
:10FA600006460C4B28469847D4F84C21D4F8B031C0
:10FA7000D06AF062984201D9C4F8B00100EB80006E
:10FA800004EB80002946044B9847012070BD704765
:10FA900078D900208DE2000039E2000010B370B583
:10FAA0001E4DD5F84C31984208D04FF0800383F3B7
:10FAB0001188BFF36F8FBFF34F8FFEE7836C43B99D
:10FAC0004FF0800383F31188BFF36F8FBFF34F8F25
:10FAD000FEE7C16A426C013B9142836400D01BB1D6
:10FAE000002070BD002070470446061D30460C4BB8
:10FAF0009847606CD5F8B031E0629842C0F11002CE
:10FB000088BFC5F8B00100EB800005EB8000A26162
:10FB10003146044B9847012070BD00BF78D90020C2
:10FB20008DE2000039E20000A8B170B5846C44B9E0
:10FB30004FF0800383F31188BFF36F8FBFF34F8FB4
:10FB4000FEE7426CC36A8A4238BF0A46934201D03C
:10FB5000012C01D070BD7047184DD5F84C1188426A
:10FB600022D08169C2620029A4BFC2F11002826161
:10FB700003EB8303426905EB83039A42EAD104460F
:10FB8000061D0F4B30469847E06AD5F8B0319842D1
:10FB900001D9C5F8B00100EB800005EB80003146CB
:10FBA000084BBDE8704018474FF0800383F311887D
:10FBB000BFF36F8FBFF34F8FFEE700BF78D90020F0
:10FBC0008DE2000039E20000054BD3F84C2122B150
:10FBD000D3F84C118A6C01328A64D3F84C01704717
:10FBE00078D900202DE9F0410E4C0F4B984725683D
:10FBF0001DB10E4BBDE8F0411847271D3846DFF810
:10FC0000348004F11806C0473046C0472A46084BE6
:10FC1000E7620C210A2026639847044B2060BDE868
:10FC2000F041184740DB002085E30000C9E30000F5
:10FC30003DE9000019E20000914210B50446006160
:10FC4000416005D88169D21A8A420CD3012010BDC7
:10FC50009A4201D29942F9D2064A074BD06A211D35
:10FC60009847002010BD034A034B106B211D984795
:10FC7000002010BD40DB002059E2000010B50E4B03
:10FC800082B098470D4B1A6862B1343304228DE874
:10FC90000C000B490B480C4C0023C022A04708B1B4
:10FCA00002B010BD4FF0800383F31188BFF36F8F54
:10FCB000BFF34F8FFEE700BFE5FB000040DB0020F5
:10FCC0005021010029FE00009DF100002DE9F042C5
:10FCD000104C81462C200D4616461F46A047044670
:10FCE000A8B145B94FF0800383F31188BFF36F8F3C
:10FCF000BFF34F8FFEE7084B9847069B6362C4F83B
:10FD00000090A561E6612762201D044B98472046BC
:10FD1000BDE8F08229E60000E5FB000031E20000CA
:10FD2000002826D070B5174D0446286884B080B1ED
:10FD3000164605291A460191029603940BDC124BD4
:10FD4000984702280DD000232868104C1A4601A9B4
:10FD5000A04704B070BD002301A90D4CA04704B01A
:10FD600070BD2868094C089A002301A9A04704B077
:10FD700070BD4FF0800383F31188BFF36F8FBFF323
:10FD80004F8FFEE740DB0020EDF9000095E9000011
:10FD90005DEB00002DE9F04F1F4DDFF880A0DFF88C
:10FDA000808083B00CE0DB68DC681F6804F1040924
:10FDB0004846D047636A20469847E369012B09D03B
:10FDC000EB6A1A68002AEED12A6BEA622B6303B051
:10FDD000BDE8F08FA669DFF84CB007EB060C4FF0DA
:10FDE000000E674573463A467146204606D2C4F86F
:10FDF00004C02461E86A4946D847E1E7CDF800E04D
:10FE0000C0470028DCD14FF0800383F31188BFF393
:10FE10006F8FBFF34F8FFEE740DB00208DE20000C5
:10FE200021FD000059E200002DE9F04F674CDFF89A
:10FE3000C091DFF8C081DFF8C0A1654D89B0E36AE9
:10FE40001E68002E41D0DB681E68C847614B98478A
:10FE5000A26B9042034646D38642A0634FD900224C
:10FE6000F11A2068D047C04738B95B4A4FF0805339
:10FE70001360BFF34F8FBFF36F8F002205A9206877
:10FE8000A8470028DBD0059B002BF6DB079E736993
:10FE900013B1301D514B98474E4B9847A36B984276
:10FEA000024627D3059BA263092BE6D8012101FA5C
:10FEB00003F313F4047B77D113F0C70F4FD19B06E4
:10FEC000DBD53046464B9847D7E7C847414B984764
:10FED000A26B8242034606D8226BA3631268B2FA71
:10FEE00082F25209BCE703933E4B9847039BA363FE
:10FEF000C047C2E73B4B03909847039AD2E703936E
:10FF0000C047E26A354BD268D2F80CB00BF104005E
:10FF10009847DBF81C20039B012A04D0DBF824302F
:10FF200058469847A9E7DBF818102F4F1A46314476
:10FF300033465846B8470028F0D000233246009395
:10FF400019465846294EB0470028E7D14FF08003A4
:10FF500083F31188BFF36F8FBFF34F8FFEE7069BCC
:10FF6000B169214F19443046B847002885D0736ADB
:10FF700030469847F369012B7FF47FAFB369069A47
:10FF8000CDF800B01A4430465B465946174EB0478C
:10FF900000287FF472AF4FF0800383F31188BFF322
:10FFA0006F8FBFF34F8FFEE70699B16129B11144FE
:10FFB000304613460C4EB0475FE74FF0800383F3A3
:10FFC0001188BFF36F8FBFF34F8FFEE740DB002038
:10FFD00011ED000055F4000004ED00E08DE200009A
:10FFE0008DE6000095FD000039FC000021FD0000B9
:10FFF00041F400009DF500006DF0000070B505466D
:020000021000EC
:1000000041F221062B1A9BB2994202D8D24390B2F8
:1000100070BD15F8013B82EA032293B2082413F461
:10002000004F4FEA430318BF7340013C9BB2A4B298
:100030001A46002CF3D1E5E710B5084C014488427C
:1000400001D1104610BD10F8013B83EA122334F8A9
:10005000133083EA022292B2F1E700BF5821010077
:1000600053B94AB9002908BF00281CBF4FF0FF311F
:100070004FF0FF3000F07AB9ADF1080C6DE904CE15
:1000800000F006F8DDF804E0DDE9022304B0704773
:100090002DE9F0478C460D460446089E002B51D1B1
:1000A0008A4217466DD9B2FA82FEBEF1000F0BD01C
:1000B000CEF1200C01FA0EF520FA0CFC02FA0EF734
:1000C0004CEA050C00FA0EF44FEA174A250CBCFB6B
:1000D000FAF81FFA87F90AFB18CC45EA0C4508FB29
:1000E00009F3AB420AD9ED1908F1FF3280F0238100
:1000F000AB4240F22081A8F102083D44ED1AA4B2BF
:10010000B5FBFAF00AFB105544EA054400FB09F977
:10011000A14509D9E41900F1FF3380F00A81A14516
:1001200040F2078102383C44A4EB090440EA08404D
:100130000021002E61D024FA0EF400233460736095
:10014000BDE8F0878B4207D9002E54D0002186E805
:1001500021000846BDE8F087B3FA83F1002940F09A
:100160008E80AB4202D3824200F2FA80841A65EBA1
:1001700003050120AC46002E3FD086E81010BDE8F4
:10018000F08712B90127B7FBF2F7B7FA87FEBEF185
:10019000000F34D1EB1B3A0C1FFA87FC0121B3FB93
:1001A000F2F8250C02FB183345EA03450CFB08F373
:1001B000AB4207D9ED1908F1FF3002D2AB4200F291
:1001C000D1808046ED1AA3B2B5FBF2F002FB1055C8
:1001D00043EA05440CFB00FCA44507D9E41900F1EF
:1001E000FF3302D2A44500F2B8801846A4EB0C04F9
:1001F00040EA08409DE731463046BDE8F087CEF141
:10020000200405FA0EF307FA0EF720FA04F83A0C68
:1002100025FA04F448EA0308B4FBF2F14FEA184562
:1002200002FB11441FFA87FC45EA044501FB0CF36D
:10023000AB4200FA0EF409D9ED1901F1FF3080F05C
:100240008A80AB4240F2878002393D44EB1A1FFAA4
:1002500088F5B3FBF2F002FB103345EA034500FBDF
:100260000CF3AB4207D9ED1900F1FF386FD2AB4266
:100270006DD902383D44EB1A40EA01418FE7C1F1E4
:10028000200722FA07F88B4005FA01F448EA030335
:1002900020FA07FE4FEA134CFD404EEA040EB5FB70
:1002A000FCF94FEA1E440CFB19551FFA83F844EA87
:1002B000054509FB08F4AC4202FA01F200FA01FA22
:1002C00008D9ED1809F1FF3043D2AC4241D9A9F168
:1002D00002091D442D1B1FFA8EFEB5FBFCF00CFB22
:1002E00010554EEA054400FB08F8A04507D9E4186C
:1002F00000F1FF3529D2A04527D902381C4440EA35
:100300000940A4EB0804A0FB02894C45C6464D46B3
:1003100015D312D056B1BAEB0E0364EB050404FA00
:1003200007F7CB401F43CC40376074600021BDE825
:10033000F0871846F8E69046E0E6C245EAD2B8EB08
:10034000020E69EB03050138E4E72846D7E740468B
:1003500091E78146BEE7014678E702383C4445E72D
:10036000084608E7A8F102083D442BE7704700BFA4
:1003700070B50D4E0D4CA41BA4100025A54209D14B
:100380000B4E0C4C02F032F8A41BA4100025A54221
:1003900005D170BD56F8253098470135EEE756F87F
:1003A000253098470135F2E7F8230100F8230100D2
:1003B000F8230100FC23010010B5013902449042EA
:1003C00001D1002010BD10F8013B11F8014FA342EC
:1003D000F5D0181B10BD10B5431E0A44914200D140
:1003E00010BD11F8014B03F8014FF7E70244034633
:1003F000934200D1704703F8011BF9E70EB400B532
:100400009CB04FF402711DABADF814100290069031
:100410006FF000410A48049107914FF6FF7153F8BD
:10042000042BADF816100068019302A900F0E2F861
:10043000029B00221A701CB05DF804EB03B07047F9
:10044000002B0020034613F8012B002AFBD1181AB9
:100450000138704770B5044602B970BD234611F8E3
:10046000015B03F8015B561E1DB91444A34203D17E
:1004700070BD1C463246EFE703F8015BF6E700006B
:1004800070B5CD1C25F0030508350C2D38BF0C25A3
:10049000002D064601DBA94203D90C23336000205E
:1004A00070BD00F0AFFB234A1468214691B9224C7D
:1004B00023681BB9304600F027FB206029463046F0
:1004C00000F022FB431C26D10C233360304600F0A1
:1004D0009AFBE4E70B685B1B1AD40B2B0FD90B605C
:1004E000CD50CC18304600F08EFB04F10B00231DDC
:1004F00020F00700C31A1BD05A42E25070BD8C4254
:100500000DBF63684B686360136018BF0C46E9E772
:100510000C464968CAE7C41C24F00304A04205D075
:10052000211A304600F0F0FA0130CDD02560D9E72D
:1005300070BD00BF7CDB002080DB00202DE9F04790
:100540008E689E4282460C469146984635D88A89E6
:1005500012F4906F31D0256809696F1A656902231A
:1005600005EB450595FBF3F508F101033B449D427E
:1005700038BF1D46530531D52946FFF781FF064692
:1005800050B90C23CAF80030A38943F04003A3817B
:100590004FF0FF30BDE8F0873A462169FFF71BFFB7
:1005A000A38923F4906343F08003A38126616561EE
:1005B0003E44ED1B2660A5604646464528BF46469C
:1005C00032464946206800F003FBA3689B1BA360EA
:1005D00023681E4426600020BDE8F0872A4600F00C
:1005E00061FB06460028E1D12169504600F00CFB72
:1005F000C7E700002DE9F04F9DB0804603938B893B
:100600001C060D4616460FD50B696BB94021FFF746
:1006100037FF2860286128B90C23C8F800304FF054
:10062000FF30C5E040236B610023099320238DF840
:10063000293030238DF82A304FF0010B37463C46E5
:1006400014F8013B002B3CD1B7EB060A0BD0534604
:10065000324629464046FFF771FF013000F0A38083
:10066000099B534409933B78002B00F09C800023A6
:100670004FF0FF3204930793059206938DF85330A1
:100680001A9305222178504800F052FA671C049B07
:10069000D8B9D90644BF20228DF853201A0744BF89
:1006A0002B228DF8532022782A2A16D0079A00216F
:1006B0000A20274601343B78303B092B51D9C9B178
:1006C00011E0252BC0D02746B9E73F4A801A0BFA24
:1006D00000F0184304903C46D3E7039A111D1268BA
:1006E0000391002A01DB079204E0524243F0020327
:1006F000079204933B782E2B0ED17B782A2B07F19F
:10070000010132D1039B1A1D1B680392002BB8BF55
:100710004FF0FF33023705932C4C397803222046E3
:1007200000F006FA38B14023001B03FA00F0049BE6
:10073000034304930137397825488DF828100622A1
:100740007E1C00F0F5F9002835D0224BFBB9039B45
:10075000073323F0070308330393099B4B440993A2
:100760006CE700FB02320121A3E700230593184642
:100770000A240F4601313A78303A092A03D9002B6E
:10078000CAD00590C8E704FB00200123F1E703ABC2
:1007900000932A46104B04A94046AFF30080B0F105
:1007A000FF3F8146D9D1AB895B063FF538AF099849
:1007B0001DB0BDE8F08F03AB00932A46064B04A999
:1007C000404600F081F8EAE7B8230100BE230100AB
:1007D000C2230100000000003D0501002DE9F047A3
:1007E00091461F468A680B69DDF820809342B8BFA6
:1007F0001346C9F8003091F8432006460C4612B162
:100800000133C9F800302368990642BFD9F8003097
:100810000233C9F80030256815F0060507D104F148
:10082000190AE368D9F800209B1A9D4229DB94F845
:1008300043302268003318BF012392062ED404F1FE
:10084000430239463046C047013021D02368E5686D
:10085000D9F8002003F00603042B08BFAD1AA368E3
:1008600022690CBF25EAE57500259342C4BF9B1A97
:10087000ED184FF000091A344D451BD10020BDE89A
:10088000F0870123524639463046C047013003D134
:100890004FF0FF30BDE8F0870135C2E7E1185A1C80
:1008A000302081F84300224494F8451082F8431028
:1008B0000233C4E70123224639463046C04701309F
:1008C000E6D009F10109D7E72DE9F04317460A7E82
:1008D00085B06E2A984606460C460C9B01F1430EE5
:1008E00000F0BC801AD8632A2ED00AD8002A00F063
:1008F000C880582A00F08A8004F1420584F842201A
:100900002AE0642A01D0692AF6D121681A6811F018
:10091000800F23D0111D1960136827E0732A00F09F
:10092000B48008D86F2A2AD0702AE5D10A6842F02C
:1009300020020A6003E0752A21D0782ADCD17822CF
:1009400084F845206E4964E01A6801F14205111DE2
:100950001960136884F842300123A3E011F0400FBE
:1009600002F104011960D7D0B2F90030002B03DA8C
:100970002D225B4284F8432062490A2217E0206856
:10098000196810F0800F03D0081D18600B6806E08E
:1009900010F0400F01F104001860F7D00B8859499E
:1009A0006F2A14BF0A220822002084F843006568D9
:1009B000A560002DC0F29C80206820F0040020601B
:1009C000002B3FD1002D40F095807546082A0BD1B1
:1009D0002368DA0708D5236962689A42DEBF3023AC
:1009E00005F8013C05F1FF35AEEB05032361CDF8B9
:1009F00000803B4603AA21463046FFF7EFFE013058
:100A000055D14FF0FF3005B0BDE8F08381F84520A7
:100A10003C492268186812F0800F00F104051D603F
:100A200001D0036802E05506FBD50388D00744BF18
:100A300042F0200222601BB9226822F020022260CC
:100A40001022B1E77546B3FBF2F002FB1033CB5C2A
:100A500005F8013D03460028F5D1B7E708681A6894
:100A6000496910F0800F04D0101D186013681960D8
:100A700007E010F0400F02F1040018601368F6D090
:100A80001980002323617546B1E71A68111D1960AA
:100A9000156862680021284600F04AF808B1401B3A
:100AA000606063682361002384F843309FE7236913
:100AB0002A4639463046C0470130A2D023689B07FA
:100AC00007D5002504F11909E368039A9B1A9D4292
:100AD00005DBE068039B9842B8BF184693E7012303
:100AE0004A4639463046C04701308AD00135EBE7E7
:100AF000002BA7D10B7884F8423004F1420565E75A
:100B0000DA230100C923010038B5064C002305464D
:100B100008462360F8F788FA431C02D1236803B122
:100B20002B6038BDF4F80020000000000000000039
:100B300001F0FF01102A2BDB10F0070F08D010F88E
:100B4000013B013A8B422DD010F0070F42B3F6D192
:100B5000F0B441EA012141EA014122F007047FF0AB
:100B600000070023F0E80256083C85EA010586EA02
:100B7000010685FA47F5A3FA87F586FA47F6A5FA3E
:100B800087F68EB9EED1F0BC01F0FF0102F007024A
:100B900032B110F8013B013A83EA010313B1F8D1F5
:100BA0000020704701387047002D06BF35460338D6
:100BB000073815F0010F07D1013015F4807F02BF0F
:100BC000013015F4C03F0130F0BC0138704700BF60
:100BD000884210B501EB020303D8421E99420CD1A2
:100BE00010BD9842F9D28118D21AD34200D110BD5B
:100BF00013F8014D01F8014DF7E711F8014B02F828
:100C0000014FEBE77047704738B50546002945D0DE
:100C100051F8043C0C1F002BB8BFE418FFF7F2FF9B
:100C20001F4A1368104633B9636014602846BDE854
:100C30003840FFF7E8BFA3420CD9216862189342FD
:100C400004BF1A685B68636004BF521822600460C6
:100C5000ECE713465A680AB1A242FAD91968581843
:100C6000A0420BD120680144581882421960DDD19E
:100C7000106852685A6001441960D7E702D90C2302
:100C80002B60D3E7206821188A4204BF116852689C
:100C9000626004BF091821605C60C7E738BD00BF0F
:100CA0007CDB0020F8B5074614460E4621B91146F4
:100CB000BDE8F840FFF7E4BB22B9FFF7A5FF2546E2
:100CC0002846F8BD00F014F884420FD92146384672
:100CD000FFF7D6FB05460028F2D031462246FFF743
:100CE0007AFB31463846FFF78FFFE9E73546E7E7FD
:100CF00051F8040C0028A0F10400BCBF0B58C01828
:100D000070470000497A69506C7573527800000092
:100D1000C05C150040420F00107A0700E86E030027
:100D20000000F401E803DC05D007C409B80BAC0DE2
:100D3000A00FAC0DB80BC409D007DC05E803F40123
:100D40000000020012002F0056008300B600EF00E2
:100D50002D017001B70101025002A202F8025203F4
:100D6000AE030E047004D6043E05A90517068806D6
:100D7000FB067107E9076408E1086009E209660AF1
:100D8000EC0A740BFE0B8B0C1A0DAA0D3D0ED20E45
:100D9000680F01109B103811D61176121813BC136E
:100DA00062140915B2155D160A17B81768181919D3
:100DB000CD19821A381BF01BAA1C651D221EE11ECC
:100DC000A11F62202521EA21B022772340240B2590
:100DD000D625A426732743281429E729BC2A912B5A
:100DE000692C412D1B2EF62ED32FB130903170324D
:100DF000523335341A350036E736CF37B838A33991
:100E00008F3A7D3B6B3C5B3D4C3E3E3F3240264142
:100E10001C4213430B440545FF45FB46F847F64883
:100E2000F549F64AF74BFA4CFE4D034F0950105165
:100E3000195222532D5438554556535762587259FA
:100E4000835A955BA85CBD5DD25EE95F0061196263
:100E500032634D6469658566A367C268E269036BA6
:100E6000256C476D6B6E906FB670DD7105732E74D7
:100E700058758376AF77DB78097A387B687C997D03
:100E8000CA7EFD7F318165829B83D184098641873B
:100E90007A88B589F08A2C8C698DA78EE68F269189
:100EA0006792A893EB942E967397B898FE99469BF9
:100EB0008E9CD79D209F6BA0B7A103A351A49FA593
:100EC000EEA63EA88FA9E1AA34AC87ADDBAE31B067
:100ED00087B1DEB236B48EB5E8B642B89EB9FABA7A
:100EE00057BCB4BD13BF72C0D3C134C396C4F9C5D7
:100EF0005CC7C1C826CA8CCBF3CC5BCEC4CF2DD186
:100F000097D202D46ED5DBD648D8B6D925DB95DC8E
:100F100006DE77DFEAE05DE2D1E345E5BBE631E8F6
:100F2000A8E920EB98EC12EE8CEF07F182F2FFF3C8
:100F30007CF5FAF679F8F9F979FBFAFC7CFEFFFF0B
:100F4000FFFF00000200030006000B0012001B0060
:100F5000260033004300540067007C009400AD007D
:100F6000C900E600060127014B0170019801C1018B
:100F7000ED011B024B027C02B002E6021E03580385
:100F80009403D203120454049804DE042605700569
:100F9000BC050A065B06AD0601075807B0070A083C
:100FA0006708C50826098809ED09540ABC0A270BF9
:100FB000930B020C730CE60C5B0DD10D4A0EC50EA3
:100FC000420FC10F4210C5104A11D1115A12E61238
:100FD0007313021493142715BC155316ED168817B6
:100FE0002518C51866190A1AAF1A571B011CAC1C24
:100FF0005A1D0A1EBC1E6F1F2520DD20972153227B
:101000001123D123932457251D26E526AF277B28BE
:101010004A291A2AEC2AC02B972C6F2D492E262FED
:101020000430E530C731AC3292337B34663552360A
:10103000413732382439193A103B093C043D013E0E
:10104000003F014004410942104319442445314600
:101050004147524865497A4A924BAB4CC64DE44EE3
:101060000350255148526E539654BF55EB561858AD
:1010700048597A5AAE5BE45C1B5E555F9160CF6164
:101080000F6351649565DB6623686D69B96A086C06
:10109000586DAA6EFE6F5571AD7207746475C27695
:1010A00023788579EA7A507CB97D247F9080FF810E
:1010B0007083E2845786CE874789C28A3F8CBE8D73
:1010C0003F8FC2904792CE935795E2966F98FE99C4
:1010D0008F9B239DB89E4FA0E9A184A322A5C1A602
:1010E00062A806AAABAB53ADFDAEA8B056B206B42B
:1010F000B7B56BB721B9D9BA93BC4FBE0CC0CCC140
:101100008EC352C518C7E1C8ABCA77CC45CE15D03F
:10111000E7D1BCD392D56AD745D921DBFFDCE0DE2D
:10112000C2E0A7E28DE476E661E84DEA3CEC2DEE04
:101130001FF014F20BF404F6FFF7FCF9FBFBFCFDC7
:10114000FFFFFFFF0000020003000400050006008F
:10115000070008000A000D00110016001B00210006
:1011600028003000390043004D005900660074002B
:1011700082009200A300B500C900DD00F3000A015F
:1011800022013C01570173019001AF01CF01F10130
:10119000140239025F028602B002DA020603340347
:1011A00063039403C703FB0331046804A104DC0454
:1011B000190557059705D9051D066206AA06F30607
:1011C0003E078B07D9072A087C08D1082709800920
:1011D000DA09360A950AF50A570BBC0B220C8B0C60
:1011E000F50C620DD10D420EB50E2A0FA20F1B1089
:1011F00097101511951118129C122313AC13381463
:10120000C5145615E8157D161417AD174918E718BB
:1012100088192A1AD01A781B221CCE1C7E1D2F1E5C
:10122000E31E9A1F53200E21CD218D225023162418
:10123000DF24AA25772647271A28EF28C729A22ABC
:101240007F2B602C422D282E102FFB2FE830D83119
:10125000CB32C133BA34B535B336B437B838BE390A
:10126000C83AD43BE33CF53D093F21403C4159425B
:1012700079439D44C345EC4618484749794AAE4BEB
:10128000E64C214E5F4FA050E4512B537554C2558C
:1012900012576558BC59155B725CD15D345F9A601A
:1012A00003626F63DE645166C6673F69BB6A3A6C6E
:1012B000BD6D426FCB705772E77379750F77A87861
:1012C000447AE47B877D2D7FD78084823484E885CF
:1012D0009E875989168BD78C9C8E63902F92FD9395
:1012E000CF95A4977D995A9B399D1C9F03A1EDA290
:1012F000DBA4CCA6C0A8B8AAB4ACB3AEB6B0BCB29E
:10130000C6B4D3B6E4B8F8BA10BD2CBF4BC16DC398
:1013100094C5BEC7EBC91DCC52CE8AD0C6D206D565
:101320004AD791D9DCDB2ADE7CE0D2E22CE58AE7E1
:10133000EBE950ECB8EE25F195F309F681F8FCFAEB
:101340007BFDFFFFFFFF0000BE0600035504A30165
:1013500042060C03B707050160053E006406BB02A8
:101360002706F60022054F0053746570446F776EB0
:101370000000000000300040003400400020014127
:10138000004001410000004300040043030000004E
:1013900014002060000100006E0000000000D70073
:1013A00000D8B805497A69506C757300497A69505C
:1013B0006C757354696D657200000000506F77653D
:1013C00072206F6E202D3E20467265713A20256492
:1013D0002E25644D487A20526174653A2025646B4D
:1013E000487A00000100000031204368616E6E659C
:1013F0006C00000000000000000000000000000081
:1014000000000000000000000500000034204368D8
:10141000616E204D61737465720000000000000071
:1014200000000000000000000000000004000000B8
:1014300034204368616E6E656C000000000000009F
:10144000000000000000000000000000000000009C
:101450000800000034204368616E6E656C203136F0
:10146000626974000000000000000000000000003D
:10147000000000000200000054572053696E676CA2
:1014800065204374726C0000000000000000000042
:10149000000000000000000001000000574420533D
:1014A000696E676C65204374726C00000000000078
:1014B0000000000000000000000000000400000028
:1014C0005457204475616C204374726C0000000016
:1014D000000000000000000000000000000000000C
:1014E000020000005744204475616C204374726C04
:1014F00000000000000000000000000000000000EC
:10150000000000000200000043726F73736F766585
:1015100072205457205343000000000000000000D8
:1015200000000000000000000100000043726F7323
:10153000736F76657220574420534300000000000B
:101540000000000000000000000000000400000097
:1015500043726F73736F7665722054572044430053
:10156000000000000000000000000000000000007B
:101570000200000043726F73736F766572205744E8
:1015800020444300000000000000000000000000B4
:101590000000000001010000000000001200000037
:1015A00043757272656E74207365740000000000EC
:1015B0000000000001220100000000000300000004
:1015C00046696C746572206D6F64650000000000F0
:1015D00000000000010C020046003C005A00000020
:1015E0004E5443312054656D702050726F7400006A
:1015F00000000000011003000000000017000000C0
:101600004368616E6E656C20537761700000000066
:101610000000000001210400000000002000000084
:10162000436F6E746163742031204D61700000005F
:10163000000000000123050002000000030000007C
:1016400044696D206375727665000000000000003B
:101650000000000001010000000000000000000088
:1016600000000000000000000000011A010000005E
:10167000000000000000000000000000000000006A
:10168000011703000000000000000000000000003F
:101690000000000000000104040000000000000041
:1016A000000000000000000000000000010505002F
:1016B000000000000000000000000000000000002A
:1016C0000000010D06000000000000000000000006
:1016D0000000000000000000010E070000000000F4
:1016E00000000000000000000000000000000113E6
:1016F00008000000000000000000000000000000E2
:1017000000000000011909000000000000000000B6
:101710000000000000000000000001150A000000A9
:1017200000000000000000000000000000000000B9
:10173000021E0B000000000000000000000000007E
:1017400000000000000002200D000000000000006A
:1017500000000000000000000000000002210F0057
:101760000000000000000000000000000000000079
:101770000000022411000000000000000000000032
:101780000000000000000000022213000000000022
:101790000000000000000000000000000000011F29
:1017A0001400000000000000000000000000000025
:1017B00000000000022B15000000000000000000E7
:1017C0000000000000000000000000000001020313
:1017D00000010302000201030002030100030102F1
:1017E00000030201010002030100030201020003E1
:1017F00001020300010300020103020002000103D1
:1018000002000301020100030201030002030001C0
:1018100002030100030001020300020103010002B0
:10182000030102000302000103020100005360688B
:101830006E73777B7F828487898C8E909293959745
:10184000989A9B9D9E9FA1A2A3A4A5A6A8A9AAAB76
:10185000ACADADAEAFB0B1B2B3B3B4B5B6B7B7B867
:10186000B9B9BABBBCBCBDBEBEBFBFC0C1C1C2C29C
:10187000C3C4C4C5C5C6C6C7C7C8C8C9CACACBCBF6
:10188000CCCCCCCDCDCECECFCFD0D0D1D1D2D2D268
:10189000D3D3D4D4D4D5D5D6D6D6D7D7D8D8D8D9EB
:1018A000D9DADADADBDBDBDCDCDCDDDDDEDEDEDF79
:1018B000DFDFE0E0E0E1E1E1E2E2E2E3E3E3E3E411
:1018C000E4E4E5E5E5E6E6E6E7E7E7E7E8E8E8E9B2
:1018D000E9E9E9EAEAEAEBEBEBEBECECECECEDED59
:1018E000EDEEEEEEEEEFEFEFEFF0F0F0F0F1F1F104
:1018F000F1F2F2F2F2F3F3F3F3F4F4F4F4F5F5F5B4
:10190000F5F5F6F6F6F6F7F7F7F7F8F8F8F8F8F968
:10191000F9F9F9F9FAFAFAFAFBFBFBFBFBFCFCFC20
:10192000FCFCFDFDFDFDFDFEFEFEFEFF495A492DBE
:1019300044726976654343342B0000005377697421
:1019400063682061637469766520287072657373BB
:101950002074696D65202564206D732900000000E6
:101960005377697463682061637469766520616E7A
:1019700064207265706F727465642068616E646C57
:1019800065640000537769746368206163746976E5
:101990006520256420636C69636B7300506F776505
:1019A000722D75702C207273743A2025642C207768
:1019B000643A2025640000005761746368646F67AF
:1019C0002072657365742C207273743A2025642C20
:1019D0002077643A20256400424F44207265736585
:1019E000742C207273743A2025642C2077643A207A
:1019F000256400004578742072657365742C20722C
:101A000073743A2025642C2077643A202564000002
:101A10005379732072657365742C207273743A2045
:101A200025642C2077643A2025640000496E766195
:101A30006C69642072657365742073747275637465
:101A40000000000056657273696F6E206170703A15
:101A50002025642E25642E25642C20626F6F743A35
:101A60002025642E25642E25640000004175746FC6
:101A70002067656E2E0000002D000000FFF8D0BB2F
:101A8000ADA39B958F8B86837F7D7A777573716FFE
:101A90006D6B6A68676664636261605F5E5D5C5B14
:101AA0005A59585757565554545352525150504FF3
:101AB0004F4E4E4D4D4C4B4B4A4A4A494948484778
:101AC00047464646454544444443434342424241D7
:101AD00041414040403F3F3F3E3E3E3E3D3D3D3C1C
:101AE0003C3C3C3B3B3B3B3A3A3A3A393939393852
:101AF0003838383737373736363636363535353580
:101B000035343434343433333333333232323232A3
:101B1000323131313131313030303030302F2F2FC0
:101B20002F2F2F2E2E2E2E2E2E2D2D2D2D2D2D2DD9
:101B30002C2C2C2C2C2C2C2B2B2B2B2B2B2B2A2AF0
:101B40002A2A2A2A2A2A2929292929292929282801
:101B50002828282828282727272727272727272610
:101B6000262626262626262525252525252525251E
:101B7000252424242424242424242323232323232A
:101B80002323232322222222222222222222222132
:101B9000212121212121212121202020202020203C
:101BA00020202020201F1F1F1F1F1F1F1F1F1F1F40
:101BB0001E1E1E1E1E1E1E1E1E1E1E1E1D1D1D1D49
:101BC0001D1D1D1D1D1D1D1D1D1C1C1C1C1C1C1C4C
:101BD0001C1C1C1C1C1C1B1B1B1B1B1B1B1B1B1B4F
:101BE0001B1B1B1A1A1A1A1A1A1A1A1A1A1A1A1A52
:101BF0001A19191919191919191919191919191855
:101C00001818181818181818181818181818171756
:101C10001717171717171717171717171717161656
:101C20001616161616161616161616161616151556
:101C30001515151515151515151515151515141456
:101C40001414141414141414141414141414141355
:101C50001313131313131313131313131313131354
:101C60001212121212121212121212121212121254
:101C7000121211111111000000000000FFFFFFF50A
:101C8000E0D1C5BCB4ADA8A29E9A96928F8C8A87EB
:101C90008582807E7C7A797775747271706E6D6CD6
:101CA0006B6A696866666564636261605F5E5E5DFB
:101CB0005C5B5B5A595958575756555554545353B2
:101CC00052525150504F4F4E4E4E4D4D4C4C4B4B2F
:101CD0004A4A4A494948484847474646464545458D
:101CE00044444443434342424241414140404040D6
:101CF0003F3F3F3E3E3E3E3D3D3D3C3C3C3C3B3B12
:101D00003B3B3A3A3A3A3939393938383838383742
:101D1000373737363636363635353535353434346B
:101D2000343433333333333232323232313131318E
:101D3000313130303030302F2F2F2F2F2F2E2E2EAD
:101D40002E2E2E2D2D2D2D2D2D2D2C2C2C2C2C2CC6
:101D50002B2B2B2B2B2B2B2A2A2A2A2A2A2A2929DE
:101D600029292929292828282828282828272727F1
:101D70002727272726262626262626262525252503
:101D80002525252524242424242424242423232312
:101D9000232323232323222222222222222222211E
:101DA000212121212121212120202020202020202B
:101DB00020201F1F1F1F1F1F1F1F1F1F1E1E1E1E35
:101DC0001E1E1E1E1E1E1D1D1D1D1D1D1D1D1D1D3D
:101DD0001C1C1C1C1C1C1C1C1C1C1C1B1B1B1B1B48
:101DE0001B1B1B1B1B1B1B1A1A1A1A1A1A1A1A1A4C
:101DF0001A1A191919191919191919191919181853
:101E00001818181818181818181818171717171757
:101E1000171717171717171616161616161616165B
:101E2000161616161515151515151515151515155E
:101E30001515141414141414141414141414141361
:101E40001313131313131313131313131313121264
:101E50001212121212121212121212121111111166
:101E60001111111111111111111111101010101067
:101E700010101010101000000000000003030303F6
:101E8000060603060008060703021A0906060300F1
:101E90000F0A1A0000100000416E616C6F675F54FA
:101EA000696D6572000000006400000064000000BD
:101EB00064643C00640064006464646464641400EA
:101EC000641E3C0000001E120000000A00140014F2
:101ED0000000141414282864003C3C00556E6B6EFE
:101EE0006F776E206572726F72000000556E6B6EB8
:101EF0006F776E207761726E696E6700556E6B6EDC
:101F00006F776E20696E6974207374617465000068
:101F100053746172742043414E2062757300000057
:101F2000537461727420495A492B20627573000002
:101F30005374617274696E67204F53004F757470EB
:101F400075742031206F70656E0000004F757470DD
:101F500075742032206F70656E0000004F757470CC
:101F600075742033206F70656E0000004F757470BB
:101F700075742034206F70656E0000005265626FCA
:101F80006F74206E656564656400000042616420C2
:101F9000636F6D207175616C697479005375707031
:101FA0006C7920746F6F206C6F770000496E7465D8
:101FB000726E2074656D70657261747572652068EB
:101FC000696768004E5443312074656D70657261B5
:101FD0007475726520746F6F20686967680000000F
:101FE0004E5443322074656D70657261747572650C
:101FF00020746F6F2068696768000000546F746117
:102000006C20706F77657220746F6F2068696768E5
:1020100000000000537570706C7920766F6C7461ED
:10202000676520746F6F20686967680054696D691F
:102030006E67207761726E696E6700005561727419
:10204000206F766572666C6F77000000444D5820F3
:102050007761726E696E6700506F776572206C6988
:102060006D69742043683100506F776572206C6928
:102070006D69742043683200506F776572206C6917
:102080006D69742043683300506F776572206C6906
:102090006D697420436834004E6F2070726F6475F0
:1020A0006374696F6E2064617461000048617264DA
:1020B00077617265206572726F7200004E6F2063E7
:1020C0006F6D6D756E69636174696F6E00000000FD
:1020D00056696E20746F6F206C6F77004F75747047
:1020E000757420312073686F727400004F757470BE
:1020F000757420322073686F727400004F757470AD
:10210000757420332073686F727400004F7574709B
:10211000757420342073686F727400004E5443202D
:102120006572726F72000000496E636F6D706C654E
:10213000746520636F6D000049444C450000000049
:102140000925630925750925750925750D0A0000FE
:10215000546D7220537663000000211042206330DA
:102160008440A550C660E770088129914AA16BB1EF
:102170008CC1ADD1CEE1EFF1311210027332522297
:10218000B5529442F772D662399318837BB35AA33F
:10219000BDD39CC3FFF3DEE3622443342004011467
:1021A000E664C774A44485546AA54BB5288509958F
:1021B000EEE5CFF5ACC58DD5533672261116300637
:1021C000D776F6669556B4465BB77AA719973887DF
:1021D000DFF7FEE79DD7BCC7C448E5588668A778F7
:1021E0004008611802282338CCC9EDD98EE9AFF92F
:1021F000488969990AA92BB9F55AD44AB77A966AD7
:10220000711A500A333A122AFDDBDCCBBFFB9EEB7E
:10221000799B588B3BBB1AABA66C877CE44CC55CA6
:10222000222C033C600C411CAEED8FFDECCDCDDDCE
:102230002AAD0BBD688D499D977EB66ED55EF44E76
:10224000133E322E511E700E9FFFBEEFDDDFFCCF1E
:102250001BBF3AAF599F788F8891A981CAB1EBA172
:102260000CD12DC14EF16FE18010A100C230E320EE
:102270000450254046706760B9839893FBA3DAB396
:102280003DC31CD37FE35EF3B1029012F322D2323E
:102290003542145277625672EAB5CBA5A895898566
:1022A0006EF54FE52CD50DC5E234C324A01481048E
:1022B0006674476424540544DBA7FAB79987B89736
:1022C0005FE77EF71DC73CD7D326F2369106B016DE
:1022D00057667676154634564CD96DC90EF92FE9F6
:1022E000C899E9898AB9ABA944586548067827682E
:1022F000C018E1088238A3287DCB5CDB3FEB1EFBD6
:10230000F98BD89BBBAB9ABB754A545A376A167A7D
:10231000F10AD01AB32A923A2EFD0FED6CDD4DCDA5
:10232000AABD8BADE89DC98D267C076C645C454CCD
:10233000A23C832CE01CC10C1FEF3EFF5DCF7CDF75
:102340009BAFBABFD98FF89F176E367E554E745E1D
:10235000932EB23ED10EF01E0000000000000000DF
:10236000000000000000000000000000000000006D
:10237000000000000000000000000000000000005D
:10238000000000000000000000000000000000004D
:10239000000000000000000000000000000000003D
:1023A000000000000000000000000000000000002D
:1023B0000000000000000000232D302B2000686C7E
:1023C0004C00656667454647003031323334353658
:1023D0003738394142434445460030313233343591
:1023E000363738396162636465660000F8B500BF4E
:1023F000F8BC08BC9E46704789420000F8B500BF93
:0C240000F8BC08BC9E4670476542000016
:08240C0084DCFF7F01000000E9
:10241400FF010200000000000000000000000000B6
:1024240000000000000000000000000000000000A8
:10243400000001005DD6000051D6000085D60000E2
:102444001D76000000000000F5BC0000816500005E
:102454000000000000000000000000000000000078
:102464000000000000000000000100000000000067
:102474000000000000000000000000000000000058
:102484000000000000000000000000000000000048
:102494000000000000000000000000000000000038
:1024A4000000000000000000000000000000000028
:1024B4000000000000000000000000000000000018
:1024C4000000000000000000000000000000000008
:1024D40000000000000000000000000000000000F8
:1024E40000000000000000000000000000000000E8
:1024F40000000000000000000000000000000000D8
:1025040000000000000000000000000000000000C7
:1025140000000000000000000000000000000000B7
:1025240000000000000000000000000000000000A7
:102534000000000000000000000000000000000097
:102544000000000000000000000000000000000087
:102554000000000000000000000000000000000077
:102564000000000000000000000000000000000067
:102574000000000000000000000000000000000057
:102584000000000000000000000000000000000047
:102594000000000000000000000000000000000037
:1025A4000000000000000000000000000000000027
:1025B4000000000000000000000000000000000017
:1025C4000000000000000000000000000000000007
:1025D40000000000000000000000000000000000F7
:1025E40000000000000000000000000000000000E7
:1025F40000000000000000000000000E270700009B
:1026040000000000000000000000000000000000C6
:1026140000000000000000000000000000000000B6
:1026240000000000000000000000000000000000A6
:102634000000000000000000000000000000000096
:102644000000000002009DD6000091D60000C5D60F
:102654000000517600000000000009BD0000DD66A6
:102664000000000000000000000000000000000066
:102674000000000000000000000000000000000056
:102684000000000000000000000000000000000046
:102694000000000000000000000000000000000036
:1026A4000000000000000000000000000000000026
:1026B4000000000000000000000000000000000016
:1026C4000000000000000000000000000000000006
:1026D40000000000000000000000000000000000F6
:1026E40000000000000000000000000000000000E6
:1026F40000000000000000000000000000000000D6
:1027040000000000000000000000000000000000C5
:1027140000000000000000000000000000000000B5
:1027240000000000000000000000000000000000A5
:102734000000000000000000000000000000000095
:102744000000000000000000000000000000000085
:102754000000000000000000000000000000000075
:102764000000000000000000000000000000000065
:102774000000000000000000000000000000000055
:102784000000000000000000000000000000000045
:102794000000000000000000000000000000000035
:1027A4000000000000000000000000000000000025
:1027B4000000000000000000000000000000000015
:1027C4000000000000000000000000000000000005
:1027D40000000000000000000000000000000000F5
:1027E40000000000000000000000000000000000E5
:1027F40000000000000000000000000000000000D5
:10280400000000000000000000000000000E270788
:1028140000000000000000000000000000000000B4
:1028240000000000000000000000000000000000A4
:102834000000000000000000000000000000000094
:102844000000000000000000000000000000000084
:102854000000000000000300DDD60000D1D6000017
:1028640005D7000085760000000000001DBD0000B3
:102874008967000000000000000000000000000064
:102884000000000000000000000000000001000043
:102894000000000000000000000000000000000034
:1028A4000000000000000000000000000000000024
:1028B4000000000000000000000000000000000014
:1028C4000000000000000000000000000000000004
:1028D40000000000000000000000000000000000F4
:1028E40000000000000000000000000000000000E4
:1028F40000000000000000000000000000000000D4
:1029040000000000000000000000000000000000C3
:1029140000000000000000000000000000000000B3
:1029240000000000000000000000000000000000A3
:102934000000000000000000000000000000000093
:102944000000000000000000000000000000000083
:102954000000000000000000000000000000000073
:102964000000000000000000000000000000000063
:102974000000000000000000000000000000000053
:102984000000000000000000000000000000000043
:102994000000000000000000000000000000000033
:1029A4000000000000000000000000000000000023
:1029B4000000000000000000000000000000000013
:1029C4000000000000000000000000000000000003
:1029D40000000000000000000000000000000000F3
:1029E40000000000000000000000000000000000E3
:1029F40000000000000000000000000000000000D3
:102A040000000000000000000000000000000000C2
:102A14000000000000000000000000000000000EA4
:102A24002707000000000000000000000000000074
:102A34000000000000000000000000000000000092
:102A44000000000000000000000000000000000082
:102A54000000000000000000000000000000000072
:102A6400000000000000000004001DD7000011D782
:102A7400000045D70000B97600000000000031BD19
:102A840000003166000000000000000000000000AB
:102A94000000000000000000000000000000000032
:102AA4000000000000000000000000000000000022
:102AB4000000000000000000000000000000000012
:102AC4000000000000000000000000000000000002
:102AD40000000000000000000000000000000000F2
:102AE40000000000000000000000000000000000E2
:102AF40000000000000000000000000000000000D2
:102B040000000000000000000000000000000000C1
:102B140000000000000000000000000000000000B1
:102B240000000000000000000000000000000000A1
:102B34000000000000000000000000000000000091
:102B44000000000000000000000000000000000081
:102B54000000000000000000000000000000000071
:102B64000000000000000000000000000000000061
:102B74000000000000000000000000000000000051
:102B84000000000000000000000000000000000041
:102B94000000000000000000000000000000000031
:102BA4000000000000000000000000000000000021
:102BB4000000000000000000000000000000000011
:102BC4000000000000000000000000000000000001
:102BD40000000000000000000000000000000000F1
:102BE40000000000000000000000000000000000E1
:102BF40000000000000000000000000000000000D1
:102C040000000000000000000000000000000000C0
:102C140000000000000000000000000000000000B0
:102C240000000000000000000000000000000000A0
:102C3400000E270700000000000000000000000054
:102C44000000000000000000000000000000000080
:102C5400000000000000000000000000FFAA1400B3
:102C64005A00AA0004000200D007D007D0070100D0
:102C74000A000000E803000098200100AC200100D5
:102C8400BC200100D0200100DC200100EC20010068
:102C9400FC2001000C2101001C210100282101005D
:102CA400000000003C1F01004C1F01005C1F0100DC
:102CB4006C1F01007C1F01008C1F01009C1F010080
:102CC400AC1F0100C41F0100E01F0100FC1F010034
:102CD400142001002C2001003C2001004C200100A4
:102CE4005C190100582001006820010078200100CF
:102CF40088200100101F0100201F0100301F010067
:102D040001000100010002002C010000AAAAAAAAE5
:102D1400042B002000000000782301009823010008
:102D24005823010000000000000000000000000023
:102D3400000000000000000000000000000000008F
:102D4400000000000000000000000000000000007F
:102D5400000000000000000000000000000000006F
:102D6400000000000000000000000000000000005F
:042D7400000000005B
:10FF000001024800AABBCCDD000000000040000058
:10FF100000000000200200000000000001000300BB
:10FF20004000000000000000000000000000000091
:10FF300000000000000000000000000000000000C1
:10FF400000000000000000000000000000000000B1
:10FF500000000000000000000000000000000000A1
:10FF60000000000000000000000000000000000091
:10FF70000000000000000000000000000000000081
:10FF80000000000000000000000000000000000071
:10FF90000000000000000000000000000000000061
:10FFA0000000000000000000000000000000000051
:10FFB0000000000000000000000000000000000041
:10FFC0000000000000000000000000000000000031
:10FFD0000000000000000000000000000000000021
:10FFE0000000000000000000000000000000000011
:10FFF0000000000000000000000000000000000001
:0400000300004000B9
:00000001FF
