
IZI-CC4+.elf:     file format elf32-littlearm

Sections:
Idx Name          Size      VMA       LMA       File off  Algn
  0 .text         0000e40c  00004000  00004000  00004000  2**4
                  CONTENTS, ALLOC, LOAD, READONLY, CODE
  1 .ARM.exidx    00000008  0001240c  0001240c  0001240c  2**2
                  CONTENTS, ALLOC, LOAD, READONLY, DATA
  2 .bootloadersection 00000000  00000000  00000000  00030000  2**0
                  CONTENTS
  3 .appsettingsection 00000000  0003c000  0003c000  00030000  2**0
                  CONTENTS
  4 .firmwareinfosection 00000100  0001ff00  0001ff00  0002ff00  2**2
                  CONTENTS, ALLOC, LOAD, READONLY, DATA
  5 .mirrorsection 00000000  00022000  00022000  00030000  2**0
                  CONTENTS
  6 .relocate     00000964  20002200  00012414  00022200  2**2
                  CONTENTS, ALLOC, LOAD, DATA
  7 .energy_ram   0000007c  2001fe80  2001fe80  0003fe80  2**2
                  ALLOC
  8 .boot_ram     00000034  2001ff00  2001ff00  0003ff00  2**2
                  ALLOC
  9 .can_ram      00000000  20000000  20000000  00030000  2**0
                  CONTENTS
 10 .qspi         00000000  04000000  04000000  00030000  2**0
                  CONTENTS
 11 .bss          0000cd88  20002b70  00012d90  00022b70  2**4
                  ALLOC
 12 .stack        00001000  2000f8f8  0001fb18  00022b70  2**0
                  ALLOC
 13 .ARM.attributes 0000002e  00000000  00000000  00030000  2**0
                  CONTENTS, READONLY
 14 .comment      00000059  00000000  00000000  0003002e  2**0
                  CONTENTS, READONLY
 15 .debug_frame  00000544  00000000  00000000  00030088  2**2
                  CONTENTS, READONLY, DEBUGGING

Disassembly of section .text:

00004000 <exception_table>:
    4000:	f8 08 01 20 6d 64 00 00 39 64 00 00 45 64 00 00     ... md..9d..Ed..
    4010:	49 64 00 00 55 64 00 00 61 64 00 00 00 00 00 00     Id..Ud..ad......
	...
    402c:	61 e3 00 00 21 64 00 00 00 00 00 00 f1 e3 00 00     a...!d..........
    403c:	55 e4 00 00 15 64 00 00 15 64 00 00 15 64 00 00     U....d...d...d..
    404c:	15 64 00 00 15 64 00 00 15 64 00 00 15 64 00 00     .d...d...d...d..
    405c:	15 64 00 00 15 64 00 00 15 64 00 00 15 64 00 00     .d...d...d...d..
    406c:	15 64 00 00 15 64 00 00 15 64 00 00 15 64 00 00     .d...d...d...d..
    407c:	15 64 00 00 15 64 00 00 15 64 00 00 15 64 00 00     .d...d...d...d..
    408c:	15 64 00 00 15 64 00 00 15 64 00 00 15 64 00 00     .d...d...d...d..
    409c:	15 64 00 00 15 64 00 00 15 64 00 00 15 64 00 00     .d...d...d...d..
    40ac:	15 64 00 00 2d 64 00 00 f5 92 00 00 c5 92 00 00     .d..-d..........
    40bc:	35 43 00 00 15 64 00 00 15 64 00 00 15 64 00 00     5C...d...d...d..
    40cc:	15 64 00 00 2d 64 00 00 2d 64 00 00 2d 64 00 00     .d..-d..-d..-d..
    40dc:	2d 64 00 00 2d 64 00 00 2d 64 00 00 00 00 00 00     -d..-d..-d......
	...
    40f4:	79 94 00 00 15 64 00 00 15 64 00 00 15 64 00 00     y....d...d...d..
    4104:	15 64 00 00 71 5d 00 00 c9 5d 00 00 e9 5d 00 00     .d..q]...]...]..
    4114:	09 5e 00 00 39 5e 00 00 91 5e 00 00 d1 5e 00 00     .^..9^...^...^..
    4124:	f1 5e 00 00 15 64 00 00 15 64 00 00 15 64 00 00     .^...d...d...d..
    4134:	15 64 00 00 15 64 00 00 15 64 00 00 15 64 00 00     .d...d...d...d..
    4144:	15 64 00 00 15 64 00 00 15 64 00 00 15 64 00 00     .d...d...d...d..
    4154:	15 64 00 00 00 00 00 00 00 00 00 00 00 00 00 00     .d..............
	...
    4178:	45 90 00 00 15 64 00 00 15 64 00 00 15 64 00 00     E....d...d...d..
    4188:	15 64 00 00 15 64 00 00 00 00 00 00 e5 72 00 00     .d...d.......r..
    4198:	21 64 00 00 21 64 00 00 21 64 00 00 21 64 00 00     !d..!d..!d..!d..
    41a8:	21 64 00 00 21 64 00 00 d5 71 00 00 21 64 00 00     !d..!d...q..!d..
    41b8:	21 64 00 00 21 64 00 00 21 64 00 00 5d 72 00 00     !d..!d..!d..]r..
    41c8:	21 64 00 00 21 64 00 00 21 64 00 00 4d 71 00 00     !d..!d..!d..Mq..
    41d8:	15 64 00 00 15 64 00 00 15 64 00 00 15 e1 00 00     .d...d...d......
    41e8:	49 e1 00 00 15 64 00 00 15 64 00 00 15 64 00 00     I....d...d...d..
    41f8:	15 64 00 00 45 dd 00 00 15 64 00 00 00 00 00 00     .d..E....d......
    4208:	00 00 00 00 15 64 00 00 15 64 00 00 15 64 00 00     .....d...d...d..
    4218:	15 64 00 00 6d d4 00 00 15 64 00 00 41 d3 00 00     .d..m....d..A...
    4228:	15 64 00 00 15 64 00 00 15 64 00 00 15 64 00 00     .d...d...d...d..
    4238:	15 64 00 00 15 64 00 00 15 64 00 00 15 64 00 00     .d...d...d...d..
    4248:	15 64 00 00 15 64 00 00 15 64 00 00 15 64 00 00     .d...d...d...d..
    4258:	15 64 00 00 15 64 00 00 00 00 00 00                 .d...d......

00004264 <__do_global_dtors_aux>:
    4264:	b510      	push	{r4, lr}
    4266:	4c05      	ldr	r4, [pc, #20]	; (427c <__do_global_dtors_aux+0x18>)
    4268:	7823      	ldrb	r3, [r4, #0]
    426a:	b933      	cbnz	r3, 427a <__do_global_dtors_aux+0x16>
    426c:	4b04      	ldr	r3, [pc, #16]	; (4280 <__do_global_dtors_aux+0x1c>)
    426e:	b113      	cbz	r3, 4276 <__do_global_dtors_aux+0x12>
    4270:	4804      	ldr	r0, [pc, #16]	; (4284 <__do_global_dtors_aux+0x20>)
    4272:	f3af 8000 	nop.w
    4276:	2301      	movs	r3, #1
    4278:	7023      	strb	r3, [r4, #0]
    427a:	bd10      	pop	{r4, pc}
    427c:	20002b70 	.word	0x20002b70
    4280:	00000000 	.word	0x00000000
    4284:	00020000 	.word	0x00020000

00004288 <frame_dummy>:
    4288:	4b0c      	ldr	r3, [pc, #48]	; (42bc <frame_dummy+0x34>)
    428a:	b143      	cbz	r3, 429e <frame_dummy+0x16>
    428c:	480c      	ldr	r0, [pc, #48]	; (42c0 <frame_dummy+0x38>)
    428e:	490d      	ldr	r1, [pc, #52]	; (42c4 <frame_dummy+0x3c>)
    4290:	b510      	push	{r4, lr}
    4292:	f3af 8000 	nop.w
    4296:	480c      	ldr	r0, [pc, #48]	; (42c8 <frame_dummy+0x40>)
    4298:	6803      	ldr	r3, [r0, #0]
    429a:	b923      	cbnz	r3, 42a6 <frame_dummy+0x1e>
    429c:	bd10      	pop	{r4, pc}
    429e:	480a      	ldr	r0, [pc, #40]	; (42c8 <frame_dummy+0x40>)
    42a0:	6803      	ldr	r3, [r0, #0]
    42a2:	b933      	cbnz	r3, 42b2 <frame_dummy+0x2a>
    42a4:	4770      	bx	lr
    42a6:	4b09      	ldr	r3, [pc, #36]	; (42cc <frame_dummy+0x44>)
    42a8:	2b00      	cmp	r3, #0
    42aa:	d0f7      	beq.n	429c <frame_dummy+0x14>
    42ac:	e8bd 4010 	ldmia.w	sp!, {r4, lr}
    42b0:	4718      	bx	r3
    42b2:	4b06      	ldr	r3, [pc, #24]	; (42cc <frame_dummy+0x44>)
    42b4:	2b00      	cmp	r3, #0
    42b6:	d0f5      	beq.n	42a4 <frame_dummy+0x1c>
    42b8:	4718      	bx	r3
    42ba:	bf00      	nop
    42bc:	00000000 	.word	0x00000000
    42c0:	00020000 	.word	0x00020000
    42c4:	20002b74 	.word	0x20002b74
    42c8:	00020000 	.word	0x00020000
    42cc:	00000000 	.word	0x00000000

000042d0 <DMA_Init>:
    42d0:	b410      	push	{r4}
    42d2:	4913      	ldr	r1, [pc, #76]	; (4320 <DMA_Init+0x50>)
    42d4:	4a13      	ldr	r2, [pc, #76]	; (4324 <DMA_Init+0x54>)
    42d6:	690b      	ldr	r3, [r1, #16]
    42d8:	f443 7300 	orr.w	r3, r3, #512	; 0x200
    42dc:	610b      	str	r3, [r1, #16]
    42de:	8813      	ldrh	r3, [r2, #0]
    42e0:	f043 0301 	orr.w	r3, r3, #1
    42e4:	8013      	strh	r3, [r2, #0]
    42e6:	8813      	ldrh	r3, [r2, #0]
    42e8:	07db      	lsls	r3, r3, #31
    42ea:	d4fc      	bmi.n	42e6 <DMA_Init+0x16>
    42ec:	4b0e      	ldr	r3, [pc, #56]	; (4328 <DMA_Init+0x58>)
    42ee:	490f      	ldr	r1, [pc, #60]	; (432c <DMA_Init+0x5c>)
    42f0:	6351      	str	r1, [r2, #52]	; 0x34
    42f2:	4c0f      	ldr	r4, [pc, #60]	; (4330 <DMA_Init+0x60>)
    42f4:	6394      	str	r4, [r2, #56]	; 0x38
    42f6:	f640 7002 	movw	r0, #3842	; 0xf02
    42fa:	f04f 4100 	mov.w	r1, #2147483648	; 0x80000000
    42fe:	8010      	strh	r0, [r2, #0]
    4300:	f8c3 1080 	str.w	r1, [r3, #128]	; 0x80
    4304:	f3bf 8f4f 	dsb	sy
    4308:	f3bf 8f6f 	isb	sy
    430c:	22a0      	movs	r2, #160	; 0xa0
    430e:	f8c3 1180 	str.w	r1, [r3, #384]	; 0x180
    4312:	f883 231f 	strb.w	r2, [r3, #799]	; 0x31f
    4316:	f85d 4b04 	ldr.w	r4, [sp], #4
    431a:	6019      	str	r1, [r3, #0]
    431c:	4770      	bx	lr
    431e:	bf00      	nop
    4320:	40000800 	.word	0x40000800
    4324:	4100a000 	.word	0x4100a000
    4328:	e000e100 	.word	0xe000e100
    432c:	2000db90 	.word	0x2000db90
    4330:	2000e410 	.word	0x2000e410

00004334 <DMAC_0_Handler>:
    4334:	b510      	push	{r4, lr}
    4336:	4b24      	ldr	r3, [pc, #144]	; (43c8 <DMAC_0_Handler+0x94>)
    4338:	f893 204e 	ldrb.w	r2, [r3, #78]	; 0x4e
    433c:	0791      	lsls	r1, r2, #30
    433e:	d509      	bpl.n	4354 <DMAC_0_Handler+0x20>
    4340:	2102      	movs	r1, #2
    4342:	4a22      	ldr	r2, [pc, #136]	; (43cc <DMAC_0_Handler+0x98>)
    4344:	f883 104e 	strb.w	r1, [r3, #78]	; 0x4e
    4348:	6813      	ldr	r3, [r2, #0]
    434a:	4a21      	ldr	r2, [pc, #132]	; (43d0 <DMAC_0_Handler+0x9c>)
    434c:	2100      	movs	r1, #0
    434e:	6011      	str	r1, [r2, #0]
    4350:	b103      	cbz	r3, 4354 <DMAC_0_Handler+0x20>
    4352:	4798      	blx	r3
    4354:	4b1c      	ldr	r3, [pc, #112]	; (43c8 <DMAC_0_Handler+0x94>)
    4356:	f893 204e 	ldrb.w	r2, [r3, #78]	; 0x4e
    435a:	0752      	lsls	r2, r2, #29
    435c:	bf44      	itt	mi
    435e:	2204      	movmi	r2, #4
    4360:	f883 204e 	strbmi.w	r2, [r3, #78]	; 0x4e
    4364:	4b18      	ldr	r3, [pc, #96]	; (43c8 <DMAC_0_Handler+0x94>)
    4366:	f893 204e 	ldrb.w	r2, [r3, #78]	; 0x4e
    436a:	07d4      	lsls	r4, r2, #31
    436c:	d506      	bpl.n	437c <DMAC_0_Handler+0x48>
    436e:	4a17      	ldr	r2, [pc, #92]	; (43cc <DMAC_0_Handler+0x98>)
    4370:	68d2      	ldr	r2, [r2, #12]
    4372:	2101      	movs	r1, #1
    4374:	f883 104e 	strb.w	r1, [r3, #78]	; 0x4e
    4378:	b102      	cbz	r2, 437c <DMAC_0_Handler+0x48>
    437a:	4790      	blx	r2
    437c:	4b12      	ldr	r3, [pc, #72]	; (43c8 <DMAC_0_Handler+0x94>)
    437e:	f893 205e 	ldrb.w	r2, [r3, #94]	; 0x5e
    4382:	0790      	lsls	r0, r2, #30
    4384:	d509      	bpl.n	439a <DMAC_0_Handler+0x66>
    4386:	4a11      	ldr	r2, [pc, #68]	; (43cc <DMAC_0_Handler+0x98>)
    4388:	4911      	ldr	r1, [pc, #68]	; (43d0 <DMAC_0_Handler+0x9c>)
    438a:	6852      	ldr	r2, [r2, #4]
    438c:	2402      	movs	r4, #2
    438e:	2000      	movs	r0, #0
    4390:	f883 405e 	strb.w	r4, [r3, #94]	; 0x5e
    4394:	6048      	str	r0, [r1, #4]
    4396:	b102      	cbz	r2, 439a <DMAC_0_Handler+0x66>
    4398:	4790      	blx	r2
    439a:	4b0b      	ldr	r3, [pc, #44]	; (43c8 <DMAC_0_Handler+0x94>)
    439c:	f893 205e 	ldrb.w	r2, [r3, #94]	; 0x5e
    43a0:	0751      	lsls	r1, r2, #29
    43a2:	bf44      	itt	mi
    43a4:	2204      	movmi	r2, #4
    43a6:	f883 205e 	strbmi.w	r2, [r3, #94]	; 0x5e
    43aa:	4b07      	ldr	r3, [pc, #28]	; (43c8 <DMAC_0_Handler+0x94>)
    43ac:	f893 205e 	ldrb.w	r2, [r3, #94]	; 0x5e
    43b0:	07d2      	lsls	r2, r2, #31
    43b2:	d508      	bpl.n	43c6 <DMAC_0_Handler+0x92>
    43b4:	4a05      	ldr	r2, [pc, #20]	; (43cc <DMAC_0_Handler+0x98>)
    43b6:	6912      	ldr	r2, [r2, #16]
    43b8:	2101      	movs	r1, #1
    43ba:	f883 105e 	strb.w	r1, [r3, #94]	; 0x5e
    43be:	b112      	cbz	r2, 43c6 <DMAC_0_Handler+0x92>
    43c0:	e8bd 4010 	ldmia.w	sp!, {r4, lr}
    43c4:	4710      	bx	r2
    43c6:	bd10      	pop	{r4, pc}
    43c8:	4100a000 	.word	0x4100a000
    43cc:	20002b8c 	.word	0x20002b8c
    43d0:	2000dd90 	.word	0x2000dd90

000043d4 <DMA_ChannelInit>:
    43d4:	b4f0      	push	{r4, r5, r6, r7}
    43d6:	1d04      	adds	r4, r0, #4
    43d8:	4e0e      	ldr	r6, [pc, #56]	; (4414 <DMA_ChannelInit+0x40>)
    43da:	4f0f      	ldr	r7, [pc, #60]	; (4418 <DMA_ChannelInit+0x44>)
    43dc:	0124      	lsls	r4, r4, #4
    43de:	0212      	lsls	r2, r2, #8
    43e0:	5935      	ldr	r5, [r6, r4]
    43e2:	f045 0501 	orr.w	r5, r5, #1
    43e6:	5135      	str	r5, [r6, r4]
    43e8:	4d0c      	ldr	r5, [pc, #48]	; (441c <DMA_ChannelInit+0x48>)
    43ea:	f847 3020 	str.w	r3, [r7, r0, lsl #2]
    43ee:	f402 42fe 	and.w	r2, r2, #32512	; 0x7f00
    43f2:	eb07 0780 	add.w	r7, r7, r0, lsl #2
    43f6:	f845 1020 	str.w	r1, [r5, r0, lsl #2]
    43fa:	eb06 1300 	add.w	r3, r6, r0, lsl #4
    43fe:	f442 1200 	orr.w	r2, r2, #2097152	; 0x200000
    4402:	9804      	ldr	r0, [sp, #16]
    4404:	60f8      	str	r0, [r7, #12]
    4406:	2107      	movs	r1, #7
    4408:	5132      	str	r2, [r6, r4]
    440a:	f883 104d 	strb.w	r1, [r3, #77]	; 0x4d
    440e:	bcf0      	pop	{r4, r5, r6, r7}
    4410:	4770      	bx	lr
    4412:	bf00      	nop
    4414:	4100a000 	.word	0x4100a000
    4418:	20002b8c 	.word	0x20002b8c
    441c:	2000e610 	.word	0x2000e610

00004420 <DMA_Send>:
    4420:	2802      	cmp	r0, #2
    4422:	d81b      	bhi.n	445c <DMA_Send+0x3c>
    4424:	f5b2 7f00 	cmp.w	r2, #512	; 0x200
    4428:	d818      	bhi.n	445c <DMA_Send+0x3c>
    442a:	e92d 41f0 	stmdb	sp!, {r4, r5, r6, r7, r8, lr}
    442e:	4c23      	ldr	r4, [pc, #140]	; (44bc <DMA_Send+0x9c>)
    4430:	f04f 4500 	mov.w	r5, #2147483648	; 0x80000000
    4434:	b084      	sub	sp, #16
    4436:	f8c4 5080 	str.w	r5, [r4, #128]	; 0x80
    443a:	f3bf 8f4f 	dsb	sy
    443e:	f3bf 8f6f 	isb	sy
    4442:	f8df e088 	ldr.w	lr, [pc, #136]	; 44cc <DMA_Send+0xac>
    4446:	f85e 7020 	ldr.w	r7, [lr, r0, lsl #2]
    444a:	b14f      	cbz	r7, 4460 <DMA_Send+0x40>
    444c:	2000      	movs	r0, #0
    444e:	4b1b      	ldr	r3, [pc, #108]	; (44bc <DMA_Send+0x9c>)
    4450:	f04f 4200 	mov.w	r2, #2147483648	; 0x80000000
    4454:	601a      	str	r2, [r3, #0]
    4456:	b004      	add	sp, #16
    4458:	e8bd 81f0 	ldmia.w	sp!, {r4, r5, r6, r7, r8, pc}
    445c:	2000      	movs	r0, #0
    445e:	4770      	bx	lr
    4460:	4b17      	ldr	r3, [pc, #92]	; (44c0 <DMA_Send+0xa0>)
    4462:	f8df 806c 	ldr.w	r8, [pc, #108]	; 44d0 <DMA_Send+0xb0>
    4466:	4604      	mov	r4, r0
    4468:	eb03 2340 	add.w	r3, r3, r0, lsl #9
    446c:	4618      	mov	r0, r3
    446e:	2601      	movs	r6, #1
    4470:	4615      	mov	r5, r2
    4472:	f84e 6024 	str.w	r6, [lr, r4, lsl #2]
    4476:	47c0      	blx	r8
    4478:	f240 4101 	movw	r1, #1025	; 0x401
    447c:	4a11      	ldr	r2, [pc, #68]	; (44c4 <DMA_Send+0xa4>)
    447e:	f8ad 1000 	strh.w	r1, [sp]
    4482:	4603      	mov	r3, r0
    4484:	f8ad 5002 	strh.w	r5, [sp, #2]
    4488:	f852 2024 	ldr.w	r2, [r2, r4, lsl #2]
    448c:	9202      	str	r2, [sp, #8]
    448e:	442b      	add	r3, r5
    4490:	9703      	str	r7, [sp, #12]
    4492:	9301      	str	r3, [sp, #4]
    4494:	ab04      	add	r3, sp, #16
    4496:	e913 000f 	ldmdb	r3, {r0, r1, r2, r3}
    449a:	4d0b      	ldr	r5, [pc, #44]	; (44c8 <DMA_Send+0xa8>)
    449c:	eb05 1504 	add.w	r5, r5, r4, lsl #4
    44a0:	e885 000f 	stmia.w	r5, {r0, r1, r2, r3}
    44a4:	0124      	lsls	r4, r4, #4
    44a6:	f104 4482 	add.w	r4, r4, #1090519040	; 0x41000000
    44aa:	f504 4420 	add.w	r4, r4, #40960	; 0xa000
    44ae:	4630      	mov	r0, r6
    44b0:	6c23      	ldr	r3, [r4, #64]	; 0x40
    44b2:	f043 0302 	orr.w	r3, r3, #2
    44b6:	6423      	str	r3, [r4, #64]	; 0x40
    44b8:	e7c9      	b.n	444e <DMA_Send+0x2e>
    44ba:	bf00      	nop
    44bc:	e000e100 	.word	0xe000e100
    44c0:	2000de10 	.word	0x2000de10
    44c4:	2000e610 	.word	0x2000e610
    44c8:	2000db90 	.word	0x2000db90
    44cc:	2000dd90 	.word	0x2000dd90
    44d0:	000103d7 	.word	0x000103d7

000044d4 <Mcp4728_Init>:
    44d4:	b5f8      	push	{r3, r4, r5, r6, r7, lr}
    44d6:	4b2b      	ldr	r3, [pc, #172]	; (4584 <Mcp4728_Init+0xb0>)
    44d8:	4f2b      	ldr	r7, [pc, #172]	; (4588 <Mcp4728_Init+0xb4>)
    44da:	4e2c      	ldr	r6, [pc, #176]	; (458c <Mcp4728_Init+0xb8>)
    44dc:	4c2c      	ldr	r4, [pc, #176]	; (4590 <Mcp4728_Init+0xbc>)
    44de:	4798      	blx	r3
    44e0:	4b2c      	ldr	r3, [pc, #176]	; (4594 <Mcp4728_Init+0xc0>)
    44e2:	482d      	ldr	r0, [pc, #180]	; (4598 <Mcp4728_Init+0xc4>)
    44e4:	4a2d      	ldr	r2, [pc, #180]	; (459c <Mcp4728_Init+0xc8>)
    44e6:	2504      	movs	r5, #4
    44e8:	f04f 4140 	mov.w	r1, #3221225472	; 0xc0000000
    44ec:	609d      	str	r5, [r3, #8]
    44ee:	6298      	str	r0, [r3, #40]	; 0x28
    44f0:	6299      	str	r1, [r3, #40]	; 0x28
    44f2:	f893 1042 	ldrb.w	r1, [r3, #66]	; 0x42
    44f6:	f001 01fb 	and.w	r1, r1, #251	; 0xfb
    44fa:	f883 1042 	strb.w	r1, [r3, #66]	; 0x42
    44fe:	f893 0042 	ldrb.w	r0, [r3, #66]	; 0x42
    4502:	2120      	movs	r1, #32
    4504:	f000 00fe 	and.w	r0, r0, #254	; 0xfe
    4508:	f883 0042 	strb.w	r0, [r3, #66]	; 0x42
    450c:	f8c3 5114 	str.w	r5, [r3, #276]	; 0x114
    4510:	6059      	str	r1, [r3, #4]
    4512:	629f      	str	r7, [r3, #40]	; 0x28
    4514:	629e      	str	r6, [r3, #40]	; 0x28
    4516:	6059      	str	r1, [r3, #4]
    4518:	f893 0045 	ldrb.w	r0, [r3, #69]	; 0x45
    451c:	4328      	orrs	r0, r5
    451e:	f883 0045 	strb.w	r0, [r3, #69]	; 0x45
    4522:	6199      	str	r1, [r3, #24]
    4524:	f893 1045 	ldrb.w	r1, [r3, #69]	; 0x45
    4528:	f001 01fe 	and.w	r1, r1, #254	; 0xfe
    452c:	f883 1045 	strb.w	r1, [r3, #69]	; 0x45
    4530:	4625      	mov	r5, r4
    4532:	2340      	movs	r3, #64	; 0x40
    4534:	f835 0b02 	ldrh.w	r0, [r5], #2
    4538:	7013      	strb	r3, [r2, #0]
    453a:	3302      	adds	r3, #2
    453c:	f3c0 2103 	ubfx	r1, r0, #8, #4
    4540:	b2db      	uxtb	r3, r3
    4542:	f061 017f 	orn	r1, r1, #127	; 0x7f
    4546:	2b48      	cmp	r3, #72	; 0x48
    4548:	7090      	strb	r0, [r2, #2]
    454a:	7051      	strb	r1, [r2, #1]
    454c:	f102 0203 	add.w	r2, r2, #3
    4550:	d1f0      	bne.n	4534 <Mcp4728_Init+0x60>
    4552:	220c      	movs	r2, #12
    4554:	4911      	ldr	r1, [pc, #68]	; (459c <Mcp4728_Init+0xc8>)
    4556:	4b12      	ldr	r3, [pc, #72]	; (45a0 <Mcp4728_Init+0xcc>)
    4558:	2060      	movs	r0, #96	; 0x60
    455a:	4798      	blx	r3
    455c:	2800      	cmp	r0, #0
    455e:	db09      	blt.n	4574 <Mcp4728_Init+0xa0>
    4560:	2501      	movs	r5, #1
    4562:	2002      	movs	r0, #2
    4564:	4b0f      	ldr	r3, [pc, #60]	; (45a4 <Mcp4728_Init+0xd0>)
    4566:	7225      	strb	r5, [r4, #8]
    4568:	4798      	blx	r3
    456a:	4b0f      	ldr	r3, [pc, #60]	; (45a8 <Mcp4728_Init+0xd4>)
    456c:	2200      	movs	r2, #0
    456e:	701a      	strb	r2, [r3, #0]
    4570:	4628      	mov	r0, r5
    4572:	bdf8      	pop	{r3, r4, r5, r6, r7, pc}
    4574:	4a0c      	ldr	r2, [pc, #48]	; (45a8 <Mcp4728_Init+0xd4>)
    4576:	4b0d      	ldr	r3, [pc, #52]	; (45ac <Mcp4728_Init+0xd8>)
    4578:	2103      	movs	r1, #3
    457a:	2002      	movs	r0, #2
    457c:	7011      	strb	r1, [r2, #0]
    457e:	4798      	blx	r3
    4580:	2000      	movs	r0, #0
    4582:	bdf8      	pop	{r3, r4, r5, r6, r7, pc}
    4584:	00005ab9 	.word	0x00005ab9
    4588:	40020020 	.word	0x40020020
    458c:	c0020000 	.word	0xc0020000
    4590:	20002ba4 	.word	0x20002ba4
    4594:	41008000 	.word	0x41008000
    4598:	40000004 	.word	0x40000004
    459c:	2000e690 	.word	0x2000e690
    45a0:	00005bad 	.word	0x00005bad
    45a4:	0000d79d 	.word	0x0000d79d
    45a8:	2000e6a1 	.word	0x2000e6a1
    45ac:	0000d78d 	.word	0x0000d78d

000045b0 <Mcp4728_InitReady>:
    45b0:	4b01      	ldr	r3, [pc, #4]	; (45b8 <Mcp4728_InitReady+0x8>)
    45b2:	7a18      	ldrb	r0, [r3, #8]
    45b4:	4770      	bx	lr
    45b6:	bf00      	nop
    45b8:	20002ba4 	.word	0x20002ba4

000045bc <Mcp4728_WriteDacs>:
    45bc:	4b18      	ldr	r3, [pc, #96]	; (4620 <Mcp4728_WriteDacs+0x64>)
    45be:	7a1a      	ldrb	r2, [r3, #8]
    45c0:	b510      	push	{r4, lr}
    45c2:	b352      	cbz	r2, 461a <Mcp4728_WriteDacs+0x5e>
    45c4:	4604      	mov	r4, r0
    45c6:	6800      	ldr	r0, [r0, #0]
    45c8:	6861      	ldr	r1, [r4, #4]
    45ca:	4a16      	ldr	r2, [pc, #88]	; (4624 <Mcp4728_WriteDacs+0x68>)
    45cc:	c303      	stmia	r3!, {r0, r1}
    45ce:	1ea3      	subs	r3, r4, #2
    45d0:	3406      	adds	r4, #6
    45d2:	8859      	ldrh	r1, [r3, #2]
    45d4:	f3c1 2103 	ubfx	r1, r1, #8, #4
    45d8:	7011      	strb	r1, [r2, #0]
    45da:	f833 1f02 	ldrh.w	r1, [r3, #2]!
    45de:	7051      	strb	r1, [r2, #1]
    45e0:	42a3      	cmp	r3, r4
    45e2:	f102 0202 	add.w	r2, r2, #2
    45e6:	d1f4      	bne.n	45d2 <Mcp4728_WriteDacs+0x16>
    45e8:	4a0f      	ldr	r2, [pc, #60]	; (4628 <Mcp4728_WriteDacs+0x6c>)
    45ea:	490e      	ldr	r1, [pc, #56]	; (4624 <Mcp4728_WriteDacs+0x68>)
    45ec:	4b0f      	ldr	r3, [pc, #60]	; (462c <Mcp4728_WriteDacs+0x70>)
    45ee:	2004      	movs	r0, #4
    45f0:	f8c2 0114 	str.w	r0, [r2, #276]	; 0x114
    45f4:	2208      	movs	r2, #8
    45f6:	2060      	movs	r0, #96	; 0x60
    45f8:	4798      	blx	r3
    45fa:	4604      	mov	r4, r0
    45fc:	b130      	cbz	r0, 460c <Mcp4728_WriteDacs+0x50>
    45fe:	4a0c      	ldr	r2, [pc, #48]	; (4630 <Mcp4728_WriteDacs+0x74>)
    4600:	7813      	ldrb	r3, [r2, #0]
    4602:	3301      	adds	r3, #1
    4604:	b2db      	uxtb	r3, r3
    4606:	2b02      	cmp	r3, #2
    4608:	7013      	strb	r3, [r2, #0]
    460a:	d801      	bhi.n	4610 <Mcp4728_WriteDacs+0x54>
    460c:	4620      	mov	r0, r4
    460e:	bd10      	pop	{r4, pc}
    4610:	2002      	movs	r0, #2
    4612:	4b08      	ldr	r3, [pc, #32]	; (4634 <Mcp4728_WriteDacs+0x78>)
    4614:	4798      	blx	r3
    4616:	4620      	mov	r0, r4
    4618:	bd10      	pop	{r4, pc}
    461a:	f06f 0463 	mvn.w	r4, #99	; 0x63
    461e:	e7f5      	b.n	460c <Mcp4728_WriteDacs+0x50>
    4620:	20002ba4 	.word	0x20002ba4
    4624:	2000e690 	.word	0x2000e690
    4628:	41008000 	.word	0x41008000
    462c:	00005bad 	.word	0x00005bad
    4630:	2000e6a1 	.word	0x2000e6a1
    4634:	0000d78d 	.word	0x0000d78d

00004638 <Izi_OutputSet>:
    4638:	29ff      	cmp	r1, #255	; 0xff
    463a:	dc01      	bgt.n	4640 <Izi_OutputSet+0x8>
    463c:	2801      	cmp	r0, #1
    463e:	d901      	bls.n	4644 <Izi_OutputSet+0xc>
    4640:	2000      	movs	r0, #0
    4642:	4770      	bx	lr
    4644:	b410      	push	{r4}
    4646:	4c0a      	ldr	r4, [pc, #40]	; (4670 <Izi_OutputSet+0x38>)
    4648:	0203      	lsls	r3, r0, #8
    464a:	18e0      	adds	r0, r4, r3
    464c:	4423      	add	r3, r4
    464e:	5c40      	ldrb	r0, [r0, r1]
    4650:	4c08      	ldr	r4, [pc, #32]	; (4674 <Izi_OutputSet+0x3c>)
    4652:	545a      	strb	r2, [r3, r1]
    4654:	4290      	cmp	r0, r2
    4656:	4808      	ldr	r0, [pc, #32]	; (4678 <Izi_OutputSet+0x40>)
    4658:	bf18      	it	ne
    465a:	5442      	strbne	r2, [r0, r1]
    465c:	f04f 0301 	mov.w	r3, #1
    4660:	bf08      	it	eq
    4662:	5c40      	ldrbeq	r0, [r0, r1]
    4664:	7023      	strb	r3, [r4, #0]
    4666:	bf18      	it	ne
    4668:	4610      	movne	r0, r2
    466a:	f85d 4b04 	ldr.w	r4, [sp], #4
    466e:	4770      	bx	lr
    4670:	2000e7a4 	.word	0x2000e7a4
    4674:	20002bb0 	.word	0x20002bb0
    4678:	2000e6a4 	.word	0x2000e6a4

0000467c <Izi_OutputSetAll>:
    467c:	29ff      	cmp	r1, #255	; 0xff
    467e:	dc16      	bgt.n	46ae <Izi_OutputSetAll+0x32>
    4680:	b470      	push	{r4, r5, r6}
    4682:	4b0f      	ldr	r3, [pc, #60]	; (46c0 <Izi_OutputSetAll+0x44>)
    4684:	4c0f      	ldr	r4, [pc, #60]	; (46c4 <Izi_OutputSetAll+0x48>)
    4686:	5c58      	ldrb	r0, [r3, r1]
    4688:	4290      	cmp	r0, r2
    468a:	d000      	beq.n	468e <Izi_OutputSetAll+0x12>
    468c:	5462      	strb	r2, [r4, r1]
    468e:	545a      	strb	r2, [r3, r1]
    4690:	1858      	adds	r0, r3, r1
    4692:	4d0d      	ldr	r5, [pc, #52]	; (46c8 <Izi_OutputSetAll+0x4c>)
    4694:	f890 0100 	ldrb.w	r0, [r0, #256]	; 0x100
    4698:	2601      	movs	r6, #1
    469a:	4290      	cmp	r0, r2
    469c:	702e      	strb	r6, [r5, #0]
    469e:	d008      	beq.n	46b2 <Izi_OutputSetAll+0x36>
    46a0:	5462      	strb	r2, [r4, r1]
    46a2:	4419      	add	r1, r3
    46a4:	4610      	mov	r0, r2
    46a6:	f881 2100 	strb.w	r2, [r1, #256]	; 0x100
    46aa:	bc70      	pop	{r4, r5, r6}
    46ac:	4770      	bx	lr
    46ae:	2000      	movs	r0, #0
    46b0:	4770      	bx	lr
    46b2:	5c60      	ldrb	r0, [r4, r1]
    46b4:	4419      	add	r1, r3
    46b6:	f881 2100 	strb.w	r2, [r1, #256]	; 0x100
    46ba:	bc70      	pop	{r4, r5, r6}
    46bc:	4770      	bx	lr
    46be:	bf00      	nop
    46c0:	2000e7a4 	.word	0x2000e7a4
    46c4:	2000e6a4 	.word	0x2000e6a4
    46c8:	20002bb0 	.word	0x20002bb0

000046cc <Izi_OutputSetBuffer>:
    46cc:	b5f0      	push	{r4, r5, r6, r7, lr}
    46ce:	b303      	cbz	r3, 4712 <Izi_OutputSetBuffer+0x46>
    46d0:	4e11      	ldr	r6, [pc, #68]	; (4718 <Izi_OutputSetBuffer+0x4c>)
    46d2:	4d12      	ldr	r5, [pc, #72]	; (471c <Izi_OutputSetBuffer+0x50>)
    46d4:	f8df e048 	ldr.w	lr, [pc, #72]	; 4720 <Izi_OutputSetBuffer+0x54>
    46d8:	eb01 2400 	add.w	r4, r1, r0, lsl #8
    46dc:	440b      	add	r3, r1
    46de:	4434      	add	r4, r6
    46e0:	2701      	movs	r7, #1
    46e2:	29ff      	cmp	r1, #255	; 0xff
    46e4:	dc01      	bgt.n	46ea <Izi_OutputSetBuffer+0x1e>
    46e6:	2801      	cmp	r0, #1
    46e8:	d909      	bls.n	46fe <Izi_OutputSetBuffer+0x32>
    46ea:	3101      	adds	r1, #1
    46ec:	4299      	cmp	r1, r3
    46ee:	f104 0401 	add.w	r4, r4, #1
    46f2:	f102 0201 	add.w	r2, r2, #1
    46f6:	d1f4      	bne.n	46e2 <Izi_OutputSetBuffer+0x16>
    46f8:	2301      	movs	r3, #1
    46fa:	702b      	strb	r3, [r5, #0]
    46fc:	bdf0      	pop	{r4, r5, r6, r7, pc}
    46fe:	7816      	ldrb	r6, [r2, #0]
    4700:	f894 c000 	ldrb.w	ip, [r4]
    4704:	702f      	strb	r7, [r5, #0]
    4706:	45b4      	cmp	ip, r6
    4708:	bf18      	it	ne
    470a:	f801 600e 	strbne.w	r6, [r1, lr]
    470e:	7026      	strb	r6, [r4, #0]
    4710:	e7eb      	b.n	46ea <Izi_OutputSetBuffer+0x1e>
    4712:	4d02      	ldr	r5, [pc, #8]	; (471c <Izi_OutputSetBuffer+0x50>)
    4714:	e7f0      	b.n	46f8 <Izi_OutputSetBuffer+0x2c>
    4716:	bf00      	nop
    4718:	2000e7a4 	.word	0x2000e7a4
    471c:	20002bb0 	.word	0x20002bb0
    4720:	2000e6a4 	.word	0x2000e6a4

00004724 <Izi_OutputGet>:
    4724:	28ff      	cmp	r0, #255	; 0xff
    4726:	bfda      	itte	le
    4728:	4b01      	ldrle	r3, [pc, #4]	; (4730 <Izi_OutputGet+0xc>)
    472a:	5c18      	ldrble	r0, [r3, r0]
    472c:	2000      	movgt	r0, #0
    472e:	4770      	bx	lr
    4730:	2000e6a4 	.word	0x2000e6a4

00004734 <iziplus_data_Dcbm1Rx>:
    4734:	b538      	push	{r3, r4, r5, lr}
    4736:	4c67      	ldr	r4, [pc, #412]	; (48d4 <iziplus_data_Dcbm1Rx+0x1a0>)
    4738:	7823      	ldrb	r3, [r4, #0]
    473a:	b913      	cbnz	r3, 4742 <iziplus_data_Dcbm1Rx+0xe>
    473c:	28ab      	cmp	r0, #171	; 0xab
    473e:	f000 8097 	beq.w	4870 <iziplus_data_Dcbm1Rx+0x13c>
    4742:	7823      	ldrb	r3, [r4, #0]
    4744:	b12b      	cbz	r3, 4752 <iziplus_data_Dcbm1Rx+0x1e>
    4746:	28ba      	cmp	r0, #186	; 0xba
    4748:	f04f 0300 	mov.w	r3, #0
    474c:	f000 808a 	beq.w	4864 <iziplus_data_Dcbm1Rx+0x130>
    4750:	7023      	strb	r3, [r4, #0]
    4752:	7923      	ldrb	r3, [r4, #4]
    4754:	2b00      	cmp	r3, #0
    4756:	d07b      	beq.n	4850 <iziplus_data_Dcbm1Rx+0x11c>
    4758:	8863      	ldrh	r3, [r4, #2]
    475a:	b29b      	uxth	r3, r3
    475c:	f5b3 7f03 	cmp.w	r3, #524	; 0x20c
    4760:	d276      	bcs.n	4850 <iziplus_data_Dcbm1Rx+0x11c>
    4762:	79a3      	ldrb	r3, [r4, #6]
    4764:	7962      	ldrb	r2, [r4, #5]
    4766:	495c      	ldr	r1, [pc, #368]	; (48d8 <iziplus_data_Dcbm1Rx+0x1a4>)
    4768:	f44f 7503 	mov.w	r5, #524	; 0x20c
    476c:	2a02      	cmp	r2, #2
    476e:	fb05 1303 	mla	r3, r5, r3, r1
    4772:	f000 8089 	beq.w	4888 <iziplus_data_Dcbm1Rx+0x154>
    4776:	7962      	ldrb	r2, [r4, #5]
    4778:	2a01      	cmp	r2, #1
    477a:	f000 80a4 	beq.w	48c6 <iziplus_data_Dcbm1Rx+0x192>
    477e:	7962      	ldrb	r2, [r4, #5]
    4780:	2a00      	cmp	r2, #0
    4782:	d07c      	beq.n	487e <iziplus_data_Dcbm1Rx+0x14a>
    4784:	2200      	movs	r2, #0
    4786:	7162      	strb	r2, [r4, #5]
    4788:	8862      	ldrh	r2, [r4, #2]
    478a:	b292      	uxth	r2, r2
    478c:	1c51      	adds	r1, r2, #1
    478e:	b289      	uxth	r1, r1
    4790:	8061      	strh	r1, [r4, #2]
    4792:	8861      	ldrh	r1, [r4, #2]
    4794:	5498      	strb	r0, [r3, r2]
    4796:	b28b      	uxth	r3, r1
    4798:	2b0e      	cmp	r3, #14
    479a:	f000 8085 	beq.w	48a8 <iziplus_data_Dcbm1Rx+0x174>
    479e:	8863      	ldrh	r3, [r4, #2]
    47a0:	b29b      	uxth	r3, r3
    47a2:	2b0d      	cmp	r3, #13
    47a4:	d95d      	bls.n	4862 <iziplus_data_Dcbm1Rx+0x12e>
    47a6:	79a2      	ldrb	r2, [r4, #6]
    47a8:	8863      	ldrh	r3, [r4, #2]
    47aa:	f44f 7103 	mov.w	r1, #524	; 0x20c
    47ae:	fb01 4202 	mla	r2, r1, r2, r4
    47b2:	b29b      	uxth	r3, r3
    47b4:	8a52      	ldrh	r2, [r2, #18]
    47b6:	3b0d      	subs	r3, #13
    47b8:	f3c2 020b 	ubfx	r2, r2, #0, #12
    47bc:	4293      	cmp	r3, r2
    47be:	dd50      	ble.n	4862 <iziplus_data_Dcbm1Rx+0x12e>
    47c0:	2300      	movs	r3, #0
    47c2:	7023      	strb	r3, [r4, #0]
    47c4:	8063      	strh	r3, [r4, #2]
    47c6:	7123      	strb	r3, [r4, #4]
    47c8:	79a3      	ldrb	r3, [r4, #6]
    47ca:	eb04 0383 	add.w	r3, r4, r3, lsl #2
    47ce:	f8d3 3838 	ldr.w	r3, [r3, #2104]	; 0x838
    47d2:	b123      	cbz	r3, 47de <iziplus_data_Dcbm1Rx+0xaa>
    47d4:	f894 3848 	ldrb.w	r3, [r4, #2120]	; 0x848
    47d8:	3301      	adds	r3, #1
    47da:	f884 3848 	strb.w	r3, [r4, #2120]	; 0x848
    47de:	f8b4 384a 	ldrh.w	r3, [r4, #2122]	; 0x84a
    47e2:	b29b      	uxth	r3, r3
    47e4:	b143      	cbz	r3, 47f8 <iziplus_data_Dcbm1Rx+0xc4>
    47e6:	f8b4 384c 	ldrh.w	r3, [r4, #2124]	; 0x84c
    47ea:	3301      	adds	r3, #1
    47ec:	b29b      	uxth	r3, r3
    47ee:	2200      	movs	r2, #0
    47f0:	f8a4 384c 	strh.w	r3, [r4, #2124]	; 0x84c
    47f4:	f8a4 284a 	strh.w	r2, [r4, #2122]	; 0x84a
    47f8:	79a5      	ldrb	r5, [r4, #6]
    47fa:	4b38      	ldr	r3, [pc, #224]	; (48dc <iziplus_data_Dcbm1Rx+0x1a8>)
    47fc:	4798      	blx	r3
    47fe:	b2ed      	uxtb	r5, r5
    4800:	79a3      	ldrb	r3, [r4, #6]
    4802:	eb04 0585 	add.w	r5, r4, r5, lsl #2
    4806:	eb04 0383 	add.w	r3, r4, r3, lsl #2
    480a:	f8c5 0838 	str.w	r0, [r5, #2104]	; 0x838
    480e:	f8d3 3838 	ldr.w	r3, [r3, #2104]	; 0x838
    4812:	b93b      	cbnz	r3, 4824 <iziplus_data_Dcbm1Rx+0xf0>
    4814:	79a3      	ldrb	r3, [r4, #6]
    4816:	eb04 0383 	add.w	r3, r4, r3, lsl #2
    481a:	f8d3 2838 	ldr.w	r2, [r3, #2104]	; 0x838
    481e:	3201      	adds	r2, #1
    4820:	f8c3 2838 	str.w	r2, [r3, #2104]	; 0x838
    4824:	79a3      	ldrb	r3, [r4, #6]
    4826:	f8d4 0850 	ldr.w	r0, [r4, #2128]	; 0x850
    482a:	3301      	adds	r3, #1
    482c:	b2db      	uxtb	r3, r3
    482e:	2b03      	cmp	r3, #3
    4830:	71a3      	strb	r3, [r4, #6]
    4832:	bf84      	itt	hi
    4834:	2300      	movhi	r3, #0
    4836:	71a3      	strbhi	r3, [r4, #6]
    4838:	2100      	movs	r1, #0
    483a:	4b29      	ldr	r3, [pc, #164]	; (48e0 <iziplus_data_Dcbm1Rx+0x1ac>)
    483c:	4798      	blx	r3
    483e:	4b29      	ldr	r3, [pc, #164]	; (48e4 <iziplus_data_Dcbm1Rx+0x1b0>)
    4840:	f04f 5280 	mov.w	r2, #268435456	; 0x10000000
    4844:	601a      	str	r2, [r3, #0]
    4846:	f3bf 8f4f 	dsb	sy
    484a:	f3bf 8f6f 	isb	sy
    484e:	bd38      	pop	{r3, r4, r5, pc}
    4850:	7823      	ldrb	r3, [r4, #0]
    4852:	b933      	cbnz	r3, 4862 <iziplus_data_Dcbm1Rx+0x12e>
    4854:	f8b4 384a 	ldrh.w	r3, [r4, #2122]	; 0x84a
    4858:	3301      	adds	r3, #1
    485a:	b29b      	uxth	r3, r3
    485c:	f8a4 384a 	strh.w	r3, [r4, #2122]	; 0x84a
    4860:	bd38      	pop	{r3, r4, r5, pc}
    4862:	bd38      	pop	{r3, r4, r5, pc}
    4864:	2201      	movs	r2, #1
    4866:	8063      	strh	r3, [r4, #2]
    4868:	7023      	strb	r3, [r4, #0]
    486a:	7122      	strb	r2, [r4, #4]
    486c:	7163      	strb	r3, [r4, #5]
    486e:	bd38      	pop	{r3, r4, r5, pc}
    4870:	2301      	movs	r3, #1
    4872:	7023      	strb	r3, [r4, #0]
    4874:	7923      	ldrb	r3, [r4, #4]
    4876:	2b00      	cmp	r3, #0
    4878:	f47f af6e 	bne.w	4758 <iziplus_data_Dcbm1Rx+0x24>
    487c:	e7e8      	b.n	4850 <iziplus_data_Dcbm1Rx+0x11c>
    487e:	28ac      	cmp	r0, #172	; 0xac
    4880:	d180      	bne.n	4784 <iziplus_data_Dcbm1Rx+0x50>
    4882:	2201      	movs	r2, #1
    4884:	7162      	strb	r2, [r4, #5]
    4886:	e77f      	b.n	4788 <iziplus_data_Dcbm1Rx+0x54>
    4888:	b958      	cbnz	r0, 48a2 <iziplus_data_Dcbm1Rx+0x16e>
    488a:	8861      	ldrh	r1, [r4, #2]
    488c:	8862      	ldrh	r2, [r4, #2]
    488e:	fa13 f181 	uxtah	r1, r3, r1
    4892:	fa13 f382 	uxtah	r3, r3, r2
    4896:	20ba      	movs	r0, #186	; 0xba
    4898:	22ab      	movs	r2, #171	; 0xab
    489a:	f801 0c01 	strb.w	r0, [r1, #-1]
    489e:	f803 2c02 	strb.w	r2, [r3, #-2]
    48a2:	2300      	movs	r3, #0
    48a4:	7163      	strb	r3, [r4, #5]
    48a6:	bd38      	pop	{r3, r4, r5, pc}
    48a8:	79a3      	ldrb	r3, [r4, #6]
    48aa:	f44f 7203 	mov.w	r2, #524	; 0x20c
    48ae:	fb02 4303 	mla	r3, r2, r3, r4
    48b2:	8a5b      	ldrh	r3, [r3, #18]
    48b4:	f3c3 030b 	ubfx	r3, r3, #0, #12
    48b8:	f5b3 7f00 	cmp.w	r3, #512	; 0x200
    48bc:	f67f af6f 	bls.w	479e <iziplus_data_Dcbm1Rx+0x6a>
    48c0:	2300      	movs	r3, #0
    48c2:	7123      	strb	r3, [r4, #4]
    48c4:	bd38      	pop	{r3, r4, r5, pc}
    48c6:	28dc      	cmp	r0, #220	; 0xdc
    48c8:	f47f af59 	bne.w	477e <iziplus_data_Dcbm1Rx+0x4a>
    48cc:	2202      	movs	r2, #2
    48ce:	7162      	strb	r2, [r4, #5]
    48d0:	e75a      	b.n	4788 <iziplus_data_Dcbm1Rx+0x54>
    48d2:	bf00      	nop
    48d4:	20002bb8 	.word	0x20002bb8
    48d8:	20002bc0 	.word	0x20002bc0
    48dc:	0000f461 	.word	0x0000f461
    48e0:	0000ec45 	.word	0x0000ec45
    48e4:	e000ed04 	.word	0xe000ed04

000048e8 <iziplus_dataframe_sendrsp.part.1>:
    48e8:	e92d 43f0 	stmdb	sp!, {r4, r5, r6, r7, r8, r9, lr}
    48ec:	f5ad 7d05 	sub.w	sp, sp, #532	; 0x214
    48f0:	461c      	mov	r4, r3
    48f2:	f8bd 300e 	ldrh.w	r3, [sp, #14]
    48f6:	4e38      	ldr	r6, [pc, #224]	; (49d8 <iziplus_dataframe_sendrsp.part.1+0xf0>)
    48f8:	9001      	str	r0, [sp, #4]
    48fa:	f364 030b 	bfi	r3, r4, #0, #12
    48fe:	0a1d      	lsrs	r5, r3, #8
    4900:	2001      	movs	r0, #1
    4902:	6837      	ldr	r7, [r6, #0]
    4904:	9702      	str	r7, [sp, #8]
    4906:	f360 1507 	bfi	r5, r0, #4, #4
    490a:	f8ad 300e 	strh.w	r3, [sp, #14]
    490e:	f8ad 100c 	strh.w	r1, [sp, #12]
    4912:	f88d 500f 	strb.w	r5, [sp, #15]
    4916:	4611      	mov	r1, r2
    4918:	a804      	add	r0, sp, #16
    491a:	4622      	mov	r2, r4
    491c:	4f2f      	ldr	r7, [pc, #188]	; (49dc <iziplus_dataframe_sendrsp.part.1+0xf4>)
    491e:	9d8c      	ldr	r5, [sp, #560]	; 0x230
    4920:	47b8      	blx	r7
    4922:	f104 010c 	add.w	r1, r4, #12
    4926:	b289      	uxth	r1, r1
    4928:	2200      	movs	r2, #0
    492a:	4b2d      	ldr	r3, [pc, #180]	; (49e0 <iziplus_dataframe_sendrsp.part.1+0xf8>)
    492c:	a801      	add	r0, sp, #4
    492e:	4798      	blx	r3
    4930:	f104 0610 	add.w	r6, r4, #16
    4934:	ab01      	add	r3, sp, #4
    4936:	43c0      	mvns	r0, r0
    4938:	441c      	add	r4, r3
    493a:	b280      	uxth	r0, r0
    493c:	b2b6      	uxth	r6, r6
    493e:	0a01      	lsrs	r1, r0, #8
    4940:	22ab      	movs	r2, #171	; 0xab
    4942:	23ba      	movs	r3, #186	; 0xba
    4944:	2e02      	cmp	r6, #2
    4946:	7360      	strb	r0, [r4, #13]
    4948:	7321      	strb	r1, [r4, #12]
    494a:	702a      	strb	r2, [r5, #0]
    494c:	706b      	strb	r3, [r5, #1]
    494e:	dd40      	ble.n	49d2 <iziplus_dataframe_sendrsp.part.1+0xea>
    4950:	f04f 0900 	mov.w	r9, #0
    4954:	ac01      	add	r4, sp, #4
    4956:	3e02      	subs	r6, #2
    4958:	4426      	add	r6, r4
    495a:	4649      	mov	r1, r9
    495c:	46c8      	mov	r8, r9
    495e:	2002      	movs	r0, #2
    4960:	f04f 0cac 	mov.w	ip, #172	; 0xac
    4964:	f04f 0edc 	mov.w	lr, #220	; 0xdc
    4968:	2710      	movs	r7, #16
    496a:	e012      	b.n	4992 <iziplus_dataframe_sendrsp.part.1+0xaa>
    496c:	f1a3 01ac 	sub.w	r1, r3, #172	; 0xac
    4970:	fab1 f181 	clz	r1, r1
    4974:	0949      	lsrs	r1, r1, #5
    4976:	f1b9 0f00 	cmp.w	r9, #0
    497a:	d001      	beq.n	4980 <iziplus_dataframe_sendrsp.part.1+0x98>
    497c:	2bba      	cmp	r3, #186	; 0xba
    497e:	d016      	beq.n	49ae <iziplus_dataframe_sendrsp.part.1+0xc6>
    4980:	f1a3 09ab 	sub.w	r9, r3, #171	; 0xab
    4984:	fab9 f989 	clz	r9, r9
    4988:	42a6      	cmp	r6, r4
    498a:	ea4f 1959 	mov.w	r9, r9, lsr #5
    498e:	4610      	mov	r0, r2
    4990:	d01b      	beq.n	49ca <iziplus_dataframe_sendrsp.part.1+0xe2>
    4992:	f814 3b01 	ldrb.w	r3, [r4], #1
    4996:	542b      	strb	r3, [r5, r0]
    4998:	1c42      	adds	r2, r0, #1
    499a:	b292      	uxth	r2, r2
    499c:	2900      	cmp	r1, #0
    499e:	d0e5      	beq.n	496c <iziplus_dataframe_sendrsp.part.1+0x84>
    49a0:	2bdc      	cmp	r3, #220	; 0xdc
    49a2:	d1e3      	bne.n	496c <iziplus_dataframe_sendrsp.part.1+0x84>
    49a4:	3002      	adds	r0, #2
    49a6:	54af      	strb	r7, [r5, r2]
    49a8:	2100      	movs	r1, #0
    49aa:	b282      	uxth	r2, r0
    49ac:	e7e8      	b.n	4980 <iziplus_dataframe_sendrsp.part.1+0x98>
    49ae:	18ab      	adds	r3, r5, r2
    49b0:	3002      	adds	r0, #2
    49b2:	f04f 0900 	mov.w	r9, #0
    49b6:	42a6      	cmp	r6, r4
    49b8:	f803 cc02 	strb.w	ip, [r3, #-2]
    49bc:	f803 ec01 	strb.w	lr, [r3, #-1]
    49c0:	b280      	uxth	r0, r0
    49c2:	f805 8002 	strb.w	r8, [r5, r2]
    49c6:	4649      	mov	r1, r9
    49c8:	d1e3      	bne.n	4992 <iziplus_dataframe_sendrsp.part.1+0xaa>
    49ca:	f50d 7d05 	add.w	sp, sp, #532	; 0x214
    49ce:	e8bd 83f0 	ldmia.w	sp!, {r4, r5, r6, r7, r8, r9, pc}
    49d2:	2002      	movs	r0, #2
    49d4:	e7f9      	b.n	49ca <iziplus_dataframe_sendrsp.part.1+0xe2>
    49d6:	bf00      	nop
    49d8:	00804020 	.word	0x00804020
    49dc:	000103d7 	.word	0x000103d7
    49e0:	0000fffd 	.word	0x0000fffd

000049e4 <iziplus_dataframe_init>:
    49e4:	b510      	push	{r4, lr}
    49e6:	4c11      	ldr	r4, [pc, #68]	; (4a2c <iziplus_dataframe_init+0x48>)
    49e8:	f8d4 1850 	ldr.w	r1, [r4, #2128]	; 0x850
    49ec:	f8a4 0854 	strh.w	r0, [r4, #2132]	; 0x854
    49f0:	b082      	sub	sp, #8
    49f2:	b139      	cbz	r1, 4a04 <iziplus_dataframe_init+0x20>
    49f4:	4b0e      	ldr	r3, [pc, #56]	; (4a30 <iziplus_dataframe_init+0x4c>)
    49f6:	480f      	ldr	r0, [pc, #60]	; (4a34 <iziplus_dataframe_init+0x50>)
    49f8:	4798      	blx	r3
    49fa:	f8d4 3858 	ldr.w	r3, [r4, #2136]	; 0x858
    49fe:	b143      	cbz	r3, 4a12 <iziplus_dataframe_init+0x2e>
    4a00:	b002      	add	sp, #8
    4a02:	bd10      	pop	{r4, pc}
    4a04:	2203      	movs	r2, #3
    4a06:	2001      	movs	r0, #1
    4a08:	4b0b      	ldr	r3, [pc, #44]	; (4a38 <iziplus_dataframe_init+0x54>)
    4a0a:	4798      	blx	r3
    4a0c:	f8c4 0850 	str.w	r0, [r4, #2128]	; 0x850
    4a10:	e7f0      	b.n	49f4 <iziplus_dataframe_init+0x10>
    4a12:	4a0a      	ldr	r2, [pc, #40]	; (4a3c <iziplus_dataframe_init+0x58>)
    4a14:	9201      	str	r2, [sp, #4]
    4a16:	2205      	movs	r2, #5
    4a18:	9200      	str	r2, [sp, #0]
    4a1a:	4909      	ldr	r1, [pc, #36]	; (4a40 <iziplus_dataframe_init+0x5c>)
    4a1c:	4809      	ldr	r0, [pc, #36]	; (4a44 <iziplus_dataframe_init+0x60>)
    4a1e:	4c0a      	ldr	r4, [pc, #40]	; (4a48 <iziplus_dataframe_init+0x64>)
    4a20:	f44f 7280 	mov.w	r2, #256	; 0x100
    4a24:	47a0      	blx	r4
    4a26:	2801      	cmp	r0, #1
    4a28:	d0ea      	beq.n	4a00 <iziplus_dataframe_init+0x1c>
    4a2a:	e7fe      	b.n	4a2a <iziplus_dataframe_init+0x46>
    4a2c:	20002bb8 	.word	0x20002bb8
    4a30:	000054c1 	.word	0x000054c1
    4a34:	00004735 	.word	0x00004735
    4a38:	0000e93d 	.word	0x0000e93d
    4a3c:	20003410 	.word	0x20003410
    4a40:	00010d04 	.word	0x00010d04
    4a44:	00004ba1 	.word	0x00004ba1
    4a48:	0000f19d 	.word	0x0000f19d

00004a4c <iziplus_dataframe_set_rx_callback>:
    4a4c:	4b01      	ldr	r3, [pc, #4]	; (4a54 <iziplus_dataframe_set_rx_callback+0x8>)
    4a4e:	f8c3 085c 	str.w	r0, [r3, #2140]	; 0x85c
    4a52:	4770      	bx	lr
    4a54:	20002bb8 	.word	0x20002bb8

00004a58 <iziplus_dataframe_set_rxidle_callback>:
    4a58:	4b01      	ldr	r3, [pc, #4]	; (4a60 <iziplus_dataframe_set_rxidle_callback+0x8>)
    4a5a:	f8c3 0860 	str.w	r0, [r3, #2144]	; 0x860
    4a5e:	4770      	bx	lr
    4a60:	20002bb8 	.word	0x20002bb8

00004a64 <iziplus_data_comquality>:
    4a64:	4b01      	ldr	r3, [pc, #4]	; (4a6c <iziplus_data_comquality+0x8>)
    4a66:	7818      	ldrb	r0, [r3, #0]
    4a68:	4770      	bx	lr
    4a6a:	bf00      	nop
    4a6c:	20002200 	.word	0x20002200

00004a70 <iziplus_data_handle_rx>:
    4a70:	b570      	push	{r4, r5, r6, lr}
    4a72:	6805      	ldr	r5, [r0, #0]
    4a74:	1c6b      	adds	r3, r5, #1
    4a76:	b082      	sub	sp, #8
    4a78:	4604      	mov	r4, r0
    4a7a:	d01f      	beq.n	4abc <iziplus_data_handle_rx+0x4c>
    4a7c:	4b41      	ldr	r3, [pc, #260]	; (4b84 <iziplus_data_handle_rx+0x114>)
    4a7e:	4798      	blx	r3
    4a80:	4285      	cmp	r5, r0
    4a82:	d01b      	beq.n	4abc <iziplus_data_handle_rx+0x4c>
    4a84:	7b63      	ldrb	r3, [r4, #13]
    4a86:	4d40      	ldr	r5, [pc, #256]	; (4b88 <iziplus_data_handle_rx+0x118>)
    4a88:	f003 020f 	and.w	r2, r3, #15
    4a8c:	2101      	movs	r1, #1
    4a8e:	2a04      	cmp	r2, #4
    4a90:	d10b      	bne.n	4aaa <iziplus_data_handle_rx+0x3a>
    4a92:	4b3e      	ldr	r3, [pc, #248]	; (4b8c <iziplus_data_handle_rx+0x11c>)
    4a94:	6862      	ldr	r2, [r4, #4]
    4a96:	681b      	ldr	r3, [r3, #0]
    4a98:	429a      	cmp	r2, r3
    4a9a:	7b63      	ldrb	r3, [r4, #13]
    4a9c:	bf16      	itet	ne
    4a9e:	2202      	movne	r2, #2
    4aa0:	f36f 0303 	bfceq	r3, #0, #4
    4aa4:	f362 0303 	bfine	r3, r2, #0, #4
    4aa8:	7363      	strb	r3, [r4, #13]
    4aaa:	f8d5 385c 	ldr.w	r3, [r5, #2140]	; 0x85c
    4aae:	2b00      	cmp	r3, #0
    4ab0:	d03f      	beq.n	4b32 <iziplus_data_handle_rx+0xc2>
    4ab2:	4620      	mov	r0, r4
    4ab4:	b002      	add	sp, #8
    4ab6:	e8bd 4070 	ldmia.w	sp!, {r4, r5, r6, lr}
    4aba:	4718      	bx	r3
    4abc:	7b63      	ldrb	r3, [r4, #13]
    4abe:	f003 010d 	and.w	r1, r3, #13
    4ac2:	2901      	cmp	r1, #1
    4ac4:	d037      	beq.n	4b36 <iziplus_data_handle_rx+0xc6>
    4ac6:	8921      	ldrh	r1, [r4, #8]
    4ac8:	f64f 70ff 	movw	r0, #65535	; 0xffff
    4acc:	4281      	cmp	r1, r0
    4ace:	f003 020f 	and.w	r2, r3, #15
    4ad2:	d043      	beq.n	4b5c <iziplus_data_handle_rx+0xec>
    4ad4:	4d2c      	ldr	r5, [pc, #176]	; (4b88 <iziplus_data_handle_rx+0x118>)
    4ad6:	f8b5 3854 	ldrh.w	r3, [r5, #2132]	; 0x854
    4ada:	f023 031f 	bic.w	r3, r3, #31
    4ade:	041b      	lsls	r3, r3, #16
    4ae0:	f647 70e0 	movw	r0, #32736	; 0x7fe0
    4ae4:	0c1b      	lsrs	r3, r3, #16
    4ae6:	4001      	ands	r1, r0
    4ae8:	4299      	cmp	r1, r3
    4aea:	d026      	beq.n	4b3a <iziplus_data_handle_rx+0xca>
    4aec:	2101      	movs	r1, #1
    4aee:	7b20      	ldrb	r0, [r4, #12]
    4af0:	f895 3864 	ldrb.w	r3, [r5, #2148]	; 0x864
    4af4:	4283      	cmp	r3, r0
    4af6:	d92b      	bls.n	4b50 <iziplus_data_handle_rx+0xe0>
    4af8:	4e25      	ldr	r6, [pc, #148]	; (4b90 <iziplus_data_handle_rx+0x120>)
    4afa:	7873      	ldrb	r3, [r6, #1]
    4afc:	2b00      	cmp	r3, #0
    4afe:	d130      	bne.n	4b62 <iziplus_data_handle_rx+0xf2>
    4b00:	f8b5 2866 	ldrh.w	r2, [r5, #2150]	; 0x866
    4b04:	2364      	movs	r3, #100	; 0x64
    4b06:	fb03 f302 	mul.w	r3, r3, r2
    4b0a:	f3c3 2307 	ubfx	r3, r3, #8, #8
    4b0e:	2b22      	cmp	r3, #34	; 0x22
    4b10:	7033      	strb	r3, [r6, #0]
    4b12:	d929      	bls.n	4b68 <iziplus_data_handle_rx+0xf8>
    4b14:	4b1f      	ldr	r3, [pc, #124]	; (4b94 <iziplus_data_handle_rx+0x124>)
    4b16:	9101      	str	r1, [sp, #4]
    4b18:	2005      	movs	r0, #5
    4b1a:	4798      	blx	r3
    4b1c:	7b63      	ldrb	r3, [r4, #13]
    4b1e:	7b20      	ldrb	r0, [r4, #12]
    4b20:	9901      	ldr	r1, [sp, #4]
    4b22:	f003 020f 	and.w	r2, r3, #15
    4b26:	2301      	movs	r3, #1
    4b28:	f8a5 3866 	strh.w	r3, [r5, #2150]	; 0x866
    4b2c:	f885 0864 	strb.w	r0, [r5, #2148]	; 0x864
    4b30:	e7ad      	b.n	4a8e <iziplus_data_handle_rx+0x1e>
    4b32:	b002      	add	sp, #8
    4b34:	bd70      	pop	{r4, r5, r6, pc}
    4b36:	4d14      	ldr	r5, [pc, #80]	; (4b88 <iziplus_data_handle_rx+0x118>)
    4b38:	e7b7      	b.n	4aaa <iziplus_data_handle_rx+0x3a>
    4b3a:	4b14      	ldr	r3, [pc, #80]	; (4b8c <iziplus_data_handle_rx+0x11c>)
    4b3c:	6861      	ldr	r1, [r4, #4]
    4b3e:	681b      	ldr	r3, [r3, #0]
    4b40:	4299      	cmp	r1, r3
    4b42:	d01c      	beq.n	4b7e <iziplus_data_handle_rx+0x10e>
    4b44:	2900      	cmp	r1, #0
    4b46:	d0d2      	beq.n	4aee <iziplus_data_handle_rx+0x7e>
    4b48:	1f11      	subs	r1, r2, #4
    4b4a:	bf18      	it	ne
    4b4c:	2101      	movne	r1, #1
    4b4e:	e7ce      	b.n	4aee <iziplus_data_handle_rx+0x7e>
    4b50:	f8b5 3866 	ldrh.w	r3, [r5, #2150]	; 0x866
    4b54:	3301      	adds	r3, #1
    4b56:	f8a5 3866 	strh.w	r3, [r5, #2150]	; 0x866
    4b5a:	e7e7      	b.n	4b2c <iziplus_data_handle_rx+0xbc>
    4b5c:	2100      	movs	r1, #0
    4b5e:	4d0a      	ldr	r5, [pc, #40]	; (4b88 <iziplus_data_handle_rx+0x118>)
    4b60:	e7c5      	b.n	4aee <iziplus_data_handle_rx+0x7e>
    4b62:	2300      	movs	r3, #0
    4b64:	7073      	strb	r3, [r6, #1]
    4b66:	e7de      	b.n	4b26 <iziplus_data_handle_rx+0xb6>
    4b68:	4b0b      	ldr	r3, [pc, #44]	; (4b98 <iziplus_data_handle_rx+0x128>)
    4b6a:	9101      	str	r1, [sp, #4]
    4b6c:	4798      	blx	r3
    4b6e:	f644 6320 	movw	r3, #20000	; 0x4e20
    4b72:	4298      	cmp	r0, r3
    4b74:	9901      	ldr	r1, [sp, #4]
    4b76:	d9cd      	bls.n	4b14 <iziplus_data_handle_rx+0xa4>
    4b78:	2005      	movs	r0, #5
    4b7a:	4b08      	ldr	r3, [pc, #32]	; (4b9c <iziplus_data_handle_rx+0x12c>)
    4b7c:	e7cd      	b.n	4b1a <iziplus_data_handle_rx+0xaa>
    4b7e:	2100      	movs	r1, #0
    4b80:	e7b5      	b.n	4aee <iziplus_data_handle_rx+0x7e>
    4b82:	bf00      	nop
    4b84:	00009e1d 	.word	0x00009e1d
    4b88:	20002bb8 	.word	0x20002bb8
    4b8c:	00804020 	.word	0x00804020
    4b90:	20002200 	.word	0x20002200
    4b94:	0000d809 	.word	0x0000d809
    4b98:	0000f455 	.word	0x0000f455
    4b9c:	0000d7f9 	.word	0x0000d7f9

00004ba0 <iziplus_data_RxTask>:
    4ba0:	e92d 4ff0 	stmdb	sp!, {r4, r5, r6, r7, r8, r9, sl, fp, lr}
    4ba4:	4d3b      	ldr	r5, [pc, #236]	; (4c94 <iziplus_data_RxTask+0xf4>)
    4ba6:	f8df b104 	ldr.w	fp, [pc, #260]	; 4cac <iziplus_data_RxTask+0x10c>
    4baa:	f8df a104 	ldr.w	sl, [pc, #260]	; 4cb0 <iziplus_data_RxTask+0x110>
    4bae:	b083      	sub	sp, #12
    4bb0:	f44f 717a 	mov.w	r1, #1000	; 0x3e8
    4bb4:	f8d5 0850 	ldr.w	r0, [r5, #2128]	; 0x850
    4bb8:	4b37      	ldr	r3, [pc, #220]	; (4c98 <iziplus_data_RxTask+0xf8>)
    4bba:	4798      	blx	r3
    4bbc:	b180      	cbz	r0, 4be0 <iziplus_data_RxTask+0x40>
    4bbe:	f895 4868 	ldrb.w	r4, [r5, #2152]	; 0x868
    4bc2:	2604      	movs	r6, #4
    4bc4:	b2e4      	uxtb	r4, r4
    4bc6:	2300      	movs	r3, #0
    4bc8:	00a7      	lsls	r7, r4, #2
    4bca:	19ea      	adds	r2, r5, r7
    4bcc:	f8d2 2838 	ldr.w	r2, [r2, #2104]	; 0x838
    4bd0:	b9da      	cbnz	r2, 4c0a <iziplus_data_RxTask+0x6a>
    4bd2:	3401      	adds	r4, #1
    4bd4:	b2e4      	uxtb	r4, r4
    4bd6:	2c04      	cmp	r4, #4
    4bd8:	bf28      	it	cs
    4bda:	2400      	movcs	r4, #0
    4bdc:	3e01      	subs	r6, #1
    4bde:	d1f3      	bne.n	4bc8 <iziplus_data_RxTask+0x28>
    4be0:	f895 3848 	ldrb.w	r3, [r5, #2120]	; 0x848
    4be4:	224a      	movs	r2, #74	; 0x4a
    4be6:	f88b 2011 	strb.w	r2, [fp, #17]
    4bea:	b113      	cbz	r3, 4bf2 <iziplus_data_RxTask+0x52>
    4bec:	2300      	movs	r3, #0
    4bee:	f885 3848 	strb.w	r3, [r5, #2120]	; 0x848
    4bf2:	f8d5 3860 	ldr.w	r3, [r5, #2144]	; 0x860
    4bf6:	b103      	cbz	r3, 4bfa <iziplus_data_RxTask+0x5a>
    4bf8:	4798      	blx	r3
    4bfa:	f8da 3000 	ldr.w	r3, [sl]
    4bfe:	06db      	lsls	r3, r3, #27
    4c00:	d42c      	bmi.n	4c5c <iziplus_data_RxTask+0xbc>
    4c02:	234b      	movs	r3, #75	; 0x4b
    4c04:	f88b 3011 	strb.w	r3, [fp, #17]
    4c08:	e7d2      	b.n	4bb0 <iziplus_data_RxTask+0x10>
    4c0a:	9301      	str	r3, [sp, #4]
    4c0c:	f44f 7303 	mov.w	r3, #524	; 0x20c
    4c10:	fb03 f804 	mul.w	r8, r3, r4
    4c14:	eb05 0908 	add.w	r9, r5, r8
    4c18:	4b20      	ldr	r3, [pc, #128]	; (4c9c <iziplus_data_RxTask+0xfc>)
    4c1a:	f8b9 1012 	ldrh.w	r1, [r9, #18]
    4c1e:	4498      	add	r8, r3
    4c20:	f3c1 010b 	ubfx	r1, r1, #0, #12
    4c24:	4b1e      	ldr	r3, [pc, #120]	; (4ca0 <iziplus_data_RxTask+0x100>)
    4c26:	310e      	adds	r1, #14
    4c28:	4640      	mov	r0, r8
    4c2a:	2200      	movs	r2, #0
    4c2c:	4798      	blx	r3
    4c2e:	f64f 73ff 	movw	r3, #65535	; 0xffff
    4c32:	4298      	cmp	r0, r3
    4c34:	f109 0910 	add.w	r9, r9, #16
    4c38:	9b01      	ldr	r3, [sp, #4]
    4c3a:	d01b      	beq.n	4c74 <iziplus_data_RxTask+0xd4>
    4c3c:	f885 4868 	strb.w	r4, [r5, #2152]	; 0x868
    4c40:	f895 2868 	ldrb.w	r2, [r5, #2152]	; 0x868
    4c44:	3201      	adds	r2, #1
    4c46:	b2d2      	uxtb	r2, r2
    4c48:	442f      	add	r7, r5
    4c4a:	2a03      	cmp	r2, #3
    4c4c:	f885 2868 	strb.w	r2, [r5, #2152]	; 0x868
    4c50:	f8c7 3838 	str.w	r3, [r7, #2104]	; 0x838
    4c54:	bf88      	it	hi
    4c56:	f885 3868 	strbhi.w	r3, [r5, #2152]	; 0x868
    4c5a:	e7ba      	b.n	4bd2 <iziplus_data_RxTask+0x32>
    4c5c:	4b11      	ldr	r3, [pc, #68]	; (4ca4 <iziplus_data_RxTask+0x104>)
    4c5e:	2104      	movs	r1, #4
    4c60:	f44f 7080 	mov.w	r0, #256	; 0x100
    4c64:	4798      	blx	r3
    4c66:	f8da 3000 	ldr.w	r3, [sl]
    4c6a:	f023 0310 	bic.w	r3, r3, #16
    4c6e:	f8ca 3000 	str.w	r3, [sl]
    4c72:	e7c6      	b.n	4c02 <iziplus_data_RxTask+0x62>
    4c74:	f8b9 2002 	ldrh.w	r2, [r9, #2]
    4c78:	f3c2 020b 	ubfx	r2, r2, #0, #12
    4c7c:	2a03      	cmp	r2, #3
    4c7e:	d9dd      	bls.n	4c3c <iziplus_data_RxTask+0x9c>
    4c80:	f899 2003 	ldrb.w	r2, [r9, #3]
    4c84:	f012 0ff0 	tst.w	r2, #240	; 0xf0
    4c88:	d1d8      	bne.n	4c3c <iziplus_data_RxTask+0x9c>
    4c8a:	4b07      	ldr	r3, [pc, #28]	; (4ca8 <iziplus_data_RxTask+0x108>)
    4c8c:	4640      	mov	r0, r8
    4c8e:	4798      	blx	r3
    4c90:	9b01      	ldr	r3, [sp, #4]
    4c92:	e7d3      	b.n	4c3c <iziplus_data_RxTask+0x9c>
    4c94:	20002bb8 	.word	0x20002bb8
    4c98:	0000eea1 	.word	0x0000eea1
    4c9c:	20002bc0 	.word	0x20002bc0
    4ca0:	0000fffd 	.word	0x0000fffd
    4ca4:	0000cc91 	.word	0x0000cc91
    4ca8:	00004a71 	.word	0x00004a71
    4cac:	2001ff00 	.word	0x2001ff00
    4cb0:	2000f89c 	.word	0x2000f89c

00004cb4 <iziplus_dataframe_response>:
    4cb4:	b510      	push	{r4, lr}
    4cb6:	f5b3 7f00 	cmp.w	r3, #512	; 0x200
    4cba:	b082      	sub	sp, #8
    4cbc:	d90a      	bls.n	4cd4 <iziplus_dataframe_response+0x20>
    4cbe:	2400      	movs	r4, #0
    4cc0:	4621      	mov	r1, r4
    4cc2:	4b07      	ldr	r3, [pc, #28]	; (4ce0 <iziplus_dataframe_response+0x2c>)
    4cc4:	4807      	ldr	r0, [pc, #28]	; (4ce4 <iziplus_dataframe_response+0x30>)
    4cc6:	4798      	blx	r3
    4cc8:	1b00      	subs	r0, r0, r4
    4cca:	fab0 f080 	clz	r0, r0
    4cce:	0940      	lsrs	r0, r0, #5
    4cd0:	b002      	add	sp, #8
    4cd2:	bd10      	pop	{r4, pc}
    4cd4:	4c03      	ldr	r4, [pc, #12]	; (4ce4 <iziplus_dataframe_response+0x30>)
    4cd6:	9400      	str	r4, [sp, #0]
    4cd8:	4c03      	ldr	r4, [pc, #12]	; (4ce8 <iziplus_dataframe_response+0x34>)
    4cda:	47a0      	blx	r4
    4cdc:	4604      	mov	r4, r0
    4cde:	e7ef      	b.n	4cc0 <iziplus_dataframe_response+0xc>
    4ce0:	000054d9 	.word	0x000054d9
    4ce4:	20003424 	.word	0x20003424
    4ce8:	000048e9 	.word	0x000048e9

00004cec <iziplus_dataframe_timer100ms>:
    4cec:	4b10      	ldr	r3, [pc, #64]	; (4d30 <iziplus_dataframe_timer100ms+0x44>)
    4cee:	f8b3 284a 	ldrh.w	r2, [r3, #2122]	; 0x84a
    4cf2:	b292      	uxth	r2, r2
    4cf4:	b142      	cbz	r2, 4d08 <iziplus_dataframe_timer100ms+0x1c>
    4cf6:	f8b3 284c 	ldrh.w	r2, [r3, #2124]	; 0x84c
    4cfa:	3201      	adds	r2, #1
    4cfc:	b292      	uxth	r2, r2
    4cfe:	2100      	movs	r1, #0
    4d00:	f8a3 284c 	strh.w	r2, [r3, #2124]	; 0x84c
    4d04:	f8a3 184a 	strh.w	r1, [r3, #2122]	; 0x84a
    4d08:	f893 2a8c 	ldrb.w	r2, [r3, #2700]	; 0xa8c
    4d0c:	3201      	adds	r2, #1
    4d0e:	b2d2      	uxtb	r2, r2
    4d10:	2a09      	cmp	r2, #9
    4d12:	f883 2a8c 	strb.w	r2, [r3, #2700]	; 0xa8c
    4d16:	d909      	bls.n	4d2c <iziplus_dataframe_timer100ms+0x40>
    4d18:	f8b3 284c 	ldrh.w	r2, [r3, #2124]	; 0x84c
    4d1c:	2100      	movs	r1, #0
    4d1e:	b292      	uxth	r2, r2
    4d20:	f8a3 2a8e 	strh.w	r2, [r3, #2702]	; 0xa8e
    4d24:	f883 1a8c 	strb.w	r1, [r3, #2700]	; 0xa8c
    4d28:	f8a3 184c 	strh.w	r1, [r3, #2124]	; 0x84c
    4d2c:	4770      	bx	lr
    4d2e:	bf00      	nop
    4d30:	20002bb8 	.word	0x20002bb8

00004d34 <iziplus_dataframe_loss>:
    4d34:	4b02      	ldr	r3, [pc, #8]	; (4d40 <iziplus_dataframe_loss+0xc>)
    4d36:	f8b3 0a8e 	ldrh.w	r0, [r3, #2702]	; 0xa8e
    4d3a:	b280      	uxth	r0, r0
    4d3c:	4770      	bx	lr
    4d3e:	bf00      	nop
    4d40:	20002bb8 	.word	0x20002bb8

00004d44 <iziplus_networkframe_error>:
    4d44:	b470      	push	{r4, r5, r6}
    4d46:	7844      	ldrb	r4, [r0, #1]
    4d48:	f99d 500c 	ldrsb.w	r5, [sp, #12]
    4d4c:	7082      	strb	r2, [r0, #2]
    4d4e:	2601      	movs	r6, #1
    4d50:	f363 1406 	bfi	r4, r3, #4, #3
    4d54:	f366 0403 	bfi	r4, r6, #0, #4
    4d58:	f36f 14c7 	bfc	r4, #7, #1
    4d5c:	7001      	strb	r1, [r0, #0]
    4d5e:	7044      	strb	r4, [r0, #1]
    4d60:	70c5      	strb	r5, [r0, #3]
    4d62:	bc70      	pop	{r4, r5, r6}
    4d64:	2004      	movs	r0, #4
    4d66:	4770      	bx	lr

00004d68 <iziplus_networkframe_discover>:
    4d68:	b410      	push	{r4}
    4d6a:	7843      	ldrb	r3, [r0, #1]
    4d6c:	7001      	strb	r1, [r0, #0]
    4d6e:	2402      	movs	r4, #2
    4d70:	f364 1306 	bfi	r3, r4, #4, #3
    4d74:	2101      	movs	r1, #1
    4d76:	f361 0303 	bfi	r3, r1, #0, #4
    4d7a:	2100      	movs	r1, #0
    4d7c:	f3c2 2407 	ubfx	r4, r2, #8, #8
    4d80:	f361 13c7 	bfi	r3, r1, #7, #1
    4d84:	7102      	strb	r2, [r0, #4]
    4d86:	7144      	strb	r4, [r0, #5]
    4d88:	7043      	strb	r3, [r0, #1]
    4d8a:	7081      	strb	r1, [r0, #2]
    4d8c:	70c1      	strb	r1, [r0, #3]
    4d8e:	f85d 4b04 	ldr.w	r4, [sp], #4
    4d92:	2006      	movs	r0, #6
    4d94:	4770      	bx	lr
    4d96:	bf00      	nop

00004d98 <iziplus_networkframe_assign_network>:
    4d98:	7843      	ldrb	r3, [r0, #1]
    4d9a:	7001      	strb	r1, [r0, #0]
    4d9c:	2201      	movs	r2, #1
    4d9e:	f362 1306 	bfi	r3, r2, #4, #3
    4da2:	f362 0303 	bfi	r3, r2, #0, #4
    4da6:	f36f 13c7 	bfc	r3, #7, #1
    4daa:	2100      	movs	r1, #0
    4dac:	7043      	strb	r3, [r0, #1]
    4dae:	7082      	strb	r2, [r0, #2]
    4db0:	70c1      	strb	r1, [r0, #3]
    4db2:	2004      	movs	r0, #4
    4db4:	4770      	bx	lr
    4db6:	bf00      	nop

00004db8 <iziplus_networkframe_assign_channelmodewritedelay>:
    4db8:	b430      	push	{r4, r5}
    4dba:	7843      	ldrb	r3, [r0, #1]
    4dbc:	7001      	strb	r1, [r0, #0]
    4dbe:	2401      	movs	r4, #1
    4dc0:	f364 1306 	bfi	r3, r4, #4, #3
    4dc4:	2503      	movs	r5, #3
    4dc6:	f003 037f 	and.w	r3, r3, #127	; 0x7f
    4dca:	2420      	movs	r4, #32
    4dcc:	f365 0303 	bfi	r3, r5, #0, #4
    4dd0:	2100      	movs	r1, #0
    4dd2:	7102      	strb	r2, [r0, #4]
    4dd4:	7084      	strb	r4, [r0, #2]
    4dd6:	70c1      	strb	r1, [r0, #3]
    4dd8:	7043      	strb	r3, [r0, #1]
    4dda:	bc30      	pop	{r4, r5}
    4ddc:	2005      	movs	r0, #5
    4dde:	4770      	bx	lr

00004de0 <iziplus_networkframe_assign_channelmodewrite>:
    4de0:	b410      	push	{r4}
    4de2:	7843      	ldrb	r3, [r0, #1]
    4de4:	7001      	strb	r1, [r0, #0]
    4de6:	2401      	movs	r4, #1
    4de8:	f364 1306 	bfi	r3, r4, #4, #3
    4dec:	f364 0303 	bfi	r3, r4, #0, #4
    4df0:	f36f 13c7 	bfc	r3, #7, #1
    4df4:	2420      	movs	r4, #32
    4df6:	2100      	movs	r1, #0
    4df8:	7102      	strb	r2, [r0, #4]
    4dfa:	7084      	strb	r4, [r0, #2]
    4dfc:	7043      	strb	r3, [r0, #1]
    4dfe:	70c1      	strb	r1, [r0, #3]
    4e00:	f85d 4b04 	ldr.w	r4, [sp], #4
    4e04:	2005      	movs	r0, #5
    4e06:	4770      	bx	lr

00004e08 <iziplus_networkframe_assign_channelmoderead>:
    4e08:	b4f0      	push	{r4, r5, r6, r7}
    4e0a:	7844      	ldrb	r4, [r0, #1]
    4e0c:	7001      	strb	r1, [r0, #0]
    4e0e:	2601      	movs	r6, #1
    4e10:	f004 018f 	and.w	r1, r4, #143	; 0x8f
    4e14:	f366 0103 	bfi	r1, r6, #0, #4
    4e18:	f89d 5010 	ldrb.w	r5, [sp, #16]
    4e1c:	f89d 4014 	ldrb.w	r4, [sp, #20]
    4e20:	8082      	strh	r2, [r0, #4]
    4e22:	2720      	movs	r7, #32
    4e24:	2600      	movs	r6, #0
    4e26:	f89d 2018 	ldrb.w	r2, [sp, #24]
    4e2a:	7183      	strb	r3, [r0, #6]
    4e2c:	f36f 11c7 	bfc	r1, #7, #1
    4e30:	7087      	strb	r7, [r0, #2]
    4e32:	7041      	strb	r1, [r0, #1]
    4e34:	70c6      	strb	r6, [r0, #3]
    4e36:	71c5      	strb	r5, [r0, #7]
    4e38:	7204      	strb	r4, [r0, #8]
    4e3a:	7242      	strb	r2, [r0, #9]
    4e3c:	bcf0      	pop	{r4, r5, r6, r7}
    4e3e:	200a      	movs	r0, #10
    4e40:	4770      	bx	lr
    4e42:	bf00      	nop

00004e44 <iziplus_networkframe_assign_configwrite>:
    4e44:	7843      	ldrb	r3, [r0, #1]
    4e46:	7001      	strb	r1, [r0, #0]
    4e48:	2201      	movs	r2, #1
    4e4a:	f362 1306 	bfi	r3, r2, #4, #3
    4e4e:	f362 0303 	bfi	r3, r2, #0, #4
    4e52:	2122      	movs	r1, #34	; 0x22
    4e54:	f36f 13c7 	bfc	r3, #7, #1
    4e58:	2200      	movs	r2, #0
    4e5a:	7081      	strb	r1, [r0, #2]
    4e5c:	7043      	strb	r3, [r0, #1]
    4e5e:	70c2      	strb	r2, [r0, #3]
    4e60:	2004      	movs	r0, #4
    4e62:	4770      	bx	lr

00004e64 <iziplus_networkframe_assign_configwritedly>:
    4e64:	b410      	push	{r4}
    4e66:	7843      	ldrb	r3, [r0, #1]
    4e68:	7001      	strb	r1, [r0, #0]
    4e6a:	2201      	movs	r2, #1
    4e6c:	f362 1306 	bfi	r3, r2, #4, #3
    4e70:	2403      	movs	r4, #3
    4e72:	f003 037f 	and.w	r3, r3, #127	; 0x7f
    4e76:	f364 0303 	bfi	r3, r4, #0, #4
    4e7a:	2122      	movs	r1, #34	; 0x22
    4e7c:	2200      	movs	r2, #0
    4e7e:	7081      	strb	r1, [r0, #2]
    4e80:	70c2      	strb	r2, [r0, #3]
    4e82:	7043      	strb	r3, [r0, #1]
    4e84:	f85d 4b04 	ldr.w	r4, [sp], #4
    4e88:	2004      	movs	r0, #4
    4e8a:	4770      	bx	lr

00004e8c <iziplus_networkframe_assign_configread>:
    4e8c:	b570      	push	{r4, r5, r6, lr}
    4e8e:	7844      	ldrb	r4, [r0, #1]
    4e90:	7001      	strb	r1, [r0, #0]
    4e92:	2501      	movs	r5, #1
    4e94:	f004 048f 	and.w	r4, r4, #143	; 0x8f
    4e98:	f365 0403 	bfi	r4, r5, #0, #4
    4e9c:	2622      	movs	r6, #34	; 0x22
    4e9e:	461d      	mov	r5, r3
    4ea0:	f36f 14c7 	bfc	r4, #7, #1
    4ea4:	2300      	movs	r3, #0
    4ea6:	4611      	mov	r1, r2
    4ea8:	7086      	strb	r6, [r0, #2]
    4eaa:	7044      	strb	r4, [r0, #1]
    4eac:	70c3      	strb	r3, [r0, #3]
    4eae:	462a      	mov	r2, r5
    4eb0:	4b02      	ldr	r3, [pc, #8]	; (4ebc <iziplus_networkframe_assign_configread+0x30>)
    4eb2:	3004      	adds	r0, #4
    4eb4:	4798      	blx	r3
    4eb6:	1d28      	adds	r0, r5, #4
    4eb8:	bd70      	pop	{r4, r5, r6, pc}
    4eba:	bf00      	nop
    4ebc:	000103d7 	.word	0x000103d7

00004ec0 <iziplus_networkframe_textwrite>:
    4ec0:	7843      	ldrb	r3, [r0, #1]
    4ec2:	7001      	strb	r1, [r0, #0]
    4ec4:	2201      	movs	r2, #1
    4ec6:	f362 1306 	bfi	r3, r2, #4, #3
    4eca:	f362 0303 	bfi	r3, r2, #0, #4
    4ece:	2121      	movs	r1, #33	; 0x21
    4ed0:	f36f 13c7 	bfc	r3, #7, #1
    4ed4:	2200      	movs	r2, #0
    4ed6:	7081      	strb	r1, [r0, #2]
    4ed8:	7043      	strb	r3, [r0, #1]
    4eda:	70c2      	strb	r2, [r0, #3]
    4edc:	2004      	movs	r0, #4
    4ede:	4770      	bx	lr

00004ee0 <iziplus_networkframe_textwritedly>:
    4ee0:	b410      	push	{r4}
    4ee2:	7843      	ldrb	r3, [r0, #1]
    4ee4:	7001      	strb	r1, [r0, #0]
    4ee6:	2201      	movs	r2, #1
    4ee8:	f362 1306 	bfi	r3, r2, #4, #3
    4eec:	2403      	movs	r4, #3
    4eee:	f003 037f 	and.w	r3, r3, #127	; 0x7f
    4ef2:	f364 0303 	bfi	r3, r4, #0, #4
    4ef6:	2121      	movs	r1, #33	; 0x21
    4ef8:	2200      	movs	r2, #0
    4efa:	7081      	strb	r1, [r0, #2]
    4efc:	70c2      	strb	r2, [r0, #3]
    4efe:	7043      	strb	r3, [r0, #1]
    4f00:	f85d 4b04 	ldr.w	r4, [sp], #4
    4f04:	2004      	movs	r0, #4
    4f06:	4770      	bx	lr

00004f08 <iziplus_networkframe_textread>:
    4f08:	b570      	push	{r4, r5, r6, lr}
    4f0a:	7844      	ldrb	r4, [r0, #1]
    4f0c:	7001      	strb	r1, [r0, #0]
    4f0e:	2501      	movs	r5, #1
    4f10:	f004 048f 	and.w	r4, r4, #143	; 0x8f
    4f14:	f365 0403 	bfi	r4, r5, #0, #4
    4f18:	2621      	movs	r6, #33	; 0x21
    4f1a:	461d      	mov	r5, r3
    4f1c:	f36f 14c7 	bfc	r4, #7, #1
    4f20:	2300      	movs	r3, #0
    4f22:	4611      	mov	r1, r2
    4f24:	7086      	strb	r6, [r0, #2]
    4f26:	7044      	strb	r4, [r0, #1]
    4f28:	70c3      	strb	r3, [r0, #3]
    4f2a:	462a      	mov	r2, r5
    4f2c:	4b02      	ldr	r3, [pc, #8]	; (4f38 <iziplus_networkframe_textread+0x30>)
    4f2e:	3004      	adds	r0, #4
    4f30:	4798      	blx	r3
    4f32:	1d28      	adds	r0, r5, #4
    4f34:	bd70      	pop	{r4, r5, r6, pc}
    4f36:	bf00      	nop
    4f38:	000103d7 	.word	0x000103d7

00004f3c <iziplus_networkframe_versionread>:
    4f3c:	e92d 47f0 	stmdb	sp!, {r4, r5, r6, r7, r8, r9, sl, lr}
    4f40:	7844      	ldrb	r4, [r0, #1]
    4f42:	7001      	strb	r1, [r0, #0]
    4f44:	2501      	movs	r5, #1
    4f46:	f004 018f 	and.w	r1, r4, #143	; 0x8f
    4f4a:	f365 0103 	bfi	r1, r5, #0, #4
    4f4e:	f89d e03c 	ldrb.w	lr, [sp, #60]	; 0x3c
    4f52:	f8bd 9020 	ldrh.w	r9, [sp, #32]
    4f56:	f8bd 802c 	ldrh.w	r8, [sp, #44]	; 0x2c
    4f5a:	f89d c030 	ldrb.w	ip, [sp, #48]	; 0x30
    4f5e:	f89d 7034 	ldrb.w	r7, [sp, #52]	; 0x34
    4f62:	f89d 6038 	ldrb.w	r6, [sp, #56]	; 0x38
    4f66:	2542      	movs	r5, #66	; 0x42
    4f68:	f36f 11c7 	bfc	r1, #7, #1
    4f6c:	2400      	movs	r4, #0
    4f6e:	7085      	strb	r5, [r0, #2]
    4f70:	7041      	strb	r1, [r0, #1]
    4f72:	70c4      	strb	r4, [r0, #3]
    4f74:	f8bd 5024 	ldrh.w	r5, [sp, #36]	; 0x24
    4f78:	f89d 4040 	ldrb.w	r4, [sp, #64]	; 0x40
    4f7c:	9911      	ldr	r1, [sp, #68]	; 0x44
    4f7e:	f1be 0f00 	cmp.w	lr, #0
    4f82:	d007      	beq.n	4f94 <iziplus_networkframe_versionread+0x58>
    4f84:	f890 e001 	ldrb.w	lr, [r0, #1]
    4f88:	f04f 0a02 	mov.w	sl, #2
    4f8c:	f36a 0e03 	bfi	lr, sl, #0, #4
    4f90:	f880 e001 	strb.w	lr, [r0, #1]
    4f94:	6083      	str	r3, [r0, #8]
    4f96:	9b0a      	ldr	r3, [sp, #40]	; 0x28
    4f98:	6042      	str	r2, [r0, #4]
    4f9a:	f8a0 900c 	strh.w	r9, [r0, #12]
    4f9e:	6103      	str	r3, [r0, #16]
    4fa0:	f8a0 8014 	strh.w	r8, [r0, #20]
    4fa4:	f880 c016 	strb.w	ip, [r0, #22]
    4fa8:	75c7      	strb	r7, [r0, #23]
    4faa:	7606      	strb	r6, [r0, #24]
    4fac:	81c5      	strh	r5, [r0, #14]
    4fae:	7644      	strb	r4, [r0, #25]
    4fb0:	f8c0 101a 	str.w	r1, [r0, #26]
    4fb4:	201e      	movs	r0, #30
    4fb6:	e8bd 87f0 	ldmia.w	sp!, {r4, r5, r6, r7, r8, r9, sl, pc}
    4fba:	bf00      	nop

00004fbc <iziplus_networkframe_operationmodewrite>:
    4fbc:	b470      	push	{r4, r5, r6}
    4fbe:	7844      	ldrb	r4, [r0, #1]
    4fc0:	7001      	strb	r1, [r0, #0]
    4fc2:	2501      	movs	r5, #1
    4fc4:	f365 1406 	bfi	r4, r5, #4, #3
    4fc8:	f365 0403 	bfi	r4, r5, #0, #4
    4fcc:	f89d 600c 	ldrb.w	r6, [sp, #12]
    4fd0:	7102      	strb	r2, [r0, #4]
    4fd2:	2502      	movs	r5, #2
    4fd4:	f36f 14c7 	bfc	r4, #7, #1
    4fd8:	2100      	movs	r1, #0
    4fda:	7143      	strb	r3, [r0, #5]
    4fdc:	7085      	strb	r5, [r0, #2]
    4fde:	7044      	strb	r4, [r0, #1]
    4fe0:	70c1      	strb	r1, [r0, #3]
    4fe2:	7186      	strb	r6, [r0, #6]
    4fe4:	bc70      	pop	{r4, r5, r6}
    4fe6:	2005      	movs	r0, #5
    4fe8:	4770      	bx	lr
    4fea:	bf00      	nop

00004fec <iziplus_networkframe_stateread>:
    4fec:	b570      	push	{r4, r5, r6, lr}
    4fee:	7844      	ldrb	r4, [r0, #1]
    4ff0:	f89d 5014 	ldrb.w	r5, [sp, #20]
    4ff4:	7001      	strb	r1, [r0, #0]
    4ff6:	f004 010f 	and.w	r1, r4, #15
    4ffa:	f362 0103 	bfi	r1, r2, #0, #4
    4ffe:	2610      	movs	r6, #16
    5000:	2400      	movs	r4, #0
    5002:	8083      	strh	r3, [r0, #4]
    5004:	7086      	strb	r6, [r0, #2]
    5006:	70c4      	strb	r4, [r0, #3]
    5008:	7041      	strb	r1, [r0, #1]
    500a:	462a      	mov	r2, r5
    500c:	9904      	ldr	r1, [sp, #16]
    500e:	4b02      	ldr	r3, [pc, #8]	; (5018 <iziplus_networkframe_stateread+0x2c>)
    5010:	3006      	adds	r0, #6
    5012:	4798      	blx	r3
    5014:	1da8      	adds	r0, r5, #6
    5016:	bd70      	pop	{r4, r5, r6, pc}
    5018:	000103d7 	.word	0x000103d7

0000501c <iziplus_networkframe_contactaction>:
    501c:	b470      	push	{r4, r5, r6}
    501e:	7844      	ldrb	r4, [r0, #1]
    5020:	7001      	strb	r1, [r0, #0]
    5022:	2502      	movs	r5, #2
    5024:	f365 1406 	bfi	r4, r5, #4, #3
    5028:	f004 047f 	and.w	r4, r4, #127	; 0x7f
    502c:	2100      	movs	r1, #0
    502e:	2612      	movs	r6, #18
    5030:	f365 0403 	bfi	r4, r5, #0, #4
    5034:	7143      	strb	r3, [r0, #5]
    5036:	7102      	strb	r2, [r0, #4]
    5038:	7086      	strb	r6, [r0, #2]
    503a:	7044      	strb	r4, [r0, #1]
    503c:	70c1      	strb	r1, [r0, #3]
    503e:	7181      	strb	r1, [r0, #6]
    5040:	71c1      	strb	r1, [r0, #7]
    5042:	bc70      	pop	{r4, r5, r6}
    5044:	2007      	movs	r0, #7
    5046:	4770      	bx	lr

00005048 <iziplus_networkframe_joinnetworkaction>:
    5048:	b4f0      	push	{r4, r5, r6, r7}
    504a:	7844      	ldrb	r4, [r0, #1]
    504c:	7001      	strb	r1, [r0, #0]
    504e:	2502      	movs	r5, #2
    5050:	f365 1406 	bfi	r4, r5, #4, #3
    5054:	f004 047f 	and.w	r4, r4, #127	; 0x7f
    5058:	f3c3 2707 	ubfx	r7, r3, #8, #8
    505c:	2608      	movs	r6, #8
    505e:	f365 0403 	bfi	r4, r5, #0, #4
    5062:	2100      	movs	r1, #0
    5064:	7203      	strb	r3, [r0, #8]
    5066:	7247      	strb	r7, [r0, #9]
    5068:	7086      	strb	r6, [r0, #2]
    506a:	70c1      	strb	r1, [r0, #3]
    506c:	7044      	strb	r4, [r0, #1]
    506e:	6042      	str	r2, [r0, #4]
    5070:	bcf0      	pop	{r4, r5, r6, r7}
    5072:	200a      	movs	r0, #10
    5074:	4770      	bx	lr
    5076:	bf00      	nop

00005078 <iziplus_networkframe_identifyaction>:
    5078:	7843      	ldrb	r3, [r0, #1]
    507a:	7001      	strb	r1, [r0, #0]
    507c:	2202      	movs	r2, #2
    507e:	f362 1306 	bfi	r3, r2, #4, #3
    5082:	2201      	movs	r2, #1
    5084:	f362 0303 	bfi	r3, r2, #0, #4
    5088:	2111      	movs	r1, #17
    508a:	f36f 13c7 	bfc	r3, #7, #1
    508e:	2200      	movs	r2, #0
    5090:	7081      	strb	r1, [r0, #2]
    5092:	7043      	strb	r3, [r0, #1]
    5094:	70c2      	strb	r2, [r0, #3]
    5096:	2004      	movs	r0, #4
    5098:	4770      	bx	lr
    509a:	bf00      	nop

0000509c <iziplus_networkframe_identifyaction_not>:
    509c:	7843      	ldrb	r3, [r0, #1]
    509e:	7001      	strb	r1, [r0, #0]
    50a0:	2202      	movs	r2, #2
    50a2:	f362 1306 	bfi	r3, r2, #4, #3
    50a6:	f003 037f 	and.w	r3, r3, #127	; 0x7f
    50aa:	f362 0303 	bfi	r3, r2, #0, #4
    50ae:	2111      	movs	r1, #17
    50b0:	2200      	movs	r2, #0
    50b2:	7081      	strb	r1, [r0, #2]
    50b4:	7043      	strb	r3, [r0, #1]
    50b6:	70c2      	strb	r2, [r0, #3]
    50b8:	7102      	strb	r2, [r0, #4]
    50ba:	2005      	movs	r0, #5
    50bc:	4770      	bx	lr
    50be:	bf00      	nop

000050c0 <iziplus_networkframe_firmwarewrite>:
    50c0:	7843      	ldrb	r3, [r0, #1]
    50c2:	7001      	strb	r1, [r0, #0]
    50c4:	2201      	movs	r2, #1
    50c6:	f362 1306 	bfi	r3, r2, #4, #3
    50ca:	f362 0303 	bfi	r3, r2, #0, #4
    50ce:	2180      	movs	r1, #128	; 0x80
    50d0:	f36f 13c7 	bfc	r3, #7, #1
    50d4:	2200      	movs	r2, #0
    50d6:	7081      	strb	r1, [r0, #2]
    50d8:	7043      	strb	r3, [r0, #1]
    50da:	70c2      	strb	r2, [r0, #3]
    50dc:	2004      	movs	r0, #4
    50de:	4770      	bx	lr

000050e0 <iziplus_networkframe_firmwarewritedly>:
    50e0:	b410      	push	{r4}
    50e2:	7843      	ldrb	r3, [r0, #1]
    50e4:	7001      	strb	r1, [r0, #0]
    50e6:	2201      	movs	r2, #1
    50e8:	f362 1306 	bfi	r3, r2, #4, #3
    50ec:	2403      	movs	r4, #3
    50ee:	f003 037f 	and.w	r3, r3, #127	; 0x7f
    50f2:	f364 0303 	bfi	r3, r4, #0, #4
    50f6:	2180      	movs	r1, #128	; 0x80
    50f8:	2200      	movs	r2, #0
    50fa:	7081      	strb	r1, [r0, #2]
    50fc:	70c2      	strb	r2, [r0, #3]
    50fe:	7043      	strb	r3, [r0, #1]
    5100:	f85d 4b04 	ldr.w	r4, [sp], #4
    5104:	2004      	movs	r0, #4
    5106:	4770      	bx	lr

00005108 <iziplus_networkframe_firmwareapply>:
    5108:	7843      	ldrb	r3, [r0, #1]
    510a:	7001      	strb	r1, [r0, #0]
    510c:	2201      	movs	r2, #1
    510e:	f362 1306 	bfi	r3, r2, #4, #3
    5112:	f362 0303 	bfi	r3, r2, #0, #4
    5116:	2181      	movs	r1, #129	; 0x81
    5118:	f36f 13c7 	bfc	r3, #7, #1
    511c:	2200      	movs	r2, #0
    511e:	7081      	strb	r1, [r0, #2]
    5120:	7043      	strb	r3, [r0, #1]
    5122:	70c2      	strb	r2, [r0, #3]
    5124:	2004      	movs	r0, #4
    5126:	4770      	bx	lr

00005128 <iziplus_networkframe_firmwareapplydly>:
    5128:	b410      	push	{r4}
    512a:	7843      	ldrb	r3, [r0, #1]
    512c:	7001      	strb	r1, [r0, #0]
    512e:	2201      	movs	r2, #1
    5130:	f362 1306 	bfi	r3, r2, #4, #3
    5134:	2403      	movs	r4, #3
    5136:	f003 037f 	and.w	r3, r3, #127	; 0x7f
    513a:	f364 0303 	bfi	r3, r4, #0, #4
    513e:	2181      	movs	r1, #129	; 0x81
    5140:	2200      	movs	r2, #0
    5142:	7081      	strb	r1, [r0, #2]
    5144:	70c2      	strb	r2, [r0, #3]
    5146:	7043      	strb	r3, [r0, #1]
    5148:	f85d 4b04 	ldr.w	r4, [sp], #4
    514c:	2004      	movs	r0, #4
    514e:	4770      	bx	lr

00005150 <iziplus_networkframe_firmwareallow>:
    5150:	b410      	push	{r4}
    5152:	7843      	ldrb	r3, [r0, #1]
    5154:	7001      	strb	r1, [r0, #0]
    5156:	2402      	movs	r4, #2
    5158:	f364 1306 	bfi	r3, r4, #4, #3
    515c:	2101      	movs	r1, #1
    515e:	f361 0303 	bfi	r3, r1, #0, #4
    5162:	2482      	movs	r4, #130	; 0x82
    5164:	f36f 13c7 	bfc	r3, #7, #1
    5168:	2100      	movs	r1, #0
    516a:	6042      	str	r2, [r0, #4]
    516c:	7084      	strb	r4, [r0, #2]
    516e:	7043      	strb	r3, [r0, #1]
    5170:	70c1      	strb	r1, [r0, #3]
    5172:	f85d 4b04 	ldr.w	r4, [sp], #4
    5176:	2008      	movs	r0, #8
    5178:	4770      	bx	lr
    517a:	bf00      	nop

0000517c <iziplus_networkframe_production_data_write>:
    517c:	7843      	ldrb	r3, [r0, #1]
    517e:	7001      	strb	r1, [r0, #0]
    5180:	2201      	movs	r2, #1
    5182:	f362 1306 	bfi	r3, r2, #4, #3
    5186:	f362 0303 	bfi	r3, r2, #0, #4
    518a:	2140      	movs	r1, #64	; 0x40
    518c:	f36f 13c7 	bfc	r3, #7, #1
    5190:	2200      	movs	r2, #0
    5192:	7081      	strb	r1, [r0, #2]
    5194:	7043      	strb	r3, [r0, #1]
    5196:	70c2      	strb	r2, [r0, #3]
    5198:	2004      	movs	r0, #4
    519a:	4770      	bx	lr

0000519c <iziplus_networkframe_production_data_read>:
    519c:	b570      	push	{r4, r5, r6, lr}
    519e:	7844      	ldrb	r4, [r0, #1]
    51a0:	7001      	strb	r1, [r0, #0]
    51a2:	2b1e      	cmp	r3, #30
    51a4:	f04f 0501 	mov.w	r5, #1
    51a8:	f004 048f 	and.w	r4, r4, #143	; 0x8f
    51ac:	bf28      	it	cs
    51ae:	231e      	movcs	r3, #30
    51b0:	f365 0403 	bfi	r4, r5, #0, #4
    51b4:	2640      	movs	r6, #64	; 0x40
    51b6:	461d      	mov	r5, r3
    51b8:	f36f 14c7 	bfc	r4, #7, #1
    51bc:	2300      	movs	r3, #0
    51be:	4611      	mov	r1, r2
    51c0:	7086      	strb	r6, [r0, #2]
    51c2:	7044      	strb	r4, [r0, #1]
    51c4:	70c3      	strb	r3, [r0, #3]
    51c6:	462a      	mov	r2, r5
    51c8:	4b02      	ldr	r3, [pc, #8]	; (51d4 <iziplus_networkframe_production_data_read+0x38>)
    51ca:	3004      	adds	r0, #4
    51cc:	4798      	blx	r3
    51ce:	1d28      	adds	r0, r5, #4
    51d0:	bd70      	pop	{r4, r5, r6, pc}
    51d2:	bf00      	nop
    51d4:	000103d7 	.word	0x000103d7

000051d8 <bod33_enable_at_poweron>:
    51d8:	b5f0      	push	{r4, r5, r6, r7, lr}
    51da:	4c1a      	ldr	r4, [pc, #104]	; (5244 <bod33_enable_at_poweron+0x6c>)
    51dc:	6823      	ldr	r3, [r4, #0]
    51de:	6864      	ldr	r4, [r4, #4]
    51e0:	f423 43ff 	bic.w	r3, r3, #32640	; 0x7f80
    51e4:	0249      	lsls	r1, r1, #9
    51e6:	f023 037f 	bic.w	r3, r3, #127	; 0x7f
    51ea:	f401 61c0 	and.w	r1, r1, #1536	; 0x600
    51ee:	ea43 0040 	orr.w	r0, r3, r0, lsl #1
    51f2:	b083      	sub	sp, #12
    51f4:	4308      	orrs	r0, r1
    51f6:	b10a      	cbz	r2, 51fc <bod33_enable_at_poweron+0x24>
    51f8:	f440 5080 	orr.w	r0, r0, #4096	; 0x1000
    51fc:	ea4f 4c10 	mov.w	ip, r0, lsr #16
    5200:	ea4f 6e10 	mov.w	lr, r0, lsr #24
    5204:	0a01      	lsrs	r1, r0, #8
    5206:	0a27      	lsrs	r7, r4, #8
    5208:	0c26      	lsrs	r6, r4, #16
    520a:	0e25      	lsrs	r5, r4, #24
    520c:	f88d 0000 	strb.w	r0, [sp]
    5210:	f88d 4004 	strb.w	r4, [sp, #4]
    5214:	f88d 1001 	strb.w	r1, [sp, #1]
    5218:	2308      	movs	r3, #8
    521a:	466a      	mov	r2, sp
    521c:	2100      	movs	r1, #0
    521e:	f88d c002 	strb.w	ip, [sp, #2]
    5222:	f88d e003 	strb.w	lr, [sp, #3]
    5226:	4c08      	ldr	r4, [pc, #32]	; (5248 <bod33_enable_at_poweron+0x70>)
    5228:	f88d 7005 	strb.w	r7, [sp, #5]
    522c:	f88d 6006 	strb.w	r6, [sp, #6]
    5230:	f88d 5007 	strb.w	r5, [sp, #7]
    5234:	4803      	ldr	r0, [pc, #12]	; (5244 <bod33_enable_at_poweron+0x6c>)
    5236:	47a0      	blx	r4
    5238:	fab0 f080 	clz	r0, r0
    523c:	0940      	lsrs	r0, r0, #5
    523e:	b003      	add	sp, #12
    5240:	bdf0      	pop	{r4, r5, r6, r7, pc}
    5242:	bf00      	nop
    5244:	00804000 	.word	0x00804000
    5248:	00009365 	.word	0x00009365

0000524c <bod33_ensure>:
    524c:	b430      	push	{r4, r5}
    524e:	4b29      	ldr	r3, [pc, #164]	; (52f4 <bod33_ensure+0xa8>)
    5250:	789b      	ldrb	r3, [r3, #2]
    5252:	f013 0f01 	tst.w	r3, #1
    5256:	4b28      	ldr	r3, [pc, #160]	; (52f8 <bod33_ensure+0xac>)
    5258:	681c      	ldr	r4, [r3, #0]
    525a:	685b      	ldr	r3, [r3, #4]
    525c:	d022      	beq.n	52a4 <bod33_ensure+0x58>
    525e:	07e5      	lsls	r5, r4, #31
    5260:	d536      	bpl.n	52d0 <bod33_ensure+0x84>
    5262:	f001 0103 	and.w	r1, r1, #3
    5266:	4b25      	ldr	r3, [pc, #148]	; (52fc <bod33_ensure+0xb0>)
    5268:	691c      	ldr	r4, [r3, #16]
    526a:	f36f 0441 	bfc	r4, #1, #1
    526e:	611c      	str	r4, [r3, #16]
    5270:	691c      	ldr	r4, [r3, #16]
    5272:	f360 4417 	bfi	r4, r0, #16, #8
    5276:	611c      	str	r4, [r3, #16]
    5278:	6918      	ldr	r0, [r3, #16]
    527a:	f361 0083 	bfi	r0, r1, #2, #2
    527e:	6118      	str	r0, [r3, #16]
    5280:	2a00      	cmp	r2, #0
    5282:	691a      	ldr	r2, [r3, #16]
    5284:	bf14      	ite	ne
    5286:	2102      	movne	r1, #2
    5288:	2100      	moveq	r1, #0
    528a:	f361 220b 	bfi	r2, r1, #8, #4
    528e:	611a      	str	r2, [r3, #16]
    5290:	691a      	ldr	r2, [r3, #16]
    5292:	f042 0202 	orr.w	r2, r2, #2
    5296:	611a      	str	r2, [r3, #16]
    5298:	68da      	ldr	r2, [r3, #12]
    529a:	07d2      	lsls	r2, r2, #31
    529c:	d5fc      	bpl.n	5298 <bod33_ensure+0x4c>
    529e:	2000      	movs	r0, #0
    52a0:	bc30      	pop	{r4, r5}
    52a2:	4770      	bx	lr
    52a4:	07e3      	lsls	r3, r4, #31
    52a6:	d502      	bpl.n	52ae <bod33_ensure+0x62>
    52a8:	4b15      	ldr	r3, [pc, #84]	; (5300 <bod33_ensure+0xb4>)
    52aa:	bc30      	pop	{r4, r5}
    52ac:	4718      	bx	r3
    52ae:	f3c4 0347 	ubfx	r3, r4, #1, #8
    52b2:	4298      	cmp	r0, r3
    52b4:	d1f8      	bne.n	52a8 <bod33_ensure+0x5c>
    52b6:	f3c4 2341 	ubfx	r3, r4, #9, #2
    52ba:	f001 0503 	and.w	r5, r1, #3
    52be:	42ab      	cmp	r3, r5
    52c0:	d1f2      	bne.n	52a8 <bod33_ensure+0x5c>
    52c2:	f414 44f0 	ands.w	r4, r4, #30720	; 0x7800
    52c6:	bf18      	it	ne
    52c8:	2401      	movne	r4, #1
    52ca:	4294      	cmp	r4, r2
    52cc:	d0e7      	beq.n	529e <bod33_ensure+0x52>
    52ce:	e7eb      	b.n	52a8 <bod33_ensure+0x5c>
    52d0:	f3c4 0347 	ubfx	r3, r4, #1, #8
    52d4:	4298      	cmp	r0, r3
    52d6:	f001 0103 	and.w	r1, r1, #3
    52da:	d1c4      	bne.n	5266 <bod33_ensure+0x1a>
    52dc:	f3c4 2341 	ubfx	r3, r4, #9, #2
    52e0:	428b      	cmp	r3, r1
    52e2:	d1c0      	bne.n	5266 <bod33_ensure+0x1a>
    52e4:	f414 44f0 	ands.w	r4, r4, #30720	; 0x7800
    52e8:	bf18      	it	ne
    52ea:	2401      	movne	r4, #1
    52ec:	4294      	cmp	r4, r2
    52ee:	d0d6      	beq.n	529e <bod33_ensure+0x52>
    52f0:	e7b9      	b.n	5266 <bod33_ensure+0x1a>
    52f2:	bf00      	nop
    52f4:	41002000 	.word	0x41002000
    52f8:	00804000 	.word	0x00804000
    52fc:	40001800 	.word	0x40001800
    5300:	000051d9 	.word	0x000051d9

00005304 <RtcTime_GetSeconds>:
    5304:	4b01      	ldr	r3, [pc, #4]	; (530c <RtcTime_GetSeconds+0x8>)
    5306:	6818      	ldr	r0, [r3, #0]
    5308:	4770      	bx	lr
    530a:	bf00      	nop
    530c:	2000364c 	.word	0x2000364c

00005310 <RtcTime_Tick>:
    5310:	4a02      	ldr	r2, [pc, #8]	; (531c <RtcTime_Tick+0xc>)
    5312:	6813      	ldr	r3, [r2, #0]
    5314:	3301      	adds	r3, #1
    5316:	6013      	str	r3, [r2, #0]
    5318:	4770      	bx	lr
    531a:	bf00      	nop
    531c:	2000364c 	.word	0x2000364c

00005320 <Eeprom_init>:
    5320:	b510      	push	{r4, lr}
    5322:	b086      	sub	sp, #24
    5324:	2314      	movs	r3, #20
    5326:	aa01      	add	r2, sp, #4
    5328:	2100      	movs	r1, #0
    532a:	480b      	ldr	r0, [pc, #44]	; (5358 <Eeprom_init+0x38>)
    532c:	4c0b      	ldr	r4, [pc, #44]	; (535c <Eeprom_init+0x3c>)
    532e:	47a0      	blx	r4
    5330:	f89d 3008 	ldrb.w	r3, [sp, #8]
    5334:	2bb1      	cmp	r3, #177	; 0xb1
    5336:	d00b      	beq.n	5350 <Eeprom_init+0x30>
    5338:	aa06      	add	r2, sp, #24
    533a:	23b1      	movs	r3, #177	; 0xb1
    533c:	f802 3d10 	strb.w	r3, [r2, #-16]!
    5340:	2104      	movs	r1, #4
    5342:	2301      	movs	r3, #1
    5344:	4c06      	ldr	r4, [pc, #24]	; (5360 <Eeprom_init+0x40>)
    5346:	4804      	ldr	r0, [pc, #16]	; (5358 <Eeprom_init+0x38>)
    5348:	47a0      	blx	r4
    534a:	2001      	movs	r0, #1
    534c:	b006      	add	sp, #24
    534e:	bd10      	pop	{r4, pc}
    5350:	2000      	movs	r0, #0
    5352:	b006      	add	sp, #24
    5354:	bd10      	pop	{r4, pc}
    5356:	bf00      	nop
    5358:	00804000 	.word	0x00804000
    535c:	000092fd 	.word	0x000092fd
    5360:	00009365 	.word	0x00009365

00005364 <Eeprom_Read>:
    5364:	1883      	adds	r3, r0, r2
    5366:	f5b3 5f80 	cmp.w	r3, #4096	; 0x1000
    536a:	d80c      	bhi.n	5386 <Eeprom_Read+0x22>
    536c:	b510      	push	{r4, lr}
    536e:	4c07      	ldr	r4, [pc, #28]	; (538c <Eeprom_Read+0x28>)
    5370:	6ae3      	ldr	r3, [r4, #44]	; 0x2c
    5372:	075b      	lsls	r3, r3, #29
    5374:	d4fc      	bmi.n	5370 <Eeprom_Read+0xc>
    5376:	460b      	mov	r3, r1
    5378:	f100 4188 	add.w	r1, r0, #1140850688	; 0x44000000
    537c:	4618      	mov	r0, r3
    537e:	4b04      	ldr	r3, [pc, #16]	; (5390 <Eeprom_Read+0x2c>)
    5380:	4798      	blx	r3
    5382:	2001      	movs	r0, #1
    5384:	bd10      	pop	{r4, pc}
    5386:	2000      	movs	r0, #0
    5388:	4770      	bx	lr
    538a:	bf00      	nop
    538c:	41004000 	.word	0x41004000
    5390:	000103d7 	.word	0x000103d7

00005394 <Eeprom_Write>:
    5394:	1883      	adds	r3, r0, r2
    5396:	f5b3 5f80 	cmp.w	r3, #4096	; 0x1000
    539a:	d816      	bhi.n	53ca <Eeprom_Write+0x36>
    539c:	b510      	push	{r4, lr}
    539e:	4c0c      	ldr	r4, [pc, #48]	; (53d0 <Eeprom_Write+0x3c>)
    53a0:	6ae3      	ldr	r3, [r4, #44]	; 0x2c
    53a2:	075b      	lsls	r3, r3, #29
    53a4:	d4fc      	bmi.n	53a0 <Eeprom_Write+0xc>
    53a6:	f100 4088 	add.w	r0, r0, #1140850688	; 0x44000000
    53aa:	4b0a      	ldr	r3, [pc, #40]	; (53d4 <Eeprom_Write+0x40>)
    53ac:	4798      	blx	r3
    53ae:	4a08      	ldr	r2, [pc, #32]	; (53d0 <Eeprom_Write+0x3c>)
    53b0:	6ad3      	ldr	r3, [r2, #44]	; 0x2c
    53b2:	0759      	lsls	r1, r3, #29
    53b4:	d4fc      	bmi.n	53b0 <Eeprom_Write+0x1c>
    53b6:	6ad3      	ldr	r3, [r2, #44]	; 0x2c
    53b8:	079b      	lsls	r3, r3, #30
    53ba:	d504      	bpl.n	53c6 <Eeprom_Write+0x32>
    53bc:	f24a 5333 	movw	r3, #42291	; 0xa533
    53c0:	8093      	strh	r3, [r2, #4]
    53c2:	2001      	movs	r0, #1
    53c4:	bd10      	pop	{r4, pc}
    53c6:	2001      	movs	r0, #1
    53c8:	bd10      	pop	{r4, pc}
    53ca:	2000      	movs	r0, #0
    53cc:	4770      	bx	lr
    53ce:	bf00      	nop
    53d0:	41004000 	.word	0x41004000
    53d4:	000103d7 	.word	0x000103d7

000053d8 <dcbm1_err_cb>:
    53d8:	4a02      	ldr	r2, [pc, #8]	; (53e4 <dcbm1_err_cb+0xc>)
    53da:	6813      	ldr	r3, [r2, #0]
    53dc:	3301      	adds	r3, #1
    53de:	6013      	str	r3, [r2, #0]
    53e0:	4770      	bx	lr
    53e2:	bf00      	nop
    53e4:	20003650 	.word	0x20003650

000053e8 <dcbm1_rx_cb>:
    53e8:	4b0c      	ldr	r3, [pc, #48]	; (541c <dcbm1_rx_cb+0x34>)
    53ea:	791a      	ldrb	r2, [r3, #4]
    53ec:	b91a      	cbnz	r2, 53f6 <dcbm1_rx_cb+0xe>
    53ee:	689b      	ldr	r3, [r3, #8]
    53f0:	b103      	cbz	r3, 53f4 <dcbm1_rx_cb+0xc>
    53f2:	4718      	bx	r3
    53f4:	4770      	bx	lr
    53f6:	4601      	mov	r1, r0
    53f8:	b510      	push	{r4, lr}
    53fa:	6918      	ldr	r0, [r3, #16]
    53fc:	7319      	strb	r1, [r3, #12]
    53fe:	2401      	movs	r4, #1
    5400:	4a07      	ldr	r2, [pc, #28]	; (5420 <dcbm1_rx_cb+0x38>)
    5402:	735c      	strb	r4, [r3, #13]
    5404:	2100      	movs	r1, #0
    5406:	4790      	blx	r2
    5408:	4b06      	ldr	r3, [pc, #24]	; (5424 <dcbm1_rx_cb+0x3c>)
    540a:	f04f 5280 	mov.w	r2, #268435456	; 0x10000000
    540e:	601a      	str	r2, [r3, #0]
    5410:	f3bf 8f4f 	dsb	sy
    5414:	f3bf 8f6f 	isb	sy
    5418:	bd10      	pop	{r4, pc}
    541a:	bf00      	nop
    541c:	20003650 	.word	0x20003650
    5420:	0000ec45 	.word	0x0000ec45
    5424:	e000ed04 	.word	0xe000ed04

00005428 <dcbm1_tx_cb>:
    5428:	b570      	push	{r4, r5, r6, lr}
    542a:	4c1f      	ldr	r4, [pc, #124]	; (54a8 <dcbm1_tx_cb+0x80>)
    542c:	7d23      	ldrb	r3, [r4, #20]
    542e:	b082      	sub	sp, #8
    5430:	b12b      	cbz	r3, 543e <dcbm1_tx_cb+0x16>
    5432:	7d65      	ldrb	r5, [r4, #21]
    5434:	b2ed      	uxtb	r5, r5
    5436:	2d01      	cmp	r5, #1
    5438:	d003      	beq.n	5442 <dcbm1_tx_cb+0x1a>
    543a:	2300      	movs	r3, #0
    543c:	7523      	strb	r3, [r4, #20]
    543e:	b002      	add	sp, #8
    5440:	bd70      	pop	{r4, r5, r6, pc}
    5442:	7923      	ldrb	r3, [r4, #4]
    5444:	b933      	cbnz	r3, 5454 <dcbm1_tx_cb+0x2c>
    5446:	7da3      	ldrb	r3, [r4, #22]
    5448:	b9cb      	cbnz	r3, 547e <dcbm1_tx_cb+0x56>
    544a:	4b18      	ldr	r3, [pc, #96]	; (54ac <dcbm1_tx_cb+0x84>)
    544c:	f44f 3280 	mov.w	r2, #65536	; 0x10000
    5450:	f8c3 2098 	str.w	r2, [r3, #152]	; 0x98
    5454:	2100      	movs	r1, #0
    5456:	69a0      	ldr	r0, [r4, #24]
    5458:	4b15      	ldr	r3, [pc, #84]	; (54b0 <dcbm1_tx_cb+0x88>)
    545a:	4798      	blx	r3
    545c:	4b15      	ldr	r3, [pc, #84]	; (54b4 <dcbm1_tx_cb+0x8c>)
    545e:	f04f 5280 	mov.w	r2, #268435456	; 0x10000000
    5462:	601a      	str	r2, [r3, #0]
    5464:	f3bf 8f4f 	dsb	sy
    5468:	f3bf 8f6f 	isb	sy
    546c:	7923      	ldrb	r3, [r4, #4]
    546e:	2b00      	cmp	r3, #0
    5470:	d1e3      	bne.n	543a <dcbm1_tx_cb+0x12>
    5472:	4b0e      	ldr	r3, [pc, #56]	; (54ac <dcbm1_tx_cb+0x84>)
    5474:	f44f 3280 	mov.w	r2, #65536	; 0x10000
    5478:	f8c3 2094 	str.w	r2, [r3, #148]	; 0x94
    547c:	e7dd      	b.n	543a <dcbm1_tx_cb+0x12>
    547e:	a801      	add	r0, sp, #4
    5480:	4b0d      	ldr	r3, [pc, #52]	; (54b8 <dcbm1_tx_cb+0x90>)
    5482:	4798      	blx	r3
    5484:	4b09      	ldr	r3, [pc, #36]	; (54ac <dcbm1_tx_cb+0x84>)
    5486:	490d      	ldr	r1, [pc, #52]	; (54bc <dcbm1_tx_cb+0x94>)
    5488:	f8d3 0080 	ldr.w	r0, [r3, #128]	; 0x80
    548c:	f8d3 20a0 	ldr.w	r2, [r3, #160]	; 0xa0
    5490:	f8d3 6090 	ldr.w	r6, [r3, #144]	; 0x90
    5494:	4056      	eors	r6, r2
    5496:	4006      	ands	r6, r0
    5498:	4056      	eors	r6, r2
    549a:	a801      	add	r0, sp, #4
    549c:	4788      	blx	r1
    549e:	03b3      	lsls	r3, r6, #14
    54a0:	d5d3      	bpl.n	544a <dcbm1_tx_cb+0x22>
    54a2:	75e5      	strb	r5, [r4, #23]
    54a4:	e7d6      	b.n	5454 <dcbm1_tx_cb+0x2c>
    54a6:	bf00      	nop
    54a8:	20003650 	.word	0x20003650
    54ac:	41008000 	.word	0x41008000
    54b0:	0000ec45 	.word	0x0000ec45
    54b4:	e000ed04 	.word	0xe000ed04
    54b8:	00008dd5 	.word	0x00008dd5
    54bc:	00008de5 	.word	0x00008de5

000054c0 <dcbm1_set_rx_callback>:
    54c0:	4b01      	ldr	r3, [pc, #4]	; (54c8 <dcbm1_set_rx_callback+0x8>)
    54c2:	6098      	str	r0, [r3, #8]
    54c4:	4770      	bx	lr
    54c6:	bf00      	nop
    54c8:	20003650 	.word	0x20003650

000054cc <dcbm1_enable_bus_busy>:
    54cc:	4b01      	ldr	r3, [pc, #4]	; (54d4 <dcbm1_enable_bus_busy+0x8>)
    54ce:	7598      	strb	r0, [r3, #22]
    54d0:	4770      	bx	lr
    54d2:	bf00      	nop
    54d4:	20003650 	.word	0x20003650

000054d8 <dcbm1_send>:
    54d8:	f5b1 6f80 	cmp.w	r1, #1024	; 0x400
    54dc:	d301      	bcc.n	54e2 <dcbm1_send+0xa>
    54de:	2000      	movs	r0, #0
    54e0:	4770      	bx	lr
    54e2:	e92d 4ff0 	stmdb	sp!, {r4, r5, r6, r7, r8, r9, sl, fp, lr}
    54e6:	4c28      	ldr	r4, [pc, #160]	; (5588 <dcbm1_send+0xb0>)
    54e8:	4b28      	ldr	r3, [pc, #160]	; (558c <dcbm1_send+0xb4>)
    54ea:	7d22      	ldrb	r2, [r4, #20]
    54ec:	4606      	mov	r6, r0
    54ee:	2201      	movs	r2, #1
    54f0:	b083      	sub	sp, #12
    54f2:	460d      	mov	r5, r1
    54f4:	69a0      	ldr	r0, [r4, #24]
    54f6:	7522      	strb	r2, [r4, #20]
    54f8:	2100      	movs	r1, #0
    54fa:	4798      	blx	r3
    54fc:	4630      	mov	r0, r6
    54fe:	4629      	mov	r1, r5
    5500:	4b23      	ldr	r3, [pc, #140]	; (5590 <dcbm1_send+0xb8>)
    5502:	4798      	blx	r3
    5504:	7d66      	ldrb	r6, [r4, #21]
    5506:	b2f6      	uxtb	r6, r6
    5508:	2e01      	cmp	r6, #1
    550a:	d006      	beq.n	551a <dcbm1_send+0x42>
    550c:	2300      	movs	r3, #0
    550e:	75e3      	strb	r3, [r4, #23]
    5510:	4618      	mov	r0, r3
    5512:	7523      	strb	r3, [r4, #20]
    5514:	b003      	add	sp, #12
    5516:	e8bd 8ff0 	ldmia.w	sp!, {r4, r5, r6, r7, r8, r9, sl, fp, pc}
    551a:	2114      	movs	r1, #20
    551c:	69a0      	ldr	r0, [r4, #24]
    551e:	4b1d      	ldr	r3, [pc, #116]	; (5594 <dcbm1_send+0xbc>)
    5520:	4798      	blx	r3
    5522:	2800      	cmp	r0, #0
    5524:	d0f2      	beq.n	550c <dcbm1_send+0x34>
    5526:	7de3      	ldrb	r3, [r4, #23]
    5528:	b343      	cbz	r3, 557c <dcbm1_send+0xa4>
    552a:	f8df 9070 	ldr.w	r9, [pc, #112]	; 559c <dcbm1_send+0xc4>
    552e:	f8df 8070 	ldr.w	r8, [pc, #112]	; 55a0 <dcbm1_send+0xc8>
    5532:	4f19      	ldr	r7, [pc, #100]	; (5598 <dcbm1_send+0xc0>)
    5534:	f8df a06c 	ldr.w	sl, [pc, #108]	; 55a4 <dcbm1_send+0xcc>
    5538:	a801      	add	r0, sp, #4
    553a:	47c8      	blx	r9
    553c:	f8d7 1080 	ldr.w	r1, [r7, #128]	; 0x80
    5540:	f8d7 20a0 	ldr.w	r2, [r7, #160]	; 0xa0
    5544:	f8d7 3090 	ldr.w	r3, [r7, #144]	; 0x90
    5548:	ea82 0b03 	eor.w	fp, r2, r3
    554c:	ea0b 0b01 	and.w	fp, fp, r1
    5550:	ea8b 0b02 	eor.w	fp, fp, r2
    5554:	a801      	add	r0, sp, #4
    5556:	47c0      	blx	r8
    5558:	f41b 3f00 	tst.w	fp, #131072	; 0x20000
    555c:	4630      	mov	r0, r6
    555e:	f106 0601 	add.w	r6, r6, #1
    5562:	d002      	beq.n	556a <dcbm1_send+0x92>
    5564:	47d0      	blx	sl
    5566:	2e05      	cmp	r6, #5
    5568:	d1e6      	bne.n	5538 <dcbm1_send+0x60>
    556a:	f44f 3380 	mov.w	r3, #65536	; 0x10000
    556e:	f8c7 3098 	str.w	r3, [r7, #152]	; 0x98
    5572:	4b09      	ldr	r3, [pc, #36]	; (5598 <dcbm1_send+0xc0>)
    5574:	f44f 3280 	mov.w	r2, #65536	; 0x10000
    5578:	f8c3 2094 	str.w	r2, [r3, #148]	; 0x94
    557c:	2300      	movs	r3, #0
    557e:	7523      	strb	r3, [r4, #20]
    5580:	4628      	mov	r0, r5
    5582:	75e3      	strb	r3, [r4, #23]
    5584:	e7c6      	b.n	5514 <dcbm1_send+0x3c>
    5586:	bf00      	nop
    5588:	20003650 	.word	0x20003650
    558c:	0000e8a9 	.word	0x0000e8a9
    5590:	00005e29 	.word	0x00005e29
    5594:	0000eea1 	.word	0x0000eea1
    5598:	41008000 	.word	0x41008000
    559c:	00008dd5 	.word	0x00008dd5
    55a0:	00008de5 	.word	0x00008de5
    55a4:	0000f6a1 	.word	0x0000f6a1

000055a8 <dcbm1_writesync>:
    55a8:	e92d 41f0 	stmdb	sp!, {r4, r5, r6, r7, r8, lr}
    55ac:	b082      	sub	sp, #8
    55ae:	4e10      	ldr	r6, [pc, #64]	; (55f0 <dcbm1_writesync+0x48>)
    55b0:	f8df 8048 	ldr.w	r8, [pc, #72]	; 55fc <dcbm1_writesync+0x54>
    55b4:	4b0f      	ldr	r3, [pc, #60]	; (55f4 <dcbm1_writesync+0x4c>)
    55b6:	a802      	add	r0, sp, #8
    55b8:	2501      	movs	r5, #1
    55ba:	f44f 1780 	mov.w	r7, #1048576	; 0x100000
    55be:	22f5      	movs	r2, #245	; 0xf5
    55c0:	6177      	str	r7, [r6, #20]
    55c2:	4629      	mov	r1, r5
    55c4:	f800 2d01 	strb.w	r2, [r0, #-1]!
    55c8:	f888 5004 	strb.w	r5, [r8, #4]
    55cc:	4798      	blx	r3
    55ce:	2200      	movs	r2, #0
    55d0:	4604      	mov	r4, r0
    55d2:	4b09      	ldr	r3, [pc, #36]	; (55f8 <dcbm1_writesync+0x50>)
    55d4:	f888 2004 	strb.w	r2, [r8, #4]
    55d8:	4628      	mov	r0, r5
    55da:	4798      	blx	r3
    55dc:	b2e0      	uxtb	r0, r4
    55de:	1b40      	subs	r0, r0, r5
    55e0:	fab0 f080 	clz	r0, r0
    55e4:	0940      	lsrs	r0, r0, #5
    55e6:	61b7      	str	r7, [r6, #24]
    55e8:	b002      	add	sp, #8
    55ea:	e8bd 81f0 	ldmia.w	sp!, {r4, r5, r6, r7, r8, pc}
    55ee:	bf00      	nop
    55f0:	41008000 	.word	0x41008000
    55f4:	000054d9 	.word	0x000054d9
    55f8:	0000f6a1 	.word	0x0000f6a1
    55fc:	20003650 	.word	0x20003650

00005600 <dcbm1_writereg>:
    5600:	b5f0      	push	{r4, r5, r6, r7, lr}
    5602:	4d12      	ldr	r5, [pc, #72]	; (564c <dcbm1_writereg+0x4c>)
    5604:	b083      	sub	sp, #12
    5606:	23f5      	movs	r3, #245	; 0xf5
    5608:	f44f 1680 	mov.w	r6, #1048576	; 0x100000
    560c:	f88d 0005 	strb.w	r0, [sp, #5]
    5610:	f88d 1006 	strb.w	r1, [sp, #6]
    5614:	f88d 3004 	strb.w	r3, [sp, #4]
    5618:	616e      	str	r6, [r5, #20]
    561a:	bf00      	nop
    561c:	bf00      	nop
    561e:	4f0c      	ldr	r7, [pc, #48]	; (5650 <dcbm1_writereg+0x50>)
    5620:	4b0c      	ldr	r3, [pc, #48]	; (5654 <dcbm1_writereg+0x54>)
    5622:	2201      	movs	r2, #1
    5624:	2103      	movs	r1, #3
    5626:	a801      	add	r0, sp, #4
    5628:	713a      	strb	r2, [r7, #4]
    562a:	4798      	blx	r3
    562c:	4b0a      	ldr	r3, [pc, #40]	; (5658 <dcbm1_writereg+0x58>)
    562e:	b2c4      	uxtb	r4, r0
    5630:	2002      	movs	r0, #2
    5632:	4798      	blx	r3
    5634:	2c03      	cmp	r4, #3
    5636:	d002      	beq.n	563e <dcbm1_writereg+0x3e>
    5638:	2300      	movs	r3, #0
    563a:	713b      	strb	r3, [r7, #4]
    563c:	61ae      	str	r6, [r5, #24]
    563e:	f1a4 0003 	sub.w	r0, r4, #3
    5642:	fab0 f080 	clz	r0, r0
    5646:	0940      	lsrs	r0, r0, #5
    5648:	b003      	add	sp, #12
    564a:	bdf0      	pop	{r4, r5, r6, r7, pc}
    564c:	41008000 	.word	0x41008000
    5650:	20003650 	.word	0x20003650
    5654:	000054d9 	.word	0x000054d9
    5658:	0000f6a1 	.word	0x0000f6a1

0000565c <dcbm1_writeonlyreg>:
    565c:	b510      	push	{r4, lr}
    565e:	b082      	sub	sp, #8
    5660:	4b19      	ldr	r3, [pc, #100]	; (56c8 <dcbm1_writeonlyreg+0x6c>)
    5662:	f88d 0005 	strb.w	r0, [sp, #5]
    5666:	f44f 1280 	mov.w	r2, #1048576	; 0x100000
    566a:	20f5      	movs	r0, #245	; 0xf5
    566c:	f88d 1006 	strb.w	r1, [sp, #6]
    5670:	f88d 0004 	strb.w	r0, [sp, #4]
    5674:	615a      	str	r2, [r3, #20]
    5676:	bf00      	nop
    5678:	bf00      	nop
    567a:	4c14      	ldr	r4, [pc, #80]	; (56cc <dcbm1_writeonlyreg+0x70>)
    567c:	4b14      	ldr	r3, [pc, #80]	; (56d0 <dcbm1_writeonlyreg+0x74>)
    567e:	2201      	movs	r2, #1
    5680:	2103      	movs	r1, #3
    5682:	a801      	add	r0, sp, #4
    5684:	7122      	strb	r2, [r4, #4]
    5686:	4798      	blx	r3
    5688:	2300      	movs	r3, #0
    568a:	b2c0      	uxtb	r0, r0
    568c:	7123      	strb	r3, [r4, #4]
    568e:	4911      	ldr	r1, [pc, #68]	; (56d4 <dcbm1_writeonlyreg+0x78>)
    5690:	f04f 5280 	mov.w	r2, #268435456	; 0x10000000
    5694:	e001      	b.n	569a <dcbm1_writeonlyreg+0x3e>
    5696:	2b7d      	cmp	r3, #125	; 0x7d
    5698:	d00f      	beq.n	56ba <dcbm1_writeonlyreg+0x5e>
    569a:	bf00      	nop
    569c:	3301      	adds	r3, #1
    569e:	b29b      	uxth	r3, r3
    56a0:	2bfa      	cmp	r3, #250	; 0xfa
    56a2:	d1f8      	bne.n	5696 <dcbm1_writeonlyreg+0x3a>
    56a4:	f1a0 0003 	sub.w	r0, r0, #3
    56a8:	4b07      	ldr	r3, [pc, #28]	; (56c8 <dcbm1_writeonlyreg+0x6c>)
    56aa:	fab0 f080 	clz	r0, r0
    56ae:	f44f 1280 	mov.w	r2, #1048576	; 0x100000
    56b2:	0940      	lsrs	r0, r0, #5
    56b4:	619a      	str	r2, [r3, #24]
    56b6:	b002      	add	sp, #8
    56b8:	bd10      	pop	{r4, pc}
    56ba:	600a      	str	r2, [r1, #0]
    56bc:	f3bf 8f4f 	dsb	sy
    56c0:	f3bf 8f6f 	isb	sy
    56c4:	e7e9      	b.n	569a <dcbm1_writeonlyreg+0x3e>
    56c6:	bf00      	nop
    56c8:	41008000 	.word	0x41008000
    56cc:	20003650 	.word	0x20003650
    56d0:	000054d9 	.word	0x000054d9
    56d4:	e000ed04 	.word	0xe000ed04

000056d8 <dcbm1_readreg>:
    56d8:	b570      	push	{r4, r5, r6, lr}
    56da:	b082      	sub	sp, #8
    56dc:	4c15      	ldr	r4, [pc, #84]	; (5734 <dcbm1_readreg+0x5c>)
    56de:	4a16      	ldr	r2, [pc, #88]	; (5738 <dcbm1_readreg+0x60>)
    56e0:	f88d 0005 	strb.w	r0, [sp, #5]
    56e4:	2300      	movs	r3, #0
    56e6:	26fd      	movs	r6, #253	; 0xfd
    56e8:	f44f 1080 	mov.w	r0, #1048576	; 0x100000
    56ec:	7363      	strb	r3, [r4, #13]
    56ee:	f88d 6004 	strb.w	r6, [sp, #4]
    56f2:	460d      	mov	r5, r1
    56f4:	6150      	str	r0, [r2, #20]
    56f6:	bf00      	nop
    56f8:	bf00      	nop
    56fa:	2201      	movs	r2, #1
    56fc:	4619      	mov	r1, r3
    56fe:	6920      	ldr	r0, [r4, #16]
    5700:	4b0e      	ldr	r3, [pc, #56]	; (573c <dcbm1_readreg+0x64>)
    5702:	7122      	strb	r2, [r4, #4]
    5704:	4798      	blx	r3
    5706:	2102      	movs	r1, #2
    5708:	4b0d      	ldr	r3, [pc, #52]	; (5740 <dcbm1_readreg+0x68>)
    570a:	a801      	add	r0, sp, #4
    570c:	4798      	blx	r3
    570e:	6920      	ldr	r0, [r4, #16]
    5710:	4b0c      	ldr	r3, [pc, #48]	; (5744 <dcbm1_readreg+0x6c>)
    5712:	210a      	movs	r1, #10
    5714:	4798      	blx	r3
    5716:	b128      	cbz	r0, 5724 <dcbm1_readreg+0x4c>
    5718:	7b63      	ldrb	r3, [r4, #13]
    571a:	f003 00ff 	and.w	r0, r3, #255	; 0xff
    571e:	b10b      	cbz	r3, 5724 <dcbm1_readreg+0x4c>
    5720:	7b23      	ldrb	r3, [r4, #12]
    5722:	702b      	strb	r3, [r5, #0]
    5724:	4b04      	ldr	r3, [pc, #16]	; (5738 <dcbm1_readreg+0x60>)
    5726:	2100      	movs	r1, #0
    5728:	f44f 1280 	mov.w	r2, #1048576	; 0x100000
    572c:	7121      	strb	r1, [r4, #4]
    572e:	619a      	str	r2, [r3, #24]
    5730:	b002      	add	sp, #8
    5732:	bd70      	pop	{r4, r5, r6, pc}
    5734:	20003650 	.word	0x20003650
    5738:	41008000 	.word	0x41008000
    573c:	0000e8a9 	.word	0x0000e8a9
    5740:	000054d9 	.word	0x000054d9
    5744:	0000eea1 	.word	0x0000eea1

00005748 <dcbm1_writeverifyreg>:
    5748:	b530      	push	{r4, r5, lr}
    574a:	4b11      	ldr	r3, [pc, #68]	; (5790 <dcbm1_writeverifyreg+0x48>)
    574c:	b083      	sub	sp, #12
    574e:	4604      	mov	r4, r0
    5750:	460d      	mov	r5, r1
    5752:	4798      	blx	r3
    5754:	b1c0      	cbz	r0, 5788 <dcbm1_writeverifyreg+0x40>
    5756:	2c02      	cmp	r4, #2
    5758:	d012      	beq.n	5780 <dcbm1_writeverifyreg+0x38>
    575a:	4620      	mov	r0, r4
    575c:	f10d 0107 	add.w	r1, sp, #7
    5760:	4b0c      	ldr	r3, [pc, #48]	; (5794 <dcbm1_writeverifyreg+0x4c>)
    5762:	4798      	blx	r3
    5764:	b918      	cbnz	r0, 576e <dcbm1_writeverifyreg+0x26>
    5766:	f06f 0001 	mvn.w	r0, #1
    576a:	b003      	add	sp, #12
    576c:	bd30      	pop	{r4, r5, pc}
    576e:	f89d 3007 	ldrb.w	r3, [sp, #7]
    5772:	42ab      	cmp	r3, r5
    5774:	bf0c      	ite	eq
    5776:	2000      	moveq	r0, #0
    5778:	f06f 0002 	mvnne.w	r0, #2
    577c:	b003      	add	sp, #12
    577e:	bd30      	pop	{r4, r5, pc}
    5780:	4620      	mov	r0, r4
    5782:	4b05      	ldr	r3, [pc, #20]	; (5798 <dcbm1_writeverifyreg+0x50>)
    5784:	4798      	blx	r3
    5786:	e7e8      	b.n	575a <dcbm1_writeverifyreg+0x12>
    5788:	f04f 30ff 	mov.w	r0, #4294967295
    578c:	e7ed      	b.n	576a <dcbm1_writeverifyreg+0x22>
    578e:	bf00      	nop
    5790:	00005601 	.word	0x00005601
    5794:	000056d9 	.word	0x000056d9
    5798:	0000f6a1 	.word	0x0000f6a1

0000579c <dcbm1_checkfrequency>:
    579c:	b510      	push	{r4, lr}
    579e:	b082      	sub	sp, #8
    57a0:	4604      	mov	r4, r0
    57a2:	f10d 0107 	add.w	r1, sp, #7
    57a6:	2002      	movs	r0, #2
    57a8:	4b05      	ldr	r3, [pc, #20]	; (57c0 <dcbm1_checkfrequency+0x24>)
    57aa:	4798      	blx	r3
    57ac:	b128      	cbz	r0, 57ba <dcbm1_checkfrequency+0x1e>
    57ae:	f89d 0007 	ldrb.w	r0, [sp, #7]
    57b2:	1b00      	subs	r0, r0, r4
    57b4:	fab0 f080 	clz	r0, r0
    57b8:	0940      	lsrs	r0, r0, #5
    57ba:	b002      	add	sp, #8
    57bc:	bd10      	pop	{r4, pc}
    57be:	bf00      	nop
    57c0:	000056d9 	.word	0x000056d9

000057c4 <dcbm1_getfrequency_h>:
    57c4:	4b02      	ldr	r3, [pc, #8]	; (57d0 <dcbm1_getfrequency_h+0xc>)
    57c6:	fba3 3000 	umull	r3, r0, r3, r0
    57ca:	08c0      	lsrs	r0, r0, #3
    57cc:	3005      	adds	r0, #5
    57ce:	4770      	bx	lr
    57d0:	cccccccd 	.word	0xcccccccd

000057d4 <dcbm1_getfrequency_l>:
    57d4:	4b04      	ldr	r3, [pc, #16]	; (57e8 <dcbm1_getfrequency_l+0x14>)
    57d6:	fba3 2300 	umull	r2, r3, r3, r0
    57da:	08db      	lsrs	r3, r3, #3
    57dc:	eb03 0383 	add.w	r3, r3, r3, lsl #2
    57e0:	eba0 0043 	sub.w	r0, r0, r3, lsl #1
    57e4:	b2c0      	uxtb	r0, r0
    57e6:	4770      	bx	lr
    57e8:	cccccccd 	.word	0xcccccccd

000057ec <dcbm1_checkrate>:
    57ec:	b510      	push	{r4, lr}
    57ee:	b082      	sub	sp, #8
    57f0:	4604      	mov	r4, r0
    57f2:	f10d 0107 	add.w	r1, sp, #7
    57f6:	2000      	movs	r0, #0
    57f8:	4b07      	ldr	r3, [pc, #28]	; (5818 <dcbm1_checkrate+0x2c>)
    57fa:	4798      	blx	r3
    57fc:	b148      	cbz	r0, 5812 <dcbm1_checkrate+0x26>
    57fe:	f004 0403 	and.w	r4, r4, #3
    5802:	f89d 0007 	ldrb.w	r0, [sp, #7]
    5806:	f044 0460 	orr.w	r4, r4, #96	; 0x60
    580a:	1b00      	subs	r0, r0, r4
    580c:	fab0 f080 	clz	r0, r0
    5810:	0940      	lsrs	r0, r0, #5
    5812:	b002      	add	sp, #8
    5814:	bd10      	pop	{r4, pc}
    5816:	bf00      	nop
    5818:	000056d9 	.word	0x000056d9

0000581c <dcbm1_getrate_kHz>:
    581c:	f000 0203 	and.w	r2, r0, #3
    5820:	4b04      	ldr	r3, [pc, #16]	; (5834 <dcbm1_getrate_kHz+0x18>)
    5822:	4805      	ldr	r0, [pc, #20]	; (5838 <dcbm1_getrate_kHz+0x1c>)
    5824:	f853 3022 	ldr.w	r3, [r3, r2, lsl #2]
    5828:	fb80 2003 	smull	r2, r0, r0, r3
    582c:	17db      	asrs	r3, r3, #31
    582e:	ebc3 10a0 	rsb	r0, r3, r0, asr #6
    5832:	4770      	bx	lr
    5834:	00010d10 	.word	0x00010d10
    5838:	10624dd3 	.word	0x10624dd3

0000583c <dcbm1_checkerror>:
    583c:	4770      	bx	lr
    583e:	bf00      	nop

00005840 <dcbm1_setcom>:
    5840:	e92d 41f0 	stmdb	sp!, {r4, r5, r6, r7, r8, lr}
    5844:	4606      	mov	r6, r0
    5846:	460d      	mov	r5, r1
    5848:	2003      	movs	r0, #3
    584a:	211c      	movs	r1, #28
    584c:	4c0c      	ldr	r4, [pc, #48]	; (5880 <dcbm1_setcom+0x40>)
    584e:	4617      	mov	r7, r2
    5850:	47a0      	blx	r4
    5852:	2800      	cmp	r0, #0
    5854:	db12      	blt.n	587c <dcbm1_setcom+0x3c>
    5856:	f005 0103 	and.w	r1, r5, #3
    585a:	f041 0160 	orr.w	r1, r1, #96	; 0x60
    585e:	2000      	movs	r0, #0
    5860:	47a0      	blx	r4
    5862:	2800      	cmp	r0, #0
    5864:	db0a      	blt.n	587c <dcbm1_setcom+0x3c>
    5866:	4639      	mov	r1, r7
    5868:	2001      	movs	r0, #1
    586a:	47a0      	blx	r4
    586c:	2800      	cmp	r0, #0
    586e:	db05      	blt.n	587c <dcbm1_setcom+0x3c>
    5870:	4631      	mov	r1, r6
    5872:	4623      	mov	r3, r4
    5874:	2002      	movs	r0, #2
    5876:	e8bd 41f0 	ldmia.w	sp!, {r4, r5, r6, r7, r8, lr}
    587a:	4718      	bx	r3
    587c:	e8bd 81f0 	ldmia.w	sp!, {r4, r5, r6, r7, r8, pc}
    5880:	00005749 	.word	0x00005749

00005884 <dcbm1_init>:
    5884:	e92d 4ff0 	stmdb	sp!, {r4, r5, r6, r7, r8, r9, sl, fp, lr}
    5888:	b085      	sub	sp, #20
    588a:	4e41      	ldr	r6, [pc, #260]	; (5990 <dcbm1_init+0x10c>)
    588c:	9003      	str	r0, [sp, #12]
    588e:	2000      	movs	r0, #0
    5890:	7570      	strb	r0, [r6, #21]
    5892:	9101      	str	r1, [sp, #4]
    5894:	9202      	str	r2, [sp, #8]
    5896:	7530      	strb	r0, [r6, #20]
    5898:	4b3e      	ldr	r3, [pc, #248]	; (5994 <dcbm1_init+0x110>)
    589a:	4a3f      	ldr	r2, [pc, #252]	; (5998 <dcbm1_init+0x114>)
    589c:	493f      	ldr	r1, [pc, #252]	; (599c <dcbm1_init+0x118>)
    589e:	4840      	ldr	r0, [pc, #256]	; (59a0 <dcbm1_init+0x11c>)
    58a0:	4d40      	ldr	r5, [pc, #256]	; (59a4 <dcbm1_init+0x120>)
    58a2:	f8df 9120 	ldr.w	r9, [pc, #288]	; 59c4 <dcbm1_init+0x140>
    58a6:	4c40      	ldr	r4, [pc, #256]	; (59a8 <dcbm1_init+0x124>)
    58a8:	f8df 811c 	ldr.w	r8, [pc, #284]	; 59c8 <dcbm1_init+0x144>
    58ac:	4798      	blx	r3
    58ae:	f04f 0a03 	mov.w	sl, #3
    58b2:	f44f 1280 	mov.w	r2, #1048576	; 0x100000
    58b6:	f44f 3b80 	mov.w	fp, #65536	; 0x10000
    58ba:	4b3c      	ldr	r3, [pc, #240]	; (59ac <dcbm1_init+0x128>)
    58bc:	61a2      	str	r2, [r4, #24]
    58be:	f8c4 b094 	str.w	fp, [r4, #148]	; 0x94
    58c2:	f8c4 b084 	str.w	fp, [r4, #132]	; 0x84
    58c6:	f8c4 80a8 	str.w	r8, [r4, #168]	; 0xa8
    58ca:	f8c4 30a8 	str.w	r3, [r4, #168]	; 0xa8
    58ce:	f44f 3300 	mov.w	r3, #131072	; 0x20000
    58d2:	f8c4 3084 	str.w	r3, [r4, #132]	; 0x84
    58d6:	4b36      	ldr	r3, [pc, #216]	; (59b0 <dcbm1_init+0x12c>)
    58d8:	f8c4 80a8 	str.w	r8, [r4, #168]	; 0xa8
    58dc:	2002      	movs	r0, #2
    58de:	f8c4 30a8 	str.w	r3, [r4, #168]	; 0xa8
    58e2:	f04f 6700 	mov.w	r7, #134217728	; 0x8000000
    58e6:	47a8      	blx	r5
    58e8:	2004      	movs	r0, #4
    58ea:	6167      	str	r7, [r4, #20]
    58ec:	47a8      	blx	r5
    58ee:	2002      	movs	r0, #2
    58f0:	61a7      	str	r7, [r4, #24]
    58f2:	47a8      	blx	r5
    58f4:	4b2f      	ldr	r3, [pc, #188]	; (59b4 <dcbm1_init+0x130>)
    58f6:	4798      	blx	r3
    58f8:	2001      	movs	r0, #1
    58fa:	47a8      	blx	r5
    58fc:	2201      	movs	r2, #1
    58fe:	7572      	strb	r2, [r6, #21]
    5900:	7d72      	ldrb	r2, [r6, #21]
    5902:	b9fa      	cbnz	r2, 5944 <dcbm1_init+0xc0>
    5904:	9b01      	ldr	r3, [sp, #4]
    5906:	f003 0103 	and.w	r1, r3, #3
    590a:	f041 0160 	orr.w	r1, r1, #96	; 0x60
    590e:	2000      	movs	r0, #0
    5910:	47c8      	blx	r9
    5912:	1e07      	subs	r7, r0, #0
    5914:	9902      	ldr	r1, [sp, #8]
    5916:	f04f 0001 	mov.w	r0, #1
    591a:	db2a      	blt.n	5972 <dcbm1_init+0xee>
    591c:	47c8      	blx	r9
    591e:	1e07      	subs	r7, r0, #0
    5920:	9903      	ldr	r1, [sp, #12]
    5922:	f04f 0002 	mov.w	r0, #2
    5926:	db24      	blt.n	5972 <dcbm1_init+0xee>
    5928:	47c8      	blx	r9
    592a:	1e07      	subs	r7, r0, #0
    592c:	db21      	blt.n	5972 <dcbm1_init+0xee>
    592e:	2002      	movs	r0, #2
    5930:	4b21      	ldr	r3, [pc, #132]	; (59b8 <dcbm1_init+0x134>)
    5932:	4798      	blx	r3
    5934:	4b1c      	ldr	r3, [pc, #112]	; (59a8 <dcbm1_init+0x124>)
    5936:	f44f 1280 	mov.w	r2, #1048576	; 0x100000
    593a:	4638      	mov	r0, r7
    593c:	619a      	str	r2, [r3, #24]
    593e:	b005      	add	sp, #20
    5940:	e8bd 8ff0 	ldmia.w	sp!, {r4, r5, r6, r7, r8, r9, sl, fp, pc}
    5944:	211c      	movs	r1, #28
    5946:	2003      	movs	r0, #3
    5948:	47c8      	blx	r9
    594a:	f44f 3300 	mov.w	r3, #131072	; 0x20000
    594e:	f04f 4180 	mov.w	r1, #1073741824	; 0x40000000
    5952:	4a1a      	ldr	r2, [pc, #104]	; (59bc <dcbm1_init+0x138>)
    5954:	f8c4 b088 	str.w	fp, [r4, #136]	; 0x88
    5958:	1e07      	subs	r7, r0, #0
    595a:	f8c4 10a8 	str.w	r1, [r4, #168]	; 0xa8
    595e:	f8c4 20a8 	str.w	r2, [r4, #168]	; 0xa8
    5962:	f8c4 3084 	str.w	r3, [r4, #132]	; 0x84
    5966:	4b12      	ldr	r3, [pc, #72]	; (59b0 <dcbm1_init+0x12c>)
    5968:	f8c4 80a8 	str.w	r8, [r4, #168]	; 0xa8
    596c:	f8c4 30a8 	str.w	r3, [r4, #168]	; 0xa8
    5970:	dac8      	bge.n	5904 <dcbm1_init+0x80>
    5972:	2002      	movs	r0, #2
    5974:	4b12      	ldr	r3, [pc, #72]	; (59c0 <dcbm1_init+0x13c>)
    5976:	4798      	blx	r3
    5978:	f44f 1380 	mov.w	r3, #1048576	; 0x100000
    597c:	61a3      	str	r3, [r4, #24]
    597e:	2002      	movs	r0, #2
    5980:	47a8      	blx	r5
    5982:	f1ba 0a01 	subs.w	sl, sl, #1
    5986:	d194      	bne.n	58b2 <dcbm1_init+0x2e>
    5988:	4638      	mov	r0, r7
    598a:	b005      	add	sp, #20
    598c:	e8bd 8ff0 	ldmia.w	sp!, {r4, r5, r6, r7, r8, r9, sl, fp, pc}
    5990:	20003650 	.word	0x20003650
    5994:	00005c19 	.word	0x00005c19
    5998:	000053d9 	.word	0x000053d9
    599c:	000053e9 	.word	0x000053e9
    59a0:	00005429 	.word	0x00005429
    59a4:	0000f6a1 	.word	0x0000f6a1
    59a8:	41008000 	.word	0x41008000
    59ac:	c0020001 	.word	0xc0020001
    59b0:	c0020002 	.word	0xc0020002
    59b4:	000055a9 	.word	0x000055a9
    59b8:	0000d79d 	.word	0x0000d79d
    59bc:	c0000001 	.word	0xc0000001
    59c0:	0000d78d 	.word	0x0000d78d
    59c4:	00005749 	.word	0x00005749
    59c8:	40020000 	.word	0x40020000

000059cc <dcbm1_nap>:
    59cc:	b510      	push	{r4, lr}
    59ce:	4b15      	ldr	r3, [pc, #84]	; (5a24 <dcbm1_nap+0x58>)
    59d0:	7d1b      	ldrb	r3, [r3, #20]
    59d2:	4604      	mov	r4, r0
    59d4:	b1d3      	cbz	r3, 5a0c <dcbm1_nap+0x40>
    59d6:	4620      	mov	r0, r4
    59d8:	4b13      	ldr	r3, [pc, #76]	; (5a28 <dcbm1_nap+0x5c>)
    59da:	4c14      	ldr	r4, [pc, #80]	; (5a2c <dcbm1_nap+0x60>)
    59dc:	4798      	blx	r3
    59de:	4b14      	ldr	r3, [pc, #80]	; (5a30 <dcbm1_nap+0x64>)
    59e0:	f44f 1280 	mov.w	r2, #1048576	; 0x100000
    59e4:	615a      	str	r2, [r3, #20]
    59e6:	f04f 5080 	mov.w	r0, #268435456	; 0x10000000
    59ea:	2300      	movs	r3, #0
    59ec:	f240 1177 	movw	r1, #375	; 0x177
    59f0:	bf00      	nop
    59f2:	2b7d      	cmp	r3, #125	; 0x7d
    59f4:	b29a      	uxth	r2, r3
    59f6:	d00e      	beq.n	5a16 <dcbm1_nap+0x4a>
    59f8:	2afa      	cmp	r2, #250	; 0xfa
    59fa:	d00c      	beq.n	5a16 <dcbm1_nap+0x4a>
    59fc:	3301      	adds	r3, #1
    59fe:	428b      	cmp	r3, r1
    5a00:	d1f6      	bne.n	59f0 <dcbm1_nap+0x24>
    5a02:	4b0b      	ldr	r3, [pc, #44]	; (5a30 <dcbm1_nap+0x64>)
    5a04:	f44f 1280 	mov.w	r2, #1048576	; 0x100000
    5a08:	619a      	str	r2, [r3, #24]
    5a0a:	bd10      	pop	{r4, pc}
    5a0c:	219f      	movs	r1, #159	; 0x9f
    5a0e:	4b09      	ldr	r3, [pc, #36]	; (5a34 <dcbm1_nap+0x68>)
    5a10:	2003      	movs	r0, #3
    5a12:	4798      	blx	r3
    5a14:	e7df      	b.n	59d6 <dcbm1_nap+0xa>
    5a16:	6020      	str	r0, [r4, #0]
    5a18:	f3bf 8f4f 	dsb	sy
    5a1c:	f3bf 8f6f 	isb	sy
    5a20:	e7ec      	b.n	59fc <dcbm1_nap+0x30>
    5a22:	bf00      	nop
    5a24:	20003650 	.word	0x20003650
    5a28:	0000f6a1 	.word	0x0000f6a1
    5a2c:	e000ed04 	.word	0xe000ed04
    5a30:	41008000 	.word	0x41008000
    5a34:	0000565d 	.word	0x0000565d

00005a38 <dcbm1_driver_init>:
    5a38:	b538      	push	{r3, r4, r5, lr}
    5a3a:	2203      	movs	r2, #3
    5a3c:	2100      	movs	r1, #0
    5a3e:	4d05      	ldr	r5, [pc, #20]	; (5a54 <dcbm1_driver_init+0x1c>)
    5a40:	4c05      	ldr	r4, [pc, #20]	; (5a58 <dcbm1_driver_init+0x20>)
    5a42:	2001      	movs	r0, #1
    5a44:	47a8      	blx	r5
    5a46:	2203      	movs	r2, #3
    5a48:	6120      	str	r0, [r4, #16]
    5a4a:	2100      	movs	r1, #0
    5a4c:	2001      	movs	r0, #1
    5a4e:	47a8      	blx	r5
    5a50:	61a0      	str	r0, [r4, #24]
    5a52:	bd38      	pop	{r3, r4, r5, pc}
    5a54:	0000e93d 	.word	0x0000e93d
    5a58:	20003650 	.word	0x20003650

00005a5c <Production_Write>:
    5a5c:	b5f0      	push	{r4, r5, r6, r7, lr}
    5a5e:	b089      	sub	sp, #36	; 0x24
    5a60:	ac08      	add	r4, sp, #32
    5a62:	4617      	mov	r7, r2
    5a64:	f844 0d20 	str.w	r0, [r4, #-32]!
    5a68:	4d09      	ldr	r5, [pc, #36]	; (5a90 <Production_Write+0x34>)
    5a6a:	a801      	add	r0, sp, #4
    5a6c:	220b      	movs	r2, #11
    5a6e:	461e      	mov	r6, r3
    5a70:	47a8      	blx	r5
    5a72:	990e      	ldr	r1, [sp, #56]	; 0x38
    5a74:	f88d 700f 	strb.w	r7, [sp, #15]
    5a78:	220c      	movs	r2, #12
    5a7a:	a805      	add	r0, sp, #20
    5a7c:	9604      	str	r6, [sp, #16]
    5a7e:	47a8      	blx	r5
    5a80:	2320      	movs	r3, #32
    5a82:	4622      	mov	r2, r4
    5a84:	4619      	mov	r1, r3
    5a86:	4c03      	ldr	r4, [pc, #12]	; (5a94 <Production_Write+0x38>)
    5a88:	4803      	ldr	r0, [pc, #12]	; (5a98 <Production_Write+0x3c>)
    5a8a:	47a0      	blx	r4
    5a8c:	b009      	add	sp, #36	; 0x24
    5a8e:	bdf0      	pop	{r4, r5, r6, r7, pc}
    5a90:	00010455 	.word	0x00010455
    5a94:	00009365 	.word	0x00009365
    5a98:	00804000 	.word	0x00804000

00005a9c <Production_WriteStruct>:
    5a9c:	b410      	push	{r4}
    5a9e:	4c04      	ldr	r4, [pc, #16]	; (5ab0 <Production_WriteStruct+0x14>)
    5aa0:	2320      	movs	r3, #32
    5aa2:	4602      	mov	r2, r0
    5aa4:	46a4      	mov	ip, r4
    5aa6:	4619      	mov	r1, r3
    5aa8:	4802      	ldr	r0, [pc, #8]	; (5ab4 <Production_WriteStruct+0x18>)
    5aaa:	f85d 4b04 	ldr.w	r4, [sp], #4
    5aae:	4760      	bx	ip
    5ab0:	00009365 	.word	0x00009365
    5ab4:	00804000 	.word	0x00804000

00005ab8 <I2Cx_Init>:
    5ab8:	b570      	push	{r4, r5, r6, lr}
    5aba:	4c2f      	ldr	r4, [pc, #188]	; (5b78 <I2Cx_Init+0xc0>)
    5abc:	7863      	ldrb	r3, [r4, #1]
    5abe:	2201      	movs	r2, #1
    5ac0:	7022      	strb	r2, [r4, #0]
    5ac2:	b12b      	cbz	r3, 5ad0 <I2Cx_Init+0x18>
    5ac4:	4b2d      	ldr	r3, [pc, #180]	; (5b7c <I2Cx_Init+0xc4>)
    5ac6:	482e      	ldr	r0, [pc, #184]	; (5b80 <I2Cx_Init+0xc8>)
    5ac8:	4798      	blx	r3
    5aca:	482d      	ldr	r0, [pc, #180]	; (5b80 <I2Cx_Init+0xc8>)
    5acc:	4b2d      	ldr	r3, [pc, #180]	; (5b84 <I2Cx_Init+0xcc>)
    5ace:	4798      	blx	r3
    5ad0:	4b2d      	ldr	r3, [pc, #180]	; (5b88 <I2Cx_Init+0xd0>)
    5ad2:	4a2e      	ldr	r2, [pc, #184]	; (5b8c <I2Cx_Init+0xd4>)
    5ad4:	492e      	ldr	r1, [pc, #184]	; (5b90 <I2Cx_Init+0xd8>)
    5ad6:	4d2f      	ldr	r5, [pc, #188]	; (5b94 <I2Cx_Init+0xdc>)
    5ad8:	4829      	ldr	r0, [pc, #164]	; (5b80 <I2Cx_Init+0xc8>)
    5ada:	2640      	movs	r6, #64	; 0x40
    5adc:	f8c3 60e0 	str.w	r6, [r3, #224]	; 0xe0
    5ae0:	6993      	ldr	r3, [r2, #24]
    5ae2:	f443 6380 	orr.w	r3, r3, #1024	; 0x400
    5ae6:	6193      	str	r3, [r2, #24]
    5ae8:	47a8      	blx	r5
    5aea:	4b2b      	ldr	r3, [pc, #172]	; (5b98 <I2Cx_Init+0xe0>)
    5aec:	4824      	ldr	r0, [pc, #144]	; (5b80 <I2Cx_Init+0xc8>)
    5aee:	4d2b      	ldr	r5, [pc, #172]	; (5b9c <I2Cx_Init+0xe4>)
    5af0:	4798      	blx	r3
    5af2:	4b2b      	ldr	r3, [pc, #172]	; (5ba0 <I2Cx_Init+0xe8>)
    5af4:	482b      	ldr	r0, [pc, #172]	; (5ba4 <I2Cx_Init+0xec>)
    5af6:	492c      	ldr	r1, [pc, #176]	; (5ba8 <I2Cx_Init+0xf0>)
    5af8:	f44f 0280 	mov.w	r2, #4194304	; 0x400000
    5afc:	605a      	str	r2, [r3, #4]
    5afe:	6298      	str	r0, [r3, #40]	; 0x28
    5b00:	6299      	str	r1, [r3, #40]	; 0x28
    5b02:	605a      	str	r2, [r3, #4]
    5b04:	f893 1056 	ldrb.w	r1, [r3, #86]	; 0x56
    5b08:	f041 0104 	orr.w	r1, r1, #4
    5b0c:	f883 1056 	strb.w	r1, [r3, #86]	; 0x56
    5b10:	619a      	str	r2, [r3, #24]
    5b12:	f893 2056 	ldrb.w	r2, [r3, #86]	; 0x56
    5b16:	f002 02fe 	and.w	r2, r2, #254	; 0xfe
    5b1a:	f042 0201 	orr.w	r2, r2, #1
    5b1e:	f883 2056 	strb.w	r2, [r3, #86]	; 0x56
    5b22:	f893 203b 	ldrb.w	r2, [r3, #59]	; 0x3b
    5b26:	f002 02f0 	and.w	r2, r2, #240	; 0xf0
    5b2a:	f44f 0100 	mov.w	r1, #8388608	; 0x800000
    5b2e:	f042 0202 	orr.w	r2, r2, #2
    5b32:	f883 203b 	strb.w	r2, [r3, #59]	; 0x3b
    5b36:	6059      	str	r1, [r3, #4]
    5b38:	6298      	str	r0, [r3, #40]	; 0x28
    5b3a:	629d      	str	r5, [r3, #40]	; 0x28
    5b3c:	6059      	str	r1, [r3, #4]
    5b3e:	f893 2057 	ldrb.w	r2, [r3, #87]	; 0x57
    5b42:	f042 0204 	orr.w	r2, r2, #4
    5b46:	f883 2057 	strb.w	r2, [r3, #87]	; 0x57
    5b4a:	6199      	str	r1, [r3, #24]
    5b4c:	f893 2057 	ldrb.w	r2, [r3, #87]	; 0x57
    5b50:	f002 02fe 	and.w	r2, r2, #254	; 0xfe
    5b54:	f042 0201 	orr.w	r2, r2, #1
    5b58:	f883 2057 	strb.w	r2, [r3, #87]	; 0x57
    5b5c:	f893 203b 	ldrb.w	r2, [r3, #59]	; 0x3b
    5b60:	f002 020f 	and.w	r2, r2, #15
    5b64:	f042 0220 	orr.w	r2, r2, #32
    5b68:	f883 203b 	strb.w	r2, [r3, #59]	; 0x3b
    5b6c:	2100      	movs	r1, #0
    5b6e:	2001      	movs	r0, #1
    5b70:	7060      	strb	r0, [r4, #1]
    5b72:	7021      	strb	r1, [r4, #0]
    5b74:	8061      	strh	r1, [r4, #2]
    5b76:	bd70      	pop	{r4, r5, r6, pc}
    5b78:	20003672 	.word	0x20003672
    5b7c:	00008f81 	.word	0x00008f81
    5b80:	2000e9a4 	.word	0x2000e9a4
    5b84:	00008f65 	.word	0x00008f65
    5b88:	40001c00 	.word	0x40001c00
    5b8c:	40000800 	.word	0x40000800
    5b90:	41014000 	.word	0x41014000
    5b94:	00008f45 	.word	0x00008f45
    5b98:	00008f79 	.word	0x00008f79
    5b9c:	c0020080 	.word	0xc0020080
    5ba0:	41008000 	.word	0x41008000
    5ba4:	40020000 	.word	0x40020000
    5ba8:	c0020040 	.word	0xc0020040

00005bac <I2Cx_Write_Sequence>:
    5bac:	b5f0      	push	{r4, r5, r6, r7, lr}
    5bae:	4c0b      	ldr	r4, [pc, #44]	; (5bdc <I2Cx_Write_Sequence+0x30>)
    5bb0:	4b0b      	ldr	r3, [pc, #44]	; (5be0 <I2Cx_Write_Sequence+0x34>)
    5bb2:	b083      	sub	sp, #12
    5bb4:	4607      	mov	r7, r0
    5bb6:	460d      	mov	r5, r1
    5bb8:	4620      	mov	r0, r4
    5bba:	a901      	add	r1, sp, #4
    5bbc:	4616      	mov	r6, r2
    5bbe:	4798      	blx	r3
    5bc0:	4639      	mov	r1, r7
    5bc2:	4620      	mov	r0, r4
    5bc4:	f44f 6200 	mov.w	r2, #2048	; 0x800
    5bc8:	4b06      	ldr	r3, [pc, #24]	; (5be4 <I2Cx_Write_Sequence+0x38>)
    5bca:	4798      	blx	r3
    5bcc:	b2f2      	uxtb	r2, r6
    5bce:	4629      	mov	r1, r5
    5bd0:	4620      	mov	r0, r4
    5bd2:	4b05      	ldr	r3, [pc, #20]	; (5be8 <I2Cx_Write_Sequence+0x3c>)
    5bd4:	4798      	blx	r3
    5bd6:	b003      	add	sp, #12
    5bd8:	bdf0      	pop	{r4, r5, r6, r7, pc}
    5bda:	bf00      	nop
    5bdc:	2000e9a4 	.word	0x2000e9a4
    5be0:	00008fbd 	.word	0x00008fbd
    5be4:	00008f89 	.word	0x00008f89
    5be8:	00008f99 	.word	0x00008f99

00005bec <I2Cx_Check>:
    5bec:	b510      	push	{r4, lr}
    5bee:	4c05      	ldr	r4, [pc, #20]	; (5c04 <I2Cx_Check+0x18>)
    5bf0:	8863      	ldrh	r3, [r4, #2]
    5bf2:	2b02      	cmp	r3, #2
    5bf4:	d801      	bhi.n	5bfa <I2Cx_Check+0xe>
    5bf6:	2001      	movs	r0, #1
    5bf8:	bd10      	pop	{r4, pc}
    5bfa:	4b03      	ldr	r3, [pc, #12]	; (5c08 <I2Cx_Check+0x1c>)
    5bfc:	4798      	blx	r3
    5bfe:	2000      	movs	r0, #0
    5c00:	8060      	strh	r0, [r4, #2]
    5c02:	bd10      	pop	{r4, pc}
    5c04:	20003672 	.word	0x20003672
    5c08:	00005ab9 	.word	0x00005ab9

00005c0c <Usart1_DmaCb>:
    5c0c:	4b01      	ldr	r3, [pc, #4]	; (5c14 <Usart1_DmaCb+0x8>)
    5c0e:	2202      	movs	r2, #2
    5c10:	759a      	strb	r2, [r3, #22]
    5c12:	4770      	bx	lr
    5c14:	40003400 	.word	0x40003400

00005c18 <Usart1_Init>:
    5c18:	b5f0      	push	{r4, r5, r6, r7, lr}
    5c1a:	4d49      	ldr	r5, [pc, #292]	; (5d40 <Usart1_Init+0x128>)
    5c1c:	4c49      	ldr	r4, [pc, #292]	; (5d44 <Usart1_Init+0x12c>)
    5c1e:	6028      	str	r0, [r5, #0]
    5c20:	6960      	ldr	r0, [r4, #20]
    5c22:	4e49      	ldr	r6, [pc, #292]	; (5d48 <Usart1_Init+0x130>)
    5c24:	6069      	str	r1, [r5, #4]
    5c26:	4b49      	ldr	r3, [pc, #292]	; (5d4c <Usart1_Init+0x134>)
    5c28:	2140      	movs	r1, #64	; 0x40
    5c2a:	f440 5000 	orr.w	r0, r0, #8192	; 0x2000
    5c2e:	6160      	str	r0, [r4, #20]
    5c30:	f8c6 10a0 	str.w	r1, [r6, #160]	; 0xa0
    5c34:	6819      	ldr	r1, [r3, #0]
    5c36:	60aa      	str	r2, [r5, #8]
    5c38:	f041 0101 	orr.w	r1, r1, #1
    5c3c:	b083      	sub	sp, #12
    5c3e:	6019      	str	r1, [r3, #0]
    5c40:	69d8      	ldr	r0, [r3, #28]
    5c42:	f010 0001 	ands.w	r0, r0, #1
    5c46:	d1fb      	bne.n	5c40 <Usart1_Init+0x28>
    5c48:	4c41      	ldr	r4, [pc, #260]	; (5d50 <Usart1_Init+0x138>)
    5c4a:	4a42      	ldr	r2, [pc, #264]	; (5d54 <Usart1_Init+0x13c>)
    5c4c:	601a      	str	r2, [r3, #0]
    5c4e:	f44f 3740 	mov.w	r7, #196608	; 0x30000
    5c52:	f64d 06ad 	movw	r6, #55469	; 0xd8ad
    5c56:	2184      	movs	r1, #132	; 0x84
    5c58:	f44f 2280 	mov.w	r2, #262144	; 0x40000
    5c5c:	605f      	str	r7, [r3, #4]
    5c5e:	819e      	strh	r6, [r3, #12]
    5c60:	7599      	strb	r1, [r3, #22]
    5c62:	f8c4 2084 	str.w	r2, [r4, #132]	; 0x84
    5c66:	f3bf 8f4f 	dsb	sy
    5c6a:	f3bf 8f6f 	isb	sy
    5c6e:	26a0      	movs	r6, #160	; 0xa0
    5c70:	68a9      	ldr	r1, [r5, #8]
    5c72:	4b39      	ldr	r3, [pc, #228]	; (5d58 <Usart1_Init+0x140>)
    5c74:	f8c4 2184 	str.w	r2, [r4, #388]	; 0x184
    5c78:	4f38      	ldr	r7, [pc, #224]	; (5d5c <Usart1_Init+0x144>)
    5c7a:	f884 6332 	strb.w	r6, [r4, #818]	; 0x332
    5c7e:	6062      	str	r2, [r4, #4]
    5c80:	9100      	str	r1, [sp, #0]
    5c82:	2207      	movs	r2, #7
    5c84:	4936      	ldr	r1, [pc, #216]	; (5d60 <Usart1_Init+0x148>)
    5c86:	47b8      	blx	r7
    5c88:	f44f 2300 	mov.w	r3, #524288	; 0x80000
    5c8c:	f8c4 3084 	str.w	r3, [r4, #132]	; 0x84
    5c90:	f3bf 8f4f 	dsb	sy
    5c94:	f3bf 8f6f 	isb	sy
    5c98:	686a      	ldr	r2, [r5, #4]
    5c9a:	f8c4 3184 	str.w	r3, [r4, #388]	; 0x184
    5c9e:	f884 6333 	strb.w	r6, [r4, #819]	; 0x333
    5ca2:	6063      	str	r3, [r4, #4]
    5ca4:	b16a      	cbz	r2, 5cc2 <Usart1_Init+0xaa>
    5ca6:	f44f 1380 	mov.w	r3, #1048576	; 0x100000
    5caa:	f8c4 3084 	str.w	r3, [r4, #132]	; 0x84
    5cae:	f3bf 8f4f 	dsb	sy
    5cb2:	f3bf 8f6f 	isb	sy
    5cb6:	2280      	movs	r2, #128	; 0x80
    5cb8:	f8c4 3184 	str.w	r3, [r4, #388]	; 0x184
    5cbc:	f884 2334 	strb.w	r2, [r4, #820]	; 0x334
    5cc0:	6063      	str	r3, [r4, #4]
    5cc2:	68ab      	ldr	r3, [r5, #8]
    5cc4:	b173      	cbz	r3, 5ce4 <Usart1_Init+0xcc>
    5cc6:	4b22      	ldr	r3, [pc, #136]	; (5d50 <Usart1_Init+0x138>)
    5cc8:	f44f 1200 	mov.w	r2, #2097152	; 0x200000
    5ccc:	f8c3 2084 	str.w	r2, [r3, #132]	; 0x84
    5cd0:	f3bf 8f4f 	dsb	sy
    5cd4:	f3bf 8f6f 	isb	sy
    5cd8:	21c0      	movs	r1, #192	; 0xc0
    5cda:	f8c3 2184 	str.w	r2, [r3, #388]	; 0x184
    5cde:	f883 1335 	strb.w	r1, [r3, #821]	; 0x335
    5ce2:	605a      	str	r2, [r3, #4]
    5ce4:	4819      	ldr	r0, [pc, #100]	; (5d4c <Usart1_Init+0x134>)
    5ce6:	4d1f      	ldr	r5, [pc, #124]	; (5d64 <Usart1_Init+0x14c>)
    5ce8:	6802      	ldr	r2, [r0, #0]
    5cea:	4c1f      	ldr	r4, [pc, #124]	; (5d68 <Usart1_Init+0x150>)
    5cec:	4b1f      	ldr	r3, [pc, #124]	; (5d6c <Usart1_Init+0x154>)
    5cee:	2100      	movs	r1, #0
    5cf0:	f042 0202 	orr.w	r2, r2, #2
    5cf4:	6002      	str	r2, [r0, #0]
    5cf6:	8029      	strh	r1, [r5, #0]
    5cf8:	8021      	strh	r1, [r4, #0]
    5cfa:	f893 2050 	ldrb.w	r2, [r3, #80]	; 0x50
    5cfe:	f002 02fe 	and.w	r2, r2, #254	; 0xfe
    5d02:	f042 0201 	orr.w	r2, r2, #1
    5d06:	f883 2050 	strb.w	r2, [r3, #80]	; 0x50
    5d0a:	f893 2038 	ldrb.w	r2, [r3, #56]	; 0x38
    5d0e:	f002 02f0 	and.w	r2, r2, #240	; 0xf0
    5d12:	f042 0202 	orr.w	r2, r2, #2
    5d16:	f883 2038 	strb.w	r2, [r3, #56]	; 0x38
    5d1a:	f893 2051 	ldrb.w	r2, [r3, #81]	; 0x51
    5d1e:	f002 02fe 	and.w	r2, r2, #254	; 0xfe
    5d22:	f042 0201 	orr.w	r2, r2, #1
    5d26:	f883 2051 	strb.w	r2, [r3, #81]	; 0x51
    5d2a:	f893 2038 	ldrb.w	r2, [r3, #56]	; 0x38
    5d2e:	f002 020f 	and.w	r2, r2, #15
    5d32:	f042 0220 	orr.w	r2, r2, #32
    5d36:	f883 2038 	strb.w	r2, [r3, #56]	; 0x38
    5d3a:	b003      	add	sp, #12
    5d3c:	bdf0      	pop	{r4, r5, r6, r7, pc}
    5d3e:	bf00      	nop
    5d40:	20003678 	.word	0x20003678
    5d44:	40000800 	.word	0x40000800
    5d48:	40001c00 	.word	0x40001c00
    5d4c:	40003400 	.word	0x40003400
    5d50:	e000e100 	.word	0xe000e100
    5d54:	40100004 	.word	0x40100004
    5d58:	00005c0d 	.word	0x00005c0d
    5d5c:	000043d5 	.word	0x000043d5
    5d60:	40003428 	.word	0x40003428
    5d64:	2000edc6 	.word	0x2000edc6
    5d68:	2000edc4 	.word	0x2000edc4
    5d6c:	41008000 	.word	0x41008000

00005d70 <SERCOM1_0_Handler>:
    5d70:	4a11      	ldr	r2, [pc, #68]	; (5db8 <SERCOM1_0_Handler+0x48>)
    5d72:	8813      	ldrh	r3, [r2, #0]
    5d74:	3301      	adds	r3, #1
    5d76:	b29b      	uxth	r3, r3
    5d78:	f5b3 6f80 	cmp.w	r3, #1024	; 0x400
    5d7c:	8013      	strh	r3, [r2, #0]
    5d7e:	bf24      	itt	cs
    5d80:	2300      	movcs	r3, #0
    5d82:	8013      	strhcs	r3, [r2, #0]
    5d84:	4b0d      	ldr	r3, [pc, #52]	; (5dbc <SERCOM1_0_Handler+0x4c>)
    5d86:	8819      	ldrh	r1, [r3, #0]
    5d88:	8813      	ldrh	r3, [r2, #0]
    5d8a:	b289      	uxth	r1, r1
    5d8c:	b29b      	uxth	r3, r3
    5d8e:	4299      	cmp	r1, r3
    5d90:	d00a      	beq.n	5da8 <SERCOM1_0_Handler+0x38>
    5d92:	8813      	ldrh	r3, [r2, #0]
    5d94:	490a      	ldr	r1, [pc, #40]	; (5dc0 <SERCOM1_0_Handler+0x50>)
    5d96:	4a0b      	ldr	r2, [pc, #44]	; (5dc4 <SERCOM1_0_Handler+0x54>)
    5d98:	b29b      	uxth	r3, r3
    5d9a:	5ccb      	ldrb	r3, [r1, r3]
    5d9c:	b2db      	uxtb	r3, r3
    5d9e:	6293      	str	r3, [r2, #40]	; 0x28
    5da0:	4b08      	ldr	r3, [pc, #32]	; (5dc4 <SERCOM1_0_Handler+0x54>)
    5da2:	2201      	movs	r2, #1
    5da4:	761a      	strb	r2, [r3, #24]
    5da6:	4770      	bx	lr
    5da8:	4b06      	ldr	r3, [pc, #24]	; (5dc4 <SERCOM1_0_Handler+0x54>)
    5daa:	2201      	movs	r2, #1
    5dac:	751a      	strb	r2, [r3, #20]
    5dae:	4b05      	ldr	r3, [pc, #20]	; (5dc4 <SERCOM1_0_Handler+0x54>)
    5db0:	2201      	movs	r2, #1
    5db2:	761a      	strb	r2, [r3, #24]
    5db4:	4770      	bx	lr
    5db6:	bf00      	nop
    5db8:	2000edc6 	.word	0x2000edc6
    5dbc:	2000edc4 	.word	0x2000edc4
    5dc0:	2000e9c4 	.word	0x2000e9c4
    5dc4:	40003400 	.word	0x40003400

00005dc8 <SERCOM1_1_Handler>:
    5dc8:	b508      	push	{r3, lr}
    5dca:	4b05      	ldr	r3, [pc, #20]	; (5de0 <SERCOM1_1_Handler+0x18>)
    5dcc:	681b      	ldr	r3, [r3, #0]
    5dce:	b11b      	cbz	r3, 5dd8 <SERCOM1_1_Handler+0x10>
    5dd0:	4798      	blx	r3
    5dd2:	4b04      	ldr	r3, [pc, #16]	; (5de4 <SERCOM1_1_Handler+0x1c>)
    5dd4:	2202      	movs	r2, #2
    5dd6:	751a      	strb	r2, [r3, #20]
    5dd8:	4b02      	ldr	r3, [pc, #8]	; (5de4 <SERCOM1_1_Handler+0x1c>)
    5dda:	2202      	movs	r2, #2
    5ddc:	761a      	strb	r2, [r3, #24]
    5dde:	bd08      	pop	{r3, pc}
    5de0:	20003678 	.word	0x20003678
    5de4:	40003400 	.word	0x40003400

00005de8 <SERCOM1_2_Handler>:
    5de8:	b508      	push	{r3, lr}
    5dea:	4b05      	ldr	r3, [pc, #20]	; (5e00 <SERCOM1_2_Handler+0x18>)
    5dec:	685b      	ldr	r3, [r3, #4]
    5dee:	b11b      	cbz	r3, 5df8 <SERCOM1_2_Handler+0x10>
    5df0:	4a04      	ldr	r2, [pc, #16]	; (5e04 <SERCOM1_2_Handler+0x1c>)
    5df2:	6a90      	ldr	r0, [r2, #40]	; 0x28
    5df4:	b2c0      	uxtb	r0, r0
    5df6:	4798      	blx	r3
    5df8:	4b02      	ldr	r3, [pc, #8]	; (5e04 <SERCOM1_2_Handler+0x1c>)
    5dfa:	2204      	movs	r2, #4
    5dfc:	761a      	strb	r2, [r3, #24]
    5dfe:	bd08      	pop	{r3, pc}
    5e00:	20003678 	.word	0x20003678
    5e04:	40003400 	.word	0x40003400

00005e08 <SERCOM1_3_Handler>:
    5e08:	b508      	push	{r3, lr}
    5e0a:	4b05      	ldr	r3, [pc, #20]	; (5e20 <SERCOM1_3_Handler+0x18>)
    5e0c:	689b      	ldr	r3, [r3, #8]
    5e0e:	b103      	cbz	r3, 5e12 <SERCOM1_3_Handler+0xa>
    5e10:	4798      	blx	r3
    5e12:	4b04      	ldr	r3, [pc, #16]	; (5e24 <SERCOM1_3_Handler+0x1c>)
    5e14:	2106      	movs	r1, #6
    5e16:	2280      	movs	r2, #128	; 0x80
    5e18:	8359      	strh	r1, [r3, #26]
    5e1a:	761a      	strb	r2, [r3, #24]
    5e1c:	bd08      	pop	{r3, pc}
    5e1e:	bf00      	nop
    5e20:	20003678 	.word	0x20003678
    5e24:	40003400 	.word	0x40003400

00005e28 <Usart1_PutBfr>:
    5e28:	460a      	mov	r2, r1
    5e2a:	4b02      	ldr	r3, [pc, #8]	; (5e34 <Usart1_PutBfr+0xc>)
    5e2c:	4601      	mov	r1, r0
    5e2e:	2000      	movs	r0, #0
    5e30:	4718      	bx	r3
    5e32:	bf00      	nop
    5e34:	00004421 	.word	0x00004421

00005e38 <SERCOM2_0_Handler>:
    5e38:	4a11      	ldr	r2, [pc, #68]	; (5e80 <SERCOM2_0_Handler+0x48>)
    5e3a:	8813      	ldrh	r3, [r2, #0]
    5e3c:	3301      	adds	r3, #1
    5e3e:	b29b      	uxth	r3, r3
    5e40:	f5b3 7f82 	cmp.w	r3, #260	; 0x104
    5e44:	8013      	strh	r3, [r2, #0]
    5e46:	bf24      	itt	cs
    5e48:	2300      	movcs	r3, #0
    5e4a:	8013      	strhcs	r3, [r2, #0]
    5e4c:	4b0d      	ldr	r3, [pc, #52]	; (5e84 <SERCOM2_0_Handler+0x4c>)
    5e4e:	8819      	ldrh	r1, [r3, #0]
    5e50:	8813      	ldrh	r3, [r2, #0]
    5e52:	b289      	uxth	r1, r1
    5e54:	b29b      	uxth	r3, r3
    5e56:	4299      	cmp	r1, r3
    5e58:	d00a      	beq.n	5e70 <SERCOM2_0_Handler+0x38>
    5e5a:	8813      	ldrh	r3, [r2, #0]
    5e5c:	490a      	ldr	r1, [pc, #40]	; (5e88 <SERCOM2_0_Handler+0x50>)
    5e5e:	4a0b      	ldr	r2, [pc, #44]	; (5e8c <SERCOM2_0_Handler+0x54>)
    5e60:	b29b      	uxth	r3, r3
    5e62:	5ccb      	ldrb	r3, [r1, r3]
    5e64:	b2db      	uxtb	r3, r3
    5e66:	6293      	str	r3, [r2, #40]	; 0x28
    5e68:	4b08      	ldr	r3, [pc, #32]	; (5e8c <SERCOM2_0_Handler+0x54>)
    5e6a:	2201      	movs	r2, #1
    5e6c:	761a      	strb	r2, [r3, #24]
    5e6e:	4770      	bx	lr
    5e70:	4b06      	ldr	r3, [pc, #24]	; (5e8c <SERCOM2_0_Handler+0x54>)
    5e72:	2201      	movs	r2, #1
    5e74:	751a      	strb	r2, [r3, #20]
    5e76:	4b05      	ldr	r3, [pc, #20]	; (5e8c <SERCOM2_0_Handler+0x54>)
    5e78:	2201      	movs	r2, #1
    5e7a:	761a      	strb	r2, [r3, #24]
    5e7c:	4770      	bx	lr
    5e7e:	bf00      	nop
    5e80:	2000edc8 	.word	0x2000edc8
    5e84:	2000edca 	.word	0x2000edca
    5e88:	2000edcc 	.word	0x2000edcc
    5e8c:	41012000 	.word	0x41012000

00005e90 <SERCOM2_1_Handler>:
    5e90:	b508      	push	{r3, lr}
    5e92:	4b0b      	ldr	r3, [pc, #44]	; (5ec0 <SERCOM2_1_Handler+0x30>)
    5e94:	6819      	ldr	r1, [r3, #0]
    5e96:	b139      	cbz	r1, 5ea8 <SERCOM2_1_Handler+0x18>
    5e98:	4a0a      	ldr	r2, [pc, #40]	; (5ec4 <SERCOM2_1_Handler+0x34>)
    5e9a:	4b0b      	ldr	r3, [pc, #44]	; (5ec8 <SERCOM2_1_Handler+0x38>)
    5e9c:	8812      	ldrh	r2, [r2, #0]
    5e9e:	881b      	ldrh	r3, [r3, #0]
    5ea0:	b292      	uxth	r2, r2
    5ea2:	b29b      	uxth	r3, r3
    5ea4:	429a      	cmp	r2, r3
    5ea6:	d003      	beq.n	5eb0 <SERCOM2_1_Handler+0x20>
    5ea8:	4b08      	ldr	r3, [pc, #32]	; (5ecc <SERCOM2_1_Handler+0x3c>)
    5eaa:	2202      	movs	r2, #2
    5eac:	761a      	strb	r2, [r3, #24]
    5eae:	bd08      	pop	{r3, pc}
    5eb0:	4788      	blx	r1
    5eb2:	4b06      	ldr	r3, [pc, #24]	; (5ecc <SERCOM2_1_Handler+0x3c>)
    5eb4:	2202      	movs	r2, #2
    5eb6:	751a      	strb	r2, [r3, #20]
    5eb8:	4b04      	ldr	r3, [pc, #16]	; (5ecc <SERCOM2_1_Handler+0x3c>)
    5eba:	2202      	movs	r2, #2
    5ebc:	761a      	strb	r2, [r3, #24]
    5ebe:	bd08      	pop	{r3, pc}
    5ec0:	20003684 	.word	0x20003684
    5ec4:	2000edca 	.word	0x2000edca
    5ec8:	2000edc8 	.word	0x2000edc8
    5ecc:	41012000 	.word	0x41012000

00005ed0 <SERCOM2_2_Handler>:
    5ed0:	b508      	push	{r3, lr}
    5ed2:	4b05      	ldr	r3, [pc, #20]	; (5ee8 <SERCOM2_2_Handler+0x18>)
    5ed4:	685b      	ldr	r3, [r3, #4]
    5ed6:	b11b      	cbz	r3, 5ee0 <SERCOM2_2_Handler+0x10>
    5ed8:	4a04      	ldr	r2, [pc, #16]	; (5eec <SERCOM2_2_Handler+0x1c>)
    5eda:	6a90      	ldr	r0, [r2, #40]	; 0x28
    5edc:	b2c0      	uxtb	r0, r0
    5ede:	4798      	blx	r3
    5ee0:	4b02      	ldr	r3, [pc, #8]	; (5eec <SERCOM2_2_Handler+0x1c>)
    5ee2:	2204      	movs	r2, #4
    5ee4:	761a      	strb	r2, [r3, #24]
    5ee6:	bd08      	pop	{r3, pc}
    5ee8:	20003684 	.word	0x20003684
    5eec:	41012000 	.word	0x41012000

00005ef0 <SERCOM2_3_Handler>:
    5ef0:	b508      	push	{r3, lr}
    5ef2:	4b05      	ldr	r3, [pc, #20]	; (5f08 <SERCOM2_3_Handler+0x18>)
    5ef4:	689b      	ldr	r3, [r3, #8]
    5ef6:	b103      	cbz	r3, 5efa <SERCOM2_3_Handler+0xa>
    5ef8:	4798      	blx	r3
    5efa:	4b04      	ldr	r3, [pc, #16]	; (5f0c <SERCOM2_3_Handler+0x1c>)
    5efc:	2106      	movs	r1, #6
    5efe:	2280      	movs	r2, #128	; 0x80
    5f00:	8359      	strh	r1, [r3, #26]
    5f02:	761a      	strb	r2, [r3, #24]
    5f04:	bd08      	pop	{r3, pc}
    5f06:	bf00      	nop
    5f08:	20003684 	.word	0x20003684
    5f0c:	41012000 	.word	0x41012000

00005f10 <AppCalib_Default>:
    5f10:	e92d 41f0 	stmdb	sp!, {r4, r5, r6, r7, r8, lr}
    5f14:	4c10      	ldr	r4, [pc, #64]	; (5f58 <AppCalib_Default+0x48>)
    5f16:	4d11      	ldr	r5, [pc, #68]	; (5f5c <AppCalib_Default+0x4c>)
    5f18:	2300      	movs	r3, #0
    5f1a:	2101      	movs	r1, #1
    5f1c:	f64f 72ff 	movw	r2, #65535	; 0xffff
    5f20:	60a1      	str	r1, [r4, #8]
    5f22:	61a3      	str	r3, [r4, #24]
    5f24:	f44f 71fe 	mov.w	r1, #508	; 0x1fc
    5f28:	6163      	str	r3, [r4, #20]
    5f2a:	60e3      	str	r3, [r4, #12]
    5f2c:	6123      	str	r3, [r4, #16]
    5f2e:	1d20      	adds	r0, r4, #4
    5f30:	6063      	str	r3, [r4, #4]
    5f32:	47a8      	blx	r5
    5f34:	4621      	mov	r1, r4
    5f36:	6020      	str	r0, [r4, #0]
    5f38:	2280      	movs	r2, #128	; 0x80
    5f3a:	f44f 6000 	mov.w	r0, #2048	; 0x800
    5f3e:	4b08      	ldr	r3, [pc, #32]	; (5f60 <AppCalib_Default+0x50>)
    5f40:	4798      	blx	r3
    5f42:	b908      	cbnz	r0, 5f48 <AppCalib_Default+0x38>
    5f44:	e8bd 81f0 	ldmia.w	sp!, {r4, r5, r6, r7, r8, pc}
    5f48:	4621      	mov	r1, r4
    5f4a:	2280      	movs	r2, #128	; 0x80
    5f4c:	f44f 6000 	mov.w	r0, #2048	; 0x800
    5f50:	4b04      	ldr	r3, [pc, #16]	; (5f64 <AppCalib_Default+0x54>)
    5f52:	e8bd 41f0 	ldmia.w	sp!, {r4, r5, r6, r7, r8, lr}
    5f56:	4718      	bx	r3
    5f58:	2000f0d8 	.word	0x2000f0d8
    5f5c:	0000fffd 	.word	0x0000fffd
    5f60:	00005395 	.word	0x00005395
    5f64:	00005365 	.word	0x00005365

00005f68 <AppConfig_Default>:
    5f68:	e92d 47f0 	stmdb	sp!, {r4, r5, r6, r7, r8, r9, sl, lr}
    5f6c:	f8df 90f0 	ldr.w	r9, [pc, #240]	; 6060 <AppConfig_Default+0xf8>
    5f70:	4e37      	ldr	r6, [pc, #220]	; (6050 <AppConfig_Default+0xe8>)
    5f72:	4b38      	ldr	r3, [pc, #224]	; (6054 <AppConfig_Default+0xec>)
    5f74:	2500      	movs	r5, #0
    5f76:	4629      	mov	r1, r5
    5f78:	2220      	movs	r2, #32
    5f7a:	2407      	movs	r4, #7
    5f7c:	f109 0010 	add.w	r0, r9, #16
    5f80:	f8c9 4008 	str.w	r4, [r9, #8]
    5f84:	f8c9 5004 	str.w	r5, [r9, #4]
    5f88:	4798      	blx	r3
    5f8a:	2250      	movs	r2, #80	; 0x50
    5f8c:	2003      	movs	r0, #3
    5f8e:	f889 2034 	strb.w	r2, [r9, #52]	; 0x34
    5f92:	7877      	ldrb	r7, [r6, #1]
    5f94:	78f1      	ldrb	r1, [r6, #3]
    5f96:	f889 0035 	strb.w	r0, [r9, #53]	; 0x35
    5f9a:	2212      	movs	r2, #18
    5f9c:	20f0      	movs	r0, #240	; 0xf0
    5f9e:	f889 203d 	strb.w	r2, [r9, #61]	; 0x3d
    5fa2:	f04f 32ff 	mov.w	r2, #4294967295
    5fa6:	f889 5036 	strb.w	r5, [r9, #54]	; 0x36
    5faa:	f8a9 503a 	strh.w	r5, [r9, #58]	; 0x3a
    5fae:	f889 503e 	strb.w	r5, [r9, #62]	; 0x3e
    5fb2:	f8a9 5038 	strh.w	r5, [r9, #56]	; 0x38
    5fb6:	f889 51fe 	strb.w	r5, [r9, #510]	; 0x1fe
    5fba:	f889 51ff 	strb.w	r5, [r9, #511]	; 0x1ff
    5fbe:	f8c9 5040 	str.w	r5, [r9, #64]	; 0x40
    5fc2:	f889 003f 	strb.w	r0, [r9, #63]	; 0x3f
    5fc6:	f889 103c 	strb.w	r1, [r9, #60]	; 0x3c
    5fca:	f8c9 5044 	str.w	r5, [r9, #68]	; 0x44
    5fce:	f8c9 5048 	str.w	r5, [r9, #72]	; 0x48
    5fd2:	f8c9 504c 	str.w	r5, [r9, #76]	; 0x4c
    5fd6:	f8c9 5050 	str.w	r5, [r9, #80]	; 0x50
    5fda:	f8c9 5054 	str.w	r5, [r9, #84]	; 0x54
    5fde:	f8c9 2030 	str.w	r2, [r9, #48]	; 0x30
    5fe2:	f889 2037 	strb.w	r2, [r9, #55]	; 0x37
    5fe6:	b1b7      	cbz	r7, 6016 <AppConfig_Default+0xae>
    5fe8:	f8df 8080 	ldr.w	r8, [pc, #128]	; 606c <AppConfig_Default+0x104>
    5fec:	f506 76dc 	add.w	r6, r6, #440	; 0x1b8
    5ff0:	46aa      	mov	sl, r5
    5ff2:	f816 4c04 	ldrb.w	r4, [r6, #-4]
    5ff6:	eb0a 0005 	add.w	r0, sl, r5
    5ffa:	3040      	adds	r0, #64	; 0x40
    5ffc:	4622      	mov	r2, r4
    5ffe:	4631      	mov	r1, r6
    6000:	4448      	add	r0, r9
    6002:	3c01      	subs	r4, #1
    6004:	3501      	adds	r5, #1
    6006:	47c0      	blx	r8
    6008:	4454      	add	r4, sl
    600a:	42bd      	cmp	r5, r7
    600c:	fa5f fa84 	uxtb.w	sl, r4
    6010:	f106 0620 	add.w	r6, r6, #32
    6014:	d1ed      	bne.n	5ff2 <AppConfig_Default+0x8a>
    6016:	f64f 72ff 	movw	r2, #65535	; 0xffff
    601a:	f44f 71fe 	mov.w	r1, #508	; 0x1fc
    601e:	4b0e      	ldr	r3, [pc, #56]	; (6058 <AppConfig_Default+0xf0>)
    6020:	480e      	ldr	r0, [pc, #56]	; (605c <AppConfig_Default+0xf4>)
    6022:	24cd      	movs	r4, #205	; 0xcd
    6024:	f889 41fd 	strb.w	r4, [r9, #509]	; 0x1fd
    6028:	4798      	blx	r3
    602a:	f44f 7200 	mov.w	r2, #512	; 0x200
    602e:	f8c9 0000 	str.w	r0, [r9]
    6032:	490b      	ldr	r1, [pc, #44]	; (6060 <AppConfig_Default+0xf8>)
    6034:	4b0b      	ldr	r3, [pc, #44]	; (6064 <AppConfig_Default+0xfc>)
    6036:	2000      	movs	r0, #0
    6038:	4798      	blx	r3
    603a:	b908      	cbnz	r0, 6040 <AppConfig_Default+0xd8>
    603c:	e8bd 87f0 	ldmia.w	sp!, {r4, r5, r6, r7, r8, r9, sl, pc}
    6040:	f44f 7200 	mov.w	r2, #512	; 0x200
    6044:	4906      	ldr	r1, [pc, #24]	; (6060 <AppConfig_Default+0xf8>)
    6046:	4b08      	ldr	r3, [pc, #32]	; (6068 <AppConfig_Default+0x100>)
    6048:	2000      	movs	r0, #0
    604a:	e8bd 47f0 	ldmia.w	sp!, {r4, r5, r6, r7, r8, r9, sl, lr}
    604e:	4718      	bx	r3
    6050:	2000f330 	.word	0x2000f330
    6054:	000103ed 	.word	0x000103ed
    6058:	0000fffd 	.word	0x0000fffd
    605c:	2000eedc 	.word	0x2000eedc
    6060:	2000eed8 	.word	0x2000eed8
    6064:	00005395 	.word	0x00005395
    6068:	00005365 	.word	0x00005365
    606c:	000103d7 	.word	0x000103d7

00006070 <AppConfig_Get>:
    6070:	b510      	push	{r4, lr}
    6072:	4c04      	ldr	r4, [pc, #16]	; (6084 <AppConfig_Get+0x14>)
    6074:	4b04      	ldr	r3, [pc, #16]	; (6088 <AppConfig_Get+0x18>)
    6076:	4621      	mov	r1, r4
    6078:	f44f 7200 	mov.w	r2, #512	; 0x200
    607c:	2000      	movs	r0, #0
    607e:	4798      	blx	r3
    6080:	4620      	mov	r0, r4
    6082:	bd10      	pop	{r4, pc}
    6084:	2000eed8 	.word	0x2000eed8
    6088:	00005365 	.word	0x00005365

0000608c <AppConfig_GetPtr>:
    608c:	4800      	ldr	r0, [pc, #0]	; (6090 <AppConfig_GetPtr+0x4>)
    608e:	4770      	bx	lr
    6090:	2000eed8 	.word	0x2000eed8

00006094 <AppConfig_Set>:
    6094:	b510      	push	{r4, lr}
    6096:	4c0d      	ldr	r4, [pc, #52]	; (60cc <AppConfig_Set+0x38>)
    6098:	4b0d      	ldr	r3, [pc, #52]	; (60d0 <AppConfig_Set+0x3c>)
    609a:	4798      	blx	r3
    609c:	4620      	mov	r0, r4
    609e:	f64f 72ff 	movw	r2, #65535	; 0xffff
    60a2:	f44f 71fe 	mov.w	r1, #508	; 0x1fc
    60a6:	4b0b      	ldr	r3, [pc, #44]	; (60d4 <AppConfig_Set+0x40>)
    60a8:	4798      	blx	r3
    60aa:	4621      	mov	r1, r4
    60ac:	f44f 7200 	mov.w	r2, #512	; 0x200
    60b0:	f841 0d04 	str.w	r0, [r1, #-4]!
    60b4:	4b08      	ldr	r3, [pc, #32]	; (60d8 <AppConfig_Set+0x44>)
    60b6:	2000      	movs	r0, #0
    60b8:	4798      	blx	r3
    60ba:	4604      	mov	r4, r0
    60bc:	b118      	cbz	r0, 60c6 <AppConfig_Set+0x32>
    60be:	4b07      	ldr	r3, [pc, #28]	; (60dc <AppConfig_Set+0x48>)
    60c0:	4798      	blx	r3
    60c2:	4b07      	ldr	r3, [pc, #28]	; (60e0 <AppConfig_Set+0x4c>)
    60c4:	4798      	blx	r3
    60c6:	4620      	mov	r0, r4
    60c8:	bd10      	pop	{r4, pc}
    60ca:	bf00      	nop
    60cc:	2000eedc 	.word	0x2000eedc
    60d0:	0000f455 	.word	0x0000f455
    60d4:	0000fffd 	.word	0x0000fffd
    60d8:	00005395 	.word	0x00005395
    60dc:	0000b549 	.word	0x0000b549
    60e0:	00007801 	.word	0x00007801

000060e4 <AppCalib_Set>:
    60e4:	b510      	push	{r4, lr}
    60e6:	4c09      	ldr	r4, [pc, #36]	; (610c <AppCalib_Set+0x28>)
    60e8:	4b09      	ldr	r3, [pc, #36]	; (6110 <AppCalib_Set+0x2c>)
    60ea:	4798      	blx	r3
    60ec:	4620      	mov	r0, r4
    60ee:	f64f 72ff 	movw	r2, #65535	; 0xffff
    60f2:	217c      	movs	r1, #124	; 0x7c
    60f4:	4b07      	ldr	r3, [pc, #28]	; (6114 <AppCalib_Set+0x30>)
    60f6:	4798      	blx	r3
    60f8:	1f21      	subs	r1, r4, #4
    60fa:	f844 0c04 	str.w	r0, [r4, #-4]
    60fe:	2280      	movs	r2, #128	; 0x80
    6100:	f44f 6000 	mov.w	r0, #2048	; 0x800
    6104:	4b04      	ldr	r3, [pc, #16]	; (6118 <AppCalib_Set+0x34>)
    6106:	e8bd 4010 	ldmia.w	sp!, {r4, lr}
    610a:	4718      	bx	r3
    610c:	2000f0dc 	.word	0x2000f0dc
    6110:	0000f455 	.word	0x0000f455
    6114:	0000fffd 	.word	0x0000fffd
    6118:	00005395 	.word	0x00005395

0000611c <AppLog_Default>:
    611c:	e92d 41f0 	stmdb	sp!, {r4, r5, r6, r7, r8, lr}
    6120:	4c1b      	ldr	r4, [pc, #108]	; (6190 <AppLog_Default+0x74>)
    6122:	2201      	movs	r2, #1
    6124:	2300      	movs	r3, #0
    6126:	60a2      	str	r2, [r4, #8]
    6128:	6063      	str	r3, [r4, #4]
    612a:	b108      	cbz	r0, 6130 <AppLog_Default+0x14>
    612c:	6123      	str	r3, [r4, #16]
    612e:	60e3      	str	r3, [r4, #12]
    6130:	4d18      	ldr	r5, [pc, #96]	; (6194 <AppLog_Default+0x78>)
    6132:	4e19      	ldr	r6, [pc, #100]	; (6198 <AppLog_Default+0x7c>)
    6134:	2300      	movs	r3, #0
    6136:	606b      	str	r3, [r5, #4]
    6138:	f24d 6ed8 	movw	lr, #55000	; 0xd6d8
    613c:	6223      	str	r3, [r4, #32]
    613e:	f64f 72ff 	movw	r2, #65535	; 0xffff
    6142:	60ab      	str	r3, [r5, #8]
    6144:	60eb      	str	r3, [r5, #12]
    6146:	2178      	movs	r1, #120	; 0x78
    6148:	f1a5 001c 	sub.w	r0, r5, #28
    614c:	2764      	movs	r7, #100	; 0x64
    614e:	8323      	strh	r3, [r4, #24]
    6150:	82e3      	strh	r3, [r4, #22]
    6152:	82a3      	strh	r3, [r4, #20]
    6154:	83a3      	strh	r3, [r4, #28]
    6156:	f8a4 e01a 	strh.w	lr, [r4, #26]
    615a:	77a7      	strb	r7, [r4, #30]
    615c:	47b0      	blx	r6
    615e:	f1a5 0120 	sub.w	r1, r5, #32
    6162:	6020      	str	r0, [r4, #0]
    6164:	2280      	movs	r2, #128	; 0x80
    6166:	f44f 6040 	mov.w	r0, #3072	; 0xc00
    616a:	4b0c      	ldr	r3, [pc, #48]	; (619c <AppLog_Default+0x80>)
    616c:	4798      	blx	r3
    616e:	b908      	cbnz	r0, 6174 <AppLog_Default+0x58>
    6170:	e8bd 81f0 	ldmia.w	sp!, {r4, r5, r6, r7, r8, pc}
    6174:	f1a5 0120 	sub.w	r1, r5, #32
    6178:	2280      	movs	r2, #128	; 0x80
    617a:	4b09      	ldr	r3, [pc, #36]	; (61a0 <AppLog_Default+0x84>)
    617c:	f44f 6040 	mov.w	r0, #3072	; 0xc00
    6180:	4798      	blx	r3
    6182:	4b08      	ldr	r3, [pc, #32]	; (61a4 <AppLog_Default+0x88>)
    6184:	4798      	blx	r3
    6186:	4b08      	ldr	r3, [pc, #32]	; (61a8 <AppLog_Default+0x8c>)
    6188:	e8bd 41f0 	ldmia.w	sp!, {r4, r5, r6, r7, r8, lr}
    618c:	4718      	bx	r3
    618e:	bf00      	nop
    6190:	2001fe80 	.word	0x2001fe80
    6194:	2001fea0 	.word	0x2001fea0
    6198:	0000fffd 	.word	0x0000fffd
    619c:	00005395 	.word	0x00005395
    61a0:	00005365 	.word	0x00005365
    61a4:	0000b549 	.word	0x0000b549
    61a8:	00007801 	.word	0x00007801

000061ac <AppConfig_CheckConfig>:
    61ac:	e92d 4ff0 	stmdb	sp!, {r4, r5, r6, r7, r8, r9, sl, fp, lr}
    61b0:	4d25      	ldr	r5, [pc, #148]	; (6248 <AppConfig_CheckConfig+0x9c>)
    61b2:	f895 9001 	ldrb.w	r9, [r5, #1]
    61b6:	b081      	sub	sp, #4
    61b8:	f1b9 0f00 	cmp.w	r9, #0
    61bc:	d03b      	beq.n	6236 <AppConfig_CheckConfig+0x8a>
    61be:	f04f 0a00 	mov.w	sl, #0
    61c2:	f8df 8090 	ldr.w	r8, [pc, #144]	; 6254 <AppConfig_CheckConfig+0xa8>
    61c6:	f505 75dc 	add.w	r5, r5, #440	; 0x1b8
    61ca:	4657      	mov	r7, sl
    61cc:	2601      	movs	r6, #1
    61ce:	e01c      	b.n	620a <AppConfig_CheckConfig+0x5e>
    61d0:	f892 2040 	ldrb.w	r2, [r2, #64]	; 0x40
    61d4:	46b3      	mov	fp, r6
    61d6:	8869      	ldrh	r1, [r5, #2]
    61d8:	4450      	add	r0, sl
    61da:	4291      	cmp	r1, r2
    61dc:	f106 0601 	add.w	r6, r6, #1
    61e0:	f100 0040 	add.w	r0, r0, #64	; 0x40
    61e4:	d802      	bhi.n	61ec <AppConfig_CheckConfig+0x40>
    61e6:	88a9      	ldrh	r1, [r5, #4]
    61e8:	4291      	cmp	r1, r2
    61ea:	d206      	bcs.n	61fa <AppConfig_CheckConfig+0x4e>
    61ec:	4440      	add	r0, r8
    61ee:	4622      	mov	r2, r4
    61f0:	4629      	mov	r1, r5
    61f2:	4b16      	ldr	r3, [pc, #88]	; (624c <AppConfig_CheckConfig+0xa0>)
    61f4:	4798      	blx	r3
    61f6:	3701      	adds	r7, #1
    61f8:	b2ff      	uxtb	r7, r7
    61fa:	3c01      	subs	r4, #1
    61fc:	4454      	add	r4, sl
    61fe:	45d9      	cmp	r9, fp
    6200:	fa1f fa84 	uxth.w	sl, r4
    6204:	f105 0520 	add.w	r5, r5, #32
    6208:	dd14      	ble.n	6234 <AppConfig_CheckConfig+0x88>
    620a:	f815 4c04 	ldrb.w	r4, [r5, #-4]
    620e:	eb08 020a 	add.w	r2, r8, sl
    6212:	1e70      	subs	r0, r6, #1
    6214:	2c02      	cmp	r4, #2
    6216:	4402      	add	r2, r0
    6218:	d1da      	bne.n	61d0 <AppConfig_CheckConfig+0x24>
    621a:	eb08 020a 	add.w	r2, r8, sl
    621e:	1991      	adds	r1, r2, r6
    6220:	4402      	add	r2, r0
    6222:	f891 1040 	ldrb.w	r1, [r1, #64]	; 0x40
    6226:	f892 2040 	ldrb.w	r2, [r2, #64]	; 0x40
    622a:	eb02 2201 	add.w	r2, r2, r1, lsl #8
    622e:	b292      	uxth	r2, r2
    6230:	46b3      	mov	fp, r6
    6232:	e7d0      	b.n	61d6 <AppConfig_CheckConfig+0x2a>
    6234:	b917      	cbnz	r7, 623c <AppConfig_CheckConfig+0x90>
    6236:	b001      	add	sp, #4
    6238:	e8bd 8ff0 	ldmia.w	sp!, {r4, r5, r6, r7, r8, r9, sl, fp, pc}
    623c:	4b04      	ldr	r3, [pc, #16]	; (6250 <AppConfig_CheckConfig+0xa4>)
    623e:	b001      	add	sp, #4
    6240:	e8bd 4ff0 	ldmia.w	sp!, {r4, r5, r6, r7, r8, r9, sl, fp, lr}
    6244:	4718      	bx	r3
    6246:	bf00      	nop
    6248:	2000f330 	.word	0x2000f330
    624c:	000103d7 	.word	0x000103d7
    6250:	00006095 	.word	0x00006095
    6254:	2000eed8 	.word	0x2000eed8

00006258 <AppLog_Set>:
    6258:	b570      	push	{r4, r5, r6, lr}
    625a:	4c0a      	ldr	r4, [pc, #40]	; (6284 <AppLog_Set+0x2c>)
    625c:	4b0a      	ldr	r3, [pc, #40]	; (6288 <AppLog_Set+0x30>)
    625e:	4798      	blx	r3
    6260:	2500      	movs	r5, #0
    6262:	1d20      	adds	r0, r4, #4
    6264:	f64f 72ff 	movw	r2, #65535	; 0xffff
    6268:	2178      	movs	r1, #120	; 0x78
    626a:	4b08      	ldr	r3, [pc, #32]	; (628c <AppLog_Set+0x34>)
    626c:	83a5      	strh	r5, [r4, #28]
    626e:	4798      	blx	r3
    6270:	4621      	mov	r1, r4
    6272:	6020      	str	r0, [r4, #0]
    6274:	2280      	movs	r2, #128	; 0x80
    6276:	f44f 6040 	mov.w	r0, #3072	; 0xc00
    627a:	4b05      	ldr	r3, [pc, #20]	; (6290 <AppLog_Set+0x38>)
    627c:	e8bd 4070 	ldmia.w	sp!, {r4, r5, r6, lr}
    6280:	4718      	bx	r3
    6282:	bf00      	nop
    6284:	2001fe80 	.word	0x2001fe80
    6288:	0000f455 	.word	0x0000f455
    628c:	0000fffd 	.word	0x0000fffd
    6290:	00005395 	.word	0x00005395

00006294 <AppConfig_Init>:
    6294:	e92d 41f0 	stmdb	sp!, {r4, r5, r6, r7, r8, lr}
    6298:	4e4d      	ldr	r6, [pc, #308]	; (63d0 <AppConfig_Init+0x13c>)
    629a:	4c4e      	ldr	r4, [pc, #312]	; (63d4 <AppConfig_Init+0x140>)
    629c:	4d4e      	ldr	r5, [pc, #312]	; (63d8 <AppConfig_Init+0x144>)
    629e:	4631      	mov	r1, r6
    62a0:	f44f 7200 	mov.w	r2, #512	; 0x200
    62a4:	2000      	movs	r0, #0
    62a6:	47a0      	blx	r4
    62a8:	4b4c      	ldr	r3, [pc, #304]	; (63dc <AppConfig_Init+0x148>)
    62aa:	1d30      	adds	r0, r6, #4
    62ac:	f64f 72ff 	movw	r2, #65535	; 0xffff
    62b0:	f44f 71fe 	mov.w	r1, #508	; 0x1fc
    62b4:	601e      	str	r6, [r3, #0]
    62b6:	47a8      	blx	r5
    62b8:	6833      	ldr	r3, [r6, #0]
    62ba:	4283      	cmp	r3, r0
    62bc:	d068      	beq.n	6390 <AppConfig_Init+0xfc>
    62be:	4b48      	ldr	r3, [pc, #288]	; (63e0 <AppConfig_Init+0x14c>)
    62c0:	4798      	blx	r3
    62c2:	4848      	ldr	r0, [pc, #288]	; (63e4 <AppConfig_Init+0x150>)
    62c4:	f890 e001 	ldrb.w	lr, [r0, #1]
    62c8:	f1be 0f00 	cmp.w	lr, #0
    62cc:	d02b      	beq.n	6326 <AppConfig_Init+0x92>
    62ce:	2700      	movs	r7, #0
    62d0:	46b8      	mov	r8, r7
    62d2:	463a      	mov	r2, r7
    62d4:	e005      	b.n	62e2 <AppConfig_Init+0x4e>
    62d6:	3701      	adds	r7, #1
    62d8:	4577      	cmp	r7, lr
    62da:	b2da      	uxtb	r2, r3
    62dc:	f100 0020 	add.w	r0, r0, #32
    62e0:	d01e      	beq.n	6320 <AppConfig_Init+0x8c>
    62e2:	f890 11b4 	ldrb.w	r1, [r0, #436]	; 0x1b4
    62e6:	1e4b      	subs	r3, r1, #1
    62e8:	2901      	cmp	r1, #1
    62ea:	4413      	add	r3, r2
    62ec:	d1f3      	bne.n	62d6 <AppConfig_Init+0x42>
    62ee:	443a      	add	r2, r7
    62f0:	18b1      	adds	r1, r6, r2
    62f2:	f8b0 c1ba 	ldrh.w	ip, [r0, #442]	; 0x1ba
    62f6:	f891 1040 	ldrb.w	r1, [r1, #64]	; 0x40
    62fa:	458c      	cmp	ip, r1
    62fc:	d803      	bhi.n	6306 <AppConfig_Init+0x72>
    62fe:	f8b0 c1bc 	ldrh.w	ip, [r0, #444]	; 0x1bc
    6302:	458c      	cmp	ip, r1
    6304:	d2e7      	bcs.n	62d6 <AppConfig_Init+0x42>
    6306:	4432      	add	r2, r6
    6308:	3701      	adds	r7, #1
    630a:	f8b0 11b8 	ldrh.w	r1, [r0, #440]	; 0x1b8
    630e:	f882 1040 	strb.w	r1, [r2, #64]	; 0x40
    6312:	4577      	cmp	r7, lr
    6314:	f04f 0801 	mov.w	r8, #1
    6318:	b2da      	uxtb	r2, r3
    631a:	f100 0020 	add.w	r0, r0, #32
    631e:	d1e0      	bne.n	62e2 <AppConfig_Init+0x4e>
    6320:	f1b8 0f00 	cmp.w	r8, #0
    6324:	d126      	bne.n	6374 <AppConfig_Init+0xe0>
    6326:	4e30      	ldr	r6, [pc, #192]	; (63e8 <AppConfig_Init+0x154>)
    6328:	2280      	movs	r2, #128	; 0x80
    632a:	4631      	mov	r1, r6
    632c:	f44f 6040 	mov.w	r0, #3072	; 0xc00
    6330:	47a0      	blx	r4
    6332:	4b2e      	ldr	r3, [pc, #184]	; (63ec <AppConfig_Init+0x158>)
    6334:	1d30      	adds	r0, r6, #4
    6336:	f64f 72ff 	movw	r2, #65535	; 0xffff
    633a:	2178      	movs	r1, #120	; 0x78
    633c:	601e      	str	r6, [r3, #0]
    633e:	47a8      	blx	r5
    6340:	6833      	ldr	r3, [r6, #0]
    6342:	4283      	cmp	r3, r0
    6344:	d033      	beq.n	63ae <AppConfig_Init+0x11a>
    6346:	2001      	movs	r0, #1
    6348:	4b29      	ldr	r3, [pc, #164]	; (63f0 <AppConfig_Init+0x15c>)
    634a:	4798      	blx	r3
    634c:	4e29      	ldr	r6, [pc, #164]	; (63f4 <AppConfig_Init+0x160>)
    634e:	2280      	movs	r2, #128	; 0x80
    6350:	4631      	mov	r1, r6
    6352:	f44f 6000 	mov.w	r0, #2048	; 0x800
    6356:	47a0      	blx	r4
    6358:	4b27      	ldr	r3, [pc, #156]	; (63f8 <AppConfig_Init+0x164>)
    635a:	1d30      	adds	r0, r6, #4
    635c:	f64f 72ff 	movw	r2, #65535	; 0xffff
    6360:	217c      	movs	r1, #124	; 0x7c
    6362:	601e      	str	r6, [r3, #0]
    6364:	47a8      	blx	r5
    6366:	6833      	ldr	r3, [r6, #0]
    6368:	4283      	cmp	r3, r0
    636a:	d12d      	bne.n	63c8 <AppConfig_Init+0x134>
    636c:	68b3      	ldr	r3, [r6, #8]
    636e:	b123      	cbz	r3, 637a <AppConfig_Init+0xe6>
    6370:	e8bd 81f0 	ldmia.w	sp!, {r4, r5, r6, r7, r8, pc}
    6374:	4b21      	ldr	r3, [pc, #132]	; (63fc <AppConfig_Init+0x168>)
    6376:	4798      	blx	r3
    6378:	e7d5      	b.n	6326 <AppConfig_Init+0x92>
    637a:	2280      	movs	r2, #128	; 0x80
    637c:	4631      	mov	r1, r6
    637e:	f44f 6000 	mov.w	r0, #2048	; 0x800
    6382:	47a0      	blx	r4
    6384:	2201      	movs	r2, #1
    6386:	60b2      	str	r2, [r6, #8]
    6388:	4b1d      	ldr	r3, [pc, #116]	; (6400 <AppConfig_Init+0x16c>)
    638a:	e8bd 41f0 	ldmia.w	sp!, {r4, r5, r6, r7, r8, lr}
    638e:	4718      	bx	r3
    6390:	68b3      	ldr	r3, [r6, #8]
    6392:	2b06      	cmp	r3, #6
    6394:	d895      	bhi.n	62c2 <AppConfig_Init+0x2e>
    6396:	2b01      	cmp	r3, #1
    6398:	bf9c      	itt	ls
    639a:	2300      	movls	r3, #0
    639c:	8733      	strhls	r3, [r6, #56]	; 0x38
    639e:	2102      	movs	r1, #2
    63a0:	2207      	movs	r2, #7
    63a2:	4b16      	ldr	r3, [pc, #88]	; (63fc <AppConfig_Init+0x168>)
    63a4:	f886 1046 	strb.w	r1, [r6, #70]	; 0x46
    63a8:	60b2      	str	r2, [r6, #8]
    63aa:	4798      	blx	r3
    63ac:	e789      	b.n	62c2 <AppConfig_Init+0x2e>
    63ae:	68b3      	ldr	r3, [r6, #8]
    63b0:	2b00      	cmp	r3, #0
    63b2:	d1cb      	bne.n	634c <AppConfig_Init+0xb8>
    63b4:	2280      	movs	r2, #128	; 0x80
    63b6:	4631      	mov	r1, r6
    63b8:	f44f 6040 	mov.w	r0, #3072	; 0xc00
    63bc:	47a0      	blx	r4
    63be:	2201      	movs	r2, #1
    63c0:	4b10      	ldr	r3, [pc, #64]	; (6404 <AppConfig_Init+0x170>)
    63c2:	60b2      	str	r2, [r6, #8]
    63c4:	4798      	blx	r3
    63c6:	e7c1      	b.n	634c <AppConfig_Init+0xb8>
    63c8:	4b0f      	ldr	r3, [pc, #60]	; (6408 <AppConfig_Init+0x174>)
    63ca:	e8bd 41f0 	ldmia.w	sp!, {r4, r5, r6, r7, r8, lr}
    63ce:	4718      	bx	r3
    63d0:	2000eed8 	.word	0x2000eed8
    63d4:	00005365 	.word	0x00005365
    63d8:	0000fffd 	.word	0x0000fffd
    63dc:	2000eed4 	.word	0x2000eed4
    63e0:	00005f69 	.word	0x00005f69
    63e4:	2000f330 	.word	0x2000f330
    63e8:	2001fe80 	.word	0x2001fe80
    63ec:	2000eed0 	.word	0x2000eed0
    63f0:	0000611d 	.word	0x0000611d
    63f4:	2000f0d8 	.word	0x2000f0d8
    63f8:	2000f158 	.word	0x2000f158
    63fc:	00006095 	.word	0x00006095
    6400:	000060e5 	.word	0x000060e5
    6404:	00006259 	.word	0x00006259
    6408:	00005f11 	.word	0x00005f11

0000640c <atmel_start_init>:
    640c:	4b00      	ldr	r3, [pc, #0]	; (6410 <atmel_start_init+0x4>)
    640e:	4718      	bx	r3
    6410:	00008ae5 	.word	0x00008ae5

00006414 <Dummy_Handler>:
    6414:	4b01      	ldr	r3, [pc, #4]	; (641c <Dummy_Handler+0x8>)
    6416:	225e      	movs	r2, #94	; 0x5e
    6418:	745a      	strb	r2, [r3, #17]
    641a:	e7fe      	b.n	641a <Dummy_Handler+0x6>
    641c:	2001ff00 	.word	0x2001ff00

00006420 <Dummy_Handler2>:
    6420:	4b01      	ldr	r3, [pc, #4]	; (6428 <Dummy_Handler2+0x8>)
    6422:	2228      	movs	r2, #40	; 0x28
    6424:	745a      	strb	r2, [r3, #17]
    6426:	e7fe      	b.n	6426 <Dummy_Handler2+0x6>
    6428:	2001ff00 	.word	0x2001ff00

0000642c <Dummy_Handler3>:
    642c:	4b01      	ldr	r3, [pc, #4]	; (6434 <Dummy_Handler3+0x8>)
    642e:	2229      	movs	r2, #41	; 0x29
    6430:	745a      	strb	r2, [r3, #17]
    6432:	e7fe      	b.n	6432 <Dummy_Handler3+0x6>
    6434:	2001ff00 	.word	0x2001ff00

00006438 <NonMaskableInt_Handler2>:
    6438:	4b01      	ldr	r3, [pc, #4]	; (6440 <NonMaskableInt_Handler2+0x8>)
    643a:	222b      	movs	r2, #43	; 0x2b
    643c:	745a      	strb	r2, [r3, #17]
    643e:	e7fe      	b.n	643e <NonMaskableInt_Handler2+0x6>
    6440:	2001ff00 	.word	0x2001ff00

00006444 <HardFault_Handler2>:
    6444:	e7fe      	b.n	6444 <HardFault_Handler2>
    6446:	bf00      	nop

00006448 <MemManagement_Handler2>:
    6448:	4b01      	ldr	r3, [pc, #4]	; (6450 <MemManagement_Handler2+0x8>)
    644a:	2240      	movs	r2, #64	; 0x40
    644c:	745a      	strb	r2, [r3, #17]
    644e:	e7fe      	b.n	644e <MemManagement_Handler2+0x6>
    6450:	2001ff00 	.word	0x2001ff00

00006454 <BusFault_Handler2>:
    6454:	4b01      	ldr	r3, [pc, #4]	; (645c <BusFault_Handler2+0x8>)
    6456:	2221      	movs	r2, #33	; 0x21
    6458:	745a      	strb	r2, [r3, #17]
    645a:	e7fe      	b.n	645a <BusFault_Handler2+0x6>
    645c:	2001ff00 	.word	0x2001ff00

00006460 <UsageFault_Handler2>:
    6460:	4b01      	ldr	r3, [pc, #4]	; (6468 <UsageFault_Handler2+0x8>)
    6462:	223d      	movs	r2, #61	; 0x3d
    6464:	745a      	strb	r2, [r3, #17]
    6466:	e7fe      	b.n	6466 <UsageFault_Handler2+0x6>
    6468:	2001ff00 	.word	0x2001ff00

0000646c <Reset_Handler>:
    646c:	491b      	ldr	r1, [pc, #108]	; (64dc <Reset_Handler+0x70>)
    646e:	4a1c      	ldr	r2, [pc, #112]	; (64e0 <Reset_Handler+0x74>)
    6470:	4291      	cmp	r1, r2
    6472:	b508      	push	{r3, lr}
    6474:	d00e      	beq.n	6494 <Reset_Handler+0x28>
    6476:	481b      	ldr	r0, [pc, #108]	; (64e4 <Reset_Handler+0x78>)
    6478:	4282      	cmp	r2, r0
    647a:	d20b      	bcs.n	6494 <Reset_Handler+0x28>
    647c:	43d3      	mvns	r3, r2
    647e:	4403      	add	r3, r0
    6480:	f023 0303 	bic.w	r3, r3, #3
    6484:	3304      	adds	r3, #4
    6486:	4413      	add	r3, r2
    6488:	f851 0b04 	ldr.w	r0, [r1], #4
    648c:	f842 0b04 	str.w	r0, [r2], #4
    6490:	429a      	cmp	r2, r3
    6492:	d1f9      	bne.n	6488 <Reset_Handler+0x1c>
    6494:	4a14      	ldr	r2, [pc, #80]	; (64e8 <Reset_Handler+0x7c>)
    6496:	4915      	ldr	r1, [pc, #84]	; (64ec <Reset_Handler+0x80>)
    6498:	428a      	cmp	r2, r1
    649a:	d20a      	bcs.n	64b2 <Reset_Handler+0x46>
    649c:	43d3      	mvns	r3, r2
    649e:	440b      	add	r3, r1
    64a0:	f023 0303 	bic.w	r3, r3, #3
    64a4:	3304      	adds	r3, #4
    64a6:	4413      	add	r3, r2
    64a8:	2100      	movs	r1, #0
    64aa:	f842 1b04 	str.w	r1, [r2], #4
    64ae:	429a      	cmp	r2, r3
    64b0:	d1fb      	bne.n	64aa <Reset_Handler+0x3e>
    64b2:	4a0f      	ldr	r2, [pc, #60]	; (64f0 <Reset_Handler+0x84>)
    64b4:	4b0f      	ldr	r3, [pc, #60]	; (64f4 <Reset_Handler+0x88>)
    64b6:	f022 027f 	bic.w	r2, r2, #127	; 0x7f
    64ba:	609a      	str	r2, [r3, #8]
    64bc:	f8d3 2088 	ldr.w	r2, [r3, #136]	; 0x88
    64c0:	f442 0270 	orr.w	r2, r2, #15728640	; 0xf00000
    64c4:	f8c3 2088 	str.w	r2, [r3, #136]	; 0x88
    64c8:	f3bf 8f4f 	dsb	sy
    64cc:	f3bf 8f6f 	isb	sy
    64d0:	4b09      	ldr	r3, [pc, #36]	; (64f8 <Reset_Handler+0x8c>)
    64d2:	4798      	blx	r3
    64d4:	4b09      	ldr	r3, [pc, #36]	; (64fc <Reset_Handler+0x90>)
    64d6:	4798      	blx	r3
    64d8:	e7fe      	b.n	64d8 <Reset_Handler+0x6c>
    64da:	bf00      	nop
    64dc:	00012414 	.word	0x00012414
    64e0:	20002200 	.word	0x20002200
    64e4:	20002b64 	.word	0x20002b64
    64e8:	20002b70 	.word	0x20002b70
    64ec:	2000f8f8 	.word	0x2000f8f8
    64f0:	00004000 	.word	0x00004000
    64f4:	e000ed00 	.word	0xe000ed00
    64f8:	00010371 	.word	0x00010371
    64fc:	0000ccc1 	.word	0x0000ccc1

00006500 <_gpio_set_pin_function>:
    6500:	b430      	push	{r4, r5}
    6502:	1c4b      	adds	r3, r1, #1
    6504:	b2c5      	uxtb	r5, r0
    6506:	ea4f 1050 	mov.w	r0, r0, lsr #5
    650a:	f005 041f 	and.w	r4, r5, #31
    650e:	b2c0      	uxtb	r0, r0
    6510:	d027      	beq.n	6562 <_gpio_set_pin_function+0x62>
    6512:	01c3      	lsls	r3, r0, #7
    6514:	f103 4382 	add.w	r3, r3, #1090519040	; 0x41000000
    6518:	f503 4300 	add.w	r3, r3, #32768	; 0x8000
    651c:	1918      	adds	r0, r3, r4
    651e:	eb03 0354 	add.w	r3, r3, r4, lsr #1
    6522:	f890 2040 	ldrb.w	r2, [r0, #64]	; 0x40
    6526:	f002 02fe 	and.w	r2, r2, #254	; 0xfe
    652a:	f042 0201 	orr.w	r2, r2, #1
    652e:	f880 2040 	strb.w	r2, [r0, #64]	; 0x40
    6532:	07ea      	lsls	r2, r5, #31
    6534:	d40a      	bmi.n	654c <_gpio_set_pin_function+0x4c>
    6536:	f893 2030 	ldrb.w	r2, [r3, #48]	; 0x30
    653a:	f001 010f 	and.w	r1, r1, #15
    653e:	f002 02f0 	and.w	r2, r2, #240	; 0xf0
    6542:	4311      	orrs	r1, r2
    6544:	f883 1030 	strb.w	r1, [r3, #48]	; 0x30
    6548:	bc30      	pop	{r4, r5}
    654a:	4770      	bx	lr
    654c:	f893 2030 	ldrb.w	r2, [r3, #48]	; 0x30
    6550:	f002 020f 	and.w	r2, r2, #15
    6554:	ea42 1101 	orr.w	r1, r2, r1, lsl #4
    6558:	b2c9      	uxtb	r1, r1
    655a:	f883 1030 	strb.w	r1, [r3, #48]	; 0x30
    655e:	bc30      	pop	{r4, r5}
    6560:	4770      	bx	lr
    6562:	eb04 10c0 	add.w	r0, r4, r0, lsl #7
    6566:	f100 4082 	add.w	r0, r0, #1090519040	; 0x41000000
    656a:	f500 4000 	add.w	r0, r0, #32768	; 0x8000
    656e:	f890 3040 	ldrb.w	r3, [r0, #64]	; 0x40
    6572:	f003 03fe 	and.w	r3, r3, #254	; 0xfe
    6576:	f880 3040 	strb.w	r3, [r0, #64]	; 0x40
    657a:	bc30      	pop	{r4, r5}
    657c:	4770      	bx	lr
    657e:	bf00      	nop

00006580 <StepDown_ChannelEnable_Ch1>:
    6580:	f240 2312 	movw	r3, #530	; 0x212
    6584:	4a23      	ldr	r2, [pc, #140]	; (6614 <StepDown_ChannelEnable_Ch1+0x94>)
    6586:	fb03 f101 	mul.w	r1, r3, r1
    658a:	1853      	adds	r3, r2, r1
    658c:	f893 3062 	ldrb.w	r3, [r3, #98]	; 0x62
    6590:	b150      	cbz	r0, 65a8 <StepDown_ChannelEnable_Ch1+0x28>
    6592:	b2db      	uxtb	r3, r3
    6594:	fab3 f383 	clz	r3, r3
    6598:	095b      	lsrs	r3, r3, #5
    659a:	eb01 1183 	add.w	r1, r1, r3, lsl #6
    659e:	4411      	add	r1, r2
    65a0:	f8d1 3066 	ldr.w	r3, [r1, #102]	; 0x66
    65a4:	2b1e      	cmp	r3, #30
    65a6:	dc20      	bgt.n	65ea <StepDown_ChannelEnable_Ch1+0x6a>
    65a8:	b410      	push	{r4}
    65aa:	4a1b      	ldr	r2, [pc, #108]	; (6618 <StepDown_ChannelEnable_Ch1+0x98>)
    65ac:	4b1b      	ldr	r3, [pc, #108]	; (661c <StepDown_ChannelEnable_Ch1+0x9c>)
    65ae:	481c      	ldr	r0, [pc, #112]	; (6620 <StepDown_ChannelEnable_Ch1+0xa0>)
    65b0:	6150      	str	r0, [r2, #20]
    65b2:	491c      	ldr	r1, [pc, #112]	; (6624 <StepDown_ChannelEnable_Ch1+0xa4>)
    65b4:	4c1c      	ldr	r4, [pc, #112]	; (6628 <StepDown_ChannelEnable_Ch1+0xa8>)
    65b6:	f44f 5200 	mov.w	r2, #8192	; 0x2000
    65ba:	f04f 4040 	mov.w	r0, #3221225472	; 0xc0000000
    65be:	f8c3 2098 	str.w	r2, [r3, #152]	; 0x98
    65c2:	f8c3 2088 	str.w	r2, [r3, #136]	; 0x88
    65c6:	f8c3 10a8 	str.w	r1, [r3, #168]	; 0xa8
    65ca:	f8c3 00a8 	str.w	r0, [r3, #168]	; 0xa8
    65ce:	f893 20cd 	ldrb.w	r2, [r3, #205]	; 0xcd
    65d2:	2180      	movs	r1, #128	; 0x80
    65d4:	f002 02fe 	and.w	r2, r2, #254	; 0xfe
    65d8:	f883 20cd 	strb.w	r2, [r3, #205]	; 0xcd
    65dc:	6099      	str	r1, [r3, #8]
    65de:	629c      	str	r4, [r3, #40]	; 0x28
    65e0:	6298      	str	r0, [r3, #40]	; 0x28
    65e2:	6159      	str	r1, [r3, #20]
    65e4:	f85d 4b04 	ldr.w	r4, [sp], #4
    65e8:	4770      	bx	lr
    65ea:	4b0b      	ldr	r3, [pc, #44]	; (6618 <StepDown_ChannelEnable_Ch1+0x98>)
    65ec:	4a0b      	ldr	r2, [pc, #44]	; (661c <StepDown_ChannelEnable_Ch1+0x9c>)
    65ee:	490f      	ldr	r1, [pc, #60]	; (662c <StepDown_ChannelEnable_Ch1+0xac>)
    65f0:	6159      	str	r1, [r3, #20]
    65f2:	f892 30cd 	ldrb.w	r3, [r2, #205]	; 0xcd
    65f6:	f003 03fe 	and.w	r3, r3, #254	; 0xfe
    65fa:	f043 0301 	orr.w	r3, r3, #1
    65fe:	f882 30cd 	strb.w	r3, [r2, #205]	; 0xcd
    6602:	f892 30b6 	ldrb.w	r3, [r2, #182]	; 0xb6
    6606:	f003 030f 	and.w	r3, r3, #15
    660a:	f043 0350 	orr.w	r3, r3, #80	; 0x50
    660e:	f882 30b6 	strb.w	r3, [r2, #182]	; 0xb6
    6612:	4770      	bx	lr
    6614:	20002204 	.word	0x20002204
    6618:	42003800 	.word	0x42003800
    661c:	41008000 	.word	0x41008000
    6620:	01606800 	.word	0x01606800
    6624:	40002000 	.word	0x40002000
    6628:	40000080 	.word	0x40000080
    662c:	01606802 	.word	0x01606802

00006630 <StepDown_ChannelEnable_Ch4>:
    6630:	f240 2312 	movw	r3, #530	; 0x212
    6634:	4a22      	ldr	r2, [pc, #136]	; (66c0 <StepDown_ChannelEnable_Ch4+0x90>)
    6636:	fb03 f101 	mul.w	r1, r3, r1
    663a:	1853      	adds	r3, r2, r1
    663c:	f893 3062 	ldrb.w	r3, [r3, #98]	; 0x62
    6640:	b150      	cbz	r0, 6658 <StepDown_ChannelEnable_Ch4+0x28>
    6642:	b2db      	uxtb	r3, r3
    6644:	fab3 f383 	clz	r3, r3
    6648:	095b      	lsrs	r3, r3, #5
    664a:	eb01 1183 	add.w	r1, r1, r3, lsl #6
    664e:	4411      	add	r1, r2
    6650:	f8d1 3066 	ldr.w	r3, [r1, #102]	; 0x66
    6654:	2b1e      	cmp	r3, #30
    6656:	dc1e      	bgt.n	6696 <StepDown_ChannelEnable_Ch4+0x66>
    6658:	b410      	push	{r4}
    665a:	4a1a      	ldr	r2, [pc, #104]	; (66c4 <StepDown_ChannelEnable_Ch4+0x94>)
    665c:	4b1a      	ldr	r3, [pc, #104]	; (66c8 <StepDown_ChannelEnable_Ch4+0x98>)
    665e:	481b      	ldr	r0, [pc, #108]	; (66cc <StepDown_ChannelEnable_Ch4+0x9c>)
    6660:	6090      	str	r0, [r2, #8]
    6662:	491b      	ldr	r1, [pc, #108]	; (66d0 <StepDown_ChannelEnable_Ch4+0xa0>)
    6664:	4c1b      	ldr	r4, [pc, #108]	; (66d4 <StepDown_ChannelEnable_Ch4+0xa4>)
    6666:	f44f 1200 	mov.w	r2, #2097152	; 0x200000
    666a:	f04f 4080 	mov.w	r0, #1073741824	; 0x40000000
    666e:	619a      	str	r2, [r3, #24]
    6670:	609a      	str	r2, [r3, #8]
    6672:	6298      	str	r0, [r3, #40]	; 0x28
    6674:	6299      	str	r1, [r3, #40]	; 0x28
    6676:	f893 2055 	ldrb.w	r2, [r3, #85]	; 0x55
    667a:	2102      	movs	r1, #2
    667c:	f002 02fe 	and.w	r2, r2, #254	; 0xfe
    6680:	f04f 4040 	mov.w	r0, #3221225472	; 0xc0000000
    6684:	f883 2055 	strb.w	r2, [r3, #85]	; 0x55
    6688:	6099      	str	r1, [r3, #8]
    668a:	629c      	str	r4, [r3, #40]	; 0x28
    668c:	6298      	str	r0, [r3, #40]	; 0x28
    668e:	6159      	str	r1, [r3, #20]
    6690:	f85d 4b04 	ldr.w	r4, [sp], #4
    6694:	4770      	bx	lr
    6696:	4b0b      	ldr	r3, [pc, #44]	; (66c4 <StepDown_ChannelEnable_Ch4+0x94>)
    6698:	4a0b      	ldr	r2, [pc, #44]	; (66c8 <StepDown_ChannelEnable_Ch4+0x98>)
    669a:	490f      	ldr	r1, [pc, #60]	; (66d8 <StepDown_ChannelEnable_Ch4+0xa8>)
    669c:	6099      	str	r1, [r3, #8]
    669e:	f892 3055 	ldrb.w	r3, [r2, #85]	; 0x55
    66a2:	f003 03fe 	and.w	r3, r3, #254	; 0xfe
    66a6:	f043 0301 	orr.w	r3, r3, #1
    66aa:	f882 3055 	strb.w	r3, [r2, #85]	; 0x55
    66ae:	f892 303a 	ldrb.w	r3, [r2, #58]	; 0x3a
    66b2:	f003 030f 	and.w	r3, r3, #15
    66b6:	f043 0360 	orr.w	r3, r3, #96	; 0x60
    66ba:	f882 303a 	strb.w	r3, [r2, #58]	; 0x3a
    66be:	4770      	bx	lr
    66c0:	20002204 	.word	0x20002204
    66c4:	42003800 	.word	0x42003800
    66c8:	41008000 	.word	0x41008000
    66cc:	01606800 	.word	0x01606800
    66d0:	c0000020 	.word	0xc0000020
    66d4:	40000002 	.word	0x40000002
    66d8:	01606802 	.word	0x01606802

000066dc <StepDown_ChannelEnable_Ch2>:
    66dc:	f240 2312 	movw	r3, #530	; 0x212
    66e0:	4a22      	ldr	r2, [pc, #136]	; (676c <StepDown_ChannelEnable_Ch2+0x90>)
    66e2:	fb03 f101 	mul.w	r1, r3, r1
    66e6:	1853      	adds	r3, r2, r1
    66e8:	f893 3062 	ldrb.w	r3, [r3, #98]	; 0x62
    66ec:	b150      	cbz	r0, 6704 <StepDown_ChannelEnable_Ch2+0x28>
    66ee:	b2db      	uxtb	r3, r3
    66f0:	fab3 f383 	clz	r3, r3
    66f4:	095b      	lsrs	r3, r3, #5
    66f6:	eb01 1183 	add.w	r1, r1, r3, lsl #6
    66fa:	4411      	add	r1, r2
    66fc:	f8d1 3066 	ldr.w	r3, [r1, #102]	; 0x66
    6700:	2b1e      	cmp	r3, #30
    6702:	dc1e      	bgt.n	6742 <StepDown_ChannelEnable_Ch2+0x66>
    6704:	b410      	push	{r4}
    6706:	4a1a      	ldr	r2, [pc, #104]	; (6770 <StepDown_ChannelEnable_Ch2+0x94>)
    6708:	4b1a      	ldr	r3, [pc, #104]	; (6774 <StepDown_ChannelEnable_Ch2+0x98>)
    670a:	481b      	ldr	r0, [pc, #108]	; (6778 <StepDown_ChannelEnable_Ch2+0x9c>)
    670c:	60d0      	str	r0, [r2, #12]
    670e:	491b      	ldr	r1, [pc, #108]	; (677c <StepDown_ChannelEnable_Ch2+0xa0>)
    6710:	4c1b      	ldr	r4, [pc, #108]	; (6780 <StepDown_ChannelEnable_Ch2+0xa4>)
    6712:	f44f 2200 	mov.w	r2, #524288	; 0x80000
    6716:	f04f 4080 	mov.w	r0, #1073741824	; 0x40000000
    671a:	619a      	str	r2, [r3, #24]
    671c:	609a      	str	r2, [r3, #8]
    671e:	6298      	str	r0, [r3, #40]	; 0x28
    6720:	6299      	str	r1, [r3, #40]	; 0x28
    6722:	f893 2053 	ldrb.w	r2, [r3, #83]	; 0x53
    6726:	2108      	movs	r1, #8
    6728:	f002 02fe 	and.w	r2, r2, #254	; 0xfe
    672c:	f04f 4040 	mov.w	r0, #3221225472	; 0xc0000000
    6730:	f883 2053 	strb.w	r2, [r3, #83]	; 0x53
    6734:	6099      	str	r1, [r3, #8]
    6736:	629c      	str	r4, [r3, #40]	; 0x28
    6738:	6298      	str	r0, [r3, #40]	; 0x28
    673a:	6159      	str	r1, [r3, #20]
    673c:	f85d 4b04 	ldr.w	r4, [sp], #4
    6740:	4770      	bx	lr
    6742:	4b0b      	ldr	r3, [pc, #44]	; (6770 <StepDown_ChannelEnable_Ch2+0x94>)
    6744:	4a0b      	ldr	r2, [pc, #44]	; (6774 <StepDown_ChannelEnable_Ch2+0x98>)
    6746:	490f      	ldr	r1, [pc, #60]	; (6784 <StepDown_ChannelEnable_Ch2+0xa8>)
    6748:	60d9      	str	r1, [r3, #12]
    674a:	f892 3053 	ldrb.w	r3, [r2, #83]	; 0x53
    674e:	f003 03fe 	and.w	r3, r3, #254	; 0xfe
    6752:	f043 0301 	orr.w	r3, r3, #1
    6756:	f882 3053 	strb.w	r3, [r2, #83]	; 0x53
    675a:	f892 3039 	ldrb.w	r3, [r2, #57]	; 0x39
    675e:	f003 030f 	and.w	r3, r3, #15
    6762:	f043 0350 	orr.w	r3, r3, #80	; 0x50
    6766:	f882 3039 	strb.w	r3, [r2, #57]	; 0x39
    676a:	4770      	bx	lr
    676c:	20002204 	.word	0x20002204
    6770:	42003800 	.word	0x42003800
    6774:	41008000 	.word	0x41008000
    6778:	01606800 	.word	0x01606800
    677c:	c0000008 	.word	0xc0000008
    6780:	40000008 	.word	0x40000008
    6784:	01606802 	.word	0x01606802

00006788 <StepDown_ChannelEnable_Ch3>:
    6788:	f240 2312 	movw	r3, #530	; 0x212
    678c:	4a22      	ldr	r2, [pc, #136]	; (6818 <StepDown_ChannelEnable_Ch3+0x90>)
    678e:	fb03 f101 	mul.w	r1, r3, r1
    6792:	1853      	adds	r3, r2, r1
    6794:	f893 3062 	ldrb.w	r3, [r3, #98]	; 0x62
    6798:	b150      	cbz	r0, 67b0 <StepDown_ChannelEnable_Ch3+0x28>
    679a:	b2db      	uxtb	r3, r3
    679c:	fab3 f383 	clz	r3, r3
    67a0:	095b      	lsrs	r3, r3, #5
    67a2:	eb01 1183 	add.w	r1, r1, r3, lsl #6
    67a6:	4411      	add	r1, r2
    67a8:	f8d1 3066 	ldr.w	r3, [r1, #102]	; 0x66
    67ac:	2b1e      	cmp	r3, #30
    67ae:	dc1d      	bgt.n	67ec <StepDown_ChannelEnable_Ch3+0x64>
    67b0:	b410      	push	{r4}
    67b2:	4a1a      	ldr	r2, [pc, #104]	; (681c <StepDown_ChannelEnable_Ch3+0x94>)
    67b4:	4b1a      	ldr	r3, [pc, #104]	; (6820 <StepDown_ChannelEnable_Ch3+0x98>)
    67b6:	481b      	ldr	r0, [pc, #108]	; (6824 <StepDown_ChannelEnable_Ch3+0x9c>)
    67b8:	6110      	str	r0, [r2, #16]
    67ba:	491b      	ldr	r1, [pc, #108]	; (6828 <StepDown_ChannelEnable_Ch3+0xa0>)
    67bc:	4c1b      	ldr	r4, [pc, #108]	; (682c <StepDown_ChannelEnable_Ch3+0xa4>)
    67be:	f04f 7280 	mov.w	r2, #16777216	; 0x1000000
    67c2:	f04f 4080 	mov.w	r0, #1073741824	; 0x40000000
    67c6:	619a      	str	r2, [r3, #24]
    67c8:	609a      	str	r2, [r3, #8]
    67ca:	6298      	str	r0, [r3, #40]	; 0x28
    67cc:	6299      	str	r1, [r3, #40]	; 0x28
    67ce:	f893 2058 	ldrb.w	r2, [r3, #88]	; 0x58
    67d2:	f04f 7100 	mov.w	r1, #33554432	; 0x2000000
    67d6:	f002 02fe 	and.w	r2, r2, #254	; 0xfe
    67da:	f883 2058 	strb.w	r2, [r3, #88]	; 0x58
    67de:	6099      	str	r1, [r3, #8]
    67e0:	6298      	str	r0, [r3, #40]	; 0x28
    67e2:	629c      	str	r4, [r3, #40]	; 0x28
    67e4:	6159      	str	r1, [r3, #20]
    67e6:	f85d 4b04 	ldr.w	r4, [sp], #4
    67ea:	4770      	bx	lr
    67ec:	4b0b      	ldr	r3, [pc, #44]	; (681c <StepDown_ChannelEnable_Ch3+0x94>)
    67ee:	4a0c      	ldr	r2, [pc, #48]	; (6820 <StepDown_ChannelEnable_Ch3+0x98>)
    67f0:	490f      	ldr	r1, [pc, #60]	; (6830 <StepDown_ChannelEnable_Ch3+0xa8>)
    67f2:	6119      	str	r1, [r3, #16]
    67f4:	f892 3058 	ldrb.w	r3, [r2, #88]	; 0x58
    67f8:	f003 03fe 	and.w	r3, r3, #254	; 0xfe
    67fc:	f043 0301 	orr.w	r3, r3, #1
    6800:	f882 3058 	strb.w	r3, [r2, #88]	; 0x58
    6804:	f892 303c 	ldrb.w	r3, [r2, #60]	; 0x3c
    6808:	f003 03f0 	and.w	r3, r3, #240	; 0xf0
    680c:	f043 0305 	orr.w	r3, r3, #5
    6810:	f882 303c 	strb.w	r3, [r2, #60]	; 0x3c
    6814:	4770      	bx	lr
    6816:	bf00      	nop
    6818:	20002204 	.word	0x20002204
    681c:	42003800 	.word	0x42003800
    6820:	41008000 	.word	0x41008000
    6824:	01606800 	.word	0x01606800
    6828:	c0000100 	.word	0xc0000100
    682c:	c0000200 	.word	0xc0000200
    6830:	01606802 	.word	0x01606802

00006834 <StepDown_InitPwmChannel1>:
    6834:	b4f0      	push	{r4, r5, r6, r7}
    6836:	4a18      	ldr	r2, [pc, #96]	; (6898 <StepDown_InitPwmChannel1+0x64>)
    6838:	4918      	ldr	r1, [pc, #96]	; (689c <StepDown_InitPwmChannel1+0x68>)
    683a:	69d3      	ldr	r3, [r2, #28]
    683c:	4c18      	ldr	r4, [pc, #96]	; (68a0 <StepDown_InitPwmChannel1+0x6c>)
    683e:	f043 0310 	orr.w	r3, r3, #16
    6842:	2543      	movs	r5, #67	; 0x43
    6844:	2001      	movs	r0, #1
    6846:	61d3      	str	r3, [r2, #28]
    6848:	f8c4 50f4 	str.w	r5, [r4, #244]	; 0xf4
    684c:	460a      	mov	r2, r1
    684e:	6008      	str	r0, [r1, #0]
    6850:	6893      	ldr	r3, [r2, #8]
    6852:	f013 0301 	ands.w	r3, r3, #1
    6856:	d1fb      	bne.n	6850 <StepDown_InitPwmChannel1+0x1c>
    6858:	2101      	movs	r1, #1
    685a:	6013      	str	r3, [r2, #0]
    685c:	6291      	str	r1, [r2, #40]	; 0x28
    685e:	6c14      	ldr	r4, [r2, #64]	; 0x40
    6860:	4910      	ldr	r1, [pc, #64]	; (68a4 <StepDown_InitPwmChannel1+0x70>)
    6862:	4f11      	ldr	r7, [pc, #68]	; (68a8 <StepDown_InitPwmChannel1+0x74>)
    6864:	f06f 407f 	mvn.w	r0, #4278190080	; 0xff000000
    6868:	f360 0417 	bfi	r4, r0, #0, #24
    686c:	2602      	movs	r6, #2
    686e:	f44f 7580 	mov.w	r5, #256	; 0x100
    6872:	2020      	movs	r0, #32
    6874:	6414      	str	r4, [r2, #64]	; 0x40
    6876:	6497      	str	r7, [r2, #72]	; 0x48
    6878:	63d6      	str	r6, [r2, #60]	; 0x3c
    687a:	6215      	str	r5, [r2, #32]
    687c:	f8c1 008c 	str.w	r0, [r1, #140]	; 0x8c
    6880:	f3bf 8f4f 	dsb	sy
    6884:	f3bf 8f6f 	isb	sy
    6888:	f8c1 018c 	str.w	r0, [r1, #396]	; 0x18c
    688c:	f881 3365 	strb.w	r3, [r1, #869]	; 0x365
    6890:	bcf0      	pop	{r4, r5, r6, r7}
    6892:	60c8      	str	r0, [r1, #12]
    6894:	4770      	bx	lr
    6896:	bf00      	nop
    6898:	40000800 	.word	0x40000800
    689c:	42001000 	.word	0x42001000
    68a0:	40001c00 	.word	0x40001c00
    68a4:	e000e100 	.word	0xe000e100
    68a8:	00ffffe0 	.word	0x00ffffe0

000068ac <StepDown_InitPwmChannel2>:
    68ac:	b4f0      	push	{r4, r5, r6, r7}
    68ae:	4a18      	ldr	r2, [pc, #96]	; (6910 <StepDown_InitPwmChannel2+0x64>)
    68b0:	4918      	ldr	r1, [pc, #96]	; (6914 <StepDown_InitPwmChannel2+0x68>)
    68b2:	6993      	ldr	r3, [r2, #24]
    68b4:	4c18      	ldr	r4, [pc, #96]	; (6918 <StepDown_InitPwmChannel2+0x6c>)
    68b6:	f443 5380 	orr.w	r3, r3, #4096	; 0x1000
    68ba:	2543      	movs	r5, #67	; 0x43
    68bc:	2001      	movs	r0, #1
    68be:	6193      	str	r3, [r2, #24]
    68c0:	f8c4 50e4 	str.w	r5, [r4, #228]	; 0xe4
    68c4:	460a      	mov	r2, r1
    68c6:	6008      	str	r0, [r1, #0]
    68c8:	6893      	ldr	r3, [r2, #8]
    68ca:	f013 0301 	ands.w	r3, r3, #1
    68ce:	d1fb      	bne.n	68c8 <StepDown_InitPwmChannel2+0x1c>
    68d0:	2101      	movs	r1, #1
    68d2:	6013      	str	r3, [r2, #0]
    68d4:	6291      	str	r1, [r2, #40]	; 0x28
    68d6:	6c14      	ldr	r4, [r2, #64]	; 0x40
    68d8:	4910      	ldr	r1, [pc, #64]	; (691c <StepDown_InitPwmChannel2+0x70>)
    68da:	4f11      	ldr	r7, [pc, #68]	; (6920 <StepDown_InitPwmChannel2+0x74>)
    68dc:	f06f 407f 	mvn.w	r0, #4278190080	; 0xff000000
    68e0:	f360 0417 	bfi	r4, r0, #0, #24
    68e4:	2602      	movs	r6, #2
    68e6:	f44f 7580 	mov.w	r5, #256	; 0x100
    68ea:	f04f 5080 	mov.w	r0, #268435456	; 0x10000000
    68ee:	6414      	str	r4, [r2, #64]	; 0x40
    68f0:	6517      	str	r7, [r2, #80]	; 0x50
    68f2:	63d6      	str	r6, [r2, #60]	; 0x3c
    68f4:	6215      	str	r5, [r2, #32]
    68f6:	f8c1 0088 	str.w	r0, [r1, #136]	; 0x88
    68fa:	f3bf 8f4f 	dsb	sy
    68fe:	f3bf 8f6f 	isb	sy
    6902:	f8c1 0188 	str.w	r0, [r1, #392]	; 0x188
    6906:	f881 335c 	strb.w	r3, [r1, #860]	; 0x35c
    690a:	bcf0      	pop	{r4, r5, r6, r7}
    690c:	6088      	str	r0, [r1, #8]
    690e:	4770      	bx	lr
    6910:	40000800 	.word	0x40000800
    6914:	41018000 	.word	0x41018000
    6918:	40001c00 	.word	0x40001c00
    691c:	e000e100 	.word	0xe000e100
    6920:	00ffffe0 	.word	0x00ffffe0

00006924 <StepDown_InitPwmChannel3>:
    6924:	b470      	push	{r4, r5, r6}
    6926:	4a18      	ldr	r2, [pc, #96]	; (6988 <StepDown_InitPwmChannel3+0x64>)
    6928:	4918      	ldr	r1, [pc, #96]	; (698c <StepDown_InitPwmChannel3+0x68>)
    692a:	69d3      	ldr	r3, [r2, #28]
    692c:	4c18      	ldr	r4, [pc, #96]	; (6990 <StepDown_InitPwmChannel3+0x6c>)
    692e:	f043 0308 	orr.w	r3, r3, #8
    6932:	2543      	movs	r5, #67	; 0x43
    6934:	2001      	movs	r0, #1
    6936:	61d3      	str	r3, [r2, #28]
    6938:	f8c4 50f4 	str.w	r5, [r4, #244]	; 0xf4
    693c:	460a      	mov	r2, r1
    693e:	6008      	str	r0, [r1, #0]
    6940:	6893      	ldr	r3, [r2, #8]
    6942:	f013 0301 	ands.w	r3, r3, #1
    6946:	d1fb      	bne.n	6940 <StepDown_InitPwmChannel3+0x1c>
    6948:	2101      	movs	r1, #1
    694a:	6013      	str	r3, [r2, #0]
    694c:	6291      	str	r1, [r2, #40]	; 0x28
    694e:	6c14      	ldr	r4, [r2, #64]	; 0x40
    6950:	4910      	ldr	r1, [pc, #64]	; (6994 <StepDown_InitPwmChannel3+0x70>)
    6952:	f64f 70ff 	movw	r0, #65535	; 0xffff
    6956:	f360 0417 	bfi	r4, r0, #0, #24
    695a:	f64f 76e0 	movw	r6, #65504	; 0xffe0
    695e:	2002      	movs	r0, #2
    6960:	f44f 7580 	mov.w	r5, #256	; 0x100
    6964:	6414      	str	r4, [r2, #64]	; 0x40
    6966:	64d6      	str	r6, [r2, #76]	; 0x4c
    6968:	63d0      	str	r0, [r2, #60]	; 0x3c
    696a:	6215      	str	r5, [r2, #32]
    696c:	f8c1 008c 	str.w	r0, [r1, #140]	; 0x8c
    6970:	f3bf 8f4f 	dsb	sy
    6974:	f3bf 8f6f 	isb	sy
    6978:	f8c1 018c 	str.w	r0, [r1, #396]	; 0x18c
    697c:	f881 3361 	strb.w	r3, [r1, #865]	; 0x361
    6980:	bc70      	pop	{r4, r5, r6}
    6982:	60c8      	str	r0, [r1, #12]
    6984:	4770      	bx	lr
    6986:	bf00      	nop
    6988:	40000800 	.word	0x40000800
    698c:	42000c00 	.word	0x42000c00
    6990:	40001c00 	.word	0x40001c00
    6994:	e000e100 	.word	0xe000e100

00006998 <StepDown_InitPwmChannel4>:
    6998:	b4f0      	push	{r4, r5, r6, r7}
    699a:	4a19      	ldr	r2, [pc, #100]	; (6a00 <StepDown_InitPwmChannel4+0x68>)
    699c:	4919      	ldr	r1, [pc, #100]	; (6a04 <StepDown_InitPwmChannel4+0x6c>)
    699e:	6993      	ldr	r3, [r2, #24]
    69a0:	4c19      	ldr	r4, [pc, #100]	; (6a08 <StepDown_InitPwmChannel4+0x70>)
    69a2:	f443 6300 	orr.w	r3, r3, #2048	; 0x800
    69a6:	2543      	movs	r5, #67	; 0x43
    69a8:	2001      	movs	r0, #1
    69aa:	6193      	str	r3, [r2, #24]
    69ac:	f8c4 50e4 	str.w	r5, [r4, #228]	; 0xe4
    69b0:	460a      	mov	r2, r1
    69b2:	6008      	str	r0, [r1, #0]
    69b4:	6893      	ldr	r3, [r2, #8]
    69b6:	f013 0301 	ands.w	r3, r3, #1
    69ba:	d1fb      	bne.n	69b4 <StepDown_InitPwmChannel4+0x1c>
    69bc:	2101      	movs	r1, #1
    69be:	6013      	str	r3, [r2, #0]
    69c0:	6291      	str	r1, [r2, #40]	; 0x28
    69c2:	6c14      	ldr	r4, [r2, #64]	; 0x40
    69c4:	4911      	ldr	r1, [pc, #68]	; (6a0c <StepDown_InitPwmChannel4+0x74>)
    69c6:	f64f 70ff 	movw	r0, #65535	; 0xffff
    69ca:	f360 0417 	bfi	r4, r0, #0, #24
    69ce:	f64f 77e0 	movw	r7, #65504	; 0xffe0
    69d2:	2602      	movs	r6, #2
    69d4:	f44f 7580 	mov.w	r5, #256	; 0x100
    69d8:	f44f 1000 	mov.w	r0, #2097152	; 0x200000
    69dc:	6414      	str	r4, [r2, #64]	; 0x40
    69de:	6497      	str	r7, [r2, #72]	; 0x48
    69e0:	63d6      	str	r6, [r2, #60]	; 0x3c
    69e2:	6215      	str	r5, [r2, #32]
    69e4:	f8c1 0088 	str.w	r0, [r1, #136]	; 0x88
    69e8:	f3bf 8f4f 	dsb	sy
    69ec:	f3bf 8f6f 	isb	sy
    69f0:	f8c1 0188 	str.w	r0, [r1, #392]	; 0x188
    69f4:	f881 3355 	strb.w	r3, [r1, #853]	; 0x355
    69f8:	bcf0      	pop	{r4, r5, r6, r7}
    69fa:	6088      	str	r0, [r1, #8]
    69fc:	4770      	bx	lr
    69fe:	bf00      	nop
    6a00:	40000800 	.word	0x40000800
    6a04:	41016000 	.word	0x41016000
    6a08:	40001c00 	.word	0x40001c00
    6a0c:	e000e100 	.word	0xe000e100

00006a10 <StepDown_InitChannel1>:
    6a10:	b5f8      	push	{r3, r4, r5, r6, r7, lr}
    6a12:	4a38      	ldr	r2, [pc, #224]	; (6af4 <StepDown_InitChannel1+0xe4>)
    6a14:	4938      	ldr	r1, [pc, #224]	; (6af8 <StepDown_InitChannel1+0xe8>)
    6a16:	6993      	ldr	r3, [r2, #24]
    6a18:	4c38      	ldr	r4, [pc, #224]	; (6afc <StepDown_InitChannel1+0xec>)
    6a1a:	f443 4380 	orr.w	r3, r3, #16384	; 0x4000
    6a1e:	2543      	movs	r5, #67	; 0x43
    6a20:	2001      	movs	r0, #1
    6a22:	6193      	str	r3, [r2, #24]
    6a24:	f8c4 50e8 	str.w	r5, [r4, #232]	; 0xe8
    6a28:	460a      	mov	r2, r1
    6a2a:	6008      	str	r0, [r1, #0]
    6a2c:	6913      	ldr	r3, [r2, #16]
    6a2e:	f013 0301 	ands.w	r3, r3, #1
    6a32:	d1fb      	bne.n	6a2c <StepDown_InitChannel1+0x1c>
    6a34:	f242 1023 	movw	r0, #8483	; 0x2123
    6a38:	2503      	movs	r5, #3
    6a3a:	f44f 7446 	mov.w	r4, #792	; 0x318
    6a3e:	2104      	movs	r1, #4
    6a40:	6013      	str	r3, [r2, #0]
    6a42:	7315      	strb	r5, [r2, #12]
    6a44:	8614      	strh	r4, [r2, #48]	; 0x30
    6a46:	80d0      	strh	r0, [r2, #6]
    6a48:	7151      	strb	r1, [r2, #5]
    6a4a:	6813      	ldr	r3, [r2, #0]
    6a4c:	492c      	ldr	r1, [pc, #176]	; (6b00 <StepDown_InitChannel1+0xf0>)
    6a4e:	4f2d      	ldr	r7, [pc, #180]	; (6b04 <StepDown_InitChannel1+0xf4>)
    6a50:	4e2d      	ldr	r6, [pc, #180]	; (6b08 <StepDown_InitChannel1+0xf8>)
    6a52:	4d2e      	ldr	r5, [pc, #184]	; (6b0c <StepDown_InitChannel1+0xfc>)
    6a54:	f043 0302 	orr.w	r3, r3, #2
    6a58:	6013      	str	r3, [r2, #0]
    6a5a:	4788      	blx	r1
    6a5c:	4b2c      	ldr	r3, [pc, #176]	; (6b10 <StepDown_InitChannel1+0x100>)
    6a5e:	4a2d      	ldr	r2, [pc, #180]	; (6b14 <StepDown_InitChannel1+0x104>)
    6a60:	6ad9      	ldr	r1, [r3, #44]	; 0x2c
    6a62:	4824      	ldr	r0, [pc, #144]	; (6af4 <StepDown_InitChannel1+0xe4>)
    6a64:	f8df c094 	ldr.w	ip, [pc, #148]	; 6afc <StepDown_InitChannel1+0xec>
    6a68:	f8df e0ac 	ldr.w	lr, [pc, #172]	; 6b18 <StepDown_InitChannel1+0x108>
    6a6c:	f041 0187 	orr.w	r1, r1, #135	; 0x87
    6a70:	62d9      	str	r1, [r3, #44]	; 0x2c
    6a72:	f44f 7106 	mov.w	r1, #536	; 0x218
    6a76:	6211      	str	r1, [r2, #32]
    6a78:	f240 2177 	movw	r1, #631	; 0x277
    6a7c:	6291      	str	r1, [r2, #40]	; 0x28
    6a7e:	2102      	movs	r1, #2
    6a80:	f8c2 1124 	str.w	r1, [r2, #292]	; 0x124
    6a84:	2101      	movs	r1, #1
    6a86:	f8c2 11dc 	str.w	r1, [r2, #476]	; 0x1dc
    6a8a:	6051      	str	r1, [r2, #4]
    6a8c:	69c2      	ldr	r2, [r0, #28]
    6a8e:	f442 4280 	orr.w	r2, r2, #16384	; 0x4000
    6a92:	61c2      	str	r2, [r0, #28]
    6a94:	2480      	movs	r4, #128	; 0x80
    6a96:	2243      	movs	r2, #67	; 0x43
    6a98:	f04f 4040 	mov.w	r0, #3221225472	; 0xc0000000
    6a9c:	f8cc 2104 	str.w	r2, [ip, #260]	; 0x104
    6aa0:	f8c7 e014 	str.w	lr, [r7, #20]
    6aa4:	609c      	str	r4, [r3, #8]
    6aa6:	629e      	str	r6, [r3, #40]	; 0x28
    6aa8:	6298      	str	r0, [r3, #40]	; 0x28
    6aaa:	f893 2047 	ldrb.w	r2, [r3, #71]	; 0x47
    6aae:	f002 02fb 	and.w	r2, r2, #251	; 0xfb
    6ab2:	f883 2047 	strb.w	r2, [r3, #71]	; 0x47
    6ab6:	f893 2047 	ldrb.w	r2, [r3, #71]	; 0x47
    6aba:	f44f 5100 	mov.w	r1, #8192	; 0x2000
    6abe:	f002 02fe 	and.w	r2, r2, #254	; 0xfe
    6ac2:	f883 2047 	strb.w	r2, [r3, #71]	; 0x47
    6ac6:	615c      	str	r4, [r3, #20]
    6ac8:	f8c3 1088 	str.w	r1, [r3, #136]	; 0x88
    6acc:	f8c3 50a8 	str.w	r5, [r3, #168]	; 0xa8
    6ad0:	f8c3 00a8 	str.w	r0, [r3, #168]	; 0xa8
    6ad4:	f893 20cd 	ldrb.w	r2, [r3, #205]	; 0xcd
    6ad8:	f002 02fb 	and.w	r2, r2, #251	; 0xfb
    6adc:	f883 20cd 	strb.w	r2, [r3, #205]	; 0xcd
    6ae0:	f893 20cd 	ldrb.w	r2, [r3, #205]	; 0xcd
    6ae4:	f002 02fe 	and.w	r2, r2, #254	; 0xfe
    6ae8:	f883 20cd 	strb.w	r2, [r3, #205]	; 0xcd
    6aec:	f8c3 1098 	str.w	r1, [r3, #152]	; 0x98
    6af0:	bdf8      	pop	{r3, r4, r5, r6, r7, pc}
    6af2:	bf00      	nop
    6af4:	40000800 	.word	0x40000800
    6af8:	4101c000 	.word	0x4101c000
    6afc:	40001c00 	.word	0x40001c00
    6b00:	00006835 	.word	0x00006835
    6b04:	42003800 	.word	0x42003800
    6b08:	40000080 	.word	0x40000080
    6b0c:	40002000 	.word	0x40002000
    6b10:	41008000 	.word	0x41008000
    6b14:	4100e000 	.word	0x4100e000
    6b18:	01606800 	.word	0x01606800

00006b1c <StepDown_InitChannel2>:
    6b1c:	b5f8      	push	{r3, r4, r5, r6, r7, lr}
    6b1e:	4a31      	ldr	r2, [pc, #196]	; (6be4 <StepDown_InitChannel2+0xc8>)
    6b20:	4931      	ldr	r1, [pc, #196]	; (6be8 <StepDown_InitChannel2+0xcc>)
    6b22:	6953      	ldr	r3, [r2, #20]
    6b24:	4c31      	ldr	r4, [pc, #196]	; (6bec <StepDown_InitChannel2+0xd0>)
    6b26:	f443 4300 	orr.w	r3, r3, #32768	; 0x8000
    6b2a:	2543      	movs	r5, #67	; 0x43
    6b2c:	2001      	movs	r0, #1
    6b2e:	6153      	str	r3, [r2, #20]
    6b30:	f8c4 50a4 	str.w	r5, [r4, #164]	; 0xa4
    6b34:	460a      	mov	r2, r1
    6b36:	6008      	str	r0, [r1, #0]
    6b38:	6913      	ldr	r3, [r2, #16]
    6b3a:	f013 0301 	ands.w	r3, r3, #1
    6b3e:	d1fb      	bne.n	6b38 <StepDown_InitChannel2+0x1c>
    6b40:	2404      	movs	r4, #4
    6b42:	2503      	movs	r5, #3
    6b44:	f44f 7046 	mov.w	r0, #792	; 0x318
    6b48:	f242 1123 	movw	r1, #8483	; 0x2123
    6b4c:	6013      	str	r3, [r2, #0]
    6b4e:	7315      	strb	r5, [r2, #12]
    6b50:	8610      	strh	r0, [r2, #48]	; 0x30
    6b52:	80d1      	strh	r1, [r2, #6]
    6b54:	7154      	strb	r4, [r2, #5]
    6b56:	6813      	ldr	r3, [r2, #0]
    6b58:	4925      	ldr	r1, [pc, #148]	; (6bf0 <StepDown_InitChannel2+0xd4>)
    6b5a:	4f26      	ldr	r7, [pc, #152]	; (6bf4 <StepDown_InitChannel2+0xd8>)
    6b5c:	4e26      	ldr	r6, [pc, #152]	; (6bf8 <StepDown_InitChannel2+0xdc>)
    6b5e:	f043 0302 	orr.w	r3, r3, #2
    6b62:	6013      	str	r3, [r2, #0]
    6b64:	4788      	blx	r1
    6b66:	4b25      	ldr	r3, [pc, #148]	; (6bfc <StepDown_InitChannel2+0xe0>)
    6b68:	4a25      	ldr	r2, [pc, #148]	; (6c00 <StepDown_InitChannel2+0xe4>)
    6b6a:	6ad9      	ldr	r1, [r3, #44]	; 0x2c
    6b6c:	f8df e098 	ldr.w	lr, [pc, #152]	; 6c08 <StepDown_InitChannel2+0xec>
    6b70:	f441 0103 	orr.w	r1, r1, #8585216	; 0x830000
    6b74:	62d9      	str	r1, [r3, #44]	; 0x2c
    6b76:	f240 211d 	movw	r1, #541	; 0x21d
    6b7a:	6311      	str	r1, [r2, #48]	; 0x30
    6b7c:	f240 2175 	movw	r1, #629	; 0x275
    6b80:	6391      	str	r1, [r2, #56]	; 0x38
    6b82:	2008      	movs	r0, #8
    6b84:	f04f 4140 	mov.w	r1, #3221225472	; 0xc0000000
    6b88:	f8c2 412c 	str.w	r4, [r2, #300]	; 0x12c
    6b8c:	f8c2 51d4 	str.w	r5, [r2, #468]	; 0x1d4
    6b90:	6054      	str	r4, [r2, #4]
    6b92:	f8c7 e00c 	str.w	lr, [r7, #12]
    6b96:	6098      	str	r0, [r3, #8]
    6b98:	629e      	str	r6, [r3, #40]	; 0x28
    6b9a:	6299      	str	r1, [r3, #40]	; 0x28
    6b9c:	f893 2043 	ldrb.w	r2, [r3, #67]	; 0x43
    6ba0:	4c18      	ldr	r4, [pc, #96]	; (6c04 <StepDown_InitChannel2+0xe8>)
    6ba2:	f002 02fb 	and.w	r2, r2, #251	; 0xfb
    6ba6:	f883 2043 	strb.w	r2, [r3, #67]	; 0x43
    6baa:	f893 2043 	ldrb.w	r2, [r3, #67]	; 0x43
    6bae:	f44f 2100 	mov.w	r1, #524288	; 0x80000
    6bb2:	f002 02fe 	and.w	r2, r2, #254	; 0xfe
    6bb6:	f04f 4580 	mov.w	r5, #1073741824	; 0x40000000
    6bba:	f883 2043 	strb.w	r2, [r3, #67]	; 0x43
    6bbe:	6158      	str	r0, [r3, #20]
    6bc0:	6099      	str	r1, [r3, #8]
    6bc2:	629d      	str	r5, [r3, #40]	; 0x28
    6bc4:	629c      	str	r4, [r3, #40]	; 0x28
    6bc6:	f893 2053 	ldrb.w	r2, [r3, #83]	; 0x53
    6bca:	f002 02fb 	and.w	r2, r2, #251	; 0xfb
    6bce:	f883 2053 	strb.w	r2, [r3, #83]	; 0x53
    6bd2:	f893 2053 	ldrb.w	r2, [r3, #83]	; 0x53
    6bd6:	f002 02fe 	and.w	r2, r2, #254	; 0xfe
    6bda:	f883 2053 	strb.w	r2, [r3, #83]	; 0x53
    6bde:	6199      	str	r1, [r3, #24]
    6be0:	bdf8      	pop	{r3, r4, r5, r6, r7, pc}
    6be2:	bf00      	nop
    6be4:	40000800 	.word	0x40000800
    6be8:	40003c00 	.word	0x40003c00
    6bec:	40001c00 	.word	0x40001c00
    6bf0:	000068ad 	.word	0x000068ad
    6bf4:	42003800 	.word	0x42003800
    6bf8:	40000008 	.word	0x40000008
    6bfc:	41008000 	.word	0x41008000
    6c00:	4100e000 	.word	0x4100e000
    6c04:	c0000008 	.word	0xc0000008
    6c08:	01606800 	.word	0x01606800

00006c0c <StepDown_InitChannel3>:
    6c0c:	b5f8      	push	{r3, r4, r5, r6, r7, lr}
    6c0e:	4a32      	ldr	r2, [pc, #200]	; (6cd8 <StepDown_InitChannel3+0xcc>)
    6c10:	4932      	ldr	r1, [pc, #200]	; (6cdc <StepDown_InitChannel3+0xd0>)
    6c12:	6993      	ldr	r3, [r2, #24]
    6c14:	4c32      	ldr	r4, [pc, #200]	; (6ce0 <StepDown_InitChannel3+0xd4>)
    6c16:	f443 5300 	orr.w	r3, r3, #8192	; 0x2000
    6c1a:	2543      	movs	r5, #67	; 0x43
    6c1c:	2001      	movs	r0, #1
    6c1e:	6193      	str	r3, [r2, #24]
    6c20:	f8c4 50e8 	str.w	r5, [r4, #232]	; 0xe8
    6c24:	460a      	mov	r2, r1
    6c26:	6008      	str	r0, [r1, #0]
    6c28:	6913      	ldr	r3, [r2, #16]
    6c2a:	f013 0301 	ands.w	r3, r3, #1
    6c2e:	d1fb      	bne.n	6c28 <StepDown_InitChannel3+0x1c>
    6c30:	f242 1023 	movw	r0, #8483	; 0x2123
    6c34:	2503      	movs	r5, #3
    6c36:	f44f 7446 	mov.w	r4, #792	; 0x318
    6c3a:	2104      	movs	r1, #4
    6c3c:	6013      	str	r3, [r2, #0]
    6c3e:	7315      	strb	r5, [r2, #12]
    6c40:	8614      	strh	r4, [r2, #48]	; 0x30
    6c42:	80d0      	strh	r0, [r2, #6]
    6c44:	7151      	strb	r1, [r2, #5]
    6c46:	6813      	ldr	r3, [r2, #0]
    6c48:	4926      	ldr	r1, [pc, #152]	; (6ce4 <StepDown_InitChannel3+0xd8>)
    6c4a:	4f27      	ldr	r7, [pc, #156]	; (6ce8 <StepDown_InitChannel3+0xdc>)
    6c4c:	4e27      	ldr	r6, [pc, #156]	; (6cec <StepDown_InitChannel3+0xe0>)
    6c4e:	4d28      	ldr	r5, [pc, #160]	; (6cf0 <StepDown_InitChannel3+0xe4>)
    6c50:	f043 0302 	orr.w	r3, r3, #2
    6c54:	6013      	str	r3, [r2, #0]
    6c56:	4788      	blx	r1
    6c58:	4b26      	ldr	r3, [pc, #152]	; (6cf4 <StepDown_InitChannel3+0xe8>)
    6c5a:	4a27      	ldr	r2, [pc, #156]	; (6cf8 <StepDown_InitChannel3+0xec>)
    6c5c:	6ad9      	ldr	r1, [r3, #44]	; 0x2c
    6c5e:	f8df e09c 	ldr.w	lr, [pc, #156]	; 6cfc <StepDown_InitChannel3+0xf0>
    6c62:	f441 4119 	orr.w	r1, r1, #39168	; 0x9900
    6c66:	f240 2416 	movw	r4, #534	; 0x216
    6c6a:	f240 2076 	movw	r0, #630	; 0x276
    6c6e:	62d9      	str	r1, [r3, #44]	; 0x2c
    6c70:	6414      	str	r4, [r2, #64]	; 0x40
    6c72:	2106      	movs	r1, #6
    6c74:	6490      	str	r0, [r2, #72]	; 0x48
    6c76:	2005      	movs	r0, #5
    6c78:	f8c2 1128 	str.w	r1, [r2, #296]	; 0x128
    6c7c:	f04f 7400 	mov.w	r4, #33554432	; 0x2000000
    6c80:	f8c2 01d8 	str.w	r0, [r2, #472]	; 0x1d8
    6c84:	2110      	movs	r1, #16
    6c86:	f04f 4080 	mov.w	r0, #1073741824	; 0x40000000
    6c8a:	6051      	str	r1, [r2, #4]
    6c8c:	f8c7 e010 	str.w	lr, [r7, #16]
    6c90:	609c      	str	r4, [r3, #8]
    6c92:	6298      	str	r0, [r3, #40]	; 0x28
    6c94:	629e      	str	r6, [r3, #40]	; 0x28
    6c96:	f893 2059 	ldrb.w	r2, [r3, #89]	; 0x59
    6c9a:	f002 02fb 	and.w	r2, r2, #251	; 0xfb
    6c9e:	f883 2059 	strb.w	r2, [r3, #89]	; 0x59
    6ca2:	f893 2059 	ldrb.w	r2, [r3, #89]	; 0x59
    6ca6:	f04f 7180 	mov.w	r1, #16777216	; 0x1000000
    6caa:	f002 02fe 	and.w	r2, r2, #254	; 0xfe
    6cae:	f883 2059 	strb.w	r2, [r3, #89]	; 0x59
    6cb2:	615c      	str	r4, [r3, #20]
    6cb4:	6099      	str	r1, [r3, #8]
    6cb6:	6298      	str	r0, [r3, #40]	; 0x28
    6cb8:	629d      	str	r5, [r3, #40]	; 0x28
    6cba:	f893 2058 	ldrb.w	r2, [r3, #88]	; 0x58
    6cbe:	f002 02fb 	and.w	r2, r2, #251	; 0xfb
    6cc2:	f883 2058 	strb.w	r2, [r3, #88]	; 0x58
    6cc6:	f893 2058 	ldrb.w	r2, [r3, #88]	; 0x58
    6cca:	f002 02fe 	and.w	r2, r2, #254	; 0xfe
    6cce:	f883 2058 	strb.w	r2, [r3, #88]	; 0x58
    6cd2:	6199      	str	r1, [r3, #24]
    6cd4:	bdf8      	pop	{r3, r4, r5, r6, r7, pc}
    6cd6:	bf00      	nop
    6cd8:	40000800 	.word	0x40000800
    6cdc:	4101a000 	.word	0x4101a000
    6ce0:	40001c00 	.word	0x40001c00
    6ce4:	00006925 	.word	0x00006925
    6ce8:	42003800 	.word	0x42003800
    6cec:	c0000200 	.word	0xc0000200
    6cf0:	c0000100 	.word	0xc0000100
    6cf4:	41008000 	.word	0x41008000
    6cf8:	4100e000 	.word	0x4100e000
    6cfc:	01606800 	.word	0x01606800

00006d00 <StepDown_InitChannel4>:
    6d00:	b5f8      	push	{r3, r4, r5, r6, r7, lr}
    6d02:	4a32      	ldr	r2, [pc, #200]	; (6dcc <StepDown_InitChannel4+0xcc>)
    6d04:	4932      	ldr	r1, [pc, #200]	; (6dd0 <StepDown_InitChannel4+0xd0>)
    6d06:	6953      	ldr	r3, [r2, #20]
    6d08:	4c32      	ldr	r4, [pc, #200]	; (6dd4 <StepDown_InitChannel4+0xd4>)
    6d0a:	f443 4380 	orr.w	r3, r3, #16384	; 0x4000
    6d0e:	2543      	movs	r5, #67	; 0x43
    6d10:	2001      	movs	r0, #1
    6d12:	6153      	str	r3, [r2, #20]
    6d14:	f8c4 50a4 	str.w	r5, [r4, #164]	; 0xa4
    6d18:	460a      	mov	r2, r1
    6d1a:	6008      	str	r0, [r1, #0]
    6d1c:	6913      	ldr	r3, [r2, #16]
    6d1e:	f013 0301 	ands.w	r3, r3, #1
    6d22:	d1fb      	bne.n	6d1c <StepDown_InitChannel4+0x1c>
    6d24:	f242 1023 	movw	r0, #8483	; 0x2123
    6d28:	2503      	movs	r5, #3
    6d2a:	f44f 7446 	mov.w	r4, #792	; 0x318
    6d2e:	2104      	movs	r1, #4
    6d30:	6013      	str	r3, [r2, #0]
    6d32:	7315      	strb	r5, [r2, #12]
    6d34:	8614      	strh	r4, [r2, #48]	; 0x30
    6d36:	80d0      	strh	r0, [r2, #6]
    6d38:	7151      	strb	r1, [r2, #5]
    6d3a:	6813      	ldr	r3, [r2, #0]
    6d3c:	4926      	ldr	r1, [pc, #152]	; (6dd8 <StepDown_InitChannel4+0xd8>)
    6d3e:	4e27      	ldr	r6, [pc, #156]	; (6ddc <StepDown_InitChannel4+0xdc>)
    6d40:	4d27      	ldr	r5, [pc, #156]	; (6de0 <StepDown_InitChannel4+0xe0>)
    6d42:	4f28      	ldr	r7, [pc, #160]	; (6de4 <StepDown_InitChannel4+0xe4>)
    6d44:	4c28      	ldr	r4, [pc, #160]	; (6de8 <StepDown_InitChannel4+0xe8>)
    6d46:	f043 0302 	orr.w	r3, r3, #2
    6d4a:	6013      	str	r3, [r2, #0]
    6d4c:	4788      	blx	r1
    6d4e:	4b27      	ldr	r3, [pc, #156]	; (6dec <StepDown_InitChannel4+0xec>)
    6d50:	4a27      	ldr	r2, [pc, #156]	; (6df0 <StepDown_InitChannel4+0xf0>)
    6d52:	6ad9      	ldr	r1, [r3, #44]	; 0x2c
    6d54:	f041 4101 	orr.w	r1, r1, #2164260864	; 0x81000000
    6d58:	62d9      	str	r1, [r3, #44]	; 0x2c
    6d5a:	f44f 701d 	mov.w	r0, #628	; 0x274
    6d5e:	2108      	movs	r1, #8
    6d60:	f240 2e12 	movw	lr, #530	; 0x212
    6d64:	f8c2 e050 	str.w	lr, [r2, #80]	; 0x50
    6d68:	6590      	str	r0, [r2, #88]	; 0x58
    6d6a:	f8c2 1130 	str.w	r1, [r2, #304]	; 0x130
    6d6e:	2007      	movs	r0, #7
    6d70:	2140      	movs	r1, #64	; 0x40
    6d72:	f8c2 01d0 	str.w	r0, [r2, #464]	; 0x1d0
    6d76:	6051      	str	r1, [r2, #4]
    6d78:	2002      	movs	r0, #2
    6d7a:	f04f 4240 	mov.w	r2, #3221225472	; 0xc0000000
    6d7e:	60b7      	str	r7, [r6, #8]
    6d80:	6098      	str	r0, [r3, #8]
    6d82:	629d      	str	r5, [r3, #40]	; 0x28
    6d84:	629a      	str	r2, [r3, #40]	; 0x28
    6d86:	f893 2041 	ldrb.w	r2, [r3, #65]	; 0x41
    6d8a:	f002 02fb 	and.w	r2, r2, #251	; 0xfb
    6d8e:	f883 2041 	strb.w	r2, [r3, #65]	; 0x41
    6d92:	f893 2041 	ldrb.w	r2, [r3, #65]	; 0x41
    6d96:	f44f 1100 	mov.w	r1, #2097152	; 0x200000
    6d9a:	f002 02fe 	and.w	r2, r2, #254	; 0xfe
    6d9e:	f04f 4580 	mov.w	r5, #1073741824	; 0x40000000
    6da2:	f883 2041 	strb.w	r2, [r3, #65]	; 0x41
    6da6:	6158      	str	r0, [r3, #20]
    6da8:	6099      	str	r1, [r3, #8]
    6daa:	629d      	str	r5, [r3, #40]	; 0x28
    6dac:	629c      	str	r4, [r3, #40]	; 0x28
    6dae:	f893 2055 	ldrb.w	r2, [r3, #85]	; 0x55
    6db2:	f002 02fb 	and.w	r2, r2, #251	; 0xfb
    6db6:	f883 2055 	strb.w	r2, [r3, #85]	; 0x55
    6dba:	f893 2055 	ldrb.w	r2, [r3, #85]	; 0x55
    6dbe:	f002 02fe 	and.w	r2, r2, #254	; 0xfe
    6dc2:	f883 2055 	strb.w	r2, [r3, #85]	; 0x55
    6dc6:	6199      	str	r1, [r3, #24]
    6dc8:	bdf8      	pop	{r3, r4, r5, r6, r7, pc}
    6dca:	bf00      	nop
    6dcc:	40000800 	.word	0x40000800
    6dd0:	40003800 	.word	0x40003800
    6dd4:	40001c00 	.word	0x40001c00
    6dd8:	00006999 	.word	0x00006999
    6ddc:	42003800 	.word	0x42003800
    6de0:	40000002 	.word	0x40000002
    6de4:	01606800 	.word	0x01606800
    6de8:	c0000020 	.word	0xc0000020
    6dec:	41008000 	.word	0x41008000
    6df0:	4100e000 	.word	0x4100e000

00006df4 <Filter_LowPass>:
    6df4:	4281      	cmp	r1, r0
    6df6:	d005      	beq.n	6e04 <Filter_LowPass+0x10>
    6df8:	d906      	bls.n	6e08 <Filter_LowPass+0x14>
    6dfa:	1a09      	subs	r1, r1, r0
    6dfc:	40d1      	lsrs	r1, r2
    6dfe:	4401      	add	r1, r0
    6e00:	4288      	cmp	r0, r1
    6e02:	d00a      	beq.n	6e1a <Filter_LowPass+0x26>
    6e04:	4608      	mov	r0, r1
    6e06:	4770      	bx	lr
    6e08:	1a41      	subs	r1, r0, r1
    6e0a:	40d1      	lsrs	r1, r2
    6e0c:	1a41      	subs	r1, r0, r1
    6e0e:	4288      	cmp	r0, r1
    6e10:	bf08      	it	eq
    6e12:	f101 31ff 	addeq.w	r1, r1, #4294967295
    6e16:	4608      	mov	r0, r1
    6e18:	4770      	bx	lr
    6e1a:	3101      	adds	r1, #1
    6e1c:	4608      	mov	r0, r1
    6e1e:	4770      	bx	lr

00006e20 <StepDown_IsClosed>:
    6e20:	4b02      	ldr	r3, [pc, #8]	; (6e2c <StepDown_IsClosed+0xc>)
    6e22:	8818      	ldrh	r0, [r3, #0]
    6e24:	3000      	adds	r0, #0
    6e26:	bf18      	it	ne
    6e28:	2001      	movne	r0, #1
    6e2a:	4770      	bx	lr
    6e2c:	20003694 	.word	0x20003694

00006e30 <StepDown_Close>:
    6e30:	4b0c      	ldr	r3, [pc, #48]	; (6e64 <StepDown_Close+0x34>)
    6e32:	4a0d      	ldr	r2, [pc, #52]	; (6e68 <StepDown_Close+0x38>)
    6e34:	b510      	push	{r4, lr}
    6e36:	fba3 1300 	umull	r1, r3, r3, r0
    6e3a:	4c0c      	ldr	r4, [pc, #48]	; (6e6c <StepDown_Close+0x3c>)
    6e3c:	2100      	movs	r1, #0
    6e3e:	08db      	lsrs	r3, r3, #3
    6e40:	4608      	mov	r0, r1
    6e42:	8023      	strh	r3, [r4, #0]
    6e44:	4790      	blx	r2
    6e46:	2101      	movs	r1, #1
    6e48:	2000      	movs	r0, #0
    6e4a:	4b09      	ldr	r3, [pc, #36]	; (6e70 <StepDown_Close+0x40>)
    6e4c:	4798      	blx	r3
    6e4e:	2102      	movs	r1, #2
    6e50:	2000      	movs	r0, #0
    6e52:	4b08      	ldr	r3, [pc, #32]	; (6e74 <StepDown_Close+0x44>)
    6e54:	4798      	blx	r3
    6e56:	2103      	movs	r1, #3
    6e58:	2000      	movs	r0, #0
    6e5a:	4b07      	ldr	r3, [pc, #28]	; (6e78 <StepDown_Close+0x48>)
    6e5c:	e8bd 4010 	ldmia.w	sp!, {r4, lr}
    6e60:	4718      	bx	r3
    6e62:	bf00      	nop
    6e64:	cccccccd 	.word	0xcccccccd
    6e68:	00006581 	.word	0x00006581
    6e6c:	20003694 	.word	0x20003694
    6e70:	000066dd 	.word	0x000066dd
    6e74:	00006789 	.word	0x00006789
    6e78:	00006631 	.word	0x00006631

00006e7c <StepDown_CheckLimits.part.6>:
    6e7c:	e92d 4ff0 	stmdb	sp!, {r4, r5, r6, r7, r8, r9, sl, fp, lr}
    6e80:	4ba6      	ldr	r3, [pc, #664]	; (711c <StepDown_CheckLimits.part.6+0x2a0>)
    6e82:	4ca7      	ldr	r4, [pc, #668]	; (7120 <StepDown_CheckLimits.part.6+0x2a4>)
    6e84:	b083      	sub	sp, #12
    6e86:	4798      	blx	r3
    6e88:	8863      	ldrh	r3, [r4, #2]
    6e8a:	4607      	mov	r7, r0
    6e8c:	b10b      	cbz	r3, 6e92 <StepDown_CheckLimits.part.6+0x16>
    6e8e:	3b01      	subs	r3, #1
    6e90:	8063      	strh	r3, [r4, #2]
    6e92:	f247 532f 	movw	r3, #29999	; 0x752f
    6e96:	429f      	cmp	r7, r3
    6e98:	f200 8099 	bhi.w	6fce <StepDown_CheckLimits.part.6+0x152>
    6e9c:	79a3      	ldrb	r3, [r4, #6]
    6e9e:	3301      	adds	r3, #1
    6ea0:	b2db      	uxtb	r3, r3
    6ea2:	2200      	movs	r2, #0
    6ea4:	2b07      	cmp	r3, #7
    6ea6:	71a3      	strb	r3, [r4, #6]
    6ea8:	80a2      	strh	r2, [r4, #4]
    6eaa:	f200 8102 	bhi.w	70b2 <StepDown_CheckLimits.part.6+0x236>
    6eae:	2004      	movs	r0, #4
    6eb0:	4b9c      	ldr	r3, [pc, #624]	; (7124 <StepDown_CheckLimits.part.6+0x2a8>)
    6eb2:	4798      	blx	r3
    6eb4:	2800      	cmp	r0, #0
    6eb6:	f000 80ad 	beq.w	7014 <StepDown_CheckLimits.part.6+0x198>
    6eba:	f64c 7308 	movw	r3, #53000	; 0xcf08
    6ebe:	429f      	cmp	r7, r3
    6ec0:	f240 80ae 	bls.w	7020 <StepDown_CheckLimits.part.6+0x1a4>
    6ec4:	7a23      	ldrb	r3, [r4, #8]
    6ec6:	3301      	adds	r3, #1
    6ec8:	b2db      	uxtb	r3, r3
    6eca:	2b03      	cmp	r3, #3
    6ecc:	7223      	strb	r3, [r4, #8]
    6ece:	f200 80ea 	bhi.w	70a6 <StepDown_CheckLimits.part.6+0x22a>
    6ed2:	4b95      	ldr	r3, [pc, #596]	; (7128 <StepDown_CheckLimits.part.6+0x2ac>)
    6ed4:	4798      	blx	r3
    6ed6:	7a63      	ldrb	r3, [r4, #9]
    6ed8:	2800      	cmp	r0, #0
    6eda:	d06d      	beq.n	6fb8 <StepDown_CheckLimits.part.6+0x13c>
    6edc:	3301      	adds	r3, #1
    6ede:	b2db      	uxtb	r3, r3
    6ee0:	2b09      	cmp	r3, #9
    6ee2:	7263      	strb	r3, [r4, #9]
    6ee4:	f200 80f5 	bhi.w	70d2 <StepDown_CheckLimits.part.6+0x256>
    6ee8:	4e90      	ldr	r6, [pc, #576]	; (712c <StepDown_CheckLimits.part.6+0x2b0>)
    6eea:	f8df 825c 	ldr.w	r8, [pc, #604]	; 7148 <StepDown_CheckLimits.part.6+0x2cc>
    6eee:	f8df a244 	ldr.w	sl, [pc, #580]	; 7134 <StepDown_CheckLimits.part.6+0x2b8>
    6ef2:	f8df 924c 	ldr.w	r9, [pc, #588]	; 7140 <StepDown_CheckLimits.part.6+0x2c4>
    6ef6:	f5a7 677a 	sub.w	r7, r7, #4000	; 0xfa0
    6efa:	2400      	movs	r4, #0
    6efc:	f240 2512 	movw	r5, #530	; 0x212
    6f00:	fb05 6504 	mla	r5, r5, r4, r6
    6f04:	6a2b      	ldr	r3, [r5, #32]
    6f06:	4798      	blx	r3
    6f08:	42b8      	cmp	r0, r7
    6f0a:	4683      	mov	fp, r0
    6f0c:	d93b      	bls.n	6f86 <StepDown_CheckLimits.part.6+0x10a>
    6f0e:	68ab      	ldr	r3, [r5, #8]
    6f10:	2b20      	cmp	r3, #32
    6f12:	dd38      	ble.n	6f86 <StepDown_CheckLimits.part.6+0x10a>
    6f14:	f8b5 320a 	ldrh.w	r3, [r5, #522]	; 0x20a
    6f18:	3301      	adds	r3, #1
    6f1a:	b29b      	uxth	r3, r3
    6f1c:	2b03      	cmp	r3, #3
    6f1e:	f8a5 320a 	strh.w	r3, [r5, #522]	; 0x20a
    6f22:	f200 80b2 	bhi.w	708a <StepDown_CheckLimits.part.6+0x20e>
    6f26:	f640 33b7 	movw	r3, #2999	; 0xbb7
    6f2a:	459b      	cmp	fp, r3
    6f2c:	d815      	bhi.n	6f5a <StepDown_CheckLimits.part.6+0xde>
    6f2e:	f240 2512 	movw	r5, #530	; 0x212
    6f32:	fb05 6504 	mla	r5, r5, r4, r6
    6f36:	68ab      	ldr	r3, [r5, #8]
    6f38:	2bfa      	cmp	r3, #250	; 0xfa
    6f3a:	dd0e      	ble.n	6f5a <StepDown_CheckLimits.part.6+0xde>
    6f3c:	f8b5 320c 	ldrh.w	r3, [r5, #524]	; 0x20c
    6f40:	3301      	adds	r3, #1
    6f42:	b29b      	uxth	r3, r3
    6f44:	2b27      	cmp	r3, #39	; 0x27
    6f46:	f8a5 320c 	strh.w	r3, [r5, #524]	; 0x20c
    6f4a:	f200 808e 	bhi.w	706a <StepDown_CheckLimits.part.6+0x1ee>
    6f4e:	3401      	adds	r4, #1
    6f50:	2c04      	cmp	r4, #4
    6f52:	d1d3      	bne.n	6efc <StepDown_CheckLimits.part.6+0x80>
    6f54:	b003      	add	sp, #12
    6f56:	e8bd 8ff0 	ldmia.w	sp!, {r4, r5, r6, r7, r8, r9, sl, fp, pc}
    6f5a:	b2e5      	uxtb	r5, r4
    6f5c:	4628      	mov	r0, r5
    6f5e:	47c0      	blx	r8
    6f60:	4602      	mov	r2, r0
    6f62:	2800      	cmp	r0, #0
    6f64:	d1f3      	bne.n	6f4e <StepDown_CheckLimits.part.6+0xd2>
    6f66:	f240 2312 	movw	r3, #530	; 0x212
    6f6a:	fb03 6304 	mla	r3, r3, r4, r6
    6f6e:	f8b3 120c 	ldrh.w	r1, [r3, #524]	; 0x20c
    6f72:	b289      	uxth	r1, r1
    6f74:	2900      	cmp	r1, #0
    6f76:	d0ea      	beq.n	6f4e <StepDown_CheckLimits.part.6+0xd2>
    6f78:	1d68      	adds	r0, r5, #5
    6f7a:	b2c0      	uxtb	r0, r0
    6f7c:	496c      	ldr	r1, [pc, #432]	; (7130 <StepDown_CheckLimits.part.6+0x2b4>)
    6f7e:	f8a3 220c 	strh.w	r2, [r3, #524]	; 0x20c
    6f82:	4788      	blx	r1
    6f84:	e7e3      	b.n	6f4e <StepDown_CheckLimits.part.6+0xd2>
    6f86:	b2e5      	uxtb	r5, r4
    6f88:	4628      	mov	r0, r5
    6f8a:	47c0      	blx	r8
    6f8c:	2800      	cmp	r0, #0
    6f8e:	d1ca      	bne.n	6f26 <StepDown_CheckLimits.part.6+0xaa>
    6f90:	f240 2312 	movw	r3, #530	; 0x212
    6f94:	fb03 6304 	mla	r3, r3, r4, r6
    6f98:	f8b3 220a 	ldrh.w	r2, [r3, #522]	; 0x20a
    6f9c:	b292      	uxth	r2, r2
    6f9e:	2a00      	cmp	r2, #0
    6fa0:	d0c1      	beq.n	6f26 <StepDown_CheckLimits.part.6+0xaa>
    6fa2:	f8b3 220a 	ldrh.w	r2, [r3, #522]	; 0x20a
    6fa6:	3a01      	subs	r2, #1
    6fa8:	b292      	uxth	r2, r2
    6faa:	f8a3 220a 	strh.w	r2, [r3, #522]	; 0x20a
    6fae:	2a00      	cmp	r2, #0
    6fb0:	d1b9      	bne.n	6f26 <StepDown_CheckLimits.part.6+0xaa>
    6fb2:	4628      	mov	r0, r5
    6fb4:	47d0      	blx	sl
    6fb6:	e7b6      	b.n	6f26 <StepDown_CheckLimits.part.6+0xaa>
    6fb8:	2b00      	cmp	r3, #0
    6fba:	d095      	beq.n	6ee8 <StepDown_CheckLimits.part.6+0x6c>
    6fbc:	3b01      	subs	r3, #1
    6fbe:	b2db      	uxtb	r3, r3
    6fc0:	7263      	strb	r3, [r4, #9]
    6fc2:	2b00      	cmp	r3, #0
    6fc4:	d190      	bne.n	6ee8 <StepDown_CheckLimits.part.6+0x6c>
    6fc6:	200a      	movs	r0, #10
    6fc8:	4b5a      	ldr	r3, [pc, #360]	; (7134 <StepDown_CheckLimits.part.6+0x2b8>)
    6fca:	4798      	blx	r3
    6fcc:	e78c      	b.n	6ee8 <StepDown_CheckLimits.part.6+0x6c>
    6fce:	f647 1317 	movw	r3, #30999	; 0x7917
    6fd2:	429f      	cmp	r7, r3
    6fd4:	d837      	bhi.n	7046 <StepDown_CheckLimits.part.6+0x1ca>
    6fd6:	2300      	movs	r3, #0
    6fd8:	2004      	movs	r0, #4
    6fda:	4d52      	ldr	r5, [pc, #328]	; (7124 <StepDown_CheckLimits.part.6+0x2a8>)
    6fdc:	80a3      	strh	r3, [r4, #4]
    6fde:	47a8      	blx	r5
    6fe0:	2800      	cmp	r0, #0
    6fe2:	d17a      	bne.n	70da <StepDown_CheckLimits.part.6+0x25e>
    6fe4:	2004      	movs	r0, #4
    6fe6:	47a8      	blx	r5
    6fe8:	2800      	cmp	r0, #0
    6fea:	f47f af66 	bne.w	6eba <StepDown_CheckLimits.part.6+0x3e>
    6fee:	f247 7323 	movw	r3, #30499	; 0x7723
    6ff2:	429f      	cmp	r7, r3
    6ff4:	f67f af61 	bls.w	6eba <StepDown_CheckLimits.part.6+0x3e>
    6ff8:	79e3      	ldrb	r3, [r4, #7]
    6ffa:	2b00      	cmp	r3, #0
    6ffc:	f43f af5d 	beq.w	6eba <StepDown_CheckLimits.part.6+0x3e>
    7000:	3b01      	subs	r3, #1
    7002:	b2db      	uxtb	r3, r3
    7004:	71e3      	strb	r3, [r4, #7]
    7006:	2b00      	cmp	r3, #0
    7008:	f47f af57 	bne.w	6eba <StepDown_CheckLimits.part.6+0x3e>
    700c:	2006      	movs	r0, #6
    700e:	4b49      	ldr	r3, [pc, #292]	; (7134 <StepDown_CheckLimits.part.6+0x2b8>)
    7010:	4798      	blx	r3
    7012:	e752      	b.n	6eba <StepDown_CheckLimits.part.6+0x3e>
    7014:	79e3      	ldrb	r3, [r4, #7]
    7016:	3301      	adds	r3, #1
    7018:	b2db      	uxtb	r3, r3
    701a:	2b07      	cmp	r3, #7
    701c:	71e3      	strb	r3, [r4, #7]
    701e:	d86d      	bhi.n	70fc <StepDown_CheckLimits.part.6+0x280>
    7020:	f64c 331f 	movw	r3, #51999	; 0xcb1f
    7024:	429f      	cmp	r7, r3
    7026:	f63f af54 	bhi.w	6ed2 <StepDown_CheckLimits.part.6+0x56>
    702a:	7a23      	ldrb	r3, [r4, #8]
    702c:	2b00      	cmp	r3, #0
    702e:	f43f af50 	beq.w	6ed2 <StepDown_CheckLimits.part.6+0x56>
    7032:	3b01      	subs	r3, #1
    7034:	b2db      	uxtb	r3, r3
    7036:	7223      	strb	r3, [r4, #8]
    7038:	2b00      	cmp	r3, #0
    703a:	f47f af4a 	bne.w	6ed2 <StepDown_CheckLimits.part.6+0x56>
    703e:	200b      	movs	r0, #11
    7040:	4b3c      	ldr	r3, [pc, #240]	; (7134 <StepDown_CheckLimits.part.6+0x2b8>)
    7042:	4798      	blx	r3
    7044:	e745      	b.n	6ed2 <StepDown_CheckLimits.part.6+0x56>
    7046:	2004      	movs	r0, #4
    7048:	4d36      	ldr	r5, [pc, #216]	; (7124 <StepDown_CheckLimits.part.6+0x2a8>)
    704a:	47a8      	blx	r5
    704c:	2800      	cmp	r0, #0
    704e:	d04e      	beq.n	70ee <StepDown_CheckLimits.part.6+0x272>
    7050:	8863      	ldrh	r3, [r4, #2]
    7052:	2b00      	cmp	r3, #0
    7054:	d158      	bne.n	7108 <StepDown_CheckLimits.part.6+0x28c>
    7056:	8822      	ldrh	r2, [r4, #0]
    7058:	2a00      	cmp	r2, #0
    705a:	d155      	bne.n	7108 <StepDown_CheckLimits.part.6+0x28c>
    705c:	88a3      	ldrh	r3, [r4, #4]
    705e:	3301      	adds	r3, #1
    7060:	b29b      	uxth	r3, r3
    7062:	2b63      	cmp	r3, #99	; 0x63
    7064:	d853      	bhi.n	710e <StepDown_CheckLimits.part.6+0x292>
    7066:	80a3      	strh	r3, [r4, #4]
    7068:	e7bc      	b.n	6fe4 <StepDown_CheckLimits.part.6+0x168>
    706a:	fa5f fb84 	uxtb.w	fp, r4
    706e:	f10b 0005 	add.w	r0, fp, #5
    7072:	b2c0      	uxtb	r0, r0
    7074:	4b30      	ldr	r3, [pc, #192]	; (7138 <StepDown_CheckLimits.part.6+0x2bc>)
    7076:	4798      	blx	r3
    7078:	2228      	movs	r2, #40	; 0x28
    707a:	4658      	mov	r0, fp
    707c:	f241 3188 	movw	r1, #5000	; 0x1388
    7080:	4b2e      	ldr	r3, [pc, #184]	; (713c <StepDown_CheckLimits.part.6+0x2c0>)
    7082:	f8a5 220c 	strh.w	r2, [r5, #524]	; 0x20c
    7086:	4798      	blx	r3
    7088:	e761      	b.n	6f4e <StepDown_CheckLimits.part.6+0xd2>
    708a:	b2e3      	uxtb	r3, r4
    708c:	4618      	mov	r0, r3
    708e:	9301      	str	r3, [sp, #4]
    7090:	47c8      	blx	r9
    7092:	9b01      	ldr	r3, [sp, #4]
    7094:	4618      	mov	r0, r3
    7096:	2380      	movs	r3, #128	; 0x80
    7098:	f8a5 320a 	strh.w	r3, [r5, #522]	; 0x20a
    709c:	f44f 717a 	mov.w	r1, #1000	; 0x3e8
    70a0:	4b26      	ldr	r3, [pc, #152]	; (713c <StepDown_CheckLimits.part.6+0x2c0>)
    70a2:	4798      	blx	r3
    70a4:	e73f      	b.n	6f26 <StepDown_CheckLimits.part.6+0xaa>
    70a6:	4b26      	ldr	r3, [pc, #152]	; (7140 <StepDown_CheckLimits.part.6+0x2c4>)
    70a8:	200b      	movs	r0, #11
    70aa:	4798      	blx	r3
    70ac:	2304      	movs	r3, #4
    70ae:	7223      	strb	r3, [r4, #8]
    70b0:	e70f      	b.n	6ed2 <StepDown_CheckLimits.part.6+0x56>
    70b2:	4b21      	ldr	r3, [pc, #132]	; (7138 <StepDown_CheckLimits.part.6+0x2bc>)
    70b4:	2004      	movs	r0, #4
    70b6:	4798      	blx	r3
    70b8:	8863      	ldrh	r3, [r4, #2]
    70ba:	2204      	movs	r2, #4
    70bc:	71a2      	strb	r2, [r4, #6]
    70be:	2b00      	cmp	r3, #0
    70c0:	f47f aef5 	bne.w	6eae <StepDown_CheckLimits.part.6+0x32>
    70c4:	22c8      	movs	r2, #200	; 0xc8
    70c6:	f44f 60fa 	mov.w	r0, #2000	; 0x7d0
    70ca:	4b1e      	ldr	r3, [pc, #120]	; (7144 <StepDown_CheckLimits.part.6+0x2c8>)
    70cc:	8062      	strh	r2, [r4, #2]
    70ce:	4798      	blx	r3
    70d0:	e6ed      	b.n	6eae <StepDown_CheckLimits.part.6+0x32>
    70d2:	200a      	movs	r0, #10
    70d4:	4b1a      	ldr	r3, [pc, #104]	; (7140 <StepDown_CheckLimits.part.6+0x2c4>)
    70d6:	4798      	blx	r3
    70d8:	e706      	b.n	6ee8 <StepDown_CheckLimits.part.6+0x6c>
    70da:	8863      	ldrh	r3, [r4, #2]
    70dc:	2b00      	cmp	r3, #0
    70de:	d181      	bne.n	6fe4 <StepDown_CheckLimits.part.6+0x168>
    70e0:	22c8      	movs	r2, #200	; 0xc8
    70e2:	f44f 60fa 	mov.w	r0, #2000	; 0x7d0
    70e6:	4b17      	ldr	r3, [pc, #92]	; (7144 <StepDown_CheckLimits.part.6+0x2c8>)
    70e8:	8062      	strh	r2, [r4, #2]
    70ea:	4798      	blx	r3
    70ec:	e77a      	b.n	6fe4 <StepDown_CheckLimits.part.6+0x168>
    70ee:	79a3      	ldrb	r3, [r4, #6]
    70f0:	2b00      	cmp	r3, #0
    70f2:	f43f af77 	beq.w	6fe4 <StepDown_CheckLimits.part.6+0x168>
    70f6:	3b01      	subs	r3, #1
    70f8:	71a3      	strb	r3, [r4, #6]
    70fa:	e773      	b.n	6fe4 <StepDown_CheckLimits.part.6+0x168>
    70fc:	4b10      	ldr	r3, [pc, #64]	; (7140 <StepDown_CheckLimits.part.6+0x2c4>)
    70fe:	2006      	movs	r0, #6
    7100:	4798      	blx	r3
    7102:	2304      	movs	r3, #4
    7104:	71e3      	strb	r3, [r4, #7]
    7106:	e790      	b.n	702a <StepDown_CheckLimits.part.6+0x1ae>
    7108:	2300      	movs	r3, #0
    710a:	80a3      	strh	r3, [r4, #4]
    710c:	e76a      	b.n	6fe4 <StepDown_CheckLimits.part.6+0x168>
    710e:	2004      	movs	r0, #4
    7110:	4b07      	ldr	r3, [pc, #28]	; (7130 <StepDown_CheckLimits.part.6+0x2b4>)
    7112:	80a2      	strh	r2, [r4, #4]
    7114:	71a2      	strb	r2, [r4, #6]
    7116:	4798      	blx	r3
    7118:	e764      	b.n	6fe4 <StepDown_CheckLimits.part.6+0x168>
    711a:	bf00      	nop
    711c:	0000d599 	.word	0x0000d599
    7120:	20003694 	.word	0x20003694
    7124:	0000d7b9 	.word	0x0000d7b9
    7128:	0000b781 	.word	0x0000b781
    712c:	20002204 	.word	0x20002204
    7130:	0000d79d 	.word	0x0000d79d
    7134:	0000d809 	.word	0x0000d809
    7138:	0000d78d 	.word	0x0000d78d
    713c:	0000bd65 	.word	0x0000bd65
    7140:	0000d7f9 	.word	0x0000d7f9
    7144:	00006e31 	.word	0x00006e31
    7148:	0000bd45 	.word	0x0000bd45

0000714c <TCC3_0_Handler>:
    714c:	b470      	push	{r4, r5, r6}
    714e:	4b1f      	ldr	r3, [pc, #124]	; (71cc <TCC3_0_Handler+0x80>)
    7150:	4c1f      	ldr	r4, [pc, #124]	; (71d0 <TCC3_0_Handler+0x84>)
    7152:	f893 0063 	ldrb.w	r0, [r3, #99]	; 0x63
    7156:	f893 1062 	ldrb.w	r1, [r3, #98]	; 0x62
    715a:	1c0a      	adds	r2, r1, #0
    715c:	b2c0      	uxtb	r0, r0
    715e:	bf18      	it	ne
    7160:	2201      	movne	r2, #1
    7162:	eb00 1202 	add.w	r2, r0, r2, lsl #4
    7166:	f102 0618 	add.w	r6, r2, #24
    716a:	eb03 0686 	add.w	r6, r3, r6, lsl #2
    716e:	f102 0538 	add.w	r5, r2, #56	; 0x38
    7172:	f8d6 6006 	ldr.w	r6, [r6, #6]
    7176:	66e6      	str	r6, [r4, #108]	; 0x6c
    7178:	eb03 0585 	add.w	r5, r3, r5, lsl #2
    717c:	3258      	adds	r2, #88	; 0x58
    717e:	f8d5 5006 	ldr.w	r5, [r5, #6]
    7182:	6725      	str	r5, [r4, #112]	; 0x70
    7184:	eb03 0282 	add.w	r2, r3, r2, lsl #2
    7188:	f001 01ff 	and.w	r1, r1, #255	; 0xff
    718c:	f8d2 2006 	ldr.w	r2, [r2, #6]
    7190:	6762      	str	r2, [r4, #116]	; 0x74
    7192:	f893 2063 	ldrb.w	r2, [r3, #99]	; 0x63
    7196:	3201      	adds	r2, #1
    7198:	b2d2      	uxtb	r2, r2
    719a:	2a0f      	cmp	r2, #15
    719c:	f883 2063 	strb.w	r2, [r3, #99]	; 0x63
    71a0:	bf84      	itt	hi
    71a2:	2200      	movhi	r2, #0
    71a4:	f883 2063 	strbhi.w	r2, [r3, #99]	; 0x63
    71a8:	f893 21f6 	ldrb.w	r2, [r3, #502]	; 0x1f6
    71ac:	b252      	sxtb	r2, r2
    71ae:	4290      	cmp	r0, r2
    71b0:	d107      	bne.n	71c2 <TCC3_0_Handler+0x76>
    71b2:	fab1 f181 	clz	r1, r1
    71b6:	0949      	lsrs	r1, r1, #5
    71b8:	22ff      	movs	r2, #255	; 0xff
    71ba:	f883 1062 	strb.w	r1, [r3, #98]	; 0x62
    71be:	f883 21f6 	strb.w	r2, [r3, #502]	; 0x1f6
    71c2:	4b03      	ldr	r3, [pc, #12]	; (71d0 <TCC3_0_Handler+0x84>)
    71c4:	2201      	movs	r2, #1
    71c6:	62da      	str	r2, [r3, #44]	; 0x2c
    71c8:	bc70      	pop	{r4, r5, r6}
    71ca:	4770      	bx	lr
    71cc:	20002204 	.word	0x20002204
    71d0:	42001000 	.word	0x42001000

000071d4 <TCC1_0_Handler>:
    71d4:	b470      	push	{r4, r5, r6}
    71d6:	4b1f      	ldr	r3, [pc, #124]	; (7254 <TCC1_0_Handler+0x80>)
    71d8:	4c1f      	ldr	r4, [pc, #124]	; (7258 <TCC1_0_Handler+0x84>)
    71da:	f893 0275 	ldrb.w	r0, [r3, #629]	; 0x275
    71de:	f893 1274 	ldrb.w	r1, [r3, #628]	; 0x274
    71e2:	1c0a      	adds	r2, r1, #0
    71e4:	b2c0      	uxtb	r0, r0
    71e6:	bf18      	it	ne
    71e8:	2201      	movne	r2, #1
    71ea:	eb00 1202 	add.w	r2, r0, r2, lsl #4
    71ee:	f102 0618 	add.w	r6, r2, #24
    71f2:	eb03 0686 	add.w	r6, r3, r6, lsl #2
    71f6:	f102 0538 	add.w	r5, r2, #56	; 0x38
    71fa:	f8d6 6218 	ldr.w	r6, [r6, #536]	; 0x218
    71fe:	66e6      	str	r6, [r4, #108]	; 0x6c
    7200:	eb03 0585 	add.w	r5, r3, r5, lsl #2
    7204:	3258      	adds	r2, #88	; 0x58
    7206:	f8d5 5218 	ldr.w	r5, [r5, #536]	; 0x218
    720a:	6725      	str	r5, [r4, #112]	; 0x70
    720c:	eb03 0282 	add.w	r2, r3, r2, lsl #2
    7210:	f001 01ff 	and.w	r1, r1, #255	; 0xff
    7214:	f8d2 2218 	ldr.w	r2, [r2, #536]	; 0x218
    7218:	67e2      	str	r2, [r4, #124]	; 0x7c
    721a:	f893 2275 	ldrb.w	r2, [r3, #629]	; 0x275
    721e:	3201      	adds	r2, #1
    7220:	b2d2      	uxtb	r2, r2
    7222:	2a0f      	cmp	r2, #15
    7224:	f883 2275 	strb.w	r2, [r3, #629]	; 0x275
    7228:	bf84      	itt	hi
    722a:	2200      	movhi	r2, #0
    722c:	f883 2275 	strbhi.w	r2, [r3, #629]	; 0x275
    7230:	f893 2408 	ldrb.w	r2, [r3, #1032]	; 0x408
    7234:	b252      	sxtb	r2, r2
    7236:	4290      	cmp	r0, r2
    7238:	d107      	bne.n	724a <TCC1_0_Handler+0x76>
    723a:	fab1 f181 	clz	r1, r1
    723e:	0949      	lsrs	r1, r1, #5
    7240:	22ff      	movs	r2, #255	; 0xff
    7242:	f883 1274 	strb.w	r1, [r3, #628]	; 0x274
    7246:	f883 2408 	strb.w	r2, [r3, #1032]	; 0x408
    724a:	4b03      	ldr	r3, [pc, #12]	; (7258 <TCC1_0_Handler+0x84>)
    724c:	2201      	movs	r2, #1
    724e:	62da      	str	r2, [r3, #44]	; 0x2c
    7250:	bc70      	pop	{r4, r5, r6}
    7252:	4770      	bx	lr
    7254:	20002204 	.word	0x20002204
    7258:	41018000 	.word	0x41018000

0000725c <TCC2_0_Handler>:
    725c:	b470      	push	{r4, r5, r6}
    725e:	4b1f      	ldr	r3, [pc, #124]	; (72dc <TCC2_0_Handler+0x80>)
    7260:	4c1f      	ldr	r4, [pc, #124]	; (72e0 <TCC2_0_Handler+0x84>)
    7262:	f893 0487 	ldrb.w	r0, [r3, #1159]	; 0x487
    7266:	f893 1486 	ldrb.w	r1, [r3, #1158]	; 0x486
    726a:	1c0a      	adds	r2, r1, #0
    726c:	b2c0      	uxtb	r0, r0
    726e:	bf18      	it	ne
    7270:	2201      	movne	r2, #1
    7272:	eb00 1202 	add.w	r2, r0, r2, lsl #4
    7276:	f102 0618 	add.w	r6, r2, #24
    727a:	eb03 0686 	add.w	r6, r3, r6, lsl #2
    727e:	f102 0538 	add.w	r5, r2, #56	; 0x38
    7282:	f8d6 642a 	ldr.w	r6, [r6, #1066]	; 0x42a
    7286:	66e6      	str	r6, [r4, #108]	; 0x6c
    7288:	eb03 0585 	add.w	r5, r3, r5, lsl #2
    728c:	3258      	adds	r2, #88	; 0x58
    728e:	f8d5 542a 	ldr.w	r5, [r5, #1066]	; 0x42a
    7292:	6725      	str	r5, [r4, #112]	; 0x70
    7294:	eb03 0282 	add.w	r2, r3, r2, lsl #2
    7298:	f001 01ff 	and.w	r1, r1, #255	; 0xff
    729c:	f8d2 242a 	ldr.w	r2, [r2, #1066]	; 0x42a
    72a0:	67a2      	str	r2, [r4, #120]	; 0x78
    72a2:	f893 2487 	ldrb.w	r2, [r3, #1159]	; 0x487
    72a6:	3201      	adds	r2, #1
    72a8:	b2d2      	uxtb	r2, r2
    72aa:	2a0f      	cmp	r2, #15
    72ac:	f883 2487 	strb.w	r2, [r3, #1159]	; 0x487
    72b0:	bf84      	itt	hi
    72b2:	2200      	movhi	r2, #0
    72b4:	f883 2487 	strbhi.w	r2, [r3, #1159]	; 0x487
    72b8:	f893 261a 	ldrb.w	r2, [r3, #1562]	; 0x61a
    72bc:	b252      	sxtb	r2, r2
    72be:	4290      	cmp	r0, r2
    72c0:	d107      	bne.n	72d2 <TCC2_0_Handler+0x76>
    72c2:	fab1 f181 	clz	r1, r1
    72c6:	0949      	lsrs	r1, r1, #5
    72c8:	22ff      	movs	r2, #255	; 0xff
    72ca:	f883 1486 	strb.w	r1, [r3, #1158]	; 0x486
    72ce:	f883 261a 	strb.w	r2, [r3, #1562]	; 0x61a
    72d2:	4b03      	ldr	r3, [pc, #12]	; (72e0 <TCC2_0_Handler+0x84>)
    72d4:	2201      	movs	r2, #1
    72d6:	62da      	str	r2, [r3, #44]	; 0x2c
    72d8:	bc70      	pop	{r4, r5, r6}
    72da:	4770      	bx	lr
    72dc:	20002204 	.word	0x20002204
    72e0:	42000c00 	.word	0x42000c00

000072e4 <TCC0_0_Handler>:
    72e4:	b470      	push	{r4, r5, r6}
    72e6:	4b1f      	ldr	r3, [pc, #124]	; (7364 <TCC0_0_Handler+0x80>)
    72e8:	4c1f      	ldr	r4, [pc, #124]	; (7368 <TCC0_0_Handler+0x84>)
    72ea:	f893 0699 	ldrb.w	r0, [r3, #1689]	; 0x699
    72ee:	f893 1698 	ldrb.w	r1, [r3, #1688]	; 0x698
    72f2:	1c0a      	adds	r2, r1, #0
    72f4:	b2c0      	uxtb	r0, r0
    72f6:	bf18      	it	ne
    72f8:	2201      	movne	r2, #1
    72fa:	eb00 1202 	add.w	r2, r0, r2, lsl #4
    72fe:	f102 0618 	add.w	r6, r2, #24
    7302:	eb03 0686 	add.w	r6, r3, r6, lsl #2
    7306:	f102 0538 	add.w	r5, r2, #56	; 0x38
    730a:	f8d6 663c 	ldr.w	r6, [r6, #1596]	; 0x63c
    730e:	66e6      	str	r6, [r4, #108]	; 0x6c
    7310:	eb03 0585 	add.w	r5, r3, r5, lsl #2
    7314:	3258      	adds	r2, #88	; 0x58
    7316:	f8d5 563c 	ldr.w	r5, [r5, #1596]	; 0x63c
    731a:	6725      	str	r5, [r4, #112]	; 0x70
    731c:	eb03 0282 	add.w	r2, r3, r2, lsl #2
    7320:	f001 01ff 	and.w	r1, r1, #255	; 0xff
    7324:	f8d2 263c 	ldr.w	r2, [r2, #1596]	; 0x63c
    7328:	6762      	str	r2, [r4, #116]	; 0x74
    732a:	f893 2699 	ldrb.w	r2, [r3, #1689]	; 0x699
    732e:	3201      	adds	r2, #1
    7330:	b2d2      	uxtb	r2, r2
    7332:	2a0f      	cmp	r2, #15
    7334:	f883 2699 	strb.w	r2, [r3, #1689]	; 0x699
    7338:	bf84      	itt	hi
    733a:	2200      	movhi	r2, #0
    733c:	f883 2699 	strbhi.w	r2, [r3, #1689]	; 0x699
    7340:	f893 282c 	ldrb.w	r2, [r3, #2092]	; 0x82c
    7344:	b252      	sxtb	r2, r2
    7346:	4290      	cmp	r0, r2
    7348:	d107      	bne.n	735a <TCC0_0_Handler+0x76>
    734a:	fab1 f181 	clz	r1, r1
    734e:	0949      	lsrs	r1, r1, #5
    7350:	22ff      	movs	r2, #255	; 0xff
    7352:	f883 1698 	strb.w	r1, [r3, #1688]	; 0x698
    7356:	f883 282c 	strb.w	r2, [r3, #2092]	; 0x82c
    735a:	4b03      	ldr	r3, [pc, #12]	; (7368 <TCC0_0_Handler+0x84>)
    735c:	2201      	movs	r2, #1
    735e:	62da      	str	r2, [r3, #44]	; 0x2c
    7360:	bc70      	pop	{r4, r5, r6}
    7362:	4770      	bx	lr
    7364:	20002204 	.word	0x20002204
    7368:	41016000 	.word	0x41016000

0000736c <Stepdown_SetCurrentCalc>:
    736c:	e92d 4ff8 	stmdb	sp!, {r3, r4, r5, r6, r7, r8, r9, sl, fp, lr}
    7370:	6a4b      	ldr	r3, [r1, #36]	; 0x24
    7372:	460c      	mov	r4, r1
    7374:	4690      	mov	r8, r2
    7376:	4607      	mov	r7, r0
    7378:	4798      	blx	r3
    737a:	4b9b      	ldr	r3, [pc, #620]	; (75e8 <Stepdown_SetCurrentCalc+0x27c>)
    737c:	4605      	mov	r5, r0
    737e:	4798      	blx	r3
    7380:	2de2      	cmp	r5, #226	; 0xe2
    7382:	bf38      	it	cc
    7384:	25e2      	movcc	r5, #226	; 0xe2
    7386:	f8b4 3040 	ldrh.w	r3, [r4, #64]	; 0x40
    738a:	f8b4 3040 	ldrh.w	r3, [r4, #64]	; 0x40
    738e:	b2ad      	uxth	r5, r5
    7390:	42ab      	cmp	r3, r5
    7392:	b282      	uxth	r2, r0
    7394:	f080 80ff 	bcs.w	7596 <Stepdown_SetCurrentCalc+0x22a>
    7398:	f894 1054 	ldrb.w	r1, [r4, #84]	; 0x54
    739c:	2901      	cmp	r1, #1
    739e:	f240 810f 	bls.w	75c0 <Stepdown_SetCurrentCalc+0x254>
    73a2:	f8a4 5040 	strh.w	r5, [r4, #64]	; 0x40
    73a6:	f8b4 1040 	ldrh.w	r1, [r4, #64]	; 0x40
    73aa:	f8b4 3042 	ldrh.w	r3, [r4, #66]	; 0x42
    73ae:	4299      	cmp	r1, r3
    73b0:	bf84      	itt	hi
    73b2:	f8b4 3040 	ldrhhi.w	r3, [r4, #64]	; 0x40
    73b6:	f8a4 3042 	strhhi.w	r3, [r4, #66]	; 0x42
    73ba:	f8b4 1040 	ldrh.w	r1, [r4, #64]	; 0x40
    73be:	f8b4 3204 	ldrh.w	r3, [r4, #516]	; 0x204
    73c2:	4299      	cmp	r1, r3
    73c4:	f240 80d1 	bls.w	756a <Stepdown_SetCurrentCalc+0x1fe>
    73c8:	8ba3      	ldrh	r3, [r4, #28]
    73ca:	f5b3 4f40 	cmp.w	r3, #49152	; 0xc000
    73ce:	f0c0 80cc 	bcc.w	756a <Stepdown_SetCurrentCalc+0x1fe>
    73d2:	f8b4 3206 	ldrh.w	r3, [r4, #518]	; 0x206
    73d6:	3301      	adds	r3, #1
    73d8:	b29b      	uxth	r3, r3
    73da:	2b63      	cmp	r3, #99	; 0x63
    73dc:	f8a4 3206 	strh.w	r3, [r4, #518]	; 0x206
    73e0:	f200 80e9 	bhi.w	75b6 <Stepdown_SetCurrentCalc+0x24a>
    73e4:	f8a4 204a 	strh.w	r2, [r4, #74]	; 0x4a
    73e8:	f8b4 204a 	ldrh.w	r2, [r4, #74]	; 0x4a
    73ec:	f8b4 3040 	ldrh.w	r3, [r4, #64]	; 0x40
    73f0:	429a      	cmp	r2, r3
    73f2:	bf3c      	itt	cc
    73f4:	f8b4 304a 	ldrhcc.w	r3, [r4, #74]	; 0x4a
    73f8:	f8a4 3040 	strhcc.w	r3, [r4, #64]	; 0x40
    73fc:	b280      	uxth	r0, r0
    73fe:	f105 0361 	add.w	r3, r5, #97	; 0x61
    7402:	4298      	cmp	r0, r3
    7404:	f300 80bf 	bgt.w	7586 <Stepdown_SetCurrentCalc+0x21a>
    7408:	f8df a208 	ldr.w	sl, [pc, #520]	; 7614 <Stepdown_SetCurrentCalc+0x2a8>
    740c:	f246 069f 	movw	r6, #24735	; 0x609f
    7410:	68a3      	ldr	r3, [r4, #8]
    7412:	f8df 9204 	ldr.w	r9, [pc, #516]	; 7618 <Stepdown_SetCurrentCalc+0x2ac>
    7416:	fb03 f307 	mul.w	r3, r3, r7
    741a:	0c1b      	lsrs	r3, r3, #16
    741c:	f240 1097 	movw	r0, #407	; 0x197
    7420:	fba3 0100 	umull	r0, r1, r3, r0
    7424:	462a      	mov	r2, r5
    7426:	2300      	movs	r3, #0
    7428:	47c8      	blx	r9
    742a:	284e      	cmp	r0, #78	; 0x4e
    742c:	bf38      	it	cc
    742e:	204e      	movcc	r0, #78	; 0x4e
    7430:	ebc0 1b40 	rsb	fp, r0, r0, lsl #5
    7434:	ea4f 0b4b 	mov.w	fp, fp, lsl #1
    7438:	4b6c      	ldr	r3, [pc, #432]	; (75ec <Stepdown_SetCurrentCalc+0x280>)
    743a:	4a6d      	ldr	r2, [pc, #436]	; (75f0 <Stepdown_SetCurrentCalc+0x284>)
    743c:	f894 1064 	ldrb.w	r1, [r4, #100]	; 0x64
    7440:	81d7      	strh	r7, [r2, #14]
    7442:	fb0b fb05 	mul.w	fp, fp, r5
    7446:	fb03 b307 	mla	r3, r3, r7, fp
    744a:	214e      	movs	r1, #78	; 0x4e
    744c:	f884 1064 	strb.w	r1, [r4, #100]	; 0x64
    7450:	4553      	cmp	r3, sl
    7452:	f04f 0100 	mov.w	r1, #0
    7456:	4602      	mov	r2, r0
    7458:	bf88      	it	hi
    745a:	eba3 030a 	subhi.w	r3, r3, sl
    745e:	f1a0 090c 	sub.w	r9, r0, #12
    7462:	f894 0065 	ldrb.w	r0, [r4, #101]	; 0x65
    7466:	f884 1065 	strb.w	r1, [r4, #101]	; 0x65
    746a:	f8a4 2044 	strh.w	r2, [r4, #68]	; 0x44
    746e:	f8b4 0208 	ldrh.w	r0, [r4, #520]	; 0x208
    7472:	f894 2052 	ldrb.w	r2, [r4, #82]	; 0x52
    7476:	bf88      	it	hi
    7478:	0c19      	lsrhi	r1, r3, #16
    747a:	4b5e      	ldr	r3, [pc, #376]	; (75f4 <Stepdown_SetCurrentCalc+0x288>)
    747c:	4798      	blx	r3
    747e:	f640 72ff 	movw	r2, #4095	; 0xfff
    7482:	fa1f fe80 	uxth.w	lr, r0
    7486:	4596      	cmp	lr, r2
    7488:	4671      	mov	r1, lr
    748a:	bf28      	it	cs
    748c:	4611      	movcs	r1, r2
    748e:	f5b1 7f00 	cmp.w	r1, #512	; 0x200
    7492:	bf38      	it	cc
    7494:	f44f 7100 	movcc.w	r1, #512	; 0x200
    7498:	f8a4 1208 	strh.w	r1, [r4, #520]	; 0x208
    749c:	68a0      	ldr	r0, [r4, #8]
    749e:	f8b4 3208 	ldrh.w	r3, [r4, #520]	; 0x208
    74a2:	f8b4 1208 	ldrh.w	r1, [r4, #520]	; 0x208
    74a6:	fb00 f00e 	mul.w	r0, r0, lr
    74aa:	1400      	asrs	r0, r0, #16
    74ac:	f5a3 7300 	sub.w	r3, r3, #512	; 0x200
    74b0:	fb03 f300 	mul.w	r3, r3, r0
    74b4:	fbb3 f3f1 	udiv	r3, r3, r1
    74b8:	f503 7300 	add.w	r3, r3, #512	; 0x200
    74bc:	f8a4 3048 	strh.w	r3, [r4, #72]	; 0x48
    74c0:	f8b4 1048 	ldrh.w	r1, [r4, #72]	; 0x48
    74c4:	4b4c      	ldr	r3, [pc, #304]	; (75f8 <Stepdown_SetCurrentCalc+0x28c>)
    74c6:	fbb3 f3f5 	udiv	r3, r3, r5
    74ca:	4291      	cmp	r1, r2
    74cc:	bf28      	it	cs
    74ce:	4611      	movcs	r1, r2
    74d0:	f5b1 7f00 	cmp.w	r1, #512	; 0x200
    74d4:	bf38      	it	cc
    74d6:	f44f 7100 	movcc.w	r1, #512	; 0x200
    74da:	f8a4 1048 	strh.w	r1, [r4, #72]	; 0x48
    74de:	ebab 0a0a 	sub.w	sl, fp, sl
    74e2:	68a0      	ldr	r0, [r4, #8]
    74e4:	f8b4 1048 	ldrh.w	r1, [r4, #72]	; 0x48
    74e8:	041b      	lsls	r3, r3, #16
    74ea:	fbb3 f3f0 	udiv	r3, r3, r0
    74ee:	eb03 431a 	add.w	r3, r3, sl, lsr #16
    74f2:	4293      	cmp	r3, r2
    74f4:	bf28      	it	cs
    74f6:	4613      	movcs	r3, r2
    74f8:	f5b3 7f00 	cmp.w	r3, #512	; 0x200
    74fc:	bf38      	it	cc
    74fe:	f44f 7300 	movcc.w	r3, #512	; 0x200
    7502:	428b      	cmp	r3, r1
    7504:	f108 0010 	add.w	r0, r8, #16
    7508:	d239      	bcs.n	757e <Stepdown_SetCurrentCalc+0x212>
    750a:	f8a4 3048 	strh.w	r3, [r4, #72]	; 0x48
    750e:	b2c0      	uxtb	r0, r0
    7510:	4b3a      	ldr	r3, [pc, #232]	; (75fc <Stepdown_SetCurrentCalc+0x290>)
    7512:	4798      	blx	r3
    7514:	f8b4 0048 	ldrh.w	r0, [r4, #72]	; 0x48
    7518:	68a3      	ldr	r3, [r4, #8]
    751a:	f241 520e 	movw	r2, #5390	; 0x150e
    751e:	fb02 6000 	mla	r0, r2, r0, r6
    7522:	eb09 0689 	add.w	r6, r9, r9, lsl #2
    7526:	363c      	adds	r6, #60	; 0x3c
    7528:	fb05 0616 	mls	r6, r5, r6, r0
    752c:	0b36      	lsrs	r6, r6, #12
    752e:	fb05 f506 	mul.w	r5, r5, r6
    7532:	0a2d      	lsrs	r5, r5, #8
    7534:	fb03 f505 	mul.w	r5, r3, r5
    7538:	0c2d      	lsrs	r5, r5, #16
    753a:	f8c4 51ee 	str.w	r5, [r4, #494]	; 0x1ee
    753e:	f8a4 903c 	strh.w	r9, [r4, #60]	; 0x3c
    7542:	8be3      	ldrh	r3, [r4, #30]
    7544:	2b01      	cmp	r3, #1
    7546:	d04b      	beq.n	75e0 <Stepdown_SetCurrentCalc+0x274>
    7548:	8be3      	ldrh	r3, [r4, #30]
    754a:	2b02      	cmp	r3, #2
    754c:	d04a      	beq.n	75e4 <Stepdown_SetCurrentCalc+0x278>
    754e:	8be3      	ldrh	r3, [r4, #30]
    7550:	2b03      	cmp	r3, #3
    7552:	bf0c      	ite	eq
    7554:	4a2a      	ldreq	r2, [pc, #168]	; (7600 <Stepdown_SetCurrentCalc+0x294>)
    7556:	4a2b      	ldrne	r2, [pc, #172]	; (7604 <Stepdown_SetCurrentCalc+0x298>)
    7558:	8fa3      	ldrh	r3, [r4, #60]	; 0x3c
    755a:	8653      	strh	r3, [r2, #50]	; 0x32
    755c:	8fa3      	ldrh	r3, [r4, #60]	; 0x3c
    755e:	3303      	adds	r3, #3
    7560:	b29b      	uxth	r3, r3
    7562:	8613      	strh	r3, [r2, #48]	; 0x30
    7564:	87e7      	strh	r7, [r4, #62]	; 0x3e
    7566:	e8bd 8ff8 	ldmia.w	sp!, {r3, r4, r5, r6, r7, r8, r9, sl, fp, pc}
    756a:	2300      	movs	r3, #0
    756c:	f894 1206 	ldrb.w	r1, [r4, #518]	; 0x206
    7570:	f884 3206 	strb.w	r3, [r4, #518]	; 0x206
    7574:	f894 1207 	ldrb.w	r1, [r4, #519]	; 0x207
    7578:	f884 3207 	strb.w	r3, [r4, #519]	; 0x207
    757c:	e732      	b.n	73e4 <Stepdown_SetCurrentCalc+0x78>
    757e:	b2c0      	uxtb	r0, r0
    7580:	4b21      	ldr	r3, [pc, #132]	; (7608 <Stepdown_SetCurrentCalc+0x29c>)
    7582:	4798      	blx	r3
    7584:	e7c6      	b.n	7514 <Stepdown_SetCurrentCalc+0x1a8>
    7586:	1b40      	subs	r0, r0, r5
    7588:	f640 4a18 	movw	sl, #3096	; 0xc18
    758c:	fb0a fa00 	mul.w	sl, sl, r0
    7590:	ebc0 2600 	rsb	r6, r0, r0, lsl #8
    7594:	e73c      	b.n	7410 <Stepdown_SetCurrentCalc+0xa4>
    7596:	1b59      	subs	r1, r3, r5
    7598:	eba3 1111 	sub.w	r1, r3, r1, lsr #4
    759c:	f8a4 1040 	strh.w	r1, [r4, #64]	; 0x40
    75a0:	f8b4 1042 	ldrh.w	r1, [r4, #66]	; 0x42
    75a4:	428b      	cmp	r3, r1
    75a6:	f47f aefe 	bne.w	73a6 <Stepdown_SetCurrentCalc+0x3a>
    75aa:	f8b4 3040 	ldrh.w	r3, [r4, #64]	; 0x40
    75ae:	3b01      	subs	r3, #1
    75b0:	f8a4 3040 	strh.w	r3, [r4, #64]	; 0x40
    75b4:	e6f7      	b.n	73a6 <Stepdown_SetCurrentCalc+0x3a>
    75b6:	f8b4 3040 	ldrh.w	r3, [r4, #64]	; 0x40
    75ba:	f8a4 3204 	strh.w	r3, [r4, #516]	; 0x204
    75be:	e711      	b.n	73e4 <Stepdown_SetCurrentCalc+0x78>
    75c0:	1ae9      	subs	r1, r5, r3
    75c2:	eb03 0191 	add.w	r1, r3, r1, lsr #2
    75c6:	f8a4 1040 	strh.w	r1, [r4, #64]	; 0x40
    75ca:	f8b4 1040 	ldrh.w	r1, [r4, #64]	; 0x40
    75ce:	428b      	cmp	r3, r1
    75d0:	f47f aee9 	bne.w	73a6 <Stepdown_SetCurrentCalc+0x3a>
    75d4:	f8b4 3040 	ldrh.w	r3, [r4, #64]	; 0x40
    75d8:	3301      	adds	r3, #1
    75da:	f8a4 3040 	strh.w	r3, [r4, #64]	; 0x40
    75de:	e6e2      	b.n	73a6 <Stepdown_SetCurrentCalc+0x3a>
    75e0:	4a0a      	ldr	r2, [pc, #40]	; (760c <Stepdown_SetCurrentCalc+0x2a0>)
    75e2:	e7b9      	b.n	7558 <Stepdown_SetCurrentCalc+0x1ec>
    75e4:	4a0a      	ldr	r2, [pc, #40]	; (7610 <Stepdown_SetCurrentCalc+0x2a4>)
    75e6:	e7b7      	b.n	7558 <Stepdown_SetCurrentCalc+0x1ec>
    75e8:	0000d5c1 	.word	0x0000d5c1
    75ec:	0002948c 	.word	0x0002948c
    75f0:	20003694 	.word	0x20003694
    75f4:	00006df5 	.word	0x00006df5
    75f8:	007704c0 	.word	0x007704c0
    75fc:	0000d7f9 	.word	0x0000d7f9
    7600:	4101a000 	.word	0x4101a000
    7604:	40003800 	.word	0x40003800
    7608:	0000d809 	.word	0x0000d809
    760c:	4101c000 	.word	0x4101c000
    7610:	40003c00 	.word	0x40003c00
    7614:	00049518 	.word	0x00049518
    7618:	00010061 	.word	0x00010061

0000761c <Stepdown_SetCurrentCh1>:
    761c:	b410      	push	{r4}
    761e:	4b09      	ldr	r3, [pc, #36]	; (7644 <Stepdown_SetCurrentCh1+0x28>)
    7620:	4c09      	ldr	r4, [pc, #36]	; (7648 <Stepdown_SetCurrentCh1+0x2c>)
    7622:	681b      	ldr	r3, [r3, #0]
    7624:	4909      	ldr	r1, [pc, #36]	; (764c <Stepdown_SetCurrentCh1+0x30>)
    7626:	f893 3040 	ldrb.w	r3, [r3, #64]	; 0x40
    762a:	eb03 0383 	add.w	r3, r3, r3, lsl #2
    762e:	eb03 0383 	add.w	r3, r3, r3, lsl #2
    7632:	005b      	lsls	r3, r3, #1
    7634:	3396      	adds	r3, #150	; 0x96
    7636:	b29b      	uxth	r3, r3
    7638:	4602      	mov	r2, r0
    763a:	4618      	mov	r0, r3
    763c:	4623      	mov	r3, r4
    763e:	f85d 4b04 	ldr.w	r4, [sp], #4
    7642:	4718      	bx	r3
    7644:	2000eed4 	.word	0x2000eed4
    7648:	0000736d 	.word	0x0000736d
    764c:	20002204 	.word	0x20002204

00007650 <Stepdown_SetCurrentCh2>:
    7650:	b410      	push	{r4}
    7652:	4b09      	ldr	r3, [pc, #36]	; (7678 <Stepdown_SetCurrentCh2+0x28>)
    7654:	4c09      	ldr	r4, [pc, #36]	; (767c <Stepdown_SetCurrentCh2+0x2c>)
    7656:	681b      	ldr	r3, [r3, #0]
    7658:	4909      	ldr	r1, [pc, #36]	; (7680 <Stepdown_SetCurrentCh2+0x30>)
    765a:	f893 3040 	ldrb.w	r3, [r3, #64]	; 0x40
    765e:	eb03 0383 	add.w	r3, r3, r3, lsl #2
    7662:	eb03 0383 	add.w	r3, r3, r3, lsl #2
    7666:	005b      	lsls	r3, r3, #1
    7668:	3396      	adds	r3, #150	; 0x96
    766a:	b29b      	uxth	r3, r3
    766c:	4602      	mov	r2, r0
    766e:	4618      	mov	r0, r3
    7670:	4623      	mov	r3, r4
    7672:	f85d 4b04 	ldr.w	r4, [sp], #4
    7676:	4718      	bx	r3
    7678:	2000eed4 	.word	0x2000eed4
    767c:	0000736d 	.word	0x0000736d
    7680:	20002416 	.word	0x20002416

00007684 <Stepdown_SetCurrentCh3>:
    7684:	b410      	push	{r4}
    7686:	4b09      	ldr	r3, [pc, #36]	; (76ac <Stepdown_SetCurrentCh3+0x28>)
    7688:	4c09      	ldr	r4, [pc, #36]	; (76b0 <Stepdown_SetCurrentCh3+0x2c>)
    768a:	681b      	ldr	r3, [r3, #0]
    768c:	4909      	ldr	r1, [pc, #36]	; (76b4 <Stepdown_SetCurrentCh3+0x30>)
    768e:	f893 3040 	ldrb.w	r3, [r3, #64]	; 0x40
    7692:	eb03 0383 	add.w	r3, r3, r3, lsl #2
    7696:	eb03 0383 	add.w	r3, r3, r3, lsl #2
    769a:	005b      	lsls	r3, r3, #1
    769c:	3396      	adds	r3, #150	; 0x96
    769e:	b29b      	uxth	r3, r3
    76a0:	4602      	mov	r2, r0
    76a2:	4618      	mov	r0, r3
    76a4:	4623      	mov	r3, r4
    76a6:	f85d 4b04 	ldr.w	r4, [sp], #4
    76aa:	4718      	bx	r3
    76ac:	2000eed4 	.word	0x2000eed4
    76b0:	0000736d 	.word	0x0000736d
    76b4:	20002628 	.word	0x20002628

000076b8 <Stepdown_SetCurrentCh4>:
    76b8:	b410      	push	{r4}
    76ba:	4b09      	ldr	r3, [pc, #36]	; (76e0 <Stepdown_SetCurrentCh4+0x28>)
    76bc:	4c09      	ldr	r4, [pc, #36]	; (76e4 <Stepdown_SetCurrentCh4+0x2c>)
    76be:	681b      	ldr	r3, [r3, #0]
    76c0:	4909      	ldr	r1, [pc, #36]	; (76e8 <Stepdown_SetCurrentCh4+0x30>)
    76c2:	f893 3040 	ldrb.w	r3, [r3, #64]	; 0x40
    76c6:	eb03 0383 	add.w	r3, r3, r3, lsl #2
    76ca:	eb03 0383 	add.w	r3, r3, r3, lsl #2
    76ce:	005b      	lsls	r3, r3, #1
    76d0:	3396      	adds	r3, #150	; 0x96
    76d2:	b29b      	uxth	r3, r3
    76d4:	4602      	mov	r2, r0
    76d6:	4618      	mov	r0, r3
    76d8:	4623      	mov	r3, r4
    76da:	f85d 4b04 	ldr.w	r4, [sp], #4
    76de:	4718      	bx	r3
    76e0:	2000eed4 	.word	0x2000eed4
    76e4:	0000736d 	.word	0x0000736d
    76e8:	2000283a 	.word	0x2000283a

000076ec <Stepdown_SetCurrent>:
    76ec:	b570      	push	{r4, r5, r6, lr}
    76ee:	4e1e      	ldr	r6, [pc, #120]	; (7768 <Stepdown_SetCurrent+0x7c>)
    76f0:	4d1e      	ldr	r5, [pc, #120]	; (776c <Stepdown_SetCurrent+0x80>)
    76f2:	6833      	ldr	r3, [r6, #0]
    76f4:	4c1e      	ldr	r4, [pc, #120]	; (7770 <Stepdown_SetCurrent+0x84>)
    76f6:	f893 0040 	ldrb.w	r0, [r3, #64]	; 0x40
    76fa:	eb00 0080 	add.w	r0, r0, r0, lsl #2
    76fe:	eb00 0080 	add.w	r0, r0, r0, lsl #2
    7702:	0040      	lsls	r0, r0, #1
    7704:	3096      	adds	r0, #150	; 0x96
    7706:	4629      	mov	r1, r5
    7708:	b280      	uxth	r0, r0
    770a:	2200      	movs	r2, #0
    770c:	47a0      	blx	r4
    770e:	6833      	ldr	r3, [r6, #0]
    7710:	f893 0040 	ldrb.w	r0, [r3, #64]	; 0x40
    7714:	eb00 0080 	add.w	r0, r0, r0, lsl #2
    7718:	eb00 0080 	add.w	r0, r0, r0, lsl #2
    771c:	0040      	lsls	r0, r0, #1
    771e:	3096      	adds	r0, #150	; 0x96
    7720:	f205 2112 	addw	r1, r5, #530	; 0x212
    7724:	b280      	uxth	r0, r0
    7726:	2201      	movs	r2, #1
    7728:	47a0      	blx	r4
    772a:	6833      	ldr	r3, [r6, #0]
    772c:	f893 0040 	ldrb.w	r0, [r3, #64]	; 0x40
    7730:	eb00 0080 	add.w	r0, r0, r0, lsl #2
    7734:	eb00 0080 	add.w	r0, r0, r0, lsl #2
    7738:	0040      	lsls	r0, r0, #1
    773a:	3096      	adds	r0, #150	; 0x96
    773c:	f205 4124 	addw	r1, r5, #1060	; 0x424
    7740:	b280      	uxth	r0, r0
    7742:	2202      	movs	r2, #2
    7744:	47a0      	blx	r4
    7746:	6833      	ldr	r3, [r6, #0]
    7748:	f893 0040 	ldrb.w	r0, [r3, #64]	; 0x40
    774c:	eb00 0080 	add.w	r0, r0, r0, lsl #2
    7750:	eb00 0080 	add.w	r0, r0, r0, lsl #2
    7754:	0040      	lsls	r0, r0, #1
    7756:	3096      	adds	r0, #150	; 0x96
    7758:	f205 6136 	addw	r1, r5, #1590	; 0x636
    775c:	4623      	mov	r3, r4
    775e:	b280      	uxth	r0, r0
    7760:	2203      	movs	r2, #3
    7762:	e8bd 4070 	ldmia.w	sp!, {r4, r5, r6, lr}
    7766:	4718      	bx	r3
    7768:	2000eed4 	.word	0x2000eed4
    776c:	20002204 	.word	0x20002204
    7770:	0000736d 	.word	0x0000736d

00007774 <StepDown_Init>:
    7774:	b530      	push	{r4, r5, lr}
    7776:	4915      	ldr	r1, [pc, #84]	; (77cc <StepDown_Init+0x58>)
    7778:	4c15      	ldr	r4, [pc, #84]	; (77d0 <StepDown_Init+0x5c>)
    777a:	698b      	ldr	r3, [r1, #24]
    777c:	4d15      	ldr	r5, [pc, #84]	; (77d4 <StepDown_Init+0x60>)
    777e:	4816      	ldr	r0, [pc, #88]	; (77d8 <StepDown_Init+0x64>)
    7780:	2201      	movs	r2, #1
    7782:	f043 0380 	orr.w	r3, r3, #128	; 0x80
    7786:	618b      	str	r3, [r1, #24]
    7788:	b083      	sub	sp, #12
    778a:	702a      	strb	r2, [r5, #0]
    778c:	7022      	strb	r2, [r4, #0]
    778e:	4780      	blx	r0
    7790:	4b12      	ldr	r3, [pc, #72]	; (77dc <StepDown_Init+0x68>)
    7792:	4798      	blx	r3
    7794:	4b12      	ldr	r3, [pc, #72]	; (77e0 <StepDown_Init+0x6c>)
    7796:	4798      	blx	r3
    7798:	4b12      	ldr	r3, [pc, #72]	; (77e4 <StepDown_Init+0x70>)
    779a:	4798      	blx	r3
    779c:	4b12      	ldr	r3, [pc, #72]	; (77e8 <StepDown_Init+0x74>)
    779e:	4798      	blx	r3
    77a0:	2302      	movs	r3, #2
    77a2:	7023      	strb	r3, [r4, #0]
    77a4:	4b11      	ldr	r3, [pc, #68]	; (77ec <StepDown_Init+0x78>)
    77a6:	4798      	blx	r3
    77a8:	4a11      	ldr	r2, [pc, #68]	; (77f0 <StepDown_Init+0x7c>)
    77aa:	6913      	ldr	r3, [r2, #16]
    77ac:	b10b      	cbz	r3, 77b2 <StepDown_Init+0x3e>
    77ae:	b003      	add	sp, #12
    77b0:	bd30      	pop	{r4, r5, pc}
    77b2:	3210      	adds	r2, #16
    77b4:	2106      	movs	r1, #6
    77b6:	e88d 0006 	stmia.w	sp, {r1, r2}
    77ba:	480e      	ldr	r0, [pc, #56]	; (77f4 <StepDown_Init+0x80>)
    77bc:	490e      	ldr	r1, [pc, #56]	; (77f8 <StepDown_Init+0x84>)
    77be:	4c0f      	ldr	r4, [pc, #60]	; (77fc <StepDown_Init+0x88>)
    77c0:	f44f 7200 	mov.w	r2, #512	; 0x200
    77c4:	47a0      	blx	r4
    77c6:	2801      	cmp	r0, #1
    77c8:	d0f1      	beq.n	77ae <StepDown_Init+0x3a>
    77ca:	e7fe      	b.n	77ca <StepDown_Init+0x56>
    77cc:	40000800 	.word	0x40000800
    77d0:	42003800 	.word	0x42003800
    77d4:	4100e000 	.word	0x4100e000
    77d8:	00006a11 	.word	0x00006a11
    77dc:	00006b1d 	.word	0x00006b1d
    77e0:	00006c0d 	.word	0x00006c0d
    77e4:	00006d01 	.word	0x00006d01
    77e8:	000044d5 	.word	0x000044d5
    77ec:	000076ed 	.word	0x000076ed
    77f0:	20003694 	.word	0x20003694
    77f4:	00008201 	.word	0x00008201
    77f8:	00011368 	.word	0x00011368
    77fc:	0000f19d 	.word	0x0000f19d

00007800 <StepDown_Module_Update>:
    7800:	4a08      	ldr	r2, [pc, #32]	; (7824 <StepDown_Module_Update+0x24>)
    7802:	4b09      	ldr	r3, [pc, #36]	; (7828 <StepDown_Module_Update+0x28>)
    7804:	6812      	ldr	r2, [r2, #0]
    7806:	89db      	ldrh	r3, [r3, #14]
    7808:	f892 0040 	ldrb.w	r0, [r2, #64]	; 0x40
    780c:	eb00 0080 	add.w	r0, r0, r0, lsl #2
    7810:	eb00 0080 	add.w	r0, r0, r0, lsl #2
    7814:	0040      	lsls	r0, r0, #1
    7816:	3096      	adds	r0, #150	; 0x96
    7818:	b280      	uxth	r0, r0
    781a:	4283      	cmp	r3, r0
    781c:	d001      	beq.n	7822 <StepDown_Module_Update+0x22>
    781e:	4b03      	ldr	r3, [pc, #12]	; (782c <StepDown_Module_Update+0x2c>)
    7820:	4718      	bx	r3
    7822:	4770      	bx	lr
    7824:	2000eed4 	.word	0x2000eed4
    7828:	20003694 	.word	0x20003694
    782c:	000076ed 	.word	0x000076ed

00007830 <StepDown_GetPower>:
    7830:	4b01      	ldr	r3, [pc, #4]	; (7838 <StepDown_GetPower+0x8>)
    7832:	6958      	ldr	r0, [r3, #20]
    7834:	4770      	bx	lr
    7836:	bf00      	nop
    7838:	20003694 	.word	0x20003694

0000783c <StepDown_SleepCheck>:
    783c:	4905      	ldr	r1, [pc, #20]	; (7854 <StepDown_SleepCheck+0x18>)
    783e:	2204      	movs	r2, #4
    7840:	8b8b      	ldrh	r3, [r1, #28]
    7842:	b29b      	uxth	r3, r3
    7844:	b91b      	cbnz	r3, 784e <StepDown_SleepCheck+0x12>
    7846:	3a01      	subs	r2, #1
    7848:	d1fa      	bne.n	7840 <StepDown_SleepCheck+0x4>
    784a:	2001      	movs	r0, #1
    784c:	4770      	bx	lr
    784e:	2000      	movs	r0, #0
    7850:	4770      	bx	lr
    7852:	bf00      	nop
    7854:	20002204 	.word	0x20002204

00007858 <StepDown_CheckCalibration>:
    7858:	4829      	ldr	r0, [pc, #164]	; (7900 <StepDown_CheckCalibration+0xa8>)
    785a:	e92d 41f0 	stmdb	sp!, {r4, r5, r6, r7, r8, lr}
    785e:	2200      	movs	r2, #0
    7860:	f240 2412 	movw	r4, #530	; 0x212
    7864:	fb04 0102 	mla	r1, r4, r2, r0
    7868:	3201      	adds	r2, #1
    786a:	8b8b      	ldrh	r3, [r1, #28]
    786c:	b29b      	uxth	r3, r3
    786e:	bb6b      	cbnz	r3, 78cc <StepDown_CheckCalibration+0x74>
    7870:	f8b1 320c 	ldrh.w	r3, [r1, #524]	; 0x20c
    7874:	b29b      	uxth	r3, r3
    7876:	bb4b      	cbnz	r3, 78cc <StepDown_CheckCalibration+0x74>
    7878:	2a04      	cmp	r2, #4
    787a:	d1f3      	bne.n	7864 <StepDown_CheckCalibration+0xc>
    787c:	4a21      	ldr	r2, [pc, #132]	; (7904 <StepDown_CheckCalibration+0xac>)
    787e:	6811      	ldr	r1, [r2, #0]
    7880:	469c      	mov	ip, r3
    7882:	3114      	adds	r1, #20
    7884:	469e      	mov	lr, r3
    7886:	f240 2412 	movw	r4, #530	; 0x212
    788a:	fb04 0503 	mla	r5, r4, r3, r0
    788e:	462f      	mov	r7, r5
    7890:	f8b5 204e 	ldrh.w	r2, [r5, #78]	; 0x4e
    7894:	b292      	uxth	r2, r2
    7896:	b18a      	cbz	r2, 78bc <StepDown_CheckCalibration+0x64>
    7898:	f8b5 604e 	ldrh.w	r6, [r5, #78]	; 0x4e
    789c:	880a      	ldrh	r2, [r1, #0]
    789e:	b2b6      	uxth	r6, r6
    78a0:	1b92      	subs	r2, r2, r6
    78a2:	2a00      	cmp	r2, #0
    78a4:	bfb8      	it	lt
    78a6:	4252      	neglt	r2, r2
    78a8:	f5b2 6ffa 	cmp.w	r2, #2000	; 0x7d0
    78ac:	462e      	mov	r6, r5
    78ae:	dc0f      	bgt.n	78d0 <StepDown_CheckCalibration+0x78>
    78b0:	f895 2210 	ldrb.w	r2, [r5, #528]	; 0x210
    78b4:	2a02      	cmp	r2, #2
    78b6:	d00b      	beq.n	78d0 <StepDown_CheckCalibration+0x78>
    78b8:	f8a7 e04e 	strh.w	lr, [r7, #78]	; 0x4e
    78bc:	3301      	adds	r3, #1
    78be:	2b04      	cmp	r3, #4
    78c0:	f101 0102 	add.w	r1, r1, #2
    78c4:	d1e1      	bne.n	788a <StepDown_CheckCalibration+0x32>
    78c6:	f1bc 0f00 	cmp.w	ip, #0
    78ca:	d10d      	bne.n	78e8 <StepDown_CheckCalibration+0x90>
    78cc:	e8bd 81f0 	ldmia.w	sp!, {r4, r5, r6, r7, r8, pc}
    78d0:	f8b6 220e 	ldrh.w	r2, [r6, #526]	; 0x20e
    78d4:	f821 2c08 	strh.w	r2, [r1, #-8]
    78d8:	f8b6 204e 	ldrh.w	r2, [r6, #78]	; 0x4e
    78dc:	800a      	strh	r2, [r1, #0]
    78de:	f04f 0c01 	mov.w	ip, #1
    78e2:	f886 e210 	strb.w	lr, [r6, #528]	; 0x210
    78e6:	e7e7      	b.n	78b8 <StepDown_CheckCalibration+0x60>
    78e8:	4b07      	ldr	r3, [pc, #28]	; (7908 <StepDown_CheckCalibration+0xb0>)
    78ea:	4c08      	ldr	r4, [pc, #32]	; (790c <StepDown_CheckCalibration+0xb4>)
    78ec:	4798      	blx	r3
    78ee:	2202      	movs	r2, #2
    78f0:	46a4      	mov	ip, r4
    78f2:	4611      	mov	r1, r2
    78f4:	2301      	movs	r3, #1
    78f6:	2005      	movs	r0, #5
    78f8:	e8bd 41f0 	ldmia.w	sp!, {r4, r5, r6, r7, r8, lr}
    78fc:	4760      	bx	ip
    78fe:	bf00      	nop
    7900:	20002204 	.word	0x20002204
    7904:	2000f158 	.word	0x2000f158
    7908:	000060e5 	.word	0x000060e5
    790c:	0000d8c1 	.word	0x0000d8c1

00007910 <StepDown_Logging>:
    7910:	4913      	ldr	r1, [pc, #76]	; (7960 <StepDown_Logging+0x50>)
    7912:	2204      	movs	r2, #4
    7914:	8b8b      	ldrh	r3, [r1, #28]
    7916:	b29b      	uxth	r3, r3
    7918:	b9d3      	cbnz	r3, 7950 <StepDown_Logging+0x40>
    791a:	3a01      	subs	r2, #1
    791c:	d1fa      	bne.n	7914 <StepDown_Logging+0x4>
    791e:	b570      	push	{r4, r5, r6, lr}
    7920:	4c10      	ldr	r4, [pc, #64]	; (7964 <StepDown_Logging+0x54>)
    7922:	4d11      	ldr	r5, [pc, #68]	; (7968 <StepDown_Logging+0x58>)
    7924:	47a0      	blx	r4
    7926:	4b11      	ldr	r3, [pc, #68]	; (796c <StepDown_Logging+0x5c>)
    7928:	681b      	ldr	r3, [r3, #0]
    792a:	8b9b      	ldrh	r3, [r3, #28]
    792c:	2b03      	cmp	r3, #3
    792e:	d804      	bhi.n	793a <StepDown_Logging+0x2a>
    7930:	69aa      	ldr	r2, [r5, #24]
    7932:	4b0f      	ldr	r3, [pc, #60]	; (7970 <StepDown_Logging+0x60>)
    7934:	1a80      	subs	r0, r0, r2
    7936:	4298      	cmp	r0, r3
    7938:	d906      	bls.n	7948 <StepDown_Logging+0x38>
    793a:	4b0e      	ldr	r3, [pc, #56]	; (7974 <StepDown_Logging+0x64>)
    793c:	4798      	blx	r3
    793e:	4b0e      	ldr	r3, [pc, #56]	; (7978 <StepDown_Logging+0x68>)
    7940:	4798      	blx	r3
    7942:	b130      	cbz	r0, 7952 <StepDown_Logging+0x42>
    7944:	47a0      	blx	r4
    7946:	61a8      	str	r0, [r5, #24]
    7948:	4b0c      	ldr	r3, [pc, #48]	; (797c <StepDown_Logging+0x6c>)
    794a:	e8bd 4070 	ldmia.w	sp!, {r4, r5, r6, lr}
    794e:	4718      	bx	r3
    7950:	4770      	bx	lr
    7952:	2301      	movs	r3, #1
    7954:	4618      	mov	r0, r3
    7956:	2202      	movs	r2, #2
    7958:	2105      	movs	r1, #5
    795a:	4e09      	ldr	r6, [pc, #36]	; (7980 <StepDown_Logging+0x70>)
    795c:	47b0      	blx	r6
    795e:	e7f1      	b.n	7944 <StepDown_Logging+0x34>
    7960:	20002204 	.word	0x20002204
    7964:	0000f455 	.word	0x0000f455
    7968:	20003694 	.word	0x20003694
    796c:	2000eed0 	.word	0x2000eed0
    7970:	02932dff 	.word	0x02932dff
    7974:	00006259 	.word	0x00006259
    7978:	0000bd91 	.word	0x0000bd91
    797c:	00007859 	.word	0x00007859
    7980:	0000d8c1 	.word	0x0000d8c1

00007984 <StepDown_Timer>:
    7984:	b510      	push	{r4, lr}
    7986:	4c3b      	ldr	r4, [pc, #236]	; (7a74 <StepDown_Timer+0xf0>)
    7988:	89a3      	ldrh	r3, [r4, #12]
    798a:	f64f 72ff 	movw	r2, #65535	; 0xffff
    798e:	4293      	cmp	r3, r2
    7990:	bf1c      	itt	ne
    7992:	3301      	addne	r3, #1
    7994:	81a3      	strhne	r3, [r4, #12]
    7996:	7f23      	ldrb	r3, [r4, #28]
    7998:	3301      	adds	r3, #1
    799a:	b2db      	uxtb	r3, r3
    799c:	2b63      	cmp	r3, #99	; 0x63
    799e:	d818      	bhi.n	79d2 <StepDown_Timer+0x4e>
    79a0:	7723      	strb	r3, [r4, #28]
    79a2:	4b35      	ldr	r3, [pc, #212]	; (7a78 <StepDown_Timer+0xf4>)
    79a4:	4798      	blx	r3
    79a6:	f894 3024 	ldrb.w	r3, [r4, #36]	; 0x24
    79aa:	3301      	adds	r3, #1
    79ac:	b2db      	uxtb	r3, r3
    79ae:	2b07      	cmp	r3, #7
    79b0:	d817      	bhi.n	79e2 <StepDown_Timer+0x5e>
    79b2:	f884 3024 	strb.w	r3, [r4, #36]	; 0x24
    79b6:	8ce3      	ldrh	r3, [r4, #38]	; 0x26
    79b8:	4a30      	ldr	r2, [pc, #192]	; (7a7c <StepDown_Timer+0xf8>)
    79ba:	3301      	adds	r3, #1
    79bc:	b29b      	uxth	r3, r3
    79be:	2151      	movs	r1, #81	; 0x51
    79c0:	2b63      	cmp	r3, #99	; 0x63
    79c2:	84e3      	strh	r3, [r4, #38]	; 0x26
    79c4:	7451      	strb	r1, [r2, #17]
    79c6:	d81d      	bhi.n	7a04 <StepDown_Timer+0x80>
    79c8:	2b32      	cmp	r3, #50	; 0x32
    79ca:	d024      	beq.n	7a16 <StepDown_Timer+0x92>
    79cc:	2b19      	cmp	r3, #25
    79ce:	d037      	beq.n	7a40 <StepDown_Timer+0xbc>
    79d0:	bd10      	pop	{r4, pc}
    79d2:	6a23      	ldr	r3, [r4, #32]
    79d4:	2100      	movs	r1, #0
    79d6:	3301      	adds	r3, #1
    79d8:	2203      	movs	r2, #3
    79da:	6223      	str	r3, [r4, #32]
    79dc:	7721      	strb	r1, [r4, #28]
    79de:	7762      	strb	r2, [r4, #29]
    79e0:	e7df      	b.n	79a2 <StepDown_Timer+0x1e>
    79e2:	f894 3025 	ldrb.w	r3, [r4, #37]	; 0x25
    79e6:	2200      	movs	r2, #0
    79e8:	2b01      	cmp	r3, #1
    79ea:	f884 2024 	strb.w	r2, [r4, #36]	; 0x24
    79ee:	d020      	beq.n	7a32 <StepDown_Timer+0xae>
    79f0:	7f62      	ldrb	r2, [r4, #29]
    79f2:	b952      	cbnz	r2, 7a0a <StepDown_Timer+0x86>
    79f4:	3301      	adds	r3, #1
    79f6:	b2db      	uxtb	r3, r3
    79f8:	2b10      	cmp	r3, #16
    79fa:	d900      	bls.n	79fe <StepDown_Timer+0x7a>
    79fc:	2300      	movs	r3, #0
    79fe:	f884 3025 	strb.w	r3, [r4, #37]	; 0x25
    7a02:	e7d8      	b.n	79b6 <StepDown_Timer+0x32>
    7a04:	2300      	movs	r3, #0
    7a06:	84e3      	strh	r3, [r4, #38]	; 0x26
    7a08:	bd10      	pop	{r4, pc}
    7a0a:	7aa1      	ldrb	r1, [r4, #10]
    7a0c:	2900      	cmp	r1, #0
    7a0e:	d0f1      	beq.n	79f4 <StepDown_Timer+0x70>
    7a10:	3a01      	subs	r2, #1
    7a12:	7762      	strb	r2, [r4, #29]
    7a14:	e7ee      	b.n	79f4 <StepDown_Timer+0x70>
    7a16:	4c1a      	ldr	r4, [pc, #104]	; (7a80 <StepDown_Timer+0xfc>)
    7a18:	6823      	ldr	r3, [r4, #0]
    7a1a:	075b      	lsls	r3, r3, #29
    7a1c:	d5d8      	bpl.n	79d0 <StepDown_Timer+0x4c>
    7a1e:	4b19      	ldr	r3, [pc, #100]	; (7a84 <StepDown_Timer+0x100>)
    7a20:	2102      	movs	r1, #2
    7a22:	f44f 7000 	mov.w	r0, #512	; 0x200
    7a26:	4798      	blx	r3
    7a28:	6823      	ldr	r3, [r4, #0]
    7a2a:	f023 0304 	bic.w	r3, r3, #4
    7a2e:	6023      	str	r3, [r4, #0]
    7a30:	bd10      	pop	{r4, pc}
    7a32:	7aa2      	ldrb	r2, [r4, #10]
    7a34:	b1d2      	cbz	r2, 7a6c <StepDown_Timer+0xe8>
    7a36:	7f62      	ldrb	r2, [r4, #29]
    7a38:	2a00      	cmp	r2, #0
    7a3a:	d1e9      	bne.n	7a10 <StepDown_Timer+0x8c>
    7a3c:	2302      	movs	r3, #2
    7a3e:	e7de      	b.n	79fe <StepDown_Timer+0x7a>
    7a40:	8d23      	ldrh	r3, [r4, #40]	; 0x28
    7a42:	3301      	adds	r3, #1
    7a44:	b29b      	uxth	r3, r3
    7a46:	2b09      	cmp	r3, #9
    7a48:	8523      	strh	r3, [r4, #40]	; 0x28
    7a4a:	d9c1      	bls.n	79d0 <StepDown_Timer+0x4c>
    7a4c:	480e      	ldr	r0, [pc, #56]	; (7a88 <StepDown_Timer+0x104>)
    7a4e:	2300      	movs	r3, #0
    7a50:	f240 2112 	movw	r1, #530	; 0x212
    7a54:	fb01 0203 	mla	r2, r1, r3, r0
    7a58:	3218      	adds	r2, #24
    7a5a:	3301      	adds	r3, #1
    7a5c:	6812      	ldr	r2, [r2, #0]
    7a5e:	2a00      	cmp	r2, #0
    7a60:	dcb6      	bgt.n	79d0 <StepDown_Timer+0x4c>
    7a62:	2b04      	cmp	r3, #4
    7a64:	d1f6      	bne.n	7a54 <StepDown_Timer+0xd0>
    7a66:	2300      	movs	r3, #0
    7a68:	8523      	strh	r3, [r4, #40]	; 0x28
    7a6a:	bd10      	pop	{r4, pc}
    7a6c:	2302      	movs	r3, #2
    7a6e:	f884 3025 	strb.w	r3, [r4, #37]	; 0x25
    7a72:	e7a0      	b.n	79b6 <StepDown_Timer+0x32>
    7a74:	20003694 	.word	0x20003694
    7a78:	0000c7ed 	.word	0x0000c7ed
    7a7c:	2001ff00 	.word	0x2001ff00
    7a80:	2000f89c 	.word	0x2000f89c
    7a84:	0000cc91 	.word	0x0000cc91
    7a88:	20002204 	.word	0x20002204

00007a8c <StepDown_Start>:
    7a8c:	e92d 43f8 	stmdb	sp!, {r3, r4, r5, r6, r7, r8, r9, lr}
    7a90:	4c71      	ldr	r4, [pc, #452]	; (7c58 <StepDown_Start+0x1cc>)
    7a92:	4b72      	ldr	r3, [pc, #456]	; (7c5c <StepDown_Start+0x1d0>)
    7a94:	f894 5062 	ldrb.w	r5, [r4, #98]	; 0x62
    7a98:	4798      	blx	r3
    7a9a:	4b71      	ldr	r3, [pc, #452]	; (7c60 <StepDown_Start+0x1d4>)
    7a9c:	4798      	blx	r3
    7a9e:	fab5 f585 	clz	r5, r5
    7aa2:	4b70      	ldr	r3, [pc, #448]	; (7c64 <StepDown_Start+0x1d8>)
    7aa4:	4798      	blx	r3
    7aa6:	096d      	lsrs	r5, r5, #5
    7aa8:	4b6f      	ldr	r3, [pc, #444]	; (7c68 <StepDown_Start+0x1dc>)
    7aaa:	4798      	blx	r3
    7aac:	eb04 1385 	add.w	r3, r4, r5, lsl #6
    7ab0:	4a6e      	ldr	r2, [pc, #440]	; (7c6c <StepDown_Start+0x1e0>)
    7ab2:	f8d3 0066 	ldr.w	r0, [r3, #102]	; 0x66
    7ab6:	6410      	str	r0, [r2, #64]	; 0x40
    7ab8:	f8d3 60e6 	ldr.w	r6, [r3, #230]	; 0xe6
    7abc:	6456      	str	r6, [r2, #68]	; 0x44
    7abe:	f8d3 0166 	ldr.w	r0, [r3, #358]	; 0x166
    7ac2:	6490      	str	r0, [r2, #72]	; 0x48
    7ac4:	f04f 0c01 	mov.w	ip, #1
    7ac8:	f04f 0eff 	mov.w	lr, #255	; 0xff
    7acc:	f884 5062 	strb.w	r5, [r4, #98]	; 0x62
    7ad0:	f884 c063 	strb.w	ip, [r4, #99]	; 0x63
    7ad4:	f884 e1f6 	strb.w	lr, [r4, #502]	; 0x1f6
    7ad8:	f8d3 7066 	ldr.w	r7, [r3, #102]	; 0x66
    7adc:	4e64      	ldr	r6, [pc, #400]	; (7c70 <StepDown_Start+0x1e4>)
    7ade:	4865      	ldr	r0, [pc, #404]	; (7c74 <StepDown_Start+0x1e8>)
    7ae0:	4965      	ldr	r1, [pc, #404]	; (7c78 <StepDown_Start+0x1ec>)
    7ae2:	b2bf      	uxth	r7, r7
    7ae4:	3f01      	subs	r7, #1
    7ae6:	6357      	str	r7, [r2, #52]	; 0x34
    7ae8:	f8d3 7278 	ldr.w	r7, [r3, #632]	; 0x278
    7aec:	6437      	str	r7, [r6, #64]	; 0x40
    7aee:	f8d3 92f8 	ldr.w	r9, [r3, #760]	; 0x2f8
    7af2:	f8c6 9044 	str.w	r9, [r6, #68]	; 0x44
    7af6:	f8d3 7378 	ldr.w	r7, [r3, #888]	; 0x378
    7afa:	6537      	str	r7, [r6, #80]	; 0x50
    7afc:	f884 5274 	strb.w	r5, [r4, #628]	; 0x274
    7b00:	f884 c275 	strb.w	ip, [r4, #629]	; 0x275
    7b04:	f884 e408 	strb.w	lr, [r4, #1032]	; 0x408
    7b08:	f8d3 7278 	ldr.w	r7, [r3, #632]	; 0x278
    7b0c:	b2bf      	uxth	r7, r7
    7b0e:	f2a7 472f 	subw	r7, r7, #1071	; 0x42f
    7b12:	6377      	str	r7, [r6, #52]	; 0x34
    7b14:	f8d3 748a 	ldr.w	r7, [r3, #1162]	; 0x48a
    7b18:	6407      	str	r7, [r0, #64]	; 0x40
    7b1a:	f8d3 950a 	ldr.w	r9, [r3, #1290]	; 0x50a
    7b1e:	f8c0 9044 	str.w	r9, [r0, #68]	; 0x44
    7b22:	f8d3 758a 	ldr.w	r7, [r3, #1418]	; 0x58a
    7b26:	64c7      	str	r7, [r0, #76]	; 0x4c
    7b28:	f884 5486 	strb.w	r5, [r4, #1158]	; 0x486
    7b2c:	f884 c487 	strb.w	ip, [r4, #1159]	; 0x487
    7b30:	f884 e61a 	strb.w	lr, [r4, #1562]	; 0x61a
    7b34:	f8d3 748a 	ldr.w	r7, [r3, #1162]	; 0x48a
    7b38:	b2bf      	uxth	r7, r7
    7b3a:	f6a7 075e 	subw	r7, r7, #2142	; 0x85e
    7b3e:	6347      	str	r7, [r0, #52]	; 0x34
    7b40:	f8d3 769c 	ldr.w	r7, [r3, #1692]	; 0x69c
    7b44:	640f      	str	r7, [r1, #64]	; 0x40
    7b46:	f203 7716 	addw	r7, r3, #1814	; 0x716
    7b4a:	f203 6896 	addw	r8, r3, #1686	; 0x696
    7b4e:	f8d7 7006 	ldr.w	r7, [r7, #6]
    7b52:	644f      	str	r7, [r1, #68]	; 0x44
    7b54:	f203 7396 	addw	r3, r3, #1942	; 0x796
    7b58:	f8d3 3006 	ldr.w	r3, [r3, #6]
    7b5c:	648b      	str	r3, [r1, #72]	; 0x48
    7b5e:	f884 5698 	strb.w	r5, [r4, #1688]	; 0x698
    7b62:	f884 c699 	strb.w	ip, [r4, #1689]	; 0x699
    7b66:	f884 e82c 	strb.w	lr, [r4, #2092]	; 0x82c
    7b6a:	f8d8 3006 	ldr.w	r3, [r8, #6]
    7b6e:	b29b      	uxth	r3, r3
    7b70:	f6a3 438d 	subw	r3, r3, #3213	; 0xc8d
    7b74:	634b      	str	r3, [r1, #52]	; 0x34
    7b76:	b672      	cpsid	i
    7b78:	6813      	ldr	r3, [r2, #0]
    7b7a:	f043 0302 	orr.w	r3, r3, #2
    7b7e:	6013      	str	r3, [r2, #0]
    7b80:	6833      	ldr	r3, [r6, #0]
    7b82:	f043 0302 	orr.w	r3, r3, #2
    7b86:	6033      	str	r3, [r6, #0]
    7b88:	6803      	ldr	r3, [r0, #0]
    7b8a:	f043 0302 	orr.w	r3, r3, #2
    7b8e:	6003      	str	r3, [r0, #0]
    7b90:	680b      	ldr	r3, [r1, #0]
    7b92:	f043 0302 	orr.w	r3, r3, #2
    7b96:	600b      	str	r3, [r1, #0]
    7b98:	6893      	ldr	r3, [r2, #8]
    7b9a:	079c      	lsls	r4, r3, #30
    7b9c:	d4fc      	bmi.n	7b98 <StepDown_Start+0x10c>
    7b9e:	4a34      	ldr	r2, [pc, #208]	; (7c70 <StepDown_Start+0x1e4>)
    7ba0:	6893      	ldr	r3, [r2, #8]
    7ba2:	0798      	lsls	r0, r3, #30
    7ba4:	d4fc      	bmi.n	7ba0 <StepDown_Start+0x114>
    7ba6:	4a33      	ldr	r2, [pc, #204]	; (7c74 <StepDown_Start+0x1e8>)
    7ba8:	6893      	ldr	r3, [r2, #8]
    7baa:	0799      	lsls	r1, r3, #30
    7bac:	d4fc      	bmi.n	7ba8 <StepDown_Start+0x11c>
    7bae:	4a32      	ldr	r2, [pc, #200]	; (7c78 <StepDown_Start+0x1ec>)
    7bb0:	6893      	ldr	r3, [r2, #8]
    7bb2:	079b      	lsls	r3, r3, #30
    7bb4:	d4fc      	bmi.n	7bb0 <StepDown_Start+0x124>
    7bb6:	b662      	cpsie	i
    7bb8:	4830      	ldr	r0, [pc, #192]	; (7c7c <StepDown_Start+0x1f0>)
    7bba:	4b31      	ldr	r3, [pc, #196]	; (7c80 <StepDown_Start+0x1f4>)
    7bbc:	4c31      	ldr	r4, [pc, #196]	; (7c84 <StepDown_Start+0x1f8>)
    7bbe:	6144      	str	r4, [r0, #20]
    7bc0:	f893 20cd 	ldrb.w	r2, [r3, #205]	; 0xcd
    7bc4:	4930      	ldr	r1, [pc, #192]	; (7c88 <StepDown_Start+0x1fc>)
    7bc6:	f002 02fe 	and.w	r2, r2, #254	; 0xfe
    7bca:	f042 0201 	orr.w	r2, r2, #1
    7bce:	f883 20cd 	strb.w	r2, [r3, #205]	; 0xcd
    7bd2:	f893 20b6 	ldrb.w	r2, [r3, #182]	; 0xb6
    7bd6:	f002 020f 	and.w	r2, r2, #15
    7bda:	f042 0250 	orr.w	r2, r2, #80	; 0x50
    7bde:	f883 20b6 	strb.w	r2, [r3, #182]	; 0xb6
    7be2:	60c4      	str	r4, [r0, #12]
    7be4:	f893 2053 	ldrb.w	r2, [r3, #83]	; 0x53
    7be8:	f002 02fe 	and.w	r2, r2, #254	; 0xfe
    7bec:	f042 0201 	orr.w	r2, r2, #1
    7bf0:	f883 2053 	strb.w	r2, [r3, #83]	; 0x53
    7bf4:	f893 2039 	ldrb.w	r2, [r3, #57]	; 0x39
    7bf8:	f002 020f 	and.w	r2, r2, #15
    7bfc:	f042 0250 	orr.w	r2, r2, #80	; 0x50
    7c00:	f883 2039 	strb.w	r2, [r3, #57]	; 0x39
    7c04:	6104      	str	r4, [r0, #16]
    7c06:	f893 2058 	ldrb.w	r2, [r3, #88]	; 0x58
    7c0a:	f002 02fe 	and.w	r2, r2, #254	; 0xfe
    7c0e:	f042 0201 	orr.w	r2, r2, #1
    7c12:	f883 2058 	strb.w	r2, [r3, #88]	; 0x58
    7c16:	f893 203c 	ldrb.w	r2, [r3, #60]	; 0x3c
    7c1a:	f002 02f0 	and.w	r2, r2, #240	; 0xf0
    7c1e:	f042 0205 	orr.w	r2, r2, #5
    7c22:	f883 203c 	strb.w	r2, [r3, #60]	; 0x3c
    7c26:	6084      	str	r4, [r0, #8]
    7c28:	f893 2055 	ldrb.w	r2, [r3, #85]	; 0x55
    7c2c:	f002 02fe 	and.w	r2, r2, #254	; 0xfe
    7c30:	f042 0201 	orr.w	r2, r2, #1
    7c34:	f883 2055 	strb.w	r2, [r3, #85]	; 0x55
    7c38:	f893 203a 	ldrb.w	r2, [r3, #58]	; 0x3a
    7c3c:	f002 020f 	and.w	r2, r2, #15
    7c40:	f042 0260 	orr.w	r2, r2, #96	; 0x60
    7c44:	2001      	movs	r0, #1
    7c46:	f883 203a 	strb.w	r2, [r3, #58]	; 0x3a
    7c4a:	f881 002a 	strb.w	r0, [r1, #42]	; 0x2a
    7c4e:	f881 002b 	strb.w	r0, [r1, #43]	; 0x2b
    7c52:	e8bd 83f8 	ldmia.w	sp!, {r3, r4, r5, r6, r7, r8, r9, pc}
    7c56:	bf00      	nop
    7c58:	20002204 	.word	0x20002204
    7c5c:	00006835 	.word	0x00006835
    7c60:	000068ad 	.word	0x000068ad
    7c64:	00006925 	.word	0x00006925
    7c68:	00006999 	.word	0x00006999
    7c6c:	42001000 	.word	0x42001000
    7c70:	41018000 	.word	0x41018000
    7c74:	42000c00 	.word	0x42000c00
    7c78:	41016000 	.word	0x41016000
    7c7c:	42003800 	.word	0x42003800
    7c80:	41008000 	.word	0x41008000
    7c84:	01606802 	.word	0x01606802
    7c88:	20003694 	.word	0x20003694
    7c8c:	00000000 	.word	0x00000000

00007c90 <StepDown_SetOutputs>:
    7c90:	e92d 4ff0 	stmdb	sp!, {r4, r5, r6, r7, r8, r9, sl, fp, lr}
    7c94:	b08b      	sub	sp, #44	; 0x2c
    7c96:	f04f 0a00 	mov.w	sl, #0
    7c9a:	f8df b3d4 	ldr.w	fp, [pc, #980]	; 8070 <StepDown_SetOutputs+0x3e0>
    7c9e:	f8cd a004 	str.w	sl, [sp, #4]
    7ca2:	f8cd a00c 	str.w	sl, [sp, #12]
    7ca6:	f8cd a008 	str.w	sl, [sp, #8]
    7caa:	f240 2812 	movw	r8, #530	; 0x212
    7cae:	fb08 b10a 	mla	r1, r8, sl, fp
    7cb2:	684a      	ldr	r2, [r1, #4]
    7cb4:	2a00      	cmp	r2, #0
    7cb6:	f040 80e2 	bne.w	7e7e <StepDown_SetOutputs+0x1ee>
    7cba:	fa5f f08a 	uxtb.w	r0, sl
    7cbe:	9000      	str	r0, [sp, #0]
    7cc0:	f8b1 01ee 	ldrh.w	r0, [r1, #494]	; 0x1ee
    7cc4:	f8a1 21ee 	strh.w	r2, [r1, #494]	; 0x1ee
    7cc8:	f8b1 01f0 	ldrh.w	r0, [r1, #496]	; 0x1f0
    7ccc:	f8a1 21f0 	strh.w	r2, [r1, #496]	; 0x1f0
    7cd0:	f8b1 01ea 	ldrh.w	r0, [r1, #490]	; 0x1ea
    7cd4:	f8a1 21ea 	strh.w	r2, [r1, #490]	; 0x1ea
    7cd8:	f8b1 01ec 	ldrh.w	r0, [r1, #492]	; 0x1ec
    7cdc:	f8a1 21ec 	strh.w	r2, [r1, #492]	; 0x1ec
    7ce0:	f8a1 2048 	strh.w	r2, [r1, #72]	; 0x48
    7ce4:	fb08 b30a 	mla	r3, r8, sl, fp
    7ce8:	3318      	adds	r3, #24
    7cea:	681b      	ldr	r3, [r3, #0]
    7cec:	2b00      	cmp	r3, #0
    7cee:	dd03      	ble.n	7cf8 <StepDown_SetOutputs+0x68>
    7cf0:	9b03      	ldr	r3, [sp, #12]
    7cf2:	3301      	adds	r3, #1
    7cf4:	b2db      	uxtb	r3, r3
    7cf6:	9303      	str	r3, [sp, #12]
    7cf8:	fb08 b30a 	mla	r3, r8, sl, fp
    7cfc:	461d      	mov	r5, r3
    7cfe:	699a      	ldr	r2, [r3, #24]
    7d00:	9205      	str	r2, [sp, #20]
    7d02:	f893 4062 	ldrb.w	r4, [r3, #98]	; 0x62
    7d06:	f855 2f04 	ldr.w	r2, [r5, #4]!
    7d0a:	b2e4      	uxtb	r4, r4
    7d0c:	b122      	cbz	r2, 7d18 <StepDown_SetOutputs+0x88>
    7d0e:	4ad0      	ldr	r2, [pc, #832]	; (8050 <StepDown_SetOutputs+0x3c0>)
    7d10:	8812      	ldrh	r2, [r2, #0]
    7d12:	2a00      	cmp	r2, #0
    7d14:	f000 80ba 	beq.w	7e8c <StepDown_SetOutputs+0x1fc>
    7d18:	fb08 b40a 	mla	r4, r8, sl, fp
    7d1c:	2000      	movs	r0, #0
    7d1e:	8b22      	ldrh	r2, [r4, #24]
    7d20:	8320      	strh	r0, [r4, #24]
    7d22:	8b61      	ldrh	r1, [r4, #26]
    7d24:	8360      	strh	r0, [r4, #26]
    7d26:	6ba3      	ldr	r3, [r4, #56]	; 0x38
    7d28:	9900      	ldr	r1, [sp, #0]
    7d2a:	4798      	blx	r3
    7d2c:	f8b4 3204 	ldrh.w	r3, [r4, #516]	; 0x204
    7d30:	b29b      	uxth	r3, r3
    7d32:	2b00      	cmp	r3, #0
    7d34:	d16e      	bne.n	7e14 <StepDown_SetOutputs+0x184>
    7d36:	fb08 b30a 	mla	r3, r8, sl, fp
    7d3a:	3318      	adds	r3, #24
    7d3c:	681b      	ldr	r3, [r3, #0]
    7d3e:	2b00      	cmp	r3, #0
    7d40:	dd06      	ble.n	7d50 <StepDown_SetOutputs+0xc0>
    7d42:	9a02      	ldr	r2, [sp, #8]
    7d44:	9900      	ldr	r1, [sp, #0]
    7d46:	4613      	mov	r3, r2
    7d48:	2a00      	cmp	r2, #0
    7d4a:	bf08      	it	eq
    7d4c:	460b      	moveq	r3, r1
    7d4e:	9302      	str	r3, [sp, #8]
    7d50:	fb08 b30a 	mla	r3, r8, sl, fp
    7d54:	3318      	adds	r3, #24
    7d56:	681b      	ldr	r3, [r3, #0]
    7d58:	2b00      	cmp	r3, #0
    7d5a:	dd03      	ble.n	7d64 <StepDown_SetOutputs+0xd4>
    7d5c:	9b01      	ldr	r3, [sp, #4]
    7d5e:	3301      	adds	r3, #1
    7d60:	b2db      	uxtb	r3, r3
    7d62:	9301      	str	r3, [sp, #4]
    7d64:	f10a 0a01 	add.w	sl, sl, #1
    7d68:	f1ba 0f04 	cmp.w	sl, #4
    7d6c:	d19f      	bne.n	7cae <StepDown_SetOutputs+0x1e>
    7d6e:	9b01      	ldr	r3, [sp, #4]
    7d70:	2b00      	cmp	r3, #0
    7d72:	f000 815d 	beq.w	8030 <StepDown_SetOutputs+0x3a0>
    7d76:	9b02      	ldr	r3, [sp, #8]
    7d78:	f240 2c12 	movw	ip, #530	; 0x212
    7d7c:	fb0c f703 	mul.w	r7, ip, r3
    7d80:	f04f 0e00 	mov.w	lr, #0
    7d84:	fb0c f00e 	mul.w	r0, ip, lr
    7d88:	eb0b 0300 	add.w	r3, fp, r0
    7d8c:	6999      	ldr	r1, [r3, #24]
    7d8e:	bb29      	cbnz	r1, 7ddc <StepDown_SetOutputs+0x14c>
    7d90:	f893 4062 	ldrb.w	r4, [r3, #98]	; 0x62
    7d94:	fab4 f484 	clz	r4, r4
    7d98:	0964      	lsrs	r4, r4, #5
    7d9a:	0124      	lsls	r4, r4, #4
    7d9c:	1863      	adds	r3, r4, r1
    7d9e:	f103 0218 	add.w	r2, r3, #24
    7da2:	0092      	lsls	r2, r2, #2
    7da4:	19d5      	adds	r5, r2, r7
    7da6:	445d      	add	r5, fp
    7da8:	f103 0658 	add.w	r6, r3, #88	; 0x58
    7dac:	4402      	add	r2, r0
    7dae:	3338      	adds	r3, #56	; 0x38
    7db0:	f8d5 5006 	ldr.w	r5, [r5, #6]
    7db4:	eb00 0686 	add.w	r6, r0, r6, lsl #2
    7db8:	eb00 0383 	add.w	r3, r0, r3, lsl #2
    7dbc:	445a      	add	r2, fp
    7dbe:	445e      	add	r6, fp
    7dc0:	445b      	add	r3, fp
    7dc2:	3101      	adds	r1, #1
    7dc4:	f8c2 5006 	str.w	r5, [r2, #6]
    7dc8:	f105 38ff 	add.w	r8, r5, #4294967295
    7dcc:	2910      	cmp	r1, #16
    7dce:	f1a5 0502 	sub.w	r5, r5, #2
    7dd2:	f8c6 8006 	str.w	r8, [r6, #6]
    7dd6:	f8c3 5006 	str.w	r5, [r3, #6]
    7dda:	d1df      	bne.n	7d9c <StepDown_SetOutputs+0x10c>
    7ddc:	f10e 0e01 	add.w	lr, lr, #1
    7de0:	f1be 0f04 	cmp.w	lr, #4
    7de4:	d1ce      	bne.n	7d84 <StepDown_SetOutputs+0xf4>
    7de6:	9b03      	ldr	r3, [sp, #12]
    7de8:	2b00      	cmp	r3, #0
    7dea:	f000 81da 	beq.w	81a2 <StepDown_SetOutputs+0x512>
    7dee:	9a02      	ldr	r2, [sp, #8]
    7df0:	f240 2312 	movw	r3, #530	; 0x212
    7df4:	fb03 b302 	mla	r3, r3, r2, fp
    7df8:	f893 3063 	ldrb.w	r3, [r3, #99]	; 0x63
    7dfc:	3302      	adds	r3, #2
    7dfe:	f003 030f 	and.w	r3, r3, #15
    7e02:	f88b 31f6 	strb.w	r3, [fp, #502]	; 0x1f6
    7e06:	f88b 3408 	strb.w	r3, [fp, #1032]	; 0x408
    7e0a:	f88b 361a 	strb.w	r3, [fp, #1562]	; 0x61a
    7e0e:	f88b 382c 	strb.w	r3, [fp, #2092]	; 0x82c
    7e12:	e15d      	b.n	80d0 <StepDown_SetOutputs+0x440>
    7e14:	6b63      	ldr	r3, [r4, #52]	; 0x34
    7e16:	4798      	blx	r3
    7e18:	bb48      	cbnz	r0, 7e6e <StepDown_SetOutputs+0x1de>
    7e1a:	f8b4 2204 	ldrh.w	r2, [r4, #516]	; 0x204
    7e1e:	4b8d      	ldr	r3, [pc, #564]	; (8054 <StepDown_SetOutputs+0x3c4>)
    7e20:	b291      	uxth	r1, r2
    7e22:	f24d 424c 	movw	r2, #54348	; 0xd44c
    7e26:	fb02 f201 	mul.w	r2, r2, r1
    7e2a:	fba3 1302 	umull	r1, r3, r3, r2
    7e2e:	1ad2      	subs	r2, r2, r3
    7e30:	eb03 0352 	add.w	r3, r3, r2, lsr #1
    7e34:	f3c3 23cf 	ubfx	r3, r3, #11, #16
    7e38:	f5a3 523b 	sub.w	r2, r3, #11968	; 0x2ec0
    7e3c:	3a21      	subs	r2, #33	; 0x21
    7e3e:	b292      	uxth	r2, r2
    7e40:	f646 7153 	movw	r1, #28499	; 0x6f53
    7e44:	428a      	cmp	r2, r1
    7e46:	f200 8159 	bhi.w	80fc <StepDown_SetOutputs+0x46c>
    7e4a:	0ada      	lsrs	r2, r3, #11
    7e4c:	f8a4 220e 	strh.w	r2, [r4, #526]	; 0x20e
    7e50:	f8b4 220e 	ldrh.w	r2, [r4, #526]	; 0x20e
    7e54:	0411      	lsls	r1, r2, #16
    7e56:	fb08 b20a 	mla	r2, r8, sl, fp
    7e5a:	bf48      	it	mi
    7e5c:	f8a4 020e 	strhmi.w	r0, [r4, #526]	; 0x20e
    7e60:	f8a2 304e 	strh.w	r3, [r2, #78]	; 0x4e
    7e64:	f892 3210 	ldrb.w	r3, [r2, #528]	; 0x210
    7e68:	2b01      	cmp	r3, #1
    7e6a:	f000 818f 	beq.w	818c <StepDown_SetOutputs+0x4fc>
    7e6e:	fb08 b30a 	mla	r3, r8, sl, fp
    7e72:	2200      	movs	r2, #0
    7e74:	f8a3 2204 	strh.w	r2, [r3, #516]	; 0x204
    7e78:	f8a3 2206 	strh.w	r2, [r3, #518]	; 0x206
    7e7c:	e75b      	b.n	7d36 <StepDown_SetOutputs+0xa6>
    7e7e:	fa5f f38a 	uxtb.w	r3, sl
    7e82:	9300      	str	r3, [sp, #0]
    7e84:	4618      	mov	r0, r3
    7e86:	6acb      	ldr	r3, [r1, #44]	; 0x2c
    7e88:	4798      	blx	r3
    7e8a:	e72b      	b.n	7ce4 <StepDown_SetOutputs+0x54>
    7e8c:	3334      	adds	r3, #52	; 0x34
    7e8e:	681b      	ldr	r3, [r3, #0]
    7e90:	4798      	blx	r3
    7e92:	2800      	cmp	r0, #0
    7e94:	f47f af40 	bne.w	7d18 <StepDown_SetOutputs+0x88>
    7e98:	682b      	ldr	r3, [r5, #0]
    7e9a:	b1c3      	cbz	r3, 7ece <StepDown_SetOutputs+0x23e>
    7e9c:	4a6e      	ldr	r2, [pc, #440]	; (8058 <StepDown_SetOutputs+0x3c8>)
    7e9e:	4293      	cmp	r3, r2
    7ea0:	f240 818d 	bls.w	81be <StepDown_SetOutputs+0x52e>
    7ea4:	f5b3 0f80 	cmp.w	r3, #4194304	; 0x400000
    7ea8:	f200 8191 	bhi.w	81ce <StepDown_SetOutputs+0x53e>
    7eac:	f46f 72a9 	mvn.w	r2, #338	; 0x152
    7eb0:	f5a3 33f1 	sub.w	r3, r3, #123392	; 0x1e200
    7eb4:	4413      	add	r3, r2
    7eb6:	f246 6026 	movw	r0, #26150	; 0x6626
    7eba:	fba3 0100 	umull	r0, r1, r3, r0
    7ebe:	4d67      	ldr	r5, [pc, #412]	; (805c <StepDown_SetOutputs+0x3cc>)
    7ec0:	a361      	add	r3, pc, #388	; (adr r3, 8048 <StepDown_SetOutputs+0x3b8>)
    7ec2:	e9d3 2300 	ldrd	r2, r3, [r3]
    7ec6:	47a8      	blx	r5
    7ec8:	f200 733a 	addw	r3, r0, #1850	; 0x73a
    7ecc:	b29b      	uxth	r3, r3
    7ece:	fb08 f70a 	mul.w	r7, r8, sl
    7ed2:	eb0b 0107 	add.w	r1, fp, r7
    7ed6:	fab4 f284 	clz	r2, r4
    7eda:	0952      	lsrs	r2, r2, #5
    7edc:	4d60      	ldr	r5, [pc, #384]	; (8060 <StepDown_SetOutputs+0x3d0>)
    7ede:	610b      	str	r3, [r1, #16]
    7ee0:	4614      	mov	r4, r2
    7ee2:	2000      	movs	r0, #0
    7ee4:	f501 73f0 	add.w	r3, r1, #480	; 0x1e0
    7ee8:	9206      	str	r2, [sp, #24]
    7eea:	f8cd a01c 	str.w	sl, [sp, #28]
    7eee:	460a      	mov	r2, r1
    7ef0:	9304      	str	r3, [sp, #16]
    7ef2:	ea4f 1e04 	mov.w	lr, r4, lsl #4
    7ef6:	4606      	mov	r6, r0
    7ef8:	46aa      	mov	sl, r5
    7efa:	e08a      	b.n	8012 <StepDown_SetOutputs+0x382>
    7efc:	681c      	ldr	r4, [r3, #0]
    7efe:	4d59      	ldr	r5, [pc, #356]	; (8064 <StepDown_SetOutputs+0x3d4>)
    7f00:	681b      	ldr	r3, [r3, #0]
    7f02:	42ab      	cmp	r3, r5
    7f04:	f240 8114 	bls.w	8130 <StepDown_SetOutputs+0x4a0>
    7f08:	4b57      	ldr	r3, [pc, #348]	; (8068 <StepDown_SetOutputs+0x3d8>)
    7f0a:	429c      	cmp	r4, r3
    7f0c:	d803      	bhi.n	7f16 <StepDown_SetOutputs+0x286>
    7f0e:	0924      	lsrs	r4, r4, #4
    7f10:	fb04 f400 	mul.w	r4, r4, r0
    7f14:	0c21      	lsrs	r1, r4, #16
    7f16:	eb0e 0306 	add.w	r3, lr, r6
    7f1a:	3318      	adds	r3, #24
    7f1c:	eb07 0383 	add.w	r3, r7, r3, lsl #2
    7f20:	6915      	ldr	r5, [r2, #16]
    7f22:	9804      	ldr	r0, [sp, #16]
    7f24:	445b      	add	r3, fp
    7f26:	1d14      	adds	r4, r2, #4
    7f28:	f8d0 0006 	ldr.w	r0, [r0, #6]
    7f2c:	4429      	add	r1, r5
    7f2e:	fbb0 f1f1 	udiv	r1, r0, r1
    7f32:	f8c3 1006 	str.w	r1, [r3, #6]
    7f36:	f8d3 0006 	ldr.w	r0, [r3, #6]
    7f3a:	f8d4 c000 	ldr.w	ip, [r4]
    7f3e:	f8d3 9006 	ldr.w	r9, [r3, #6]
    7f42:	17c5      	asrs	r5, r0, #31
    7f44:	fba0 010c 	umull	r0, r1, r0, ip
    7f48:	fb0c 1105 	mla	r1, ip, r5, r1
    7f4c:	0e00      	lsrs	r0, r0, #24
    7f4e:	ea40 2001 	orr.w	r0, r0, r1, lsl #8
    7f52:	3003      	adds	r0, #3
    7f54:	4548      	cmp	r0, r9
    7f56:	f240 80e7 	bls.w	8128 <StepDown_SetOutputs+0x498>
    7f5a:	f8d3 1006 	ldr.w	r1, [r3, #6]
    7f5e:	1ec8      	subs	r0, r1, #3
    7f60:	f8b2 420e 	ldrh.w	r4, [r2, #526]	; 0x20e
    7f64:	6895      	ldr	r5, [r2, #8]
    7f66:	f8b2 c20e 	ldrh.w	ip, [r2, #526]	; 0x20e
    7f6a:	eb0e 0306 	add.w	r3, lr, r6
    7f6e:	3318      	adds	r3, #24
    7f70:	fa0f fc8c 	sxth.w	ip, ip
    7f74:	b221      	sxth	r1, r4
    7f76:	eb07 0383 	add.w	r3, r7, r3, lsl #2
    7f7a:	fb05 f50c 	mul.w	r5, r5, ip
    7f7e:	445b      	add	r3, fp
    7f80:	eba1 4115 	sub.w	r1, r1, r5, lsr #16
    7f84:	4401      	add	r1, r0
    7f86:	eb0e 0006 	add.w	r0, lr, r6
    7f8a:	f8d3 4006 	ldr.w	r4, [r3, #6]
    7f8e:	3018      	adds	r0, #24
    7f90:	eb07 0080 	add.w	r0, r7, r0, lsl #2
    7f94:	42a1      	cmp	r1, r4
    7f96:	4458      	add	r0, fp
    7f98:	bf88      	it	hi
    7f9a:	f8d3 1006 	ldrhi.w	r1, [r3, #6]
    7f9e:	f8d0 0006 	ldr.w	r0, [r0, #6]
    7fa2:	f8b2 3048 	ldrh.w	r3, [r2, #72]	; 0x48
    7fa6:	bf88      	it	hi
    7fa8:	f101 31ff 	addhi.w	r1, r1, #4294967295
    7fac:	f640 5496 	movw	r4, #3478	; 0xd96
    7fb0:	1a41      	subs	r1, r0, r1
    7fb2:	fb04 f001 	mul.w	r0, r4, r1
    7fb6:	0a00      	lsrs	r0, r0, #8
    7fb8:	b29b      	uxth	r3, r3
    7fba:	fb03 f300 	mul.w	r3, r3, r0
    7fbe:	8fd0      	ldrh	r0, [r2, #62]	; 0x3e
    7fc0:	f8b2 404a 	ldrh.w	r4, [r2, #74]	; 0x4a
    7fc4:	0c1b      	lsrs	r3, r3, #16
    7fc6:	f203 1397 	addw	r3, r3, #407	; 0x197
    7fca:	b280      	uxth	r0, r0
    7fcc:	fb00 f303 	mul.w	r3, r0, r3
    7fd0:	b2a4      	uxth	r4, r4
    7fd2:	fbb3 f4f4 	udiv	r4, r3, r4
    7fd6:	2900      	cmp	r1, #0
    7fd8:	f000 80a3 	beq.w	8122 <StepDown_SetOutputs+0x492>
    7fdc:	4608      	mov	r0, r1
    7fde:	eb0e 0306 	add.w	r3, lr, r6
    7fe2:	3338      	adds	r3, #56	; 0x38
    7fe4:	eb07 0383 	add.w	r3, r7, r3, lsl #2
    7fe8:	428c      	cmp	r4, r1
    7fea:	445b      	add	r3, fp
    7fec:	f080 8091 	bcs.w	8112 <StepDown_SetOutputs+0x482>
    7ff0:	1b09      	subs	r1, r1, r4
    7ff2:	f8c3 1006 	str.w	r1, [r3, #6]
    7ff6:	eb0e 0306 	add.w	r3, lr, r6
    7ffa:	3358      	adds	r3, #88	; 0x58
    7ffc:	eb07 0383 	add.w	r3, r7, r3, lsl #2
    8000:	445b      	add	r3, fp
    8002:	3601      	adds	r6, #1
    8004:	2e10      	cmp	r6, #16
    8006:	f8c3 0006 	str.w	r0, [r3, #6]
    800a:	f000 80a5 	beq.w	8158 <StepDown_SetOutputs+0x4c8>
    800e:	f83a 0b02 	ldrh.w	r0, [sl], #2
    8012:	4613      	mov	r3, r2
    8014:	4601      	mov	r1, r0
    8016:	f853 4f04 	ldr.w	r4, [r3, #4]!
    801a:	f5b4 0f00 	cmp.w	r4, #8388608	; 0x800000
    801e:	f67f af6d 	bls.w	7efc <StepDown_SetOutputs+0x26c>
    8022:	6818      	ldr	r0, [r3, #0]
    8024:	4c11      	ldr	r4, [pc, #68]	; (806c <StepDown_SetOutputs+0x3dc>)
    8026:	42a0      	cmp	r0, r4
    8028:	f240 8085 	bls.w	8136 <StepDown_SetOutputs+0x4a6>
    802c:	0889      	lsrs	r1, r1, #2
    802e:	e772      	b.n	7f16 <StepDown_SetOutputs+0x286>
    8030:	9b03      	ldr	r3, [sp, #12]
    8032:	b9fb      	cbnz	r3, 8074 <StepDown_SetOutputs+0x3e4>
    8034:	23ff      	movs	r3, #255	; 0xff
    8036:	f88b 31f6 	strb.w	r3, [fp, #502]	; 0x1f6
    803a:	f88b 3408 	strb.w	r3, [fp, #1032]	; 0x408
    803e:	f88b 361a 	strb.w	r3, [fp, #1562]	; 0x61a
    8042:	f88b 382c 	strb.w	r3, [fp, #2092]	; 0x82c
    8046:	e043      	b.n	80d0 <StepDown_SetOutputs+0x440>
    8048:	003e1cad 	.word	0x003e1cad
    804c:	00000000 	.word	0x00000000
    8050:	20003694 	.word	0x20003694
    8054:	00100101 	.word	0x00100101
    8058:	0001e353 	.word	0x0001e353
    805c:	00010061 	.word	0x00010061
    8060:	00010d22 	.word	0x00010d22
    8064:	0003ffff 	.word	0x0003ffff
    8068:	000fffff 	.word	0x000fffff
    806c:	00a3ffff 	.word	0x00a3ffff
    8070:	20002204 	.word	0x20002204
    8074:	9a02      	ldr	r2, [sp, #8]
    8076:	4d57      	ldr	r5, [pc, #348]	; (81d4 <StepDown_SetOutputs+0x544>)
    8078:	f240 2312 	movw	r3, #530	; 0x212
    807c:	fb03 b302 	mla	r3, r3, r2, fp
    8080:	4a55      	ldr	r2, [pc, #340]	; (81d8 <StepDown_SetOutputs+0x548>)
    8082:	f893 3063 	ldrb.w	r3, [r3, #99]	; 0x63
    8086:	3302      	adds	r3, #2
    8088:	f003 030f 	and.w	r3, r3, #15
    808c:	f88b 31f6 	strb.w	r3, [fp, #502]	; 0x1f6
    8090:	f88b 3408 	strb.w	r3, [fp, #1032]	; 0x408
    8094:	f88b 361a 	strb.w	r3, [fp, #1562]	; 0x61a
    8098:	f88b 382c 	strb.w	r3, [fp, #2092]	; 0x82c
    809c:	4790      	blx	r2
    809e:	484f      	ldr	r0, [pc, #316]	; (81dc <StepDown_SetOutputs+0x54c>)
    80a0:	9f01      	ldr	r7, [sp, #4]
    80a2:	6804      	ldr	r4, [r0, #0]
    80a4:	494e      	ldr	r1, [pc, #312]	; (81e0 <StepDown_SetOutputs+0x550>)
    80a6:	4a4f      	ldr	r2, [pc, #316]	; (81e4 <StepDown_SetOutputs+0x554>)
    80a8:	4b4f      	ldr	r3, [pc, #316]	; (81e8 <StepDown_SetOutputs+0x558>)
    80aa:	f367 0441 	bfi	r4, r7, #1, #1
    80ae:	6004      	str	r4, [r0, #0]
    80b0:	6808      	ldr	r0, [r1, #0]
    80b2:	f885 702a 	strb.w	r7, [r5, #42]	; 0x2a
    80b6:	f367 0041 	bfi	r0, r7, #1, #1
    80ba:	6008      	str	r0, [r1, #0]
    80bc:	6811      	ldr	r1, [r2, #0]
    80be:	f367 0141 	bfi	r1, r7, #1, #1
    80c2:	6011      	str	r1, [r2, #0]
    80c4:	681a      	ldr	r2, [r3, #0]
    80c6:	f367 0241 	bfi	r2, r7, #1, #1
    80ca:	601a      	str	r2, [r3, #0]
    80cc:	4b47      	ldr	r3, [pc, #284]	; (81ec <StepDown_SetOutputs+0x55c>)
    80ce:	4798      	blx	r3
    80d0:	f8bb 046c 	ldrh.w	r0, [fp, #1132]	; 0x46c
    80d4:	f8ad 0020 	strh.w	r0, [sp, #32]
    80d8:	f8bb 425a 	ldrh.w	r4, [fp, #602]	; 0x25a
    80dc:	4b44      	ldr	r3, [pc, #272]	; (81f0 <StepDown_SetOutputs+0x560>)
    80de:	f8bb 167e 	ldrh.w	r1, [fp, #1662]	; 0x67e
    80e2:	f8bb 2048 	ldrh.w	r2, [fp, #72]	; 0x48
    80e6:	f8ad 4022 	strh.w	r4, [sp, #34]	; 0x22
    80ea:	a808      	add	r0, sp, #32
    80ec:	f8ad 1024 	strh.w	r1, [sp, #36]	; 0x24
    80f0:	f8ad 2026 	strh.w	r2, [sp, #38]	; 0x26
    80f4:	4798      	blx	r3
    80f6:	b00b      	add	sp, #44	; 0x2c
    80f8:	e8bd 8ff0 	ldmia.w	sp!, {r4, r5, r6, r7, r8, r9, sl, fp, pc}
    80fc:	230a      	movs	r3, #10
    80fe:	f8a4 320e 	strh.w	r3, [r4, #526]	; 0x20e
    8102:	fb08 b30a 	mla	r3, r8, sl, fp
    8106:	2200      	movs	r2, #0
    8108:	f8a3 2204 	strh.w	r2, [r3, #516]	; 0x204
    810c:	f8a3 2206 	strh.w	r2, [r3, #518]	; 0x206
    8110:	e611      	b.n	7d36 <StepDown_SetOutputs+0xa6>
    8112:	2101      	movs	r1, #1
    8114:	88dc      	ldrh	r4, [r3, #6]
    8116:	80d9      	strh	r1, [r3, #6]
    8118:	8919      	ldrh	r1, [r3, #8]
    811a:	f04f 0100 	mov.w	r1, #0
    811e:	8119      	strh	r1, [r3, #8]
    8120:	e769      	b.n	7ff6 <StepDown_SetOutputs+0x366>
    8122:	2001      	movs	r0, #1
    8124:	4601      	mov	r1, r0
    8126:	e75a      	b.n	7fde <StepDown_SetOutputs+0x34e>
    8128:	2800      	cmp	r0, #0
    812a:	bf08      	it	eq
    812c:	2001      	moveq	r0, #1
    812e:	e717      	b.n	7f60 <StepDown_SetOutputs+0x2d0>
    8130:	f44f 4480 	mov.w	r4, #16384	; 0x4000
    8134:	e6ec      	b.n	7f10 <StepDown_SetOutputs+0x280>
    8136:	6818      	ldr	r0, [r3, #0]
    8138:	4c2e      	ldr	r4, [pc, #184]	; (81f4 <StepDown_SetOutputs+0x564>)
    813a:	42a0      	cmp	r0, r4
    813c:	d80a      	bhi.n	8154 <StepDown_SetOutputs+0x4c4>
    813e:	681b      	ldr	r3, [r3, #0]
    8140:	f5c3 0330 	rsb	r3, r3, #11534336	; 0xb00000
    8144:	091b      	lsrs	r3, r3, #4
    8146:	fb01 f103 	mul.w	r1, r1, r3
    814a:	4b2b      	ldr	r3, [pc, #172]	; (81f8 <StepDown_SetOutputs+0x568>)
    814c:	fba3 3101 	umull	r3, r1, r3, r1
    8150:	0c49      	lsrs	r1, r1, #17
    8152:	e6e0      	b.n	7f16 <StepDown_SetOutputs+0x286>
    8154:	2100      	movs	r1, #0
    8156:	e6de      	b.n	7f16 <StepDown_SetOutputs+0x286>
    8158:	9b06      	ldr	r3, [sp, #24]
    815a:	f8dd a01c 	ldr.w	sl, [sp, #28]
    815e:	eb07 1483 	add.w	r4, r7, r3, lsl #6
    8162:	445c      	add	r4, fp
    8164:	445f      	add	r7, fp
    8166:	f8d4 3066 	ldr.w	r3, [r4, #102]	; 0x66
    816a:	617b      	str	r3, [r7, #20]
    816c:	f8d4 3166 	ldr.w	r3, [r4, #358]	; 0x166
    8170:	61bb      	str	r3, [r7, #24]
    8172:	9b05      	ldr	r3, [sp, #20]
    8174:	b91b      	cbnz	r3, 817e <StepDown_SetOutputs+0x4ee>
    8176:	4b17      	ldr	r3, [pc, #92]	; (81d4 <StepDown_SetOutputs+0x544>)
    8178:	f893 302a 	ldrb.w	r3, [r3, #42]	; 0x2a
    817c:	bb13      	cbnz	r3, 81c4 <StepDown_SetOutputs+0x534>
    817e:	f99b 3848 	ldrsb.w	r3, [fp, #2120]	; 0x848
    8182:	2b00      	cmp	r3, #0
    8184:	bfb8      	it	lt
    8186:	f88b a848 	strblt.w	sl, [fp, #2120]	; 0x848
    818a:	e5d4      	b.n	7d36 <StepDown_SetOutputs+0xa6>
    818c:	2302      	movs	r3, #2
    818e:	f882 3210 	strb.w	r3, [r2, #528]	; 0x210
    8192:	fb08 b30a 	mla	r3, r8, sl, fp
    8196:	2200      	movs	r2, #0
    8198:	f8a3 2204 	strh.w	r2, [r3, #516]	; 0x204
    819c:	f8a3 2206 	strh.w	r2, [r3, #518]	; 0x206
    81a0:	e5c9      	b.n	7d36 <StepDown_SetOutputs+0xa6>
    81a2:	23ff      	movs	r3, #255	; 0xff
    81a4:	f88b 31f6 	strb.w	r3, [fp, #502]	; 0x1f6
    81a8:	4a0b      	ldr	r2, [pc, #44]	; (81d8 <StepDown_SetOutputs+0x548>)
    81aa:	f88b 3408 	strb.w	r3, [fp, #1032]	; 0x408
    81ae:	f88b 361a 	strb.w	r3, [fp, #1562]	; 0x61a
    81b2:	f88b 382c 	strb.w	r3, [fp, #2092]	; 0x82c
    81b6:	4790      	blx	r2
    81b8:	4b10      	ldr	r3, [pc, #64]	; (81fc <StepDown_SetOutputs+0x56c>)
    81ba:	4798      	blx	r3
    81bc:	e786      	b.n	80cc <StepDown_SetOutputs+0x43c>
    81be:	f240 733a 	movw	r3, #1850	; 0x73a
    81c2:	e684      	b.n	7ece <StepDown_SetOutputs+0x23e>
    81c4:	9900      	ldr	r1, [sp, #0]
    81c6:	6bbb      	ldr	r3, [r7, #56]	; 0x38
    81c8:	2001      	movs	r0, #1
    81ca:	4798      	blx	r3
    81cc:	e7d7      	b.n	817e <StepDown_SetOutputs+0x4ee>
    81ce:	f646 5360 	movw	r3, #28000	; 0x6d60
    81d2:	e67c      	b.n	7ece <StepDown_SetOutputs+0x23e>
    81d4:	20003694 	.word	0x20003694
    81d8:	0000f441 	.word	0x0000f441
    81dc:	42001000 	.word	0x42001000
    81e0:	41018000 	.word	0x41018000
    81e4:	42000c00 	.word	0x42000c00
    81e8:	41016000 	.word	0x41016000
    81ec:	0000f59d 	.word	0x0000f59d
    81f0:	000045bd 	.word	0x000045bd
    81f4:	00afffff 	.word	0x00afffff
    81f8:	aaaaaaab 	.word	0xaaaaaaab
    81fc:	00007a8d 	.word	0x00007a8d

00008200 <StepDown_Task>:
    8200:	e92d 4ff0 	stmdb	sp!, {r4, r5, r6, r7, r8, r9, sl, fp, lr}
    8204:	4b5e      	ldr	r3, [pc, #376]	; (8380 <StepDown_Task+0x180>)
    8206:	4d5f      	ldr	r5, [pc, #380]	; (8384 <StepDown_Task+0x184>)
    8208:	b08b      	sub	sp, #44	; 0x2c
    820a:	4798      	blx	r3
    820c:	4b5e      	ldr	r3, [pc, #376]	; (8388 <StepDown_Task+0x188>)
    820e:	4a5f      	ldr	r2, [pc, #380]	; (838c <StepDown_Task+0x18c>)
    8210:	2143      	movs	r1, #67	; 0x43
    8212:	f8c3 1090 	str.w	r1, [r3, #144]	; 0x90
    8216:	6953      	ldr	r3, [r2, #20]
    8218:	f443 6380 	orr.w	r3, r3, #1024	; 0x400
    821c:	6153      	str	r3, [r2, #20]
    821e:	782b      	ldrb	r3, [r5, #0]
    8220:	f043 0301 	orr.w	r3, r3, #1
    8224:	702b      	strb	r3, [r5, #0]
    8226:	686e      	ldr	r6, [r5, #4]
    8228:	f016 0601 	ands.w	r6, r6, #1
    822c:	d1fb      	bne.n	8226 <StepDown_Task+0x26>
    822e:	622e      	str	r6, [r5, #32]
    8230:	61ee      	str	r6, [r5, #28]
    8232:	69eb      	ldr	r3, [r5, #28]
    8234:	4c56      	ldr	r4, [pc, #344]	; (8390 <StepDown_Task+0x190>)
    8236:	f8df 9184 	ldr.w	r9, [pc, #388]	; 83bc <StepDown_Task+0x1bc>
    823a:	4956      	ldr	r1, [pc, #344]	; (8394 <StepDown_Task+0x194>)
    823c:	4f56      	ldr	r7, [pc, #344]	; (8398 <StepDown_Task+0x198>)
    823e:	f8df 8180 	ldr.w	r8, [pc, #384]	; 83c0 <StepDown_Task+0x1c0>
    8242:	f8df a180 	ldr.w	sl, [pc, #384]	; 83c4 <StepDown_Task+0x1c4>
    8246:	f043 7300 	orr.w	r3, r3, #33554432	; 0x2000000
    824a:	61eb      	str	r3, [r5, #28]
    824c:	6a2b      	ldr	r3, [r5, #32]
    824e:	f443 5300 	orr.w	r3, r3, #8192	; 0x2000
    8252:	622b      	str	r3, [r5, #32]
    8254:	69eb      	ldr	r3, [r5, #28]
    8256:	f443 3300 	orr.w	r3, r3, #131072	; 0x20000
    825a:	61eb      	str	r3, [r5, #28]
    825c:	69eb      	ldr	r3, [r5, #28]
    825e:	f640 0051 	movw	r0, #2129	; 0x851
    8262:	f043 0302 	orr.w	r3, r3, #2
    8266:	61eb      	str	r3, [r5, #28]
    8268:	60a8      	str	r0, [r5, #8]
    826a:	6b2a      	ldr	r2, [r5, #48]	; 0x30
    826c:	2340      	movs	r3, #64	; 0x40
    826e:	4302      	orrs	r2, r0
    8270:	632a      	str	r2, [r5, #48]	; 0x30
    8272:	636e      	str	r6, [r5, #52]	; 0x34
    8274:	6063      	str	r3, [r4, #4]
    8276:	62a1      	str	r1, [r4, #40]	; 0x28
    8278:	f8c4 9028 	str.w	r9, [r4, #40]	; 0x28
    827c:	6063      	str	r3, [r4, #4]
    827e:	f894 2046 	ldrb.w	r2, [r4, #70]	; 0x46
    8282:	f042 0204 	orr.w	r2, r2, #4
    8286:	f884 2046 	strb.w	r2, [r4, #70]	; 0x46
    828a:	f44f 1118 	mov.w	r1, #2490368	; 0x260000
    828e:	61a3      	str	r3, [r4, #24]
    8290:	2006      	movs	r0, #6
    8292:	47b8      	blx	r7
    8294:	f44f 6300 	mov.w	r3, #2048	; 0x800
    8298:	4a40      	ldr	r2, [pc, #256]	; (839c <StepDown_Task+0x19c>)
    829a:	6063      	str	r3, [r4, #4]
    829c:	62a2      	str	r2, [r4, #40]	; 0x28
    829e:	f8c4 9028 	str.w	r9, [r4, #40]	; 0x28
    82a2:	6063      	str	r3, [r4, #4]
    82a4:	f894 204b 	ldrb.w	r2, [r4, #75]	; 0x4b
    82a8:	f042 0204 	orr.w	r2, r2, #4
    82ac:	f884 204b 	strb.w	r2, [r4, #75]	; 0x4b
    82b0:	f44f 112c 	mov.w	r1, #2818048	; 0x2b0000
    82b4:	61a3      	str	r3, [r4, #24]
    82b6:	200b      	movs	r0, #11
    82b8:	47b8      	blx	r7
    82ba:	2310      	movs	r3, #16
    82bc:	4a38      	ldr	r2, [pc, #224]	; (83a0 <StepDown_Task+0x1a0>)
    82be:	6063      	str	r3, [r4, #4]
    82c0:	62a2      	str	r2, [r4, #40]	; 0x28
    82c2:	f8c4 9028 	str.w	r9, [r4, #40]	; 0x28
    82c6:	6063      	str	r3, [r4, #4]
    82c8:	f894 2044 	ldrb.w	r2, [r4, #68]	; 0x44
    82cc:	f042 0204 	orr.w	r2, r2, #4
    82d0:	f884 2044 	strb.w	r2, [r4, #68]	; 0x44
    82d4:	f44f 1110 	mov.w	r1, #2359296	; 0x240000
    82d8:	61a3      	str	r3, [r4, #24]
    82da:	2004      	movs	r0, #4
    82dc:	47b8      	blx	r7
    82de:	2301      	movs	r3, #1
    82e0:	4a30      	ldr	r2, [pc, #192]	; (83a4 <StepDown_Task+0x1a4>)
    82e2:	6063      	str	r3, [r4, #4]
    82e4:	62a2      	str	r2, [r4, #40]	; 0x28
    82e6:	f8c4 9028 	str.w	r9, [r4, #40]	; 0x28
    82ea:	6063      	str	r3, [r4, #4]
    82ec:	f894 2040 	ldrb.w	r2, [r4, #64]	; 0x40
    82f0:	f042 0204 	orr.w	r2, r2, #4
    82f4:	f884 2040 	strb.w	r2, [r4, #64]	; 0x40
    82f8:	4631      	mov	r1, r6
    82fa:	4630      	mov	r0, r6
    82fc:	61a3      	str	r3, [r4, #24]
    82fe:	47b8      	blx	r7
    8300:	782b      	ldrb	r3, [r5, #0]
    8302:	4a29      	ldr	r2, [pc, #164]	; (83a8 <StepDown_Task+0x1a8>)
    8304:	f043 0302 	orr.w	r3, r3, #2
    8308:	702b      	strb	r3, [r5, #0]
    830a:	4790      	blx	r2
    830c:	4b27      	ldr	r3, [pc, #156]	; (83ac <StepDown_Task+0x1ac>)
    830e:	f888 602c 	strb.w	r6, [r8, #44]	; 0x2c
    8312:	681b      	ldr	r3, [r3, #0]
    8314:	4630      	mov	r0, r6
    8316:	330c      	adds	r3, #12
    8318:	f240 2112 	movw	r1, #530	; 0x212
    831c:	fb01 a206 	mla	r2, r1, r6, sl
    8320:	3601      	adds	r6, #1
    8322:	f933 4b02 	ldrsh.w	r4, [r3], #2
    8326:	f8a2 420e 	strh.w	r4, [r2, #526]	; 0x20e
    832a:	2e04      	cmp	r6, #4
    832c:	f882 0210 	strb.w	r0, [r2, #528]	; 0x210
    8330:	d1f4      	bne.n	831c <StepDown_Task+0x11c>
    8332:	2300      	movs	r3, #0
    8334:	9309      	str	r3, [sp, #36]	; 0x24
    8336:	9307      	str	r3, [sp, #28]
    8338:	f240 2b12 	movw	fp, #530	; 0x212
    833c:	b1eb      	cbz	r3, 837a <StepDown_Task+0x17a>
    833e:	2002      	movs	r0, #2
    8340:	9006      	str	r0, [sp, #24]
    8342:	4b1b      	ldr	r3, [pc, #108]	; (83b0 <StepDown_Task+0x1b0>)
    8344:	4798      	blx	r3
    8346:	491b      	ldr	r1, [pc, #108]	; (83b4 <StepDown_Task+0x1b4>)
    8348:	f8b8 3000 	ldrh.w	r3, [r8]
    834c:	2252      	movs	r2, #82	; 0x52
    834e:	744a      	strb	r2, [r1, #17]
    8350:	2b00      	cmp	r3, #0
    8352:	d039      	beq.n	83c8 <StepDown_Task+0x1c8>
    8354:	9a06      	ldr	r2, [sp, #24]
    8356:	3b01      	subs	r3, #1
    8358:	f1c2 000a 	rsb	r0, r2, #10
    835c:	f8a8 3000 	strh.w	r3, [r8]
    8360:	4b13      	ldr	r3, [pc, #76]	; (83b0 <StepDown_Task+0x1b0>)
    8362:	4798      	blx	r3
    8364:	4b14      	ldr	r3, [pc, #80]	; (83b8 <StepDown_Task+0x1b8>)
    8366:	4798      	blx	r3
    8368:	f8b8 300c 	ldrh.w	r3, [r8, #12]
    836c:	2b18      	cmp	r3, #24
    836e:	f200 8254 	bhi.w	881a <StepDown_Task+0x61a>
    8372:	f898 302c 	ldrb.w	r3, [r8, #44]	; 0x2c
    8376:	2b00      	cmp	r3, #0
    8378:	d1e1      	bne.n	833e <StepDown_Task+0x13e>
    837a:	2005      	movs	r0, #5
    837c:	9006      	str	r0, [sp, #24]
    837e:	e7e0      	b.n	8342 <StepDown_Task+0x142>
    8380:	0000b61d 	.word	0x0000b61d
    8384:	40002800 	.word	0x40002800
    8388:	40001c00 	.word	0x40001c00
    838c:	40000800 	.word	0x40000800
    8390:	41008000 	.word	0x41008000
    8394:	40020040 	.word	0x40020040
    8398:	00006501 	.word	0x00006501
    839c:	40020800 	.word	0x40020800
    83a0:	40020010 	.word	0x40020010
    83a4:	40020001 	.word	0x40020001
    83a8:	0000cef9 	.word	0x0000cef9
    83ac:	2000f158 	.word	0x2000f158
    83b0:	0000f6a1 	.word	0x0000f6a1
    83b4:	2001ff00 	.word	0x2001ff00
    83b8:	00007985 	.word	0x00007985
    83bc:	c0020000 	.word	0xc0020000
    83c0:	20003694 	.word	0x20003694
    83c4:	20002204 	.word	0x20002204
    83c8:	4ba1      	ldr	r3, [pc, #644]	; (8650 <StepDown_Task+0x450>)
    83ca:	4798      	blx	r3
    83cc:	2800      	cmp	r0, #0
    83ce:	f000 821e 	beq.w	880e <StepDown_Task+0x60e>
    83d2:	2300      	movs	r3, #0
    83d4:	f8c8 3014 	str.w	r3, [r8, #20]
    83d8:	fb0b a203 	mla	r2, fp, r3, sl
    83dc:	f502 72f4 	add.w	r2, r2, #488	; 0x1e8
    83e0:	3301      	adds	r3, #1
    83e2:	f8d2 2006 	ldr.w	r2, [r2, #6]
    83e6:	f8d8 1014 	ldr.w	r1, [r8, #20]
    83ea:	2b04      	cmp	r3, #4
    83ec:	440a      	add	r2, r1
    83ee:	f8c8 2014 	str.w	r2, [r8, #20]
    83f2:	d1f1      	bne.n	83d8 <StepDown_Task+0x1d8>
    83f4:	9308      	str	r3, [sp, #32]
    83f6:	f8b8 300c 	ldrh.w	r3, [r8, #12]
    83fa:	2b18      	cmp	r3, #24
    83fc:	f200 8226 	bhi.w	884c <StepDown_Task+0x64c>
    8400:	4a94      	ldr	r2, [pc, #592]	; (8654 <StepDown_Task+0x454>)
    8402:	2326      	movs	r3, #38	; 0x26
    8404:	f04f 0900 	mov.w	r9, #0
    8408:	7453      	strb	r3, [r2, #17]
    840a:	4b93      	ldr	r3, [pc, #588]	; (8658 <StepDown_Task+0x458>)
    840c:	fa5f f089 	uxtb.w	r0, r9
    8410:	4798      	blx	r3
    8412:	fb0b a209 	mla	r2, fp, r9, sl
    8416:	f3c0 210f 	ubfx	r1, r0, #8, #16
    841a:	6813      	ldr	r3, [r2, #0]
    841c:	9301      	str	r3, [sp, #4]
    841e:	8b93      	ldrh	r3, [r2, #28]
    8420:	4606      	mov	r6, r0
    8422:	488e      	ldr	r0, [pc, #568]	; (865c <StepDown_Task+0x45c>)
    8424:	f3c3 2307 	ubfx	r3, r3, #8, #8
    8428:	6800      	ldr	r0, [r0, #0]
    842a:	1acd      	subs	r5, r1, r3
    842c:	2d00      	cmp	r5, #0
    842e:	bfb8      	it	lt
    8430:	426d      	neglt	r5, r5
    8432:	f890 4041 	ldrb.w	r4, [r0, #65]	; 0x41
    8436:	9400      	str	r4, [sp, #0]
    8438:	4299      	cmp	r1, r3
    843a:	f890 7046 	ldrb.w	r7, [r0, #70]	; 0x46
    843e:	f000 8180 	beq.w	8742 <StepDown_Task+0x542>
    8442:	f04f 0300 	mov.w	r3, #0
    8446:	f882 3046 	strb.w	r3, [r2, #70]	; 0x46
    844a:	fb0b a409 	mla	r4, fp, r9, sl
    844e:	112d      	asrs	r5, r5, #4
    8450:	f894 3046 	ldrb.w	r3, [r4, #70]	; 0x46
    8454:	2d03      	cmp	r5, #3
    8456:	ea4f 1313 	mov.w	r3, r3, lsr #4
    845a:	f103 0302 	add.w	r3, r3, #2
    845e:	bfa8      	it	ge
    8460:	2503      	movge	r5, #3
    8462:	9304      	str	r3, [sp, #16]
    8464:	b2eb      	uxtb	r3, r5
    8466:	9303      	str	r3, [sp, #12]
    8468:	2301      	movs	r3, #1
    846a:	3f01      	subs	r7, #1
    846c:	9302      	str	r3, [sp, #8]
    846e:	9b00      	ldr	r3, [sp, #0]
    8470:	2b02      	cmp	r3, #2
    8472:	f000 8109 	beq.w	8688 <StepDown_Task+0x488>
    8476:	4b7a      	ldr	r3, [pc, #488]	; (8660 <StepDown_Task+0x460>)
    8478:	4798      	blx	r3
    847a:	2800      	cmp	r0, #0
    847c:	f040 8104 	bne.w	8688 <StepDown_Task+0x488>
    8480:	9b00      	ldr	r3, [sp, #0]
    8482:	2b01      	cmp	r3, #1
    8484:	f000 81aa 	beq.w	87dc <StepDown_Task+0x5dc>
    8488:	9b00      	ldr	r3, [sp, #0]
    848a:	2b03      	cmp	r3, #3
    848c:	f000 81c8 	beq.w	8820 <StepDown_Task+0x620>
    8490:	6823      	ldr	r3, [r4, #0]
    8492:	6822      	ldr	r2, [r4, #0]
    8494:	1af3      	subs	r3, r6, r3
    8496:	bf48      	it	mi
    8498:	330f      	addmi	r3, #15
    849a:	eb02 1323 	add.w	r3, r2, r3, asr #4
    849e:	2204      	movs	r2, #4
    84a0:	6023      	str	r3, [r4, #0]
    84a2:	f04f 0300 	mov.w	r3, #0
    84a6:	f888 302c 	strb.w	r3, [r8, #44]	; 0x2c
    84aa:	f884 3053 	strb.w	r3, [r4, #83]	; 0x53
    84ae:	f884 2052 	strb.w	r2, [r4, #82]	; 0x52
    84b2:	6823      	ldr	r3, [r4, #0]
    84b4:	9a01      	ldr	r2, [sp, #4]
    84b6:	429a      	cmp	r2, r3
    84b8:	f000 8125 	beq.w	8706 <StepDown_Task+0x506>
    84bc:	b2fa      	uxtb	r2, r7
    84be:	83a6      	strh	r6, [r4, #28]
    84c0:	2a02      	cmp	r2, #2
    84c2:	6863      	ldr	r3, [r4, #4]
    84c4:	6822      	ldr	r2, [r4, #0]
    84c6:	f200 8131 	bhi.w	872c <StepDown_Task+0x52c>
    84ca:	f3c2 2e0f 	ubfx	lr, r2, #8, #16
    84ce:	6821      	ldr	r1, [r4, #0]
    84d0:	9105      	str	r1, [sp, #20]
    84d2:	eb07 2207 	add.w	r2, r7, r7, lsl #8
    84d6:	f10e 0101 	add.w	r1, lr, #1
    84da:	4862      	ldr	r0, [pc, #392]	; (8664 <StepDown_Task+0x464>)
    84dc:	f8d4 c000 	ldr.w	ip, [r4]
    84e0:	4411      	add	r1, r2
    84e2:	4472      	add	r2, lr
    84e4:	eb00 0141 	add.w	r1, r0, r1, lsl #1
    84e8:	eb00 0242 	add.w	r2, r0, r2, lsl #1
    84ec:	f64f 7eff 	movw	lr, #65535	; 0xffff
    84f0:	45f4      	cmp	ip, lr
    84f2:	8c09      	ldrh	r1, [r1, #32]
    84f4:	8c12      	ldrh	r2, [r2, #32]
    84f6:	f000 8162 	beq.w	87be <StepDown_Task+0x5be>
    84fa:	f89d 0014 	ldrb.w	r0, [sp, #20]
    84fe:	1a89      	subs	r1, r1, r2
    8500:	0212      	lsls	r2, r2, #8
    8502:	fb00 2101 	mla	r1, r0, r1, r2
    8506:	6061      	str	r1, [r4, #4]
    8508:	6822      	ldr	r2, [r4, #0]
    850a:	4296      	cmp	r6, r2
    850c:	d004      	beq.n	8518 <StepDown_Task+0x318>
    850e:	6862      	ldr	r2, [r4, #4]
    8510:	b29b      	uxth	r3, r3
    8512:	4293      	cmp	r3, r2
    8514:	f000 810d 	beq.w	8732 <StepDown_Task+0x532>
    8518:	fb0b a409 	mla	r4, fp, r9, sl
    851c:	4625      	mov	r5, r4
    851e:	f855 2f04 	ldr.w	r2, [r5, #4]!
    8522:	60e2      	str	r2, [r4, #12]
    8524:	6b63      	ldr	r3, [r4, #52]	; 0x34
    8526:	4798      	blx	r3
    8528:	b138      	cbz	r0, 853a <StepDown_Task+0x33a>
    852a:	88a3      	ldrh	r3, [r4, #4]
    852c:	f04f 0300 	mov.w	r3, #0
    8530:	80a3      	strh	r3, [r4, #4]
    8532:	886b      	ldrh	r3, [r5, #2]
    8534:	f04f 0300 	mov.w	r3, #0
    8538:	806b      	strh	r3, [r5, #2]
    853a:	4b4b      	ldr	r3, [pc, #300]	; (8668 <StepDown_Task+0x468>)
    853c:	4798      	blx	r3
    853e:	b330      	cbz	r0, 858e <StepDown_Task+0x38e>
    8540:	fb0b a409 	mla	r4, fp, r9, sl
    8544:	f894 31f7 	ldrb.w	r3, [r4, #503]	; 0x1f7
    8548:	f013 0f01 	tst.w	r3, #1
    854c:	4b47      	ldr	r3, [pc, #284]	; (866c <StepDown_Task+0x46c>)
    854e:	f000 8104 	beq.w	875a <StepDown_Task+0x55a>
    8552:	4798      	blx	r3
    8554:	b128      	cbz	r0, 8562 <StepDown_Task+0x362>
    8556:	f894 31f7 	ldrb.w	r3, [r4, #503]	; 0x1f7
    855a:	2b01      	cmp	r3, #1
    855c:	bf94      	ite	ls
    855e:	2000      	movls	r0, #0
    8560:	2002      	movhi	r0, #2
    8562:	2300      	movs	r3, #0
    8564:	fb0b a203 	mla	r2, fp, r3, sl
    8568:	f892 21f7 	ldrb.w	r2, [r2, #503]	; 0x1f7
    856c:	4282      	cmp	r2, r0
    856e:	f000 819a 	beq.w	88a6 <StepDown_Task+0x6a6>
    8572:	3301      	adds	r3, #1
    8574:	2b04      	cmp	r3, #4
    8576:	d1f5      	bne.n	8564 <StepDown_Task+0x364>
    8578:	fb0b a000 	mla	r0, fp, r0, sl
    857c:	fb0b a209 	mla	r2, fp, r9, sl
    8580:	68c1      	ldr	r1, [r0, #12]
    8582:	6813      	ldr	r3, [r2, #0]
    8584:	0a09      	lsrs	r1, r1, #8
    8586:	fb03 f301 	mul.w	r3, r3, r1
    858a:	0a1b      	lsrs	r3, r3, #8
    858c:	6053      	str	r3, [r2, #4]
    858e:	fb0b a409 	mla	r4, fp, r9, sl
    8592:	4625      	mov	r5, r4
    8594:	4b36      	ldr	r3, [pc, #216]	; (8670 <StepDown_Task+0x470>)
    8596:	f855 0f04 	ldr.w	r0, [r5, #4]!
    859a:	4798      	blx	r3
    859c:	6060      	str	r0, [r4, #4]
    859e:	682b      	ldr	r3, [r5, #0]
    85a0:	f898 200a 	ldrb.w	r2, [r8, #10]
    85a4:	0a1b      	lsrs	r3, r3, #8
    85a6:	60a3      	str	r3, [r4, #8]
    85a8:	6829      	ldr	r1, [r5, #0]
    85aa:	f8c4 105e 	str.w	r1, [r4, #94]	; 0x5e
    85ae:	b132      	cbz	r2, 85be <StepDown_Task+0x3be>
    85b0:	8be3      	ldrh	r3, [r4, #30]
    85b2:	f898 100b 	ldrb.w	r1, [r8, #11]
    85b6:	b29b      	uxth	r3, r3
    85b8:	4299      	cmp	r1, r3
    85ba:	f000 80f2 	beq.w	87a2 <StepDown_Task+0x5a2>
    85be:	f109 0901 	add.w	r9, r9, #1
    85c2:	f1b9 0f04 	cmp.w	r9, #4
    85c6:	f47f af20 	bne.w	840a <StepDown_Task+0x20a>
    85ca:	4a22      	ldr	r2, [pc, #136]	; (8654 <StepDown_Task+0x454>)
    85cc:	232a      	movs	r3, #42	; 0x2a
    85ce:	7453      	strb	r3, [r2, #17]
    85d0:	4b28      	ldr	r3, [pc, #160]	; (8674 <StepDown_Task+0x474>)
    85d2:	4798      	blx	r3
    85d4:	f898 302c 	ldrb.w	r3, [r8, #44]	; 0x2c
    85d8:	2b00      	cmp	r3, #0
    85da:	9b06      	ldr	r3, [sp, #24]
    85dc:	bf0c      	ite	eq
    85de:	200a      	moveq	r0, #10
    85e0:	2005      	movne	r0, #5
    85e2:	1ac0      	subs	r0, r0, r3
    85e4:	b280      	uxth	r0, r0
    85e6:	4b24      	ldr	r3, [pc, #144]	; (8678 <StepDown_Task+0x478>)
    85e8:	4798      	blx	r3
    85ea:	4a1a      	ldr	r2, [pc, #104]	; (8654 <StepDown_Task+0x454>)
    85ec:	2324      	movs	r3, #36	; 0x24
    85ee:	7453      	strb	r3, [r2, #17]
    85f0:	4b22      	ldr	r3, [pc, #136]	; (867c <StepDown_Task+0x47c>)
    85f2:	4798      	blx	r3
    85f4:	2800      	cmp	r0, #0
    85f6:	f000 812c 	beq.w	8852 <StepDown_Task+0x652>
    85fa:	f898 3034 	ldrb.w	r3, [r8, #52]	; 0x34
    85fe:	2b00      	cmp	r3, #0
    8600:	f000 814d 	beq.w	889e <StepDown_Task+0x69e>
    8604:	3b01      	subs	r3, #1
    8606:	f888 3034 	strb.w	r3, [r8, #52]	; 0x34
    860a:	f898 302c 	ldrb.w	r3, [r8, #44]	; 0x2c
    860e:	2b00      	cmp	r3, #0
    8610:	f000 80d8 	beq.w	87c4 <StepDown_Task+0x5c4>
    8614:	f898 3035 	ldrb.w	r3, [r8, #53]	; 0x35
    8618:	2b00      	cmp	r3, #0
    861a:	f040 80d3 	bne.w	87c4 <StepDown_Task+0x5c4>
    861e:	2301      	movs	r3, #1
    8620:	f888 3035 	strb.w	r3, [r8, #53]	; 0x35
    8624:	4b16      	ldr	r3, [pc, #88]	; (8680 <StepDown_Task+0x480>)
    8626:	4798      	blx	r3
    8628:	9b07      	ldr	r3, [sp, #28]
    862a:	4604      	mov	r4, r0
    862c:	b143      	cbz	r3, 8640 <StepDown_Task+0x440>
    862e:	9a08      	ldr	r2, [sp, #32]
    8630:	f8ba 301c 	ldrh.w	r3, [sl, #28]
    8634:	b29b      	uxth	r3, r3
    8636:	2b00      	cmp	r3, #0
    8638:	f040 8112 	bne.w	8860 <StepDown_Task+0x660>
    863c:	3a01      	subs	r2, #1
    863e:	d1f7      	bne.n	8630 <StepDown_Task+0x430>
    8640:	4b10      	ldr	r3, [pc, #64]	; (8684 <StepDown_Task+0x484>)
    8642:	681b      	ldr	r3, [r3, #0]
    8644:	075b      	lsls	r3, r3, #29
    8646:	f100 80f4 	bmi.w	8832 <StepDown_Task+0x632>
    864a:	9407      	str	r4, [sp, #28]
    864c:	e691      	b.n	8372 <StepDown_Task+0x172>
    864e:	bf00      	nop
    8650:	000045b1 	.word	0x000045b1
    8654:	2001ff00 	.word	0x2001ff00
    8658:	0000c399 	.word	0x0000c399
    865c:	2000eed4 	.word	0x2000eed4
    8660:	0000bd91 	.word	0x0000bd91
    8664:	00010d20 	.word	0x00010d20
    8668:	0000c35d 	.word	0x0000c35d
    866c:	0000c375 	.word	0x0000c375
    8670:	0000b74d 	.word	0x0000b74d
    8674:	00007c91 	.word	0x00007c91
    8678:	0000f6a1 	.word	0x0000f6a1
    867c:	00005bed 	.word	0x00005bed
    8680:	0000f455 	.word	0x0000f455
    8684:	2000f89c 	.word	0x2000f89c
    8688:	f894 3054 	ldrb.w	r3, [r4, #84]	; 0x54
    868c:	42ab      	cmp	r3, r5
    868e:	dd02      	ble.n	8696 <StepDown_Task+0x496>
    8690:	f894 3053 	ldrb.w	r3, [r4, #83]	; 0x53
    8694:	b9b3      	cbnz	r3, 86c4 <StepDown_Task+0x4c4>
    8696:	f8b8 300c 	ldrh.w	r3, [r8, #12]
    869a:	f5b3 7faf 	cmp.w	r3, #350	; 0x15e
    869e:	d911      	bls.n	86c4 <StepDown_Task+0x4c4>
    86a0:	2320      	movs	r3, #32
    86a2:	9a03      	ldr	r2, [sp, #12]
    86a4:	f88a 3053 	strb.w	r3, [sl, #83]	; 0x53
    86a8:	f88a 2054 	strb.w	r2, [sl, #84]	; 0x54
    86ac:	f88a 3265 	strb.w	r3, [sl, #613]	; 0x265
    86b0:	f88a 2266 	strb.w	r2, [sl, #614]	; 0x266
    86b4:	f88a 3477 	strb.w	r3, [sl, #1143]	; 0x477
    86b8:	f88a 2478 	strb.w	r2, [sl, #1144]	; 0x478
    86bc:	f88a 3689 	strb.w	r3, [sl, #1673]	; 0x689
    86c0:	f88a 268a 	strb.w	r2, [sl, #1674]	; 0x68a
    86c4:	f894 3054 	ldrb.w	r3, [r4, #84]	; 0x54
    86c8:	f1c3 0304 	rsb	r3, r3, #4
    86cc:	b2db      	uxtb	r3, r3
    86ce:	f884 3052 	strb.w	r3, [r4, #82]	; 0x52
    86d2:	6823      	ldr	r3, [r4, #0]
    86d4:	f894 1052 	ldrb.w	r1, [r4, #82]	; 0x52
    86d8:	6822      	ldr	r2, [r4, #0]
    86da:	1af3      	subs	r3, r6, r3
    86dc:	410b      	asrs	r3, r1
    86de:	4413      	add	r3, r2
    86e0:	6023      	str	r3, [r4, #0]
    86e2:	f894 3053 	ldrb.w	r3, [r4, #83]	; 0x53
    86e6:	b12b      	cbz	r3, 86f4 <StepDown_Task+0x4f4>
    86e8:	f894 3053 	ldrb.w	r3, [r4, #83]	; 0x53
    86ec:	3b01      	subs	r3, #1
    86ee:	b2db      	uxtb	r3, r3
    86f0:	f884 3053 	strb.w	r3, [r4, #83]	; 0x53
    86f4:	f04f 0300 	mov.w	r3, #0
    86f8:	f888 302c 	strb.w	r3, [r8, #44]	; 0x2c
    86fc:	6823      	ldr	r3, [r4, #0]
    86fe:	9a01      	ldr	r2, [sp, #4]
    8700:	429a      	cmp	r2, r3
    8702:	f47f aedb 	bne.w	84bc <StepDown_Task+0x2bc>
    8706:	6823      	ldr	r3, [r4, #0]
    8708:	429e      	cmp	r6, r3
    870a:	f43f aed7 	beq.w	84bc <StepDown_Task+0x2bc>
    870e:	6823      	ldr	r3, [r4, #0]
    8710:	429e      	cmp	r6, r3
    8712:	6823      	ldr	r3, [r4, #0]
    8714:	b2fa      	uxtb	r2, r7
    8716:	bfcc      	ite	gt
    8718:	3301      	addgt	r3, #1
    871a:	f103 33ff 	addle.w	r3, r3, #4294967295
    871e:	6023      	str	r3, [r4, #0]
    8720:	2a02      	cmp	r2, #2
    8722:	83a6      	strh	r6, [r4, #28]
    8724:	6863      	ldr	r3, [r4, #4]
    8726:	6822      	ldr	r2, [r4, #0]
    8728:	f67f aecf 	bls.w	84ca <StepDown_Task+0x2ca>
    872c:	0212      	lsls	r2, r2, #8
    872e:	6062      	str	r2, [r4, #4]
    8730:	e6ea      	b.n	8508 <StepDown_Task+0x308>
    8732:	9b02      	ldr	r3, [sp, #8]
    8734:	9a04      	ldr	r2, [sp, #16]
    8736:	3301      	adds	r3, #1
    8738:	4293      	cmp	r3, r2
    873a:	9302      	str	r3, [sp, #8]
    873c:	f47f ae97 	bne.w	846e <StepDown_Task+0x26e>
    8740:	e6ea      	b.n	8518 <StepDown_Task+0x318>
    8742:	f892 3046 	ldrb.w	r3, [r2, #70]	; 0x46
    8746:	2b1f      	cmp	r3, #31
    8748:	f63f ae7f 	bhi.w	844a <StepDown_Task+0x24a>
    874c:	f892 3046 	ldrb.w	r3, [r2, #70]	; 0x46
    8750:	3301      	adds	r3, #1
    8752:	b2db      	uxtb	r3, r3
    8754:	f882 3046 	strb.w	r3, [r2, #70]	; 0x46
    8758:	e677      	b.n	844a <StepDown_Task+0x24a>
    875a:	4798      	blx	r3
    875c:	2800      	cmp	r0, #0
    875e:	d03b      	beq.n	87d8 <StepDown_Task+0x5d8>
    8760:	f894 31f7 	ldrb.w	r3, [r4, #503]	; 0x1f7
    8764:	2b01      	cmp	r3, #1
    8766:	bf94      	ite	ls
    8768:	2201      	movls	r2, #1
    876a:	2203      	movhi	r2, #3
    876c:	2300      	movs	r3, #0
    876e:	fb0b a103 	mla	r1, fp, r3, sl
    8772:	f891 11f7 	ldrb.w	r1, [r1, #503]	; 0x1f7
    8776:	4291      	cmp	r1, r2
    8778:	f000 8097 	beq.w	88aa <StepDown_Task+0x6aa>
    877c:	3301      	adds	r3, #1
    877e:	2b04      	cmp	r3, #4
    8780:	d1f5      	bne.n	876e <StepDown_Task+0x56e>
    8782:	fb0b a109 	mla	r1, fp, r9, sl
    8786:	fb0b a202 	mla	r2, fp, r2, sl
    878a:	6848      	ldr	r0, [r1, #4]
    878c:	6813      	ldr	r3, [r2, #0]
    878e:	f483 437f 	eor.w	r3, r3, #65280	; 0xff00
    8792:	0a02      	lsrs	r2, r0, #8
    8794:	f083 03ff 	eor.w	r3, r3, #255	; 0xff
    8798:	fb03 f302 	mul.w	r3, r3, r2
    879c:	0a1b      	lsrs	r3, r3, #8
    879e:	604b      	str	r3, [r1, #4]
    87a0:	e6f5      	b.n	858e <StepDown_Task+0x38e>
    87a2:	2a01      	cmp	r2, #1
    87a4:	f898 301d 	ldrb.w	r3, [r8, #29]
    87a8:	d972      	bls.n	8890 <StepDown_Task+0x690>
    87aa:	2200      	movs	r2, #0
    87ac:	f8c8 2030 	str.w	r2, [r8, #48]	; 0x30
    87b0:	2b00      	cmp	r3, #0
    87b2:	f43f af04 	beq.w	85be <StepDown_Task+0x3be>
    87b6:	3b01      	subs	r3, #1
    87b8:	f888 301d 	strb.w	r3, [r8, #29]
    87bc:	e6ff      	b.n	85be <StepDown_Task+0x3be>
    87be:	f06f 417f 	mvn.w	r1, #4278190080	; 0xff000000
    87c2:	e6a0      	b.n	8506 <StepDown_Task+0x306>
    87c4:	4b3d      	ldr	r3, [pc, #244]	; (88bc <StepDown_Task+0x6bc>)
    87c6:	4798      	blx	r3
    87c8:	4b3d      	ldr	r3, [pc, #244]	; (88c0 <StepDown_Task+0x6c0>)
    87ca:	4798      	blx	r3
    87cc:	4b3d      	ldr	r3, [pc, #244]	; (88c4 <StepDown_Task+0x6c4>)
    87ce:	4798      	blx	r3
    87d0:	2300      	movs	r3, #0
    87d2:	f888 3035 	strb.w	r3, [r8, #53]	; 0x35
    87d6:	e725      	b.n	8624 <StepDown_Task+0x424>
    87d8:	2201      	movs	r2, #1
    87da:	e7c7      	b.n	876c <StepDown_Task+0x56c>
    87dc:	f8b8 300c 	ldrh.w	r3, [r8, #12]
    87e0:	f5b3 7faf 	cmp.w	r3, #350	; 0x15e
    87e4:	f67f ae54 	bls.w	8490 <StepDown_Task+0x290>
    87e8:	6823      	ldr	r3, [r4, #0]
    87ea:	6822      	ldr	r2, [r4, #0]
    87ec:	1af3      	subs	r3, r6, r3
    87ee:	bf48      	it	mi
    87f0:	330f      	addmi	r3, #15
    87f2:	eb02 1323 	add.w	r3, r2, r3, asr #4
    87f6:	6023      	str	r3, [r4, #0]
    87f8:	2204      	movs	r2, #4
    87fa:	2101      	movs	r1, #1
    87fc:	f04f 0300 	mov.w	r3, #0
    8800:	f888 102c 	strb.w	r1, [r8, #44]	; 0x2c
    8804:	f884 3053 	strb.w	r3, [r4, #83]	; 0x53
    8808:	f884 2052 	strb.w	r2, [r4, #82]	; 0x52
    880c:	e651      	b.n	84b2 <StepDown_Task+0x2b2>
    880e:	4b2e      	ldr	r3, [pc, #184]	; (88c8 <StepDown_Task+0x6c8>)
    8810:	4798      	blx	r3
    8812:	2800      	cmp	r0, #0
    8814:	f47f addd 	bne.w	83d2 <StepDown_Task+0x1d2>
    8818:	e5ab      	b.n	8372 <StepDown_Task+0x172>
    881a:	4b2c      	ldr	r3, [pc, #176]	; (88cc <StepDown_Task+0x6cc>)
    881c:	4798      	blx	r3
    881e:	e5a8      	b.n	8372 <StepDown_Task+0x172>
    8820:	6823      	ldr	r3, [r4, #0]
    8822:	6822      	ldr	r2, [r4, #0]
    8824:	1af3      	subs	r3, r6, r3
    8826:	bf48      	it	mi
    8828:	333f      	addmi	r3, #63	; 0x3f
    882a:	eb02 13a3 	add.w	r3, r2, r3, asr #6
    882e:	2206      	movs	r2, #6
    8830:	e636      	b.n	84a0 <StepDown_Task+0x2a0>
    8832:	4b27      	ldr	r3, [pc, #156]	; (88d0 <StepDown_Task+0x6d0>)
    8834:	2102      	movs	r1, #2
    8836:	f44f 7000 	mov.w	r0, #512	; 0x200
    883a:	4798      	blx	r3
    883c:	4b25      	ldr	r3, [pc, #148]	; (88d4 <StepDown_Task+0x6d4>)
    883e:	4a25      	ldr	r2, [pc, #148]	; (88d4 <StepDown_Task+0x6d4>)
    8840:	681b      	ldr	r3, [r3, #0]
    8842:	9407      	str	r4, [sp, #28]
    8844:	f023 0304 	bic.w	r3, r3, #4
    8848:	6013      	str	r3, [r2, #0]
    884a:	e592      	b.n	8372 <StepDown_Task+0x172>
    884c:	4b1f      	ldr	r3, [pc, #124]	; (88cc <StepDown_Task+0x6cc>)
    884e:	4798      	blx	r3
    8850:	e5d6      	b.n	8400 <StepDown_Task+0x200>
    8852:	4b21      	ldr	r3, [pc, #132]	; (88d8 <StepDown_Task+0x6d8>)
    8854:	2002      	movs	r0, #2
    8856:	4798      	blx	r3
    8858:	23c8      	movs	r3, #200	; 0xc8
    885a:	f888 3034 	strb.w	r3, [r8, #52]	; 0x34
    885e:	e6d4      	b.n	860a <StepDown_Task+0x40a>
    8860:	f898 302c 	ldrb.w	r3, [r8, #44]	; 0x2c
    8864:	2b00      	cmp	r3, #0
    8866:	9b07      	ldr	r3, [sp, #28]
    8868:	bf08      	it	eq
    886a:	220a      	moveq	r2, #10
    886c:	eba4 0303 	sub.w	r3, r4, r3
    8870:	bf18      	it	ne
    8872:	2205      	movne	r2, #5
    8874:	429a      	cmp	r2, r3
    8876:	d31a      	bcc.n	88ae <StepDown_Task+0x6ae>
    8878:	9b09      	ldr	r3, [sp, #36]	; 0x24
    887a:	2b00      	cmp	r3, #0
    887c:	f43f aee0 	beq.w	8640 <StepDown_Task+0x440>
    8880:	3b01      	subs	r3, #1
    8882:	9309      	str	r3, [sp, #36]	; 0x24
    8884:	f47f aedc 	bne.w	8640 <StepDown_Task+0x440>
    8888:	200c      	movs	r0, #12
    888a:	4b14      	ldr	r3, [pc, #80]	; (88dc <StepDown_Task+0x6dc>)
    888c:	4798      	blx	r3
    888e:	e6d7      	b.n	8640 <StepDown_Task+0x440>
    8890:	2b00      	cmp	r3, #0
    8892:	f43f ae94 	beq.w	85be <StepDown_Task+0x3be>
    8896:	2200      	movs	r2, #0
    8898:	f8c8 2030 	str.w	r2, [r8, #48]	; 0x30
    889c:	e78b      	b.n	87b6 <StepDown_Task+0x5b6>
    889e:	2002      	movs	r0, #2
    88a0:	4b0f      	ldr	r3, [pc, #60]	; (88e0 <StepDown_Task+0x6e0>)
    88a2:	4798      	blx	r3
    88a4:	e6b1      	b.n	860a <StepDown_Task+0x40a>
    88a6:	b2d8      	uxtb	r0, r3
    88a8:	e666      	b.n	8578 <StepDown_Task+0x378>
    88aa:	b2da      	uxtb	r2, r3
    88ac:	e769      	b.n	8782 <StepDown_Task+0x582>
    88ae:	4b0d      	ldr	r3, [pc, #52]	; (88e4 <StepDown_Task+0x6e4>)
    88b0:	200c      	movs	r0, #12
    88b2:	4798      	blx	r3
    88b4:	f44f 73c8 	mov.w	r3, #400	; 0x190
    88b8:	9309      	str	r3, [sp, #36]	; 0x24
    88ba:	e6c1      	b.n	8640 <StepDown_Task+0x440>
    88bc:	00007985 	.word	0x00007985
    88c0:	00007911 	.word	0x00007911
    88c4:	0000c709 	.word	0x0000c709
    88c8:	000044d5 	.word	0x000044d5
    88cc:	00006e7d 	.word	0x00006e7d
    88d0:	0000cc91 	.word	0x0000cc91
    88d4:	2000f89c 	.word	0x2000f89c
    88d8:	0000d78d 	.word	0x0000d78d
    88dc:	0000d809 	.word	0x0000d809
    88e0:	0000d79d 	.word	0x0000d79d
    88e4:	0000d7f9 	.word	0x0000d7f9

000088e8 <WD_Init>:
    88e8:	b570      	push	{r4, r5, r6, lr}
    88ea:	4a0b      	ldr	r2, [pc, #44]	; (8918 <WD_Init+0x30>)
    88ec:	4c0b      	ldr	r4, [pc, #44]	; (891c <WD_Init+0x34>)
    88ee:	6953      	ldr	r3, [r2, #20]
    88f0:	4d0b      	ldr	r5, [pc, #44]	; (8920 <WD_Init+0x38>)
    88f2:	490c      	ldr	r1, [pc, #48]	; (8924 <WD_Init+0x3c>)
    88f4:	f443 7380 	orr.w	r3, r3, #256	; 0x100
    88f8:	6153      	str	r3, [r2, #20]
    88fa:	4620      	mov	r0, r4
    88fc:	6025      	str	r5, [r4, #0]
    88fe:	4788      	blx	r1
    8900:	4620      	mov	r0, r4
    8902:	4b09      	ldr	r3, [pc, #36]	; (8928 <WD_Init+0x40>)
    8904:	f44f 6200 	mov.w	r2, #2048	; 0x800
    8908:	f44f 717a 	mov.w	r1, #1000	; 0x3e8
    890c:	4798      	blx	r3
    890e:	4620      	mov	r0, r4
    8910:	4b06      	ldr	r3, [pc, #24]	; (892c <WD_Init+0x44>)
    8912:	e8bd 4070 	ldmia.w	sp!, {r4, r5, r6, lr}
    8916:	4718      	bx	r3
    8918:	40000800 	.word	0x40000800
    891c:	2000f180 	.word	0x2000f180
    8920:	40002000 	.word	0x40002000
    8924:	00009bb9 	.word	0x00009bb9
    8928:	00009bfd 	.word	0x00009bfd
    892c:	00009cc5 	.word	0x00009cc5

00008930 <WD_Refresh>:
    8930:	b500      	push	{lr}
    8932:	b083      	sub	sp, #12
    8934:	4b06      	ldr	r3, [pc, #24]	; (8950 <WD_Refresh+0x20>)
    8936:	a801      	add	r0, sp, #4
    8938:	4798      	blx	r3
    893a:	4b06      	ldr	r3, [pc, #24]	; (8954 <WD_Refresh+0x24>)
    893c:	689a      	ldr	r2, [r3, #8]
    893e:	b90a      	cbnz	r2, 8944 <WD_Refresh+0x14>
    8940:	22a5      	movs	r2, #165	; 0xa5
    8942:	731a      	strb	r2, [r3, #12]
    8944:	a801      	add	r0, sp, #4
    8946:	4b04      	ldr	r3, [pc, #16]	; (8958 <WD_Refresh+0x28>)
    8948:	4798      	blx	r3
    894a:	b003      	add	sp, #12
    894c:	f85d fb04 	ldr.w	pc, [sp], #4
    8950:	00008dd5 	.word	0x00008dd5
    8954:	40002000 	.word	0x40002000
    8958:	00008de5 	.word	0x00008de5

0000895c <RAND_0_init>:
    895c:	b570      	push	{r4, r5, r6, lr}
    895e:	4a07      	ldr	r2, [pc, #28]	; (897c <RAND_0_init+0x20>)
    8960:	4c07      	ldr	r4, [pc, #28]	; (8980 <RAND_0_init+0x24>)
    8962:	69d3      	ldr	r3, [r2, #28]
    8964:	4d07      	ldr	r5, [pc, #28]	; (8984 <RAND_0_init+0x28>)
    8966:	4908      	ldr	r1, [pc, #32]	; (8988 <RAND_0_init+0x2c>)
    8968:	f443 6380 	orr.w	r3, r3, #1024	; 0x400
    896c:	61d3      	str	r3, [r2, #28]
    896e:	4620      	mov	r0, r4
    8970:	47a8      	blx	r5
    8972:	4620      	mov	r0, r4
    8974:	4b05      	ldr	r3, [pc, #20]	; (898c <RAND_0_init+0x30>)
    8976:	e8bd 4070 	ldmia.w	sp!, {r4, r5, r6, lr}
    897a:	4718      	bx	r3
    897c:	40000800 	.word	0x40000800
    8980:	2000f178 	.word	0x2000f178
    8984:	0000900d 	.word	0x0000900d
    8988:	42002800 	.word	0x42002800
    898c:	00009015 	.word	0x00009015

00008990 <get_hw_id>:
    8990:	e92d 41f0 	stmdb	sp!, {r4, r5, r6, r7, r8, lr}
    8994:	4f2d      	ldr	r7, [pc, #180]	; (8a4c <get_hw_id+0xbc>)
    8996:	4e2e      	ldr	r6, [pc, #184]	; (8a50 <get_hw_id+0xc0>)
    8998:	4d2e      	ldr	r5, [pc, #184]	; (8a54 <get_hw_id+0xc4>)
    899a:	b084      	sub	sp, #16
    899c:	a801      	add	r0, sp, #4
    899e:	47b0      	blx	r6
    89a0:	f8d7 2080 	ldr.w	r2, [r7, #128]	; 0x80
    89a4:	f8d7 30a0 	ldr.w	r3, [r7, #160]	; 0xa0
    89a8:	f8d7 4090 	ldr.w	r4, [r7, #144]	; 0x90
    89ac:	405c      	eors	r4, r3
    89ae:	4014      	ands	r4, r2
    89b0:	a801      	add	r0, sp, #4
    89b2:	405c      	eors	r4, r3
    89b4:	47a8      	blx	r5
    89b6:	4668      	mov	r0, sp
    89b8:	47b0      	blx	r6
    89ba:	f8d7 1080 	ldr.w	r1, [r7, #128]	; 0x80
    89be:	f8d7 20a0 	ldr.w	r2, [r7, #160]	; 0xa0
    89c2:	f8d7 3090 	ldr.w	r3, [r7, #144]	; 0x90
    89c6:	ea82 0803 	eor.w	r8, r2, r3
    89ca:	ea08 0801 	and.w	r8, r8, r1
    89ce:	4668      	mov	r0, sp
    89d0:	ea88 0802 	eor.w	r8, r8, r2
    89d4:	47a8      	blx	r5
    89d6:	f418 0f00 	tst.w	r8, #8388608	; 0x800000
    89da:	bf0c      	ite	eq
    89dc:	2300      	moveq	r3, #0
    89de:	2302      	movne	r3, #2
    89e0:	a802      	add	r0, sp, #8
    89e2:	f3c4 5480 	ubfx	r4, r4, #22, #1
    89e6:	431c      	orrs	r4, r3
    89e8:	47b0      	blx	r6
    89ea:	f8d7 1080 	ldr.w	r1, [r7, #128]	; 0x80
    89ee:	f8d7 20a0 	ldr.w	r2, [r7, #160]	; 0xa0
    89f2:	f8d7 3090 	ldr.w	r3, [r7, #144]	; 0x90
    89f6:	ea82 0803 	eor.w	r8, r2, r3
    89fa:	ea08 0801 	and.w	r8, r8, r1
    89fe:	a802      	add	r0, sp, #8
    8a00:	ea88 0802 	eor.w	r8, r8, r2
    8a04:	47a8      	blx	r5
    8a06:	f018 4f80 	tst.w	r8, #1073741824	; 0x40000000
    8a0a:	bf0c      	ite	eq
    8a0c:	2300      	moveq	r3, #0
    8a0e:	2304      	movne	r3, #4
    8a10:	a803      	add	r0, sp, #12
    8a12:	431c      	orrs	r4, r3
    8a14:	47b0      	blx	r6
    8a16:	f8d7 2080 	ldr.w	r2, [r7, #128]	; 0x80
    8a1a:	f8d7 30a0 	ldr.w	r3, [r7, #160]	; 0xa0
    8a1e:	f8d7 6090 	ldr.w	r6, [r7, #144]	; 0x90
    8a22:	405e      	eors	r6, r3
    8a24:	4016      	ands	r6, r2
    8a26:	405e      	eors	r6, r3
    8a28:	a803      	add	r0, sp, #12
    8a2a:	47a8      	blx	r5
    8a2c:	2e00      	cmp	r6, #0
    8a2e:	db04      	blt.n	8a3a <get_hw_id+0xaa>
    8a30:	b2e0      	uxtb	r0, r4
    8a32:	3001      	adds	r0, #1
    8a34:	b004      	add	sp, #16
    8a36:	e8bd 81f0 	ldmia.w	sp!, {r4, r5, r6, r7, r8, pc}
    8a3a:	f044 0408 	orr.w	r4, r4, #8
    8a3e:	2c0f      	cmp	r4, #15
    8a40:	d1f6      	bne.n	8a30 <get_hw_id+0xa0>
    8a42:	2001      	movs	r0, #1
    8a44:	b004      	add	sp, #16
    8a46:	e8bd 81f0 	ldmia.w	sp!, {r4, r5, r6, r7, r8, pc}
    8a4a:	bf00      	nop
    8a4c:	41008000 	.word	0x41008000
    8a50:	00008dd5 	.word	0x00008dd5
    8a54:	00008de5 	.word	0x00008de5

00008a58 <get_device_id>:
    8a58:	e92d 41f0 	stmdb	sp!, {r4, r5, r6, r7, r8, lr}
    8a5c:	4d1e      	ldr	r5, [pc, #120]	; (8ad8 <get_device_id+0x80>)
    8a5e:	f8df 8080 	ldr.w	r8, [pc, #128]	; 8ae0 <get_device_id+0x88>
    8a62:	4e1e      	ldr	r6, [pc, #120]	; (8adc <get_device_id+0x84>)
    8a64:	b084      	sub	sp, #16
    8a66:	a802      	add	r0, sp, #8
    8a68:	47c0      	blx	r8
    8a6a:	f8d5 2080 	ldr.w	r2, [r5, #128]	; 0x80
    8a6e:	f8d5 30a0 	ldr.w	r3, [r5, #160]	; 0xa0
    8a72:	f8d5 4090 	ldr.w	r4, [r5, #144]	; 0x90
    8a76:	405c      	eors	r4, r3
    8a78:	4014      	ands	r4, r2
    8a7a:	a802      	add	r0, sp, #8
    8a7c:	405c      	eors	r4, r3
    8a7e:	47b0      	blx	r6
    8a80:	a801      	add	r0, sp, #4
    8a82:	47c0      	blx	r8
    8a84:	f8d5 2080 	ldr.w	r2, [r5, #128]	; 0x80
    8a88:	f8d5 30a0 	ldr.w	r3, [r5, #160]	; 0xa0
    8a8c:	f8d5 7090 	ldr.w	r7, [r5, #144]	; 0x90
    8a90:	405f      	eors	r7, r3
    8a92:	4017      	ands	r7, r2
    8a94:	a801      	add	r0, sp, #4
    8a96:	405f      	eors	r7, r3
    8a98:	47b0      	blx	r6
    8a9a:	f417 4f80 	tst.w	r7, #16384	; 0x4000
    8a9e:	bf0c      	ite	eq
    8aa0:	2300      	moveq	r3, #0
    8aa2:	2302      	movne	r3, #2
    8aa4:	a803      	add	r0, sp, #12
    8aa6:	f3c4 3400 	ubfx	r4, r4, #12, #1
    8aaa:	431c      	orrs	r4, r3
    8aac:	47c0      	blx	r8
    8aae:	f8d5 2080 	ldr.w	r2, [r5, #128]	; 0x80
    8ab2:	f8d5 30a0 	ldr.w	r3, [r5, #160]	; 0xa0
    8ab6:	f8d5 5090 	ldr.w	r5, [r5, #144]	; 0x90
    8aba:	405d      	eors	r5, r3
    8abc:	a803      	add	r0, sp, #12
    8abe:	4015      	ands	r5, r2
    8ac0:	405d      	eors	r5, r3
    8ac2:	47b0      	blx	r6
    8ac4:	f415 4f00 	tst.w	r5, #32768	; 0x8000
    8ac8:	bf0c      	ite	eq
    8aca:	2000      	moveq	r0, #0
    8acc:	2004      	movne	r0, #4
    8ace:	4320      	orrs	r0, r4
    8ad0:	b004      	add	sp, #16
    8ad2:	e8bd 81f0 	ldmia.w	sp!, {r4, r5, r6, r7, r8, pc}
    8ad6:	bf00      	nop
    8ad8:	41008000 	.word	0x41008000
    8adc:	00008de5 	.word	0x00008de5
    8ae0:	00008dd5 	.word	0x00008dd5

00008ae4 <system_init>:
    8ae4:	e92d 41f0 	stmdb	sp!, {r4, r5, r6, r7, r8, lr}
    8ae8:	4ba4      	ldr	r3, [pc, #656]	; (8d7c <system_init+0x298>)
    8aea:	4ca5      	ldr	r4, [pc, #660]	; (8d80 <system_init+0x29c>)
    8aec:	4fa5      	ldr	r7, [pc, #660]	; (8d84 <system_init+0x2a0>)
    8aee:	4da6      	ldr	r5, [pc, #664]	; (8d88 <system_init+0x2a4>)
    8af0:	4ea6      	ldr	r6, [pc, #664]	; (8d8c <system_init+0x2a8>)
    8af2:	4798      	blx	r3
    8af4:	4ba6      	ldr	r3, [pc, #664]	; (8d90 <system_init+0x2ac>)
    8af6:	48a7      	ldr	r0, [pc, #668]	; (8d94 <system_init+0x2b0>)
    8af8:	49a7      	ldr	r1, [pc, #668]	; (8d98 <system_init+0x2b4>)
    8afa:	f8df e2d0 	ldr.w	lr, [pc, #720]	; 8dcc <system_init+0x2e8>
    8afe:	f44f 0280 	mov.w	r2, #4194304	; 0x400000
    8b02:	f8c3 2084 	str.w	r2, [r3, #132]	; 0x84
    8b06:	f8c3 00a8 	str.w	r0, [r3, #168]	; 0xa8
    8b0a:	f8c3 10a8 	str.w	r1, [r3, #168]	; 0xa8
    8b0e:	f8c3 2084 	str.w	r2, [r3, #132]	; 0x84
    8b12:	f893 10d6 	ldrb.w	r1, [r3, #214]	; 0xd6
    8b16:	f041 0104 	orr.w	r1, r1, #4
    8b1a:	f883 10d6 	strb.w	r1, [r3, #214]	; 0xd6
    8b1e:	f8c3 2098 	str.w	r2, [r3, #152]	; 0x98
    8b22:	f893 20d6 	ldrb.w	r2, [r3, #214]	; 0xd6
    8b26:	499d      	ldr	r1, [pc, #628]	; (8d9c <system_init+0x2b8>)
    8b28:	f002 02fe 	and.w	r2, r2, #254	; 0xfe
    8b2c:	f883 20d6 	strb.w	r2, [r3, #214]	; 0xd6
    8b30:	f44f 0200 	mov.w	r2, #8388608	; 0x800000
    8b34:	f8c3 2084 	str.w	r2, [r3, #132]	; 0x84
    8b38:	f8c3 00a8 	str.w	r0, [r3, #168]	; 0xa8
    8b3c:	f8c3 40a8 	str.w	r4, [r3, #168]	; 0xa8
    8b40:	f8c3 2084 	str.w	r2, [r3, #132]	; 0x84
    8b44:	f893 40d7 	ldrb.w	r4, [r3, #215]	; 0xd7
    8b48:	f044 0404 	orr.w	r4, r4, #4
    8b4c:	f883 40d7 	strb.w	r4, [r3, #215]	; 0xd7
    8b50:	f8c3 2098 	str.w	r2, [r3, #152]	; 0x98
    8b54:	f893 20d7 	ldrb.w	r2, [r3, #215]	; 0xd7
    8b58:	f002 02fe 	and.w	r2, r2, #254	; 0xfe
    8b5c:	f883 20d7 	strb.w	r2, [r3, #215]	; 0xd7
    8b60:	f04f 4280 	mov.w	r2, #1073741824	; 0x40000000
    8b64:	f8c3 2084 	str.w	r2, [r3, #132]	; 0x84
    8b68:	f8c3 00a8 	str.w	r0, [r3, #168]	; 0xa8
    8b6c:	f8c3 70a8 	str.w	r7, [r3, #168]	; 0xa8
    8b70:	f8c3 2084 	str.w	r2, [r3, #132]	; 0x84
    8b74:	f893 40de 	ldrb.w	r4, [r3, #222]	; 0xde
    8b78:	4f89      	ldr	r7, [pc, #548]	; (8da0 <system_init+0x2bc>)
    8b7a:	f044 0404 	orr.w	r4, r4, #4
    8b7e:	f883 40de 	strb.w	r4, [r3, #222]	; 0xde
    8b82:	f8c3 2098 	str.w	r2, [r3, #152]	; 0x98
    8b86:	f893 40de 	ldrb.w	r4, [r3, #222]	; 0xde
    8b8a:	f004 04fe 	and.w	r4, r4, #254	; 0xfe
    8b8e:	f883 40de 	strb.w	r4, [r3, #222]	; 0xde
    8b92:	f04f 4400 	mov.w	r4, #2147483648	; 0x80000000
    8b96:	f8c3 4084 	str.w	r4, [r3, #132]	; 0x84
    8b9a:	f8c3 00a8 	str.w	r0, [r3, #168]	; 0xa8
    8b9e:	f8c3 50a8 	str.w	r5, [r3, #168]	; 0xa8
    8ba2:	f8c3 4084 	str.w	r4, [r3, #132]	; 0x84
    8ba6:	f893 50df 	ldrb.w	r5, [r3, #223]	; 0xdf
    8baa:	f045 0504 	orr.w	r5, r5, #4
    8bae:	f883 50df 	strb.w	r5, [r3, #223]	; 0xdf
    8bb2:	f8c3 4098 	str.w	r4, [r3, #152]	; 0x98
    8bb6:	f893 40df 	ldrb.w	r4, [r3, #223]	; 0xdf
    8bba:	f004 04fe 	and.w	r4, r4, #254	; 0xfe
    8bbe:	f883 40df 	strb.w	r4, [r3, #223]	; 0xdf
    8bc2:	f44f 5480 	mov.w	r4, #4096	; 0x1000
    8bc6:	f8c3 4084 	str.w	r4, [r3, #132]	; 0x84
    8bca:	f8c3 e0a8 	str.w	lr, [r3, #168]	; 0xa8
    8bce:	f8c3 10a8 	str.w	r1, [r3, #168]	; 0xa8
    8bd2:	f8c3 4084 	str.w	r4, [r3, #132]	; 0x84
    8bd6:	f893 50cc 	ldrb.w	r5, [r3, #204]	; 0xcc
    8bda:	f8df e1f4 	ldr.w	lr, [pc, #500]	; 8dd0 <system_init+0x2ec>
    8bde:	f045 0504 	orr.w	r5, r5, #4
    8be2:	f883 50cc 	strb.w	r5, [r3, #204]	; 0xcc
    8be6:	f8c3 4098 	str.w	r4, [r3, #152]	; 0x98
    8bea:	f893 40cc 	ldrb.w	r4, [r3, #204]	; 0xcc
    8bee:	f004 04fe 	and.w	r4, r4, #254	; 0xfe
    8bf2:	f883 40cc 	strb.w	r4, [r3, #204]	; 0xcc
    8bf6:	f44f 4480 	mov.w	r4, #16384	; 0x4000
    8bfa:	f8c3 4084 	str.w	r4, [r3, #132]	; 0x84
    8bfe:	f8c3 60a8 	str.w	r6, [r3, #168]	; 0xa8
    8c02:	f8c3 10a8 	str.w	r1, [r3, #168]	; 0xa8
    8c06:	f8c3 4084 	str.w	r4, [r3, #132]	; 0x84
    8c0a:	f893 50ce 	ldrb.w	r5, [r3, #206]	; 0xce
    8c0e:	4e65      	ldr	r6, [pc, #404]	; (8da4 <system_init+0x2c0>)
    8c10:	f045 0504 	orr.w	r5, r5, #4
    8c14:	f883 50ce 	strb.w	r5, [r3, #206]	; 0xce
    8c18:	f8c3 4098 	str.w	r4, [r3, #152]	; 0x98
    8c1c:	f893 40ce 	ldrb.w	r4, [r3, #206]	; 0xce
    8c20:	f004 04fe 	and.w	r4, r4, #254	; 0xfe
    8c24:	f883 40ce 	strb.w	r4, [r3, #206]	; 0xce
    8c28:	f44f 4400 	mov.w	r4, #32768	; 0x8000
    8c2c:	f8c3 4084 	str.w	r4, [r3, #132]	; 0x84
    8c30:	f8c3 70a8 	str.w	r7, [r3, #168]	; 0xa8
    8c34:	f8c3 10a8 	str.w	r1, [r3, #168]	; 0xa8
    8c38:	f8c3 4084 	str.w	r4, [r3, #132]	; 0x84
    8c3c:	f893 50cf 	ldrb.w	r5, [r3, #207]	; 0xcf
    8c40:	4f59      	ldr	r7, [pc, #356]	; (8da8 <system_init+0x2c4>)
    8c42:	f045 0504 	orr.w	r5, r5, #4
    8c46:	f883 50cf 	strb.w	r5, [r3, #207]	; 0xcf
    8c4a:	f8c3 4098 	str.w	r4, [r3, #152]	; 0x98
    8c4e:	f893 40cf 	ldrb.w	r4, [r3, #207]	; 0xcf
    8c52:	4d56      	ldr	r5, [pc, #344]	; (8dac <system_init+0x2c8>)
    8c54:	f004 04fe 	and.w	r4, r4, #254	; 0xfe
    8c58:	f883 40cf 	strb.w	r4, [r3, #207]	; 0xcf
    8c5c:	f04f 6400 	mov.w	r4, #134217728	; 0x8000000
    8c60:	615c      	str	r4, [r3, #20]
    8c62:	609c      	str	r4, [r3, #8]
    8c64:	629a      	str	r2, [r3, #40]	; 0x28
    8c66:	f8c3 e028 	str.w	lr, [r3, #40]	; 0x28
    8c6a:	f893 405b 	ldrb.w	r4, [r3, #91]	; 0x5b
    8c6e:	f004 04fe 	and.w	r4, r4, #254	; 0xfe
    8c72:	f883 405b 	strb.w	r4, [r3, #91]	; 0x5b
    8c76:	f44f 3400 	mov.w	r4, #131072	; 0x20000
    8c7a:	f8c3 4094 	str.w	r4, [r3, #148]	; 0x94
    8c7e:	f8c3 4088 	str.w	r4, [r3, #136]	; 0x88
    8c82:	f8c3 20a8 	str.w	r2, [r3, #168]	; 0xa8
    8c86:	f8c3 60a8 	str.w	r6, [r3, #168]	; 0xa8
    8c8a:	f893 40d1 	ldrb.w	r4, [r3, #209]	; 0xd1
    8c8e:	4e48      	ldr	r6, [pc, #288]	; (8db0 <system_init+0x2cc>)
    8c90:	f004 04fe 	and.w	r4, r4, #254	; 0xfe
    8c94:	f883 40d1 	strb.w	r4, [r3, #209]	; 0xd1
    8c98:	f44f 1480 	mov.w	r4, #1048576	; 0x100000
    8c9c:	615c      	str	r4, [r3, #20]
    8c9e:	609c      	str	r4, [r3, #8]
    8ca0:	629a      	str	r2, [r3, #40]	; 0x28
    8ca2:	629f      	str	r7, [r3, #40]	; 0x28
    8ca4:	f893 4054 	ldrb.w	r4, [r3, #84]	; 0x54
    8ca8:	f50e 3efc 	add.w	lr, lr, #129024	; 0x1f800
    8cac:	f004 04fe 	and.w	r4, r4, #254	; 0xfe
    8cb0:	f883 4054 	strb.w	r4, [r3, #84]	; 0x54
    8cb4:	f10e 0e04 	add.w	lr, lr, #4
    8cb8:	f44f 2480 	mov.w	r4, #262144	; 0x40000
    8cbc:	605c      	str	r4, [r3, #4]
    8cbe:	6298      	str	r0, [r3, #40]	; 0x28
    8cc0:	f8c3 e028 	str.w	lr, [r3, #40]	; 0x28
    8cc4:	f893 0052 	ldrb.w	r0, [r3, #82]	; 0x52
    8cc8:	4c3a      	ldr	r4, [pc, #232]	; (8db4 <system_init+0x2d0>)
    8cca:	f000 00fb 	and.w	r0, r0, #251	; 0xfb
    8cce:	f883 0052 	strb.w	r0, [r3, #82]	; 0x52
    8cd2:	f893 0052 	ldrb.w	r0, [r3, #82]	; 0x52
    8cd6:	f000 00fe 	and.w	r0, r0, #254	; 0xfe
    8cda:	f883 0052 	strb.w	r0, [r3, #82]	; 0x52
    8cde:	f44f 6080 	mov.w	r0, #1024	; 0x400
    8ce2:	f8c3 0084 	str.w	r0, [r3, #132]	; 0x84
    8ce6:	f8c3 50a8 	str.w	r5, [r3, #168]	; 0xa8
    8cea:	f8c3 10a8 	str.w	r1, [r3, #168]	; 0xa8
    8cee:	f8c3 0084 	str.w	r0, [r3, #132]	; 0x84
    8cf2:	f893 50ca 	ldrb.w	r5, [r3, #202]	; 0xca
    8cf6:	f045 0504 	orr.w	r5, r5, #4
    8cfa:	f883 50ca 	strb.w	r5, [r3, #202]	; 0xca
    8cfe:	f8c3 0098 	str.w	r0, [r3, #152]	; 0x98
    8d02:	f893 00ca 	ldrb.w	r0, [r3, #202]	; 0xca
    8d06:	f44f 3580 	mov.w	r5, #65536	; 0x10000
    8d0a:	3f0f      	subs	r7, #15
    8d0c:	f000 00fe 	and.w	r0, r0, #254	; 0xfe
    8d10:	f883 00ca 	strb.w	r0, [r3, #202]	; 0xca
    8d14:	f8c3 5094 	str.w	r5, [r3, #148]	; 0x94
    8d18:	f8c3 5088 	str.w	r5, [r3, #136]	; 0x88
    8d1c:	f8c3 20a8 	str.w	r2, [r3, #168]	; 0xa8
    8d20:	f8c3 70a8 	str.w	r7, [r3, #168]	; 0xa8
    8d24:	f893 00d0 	ldrb.w	r0, [r3, #208]	; 0xd0
    8d28:	f44f 6200 	mov.w	r2, #2048	; 0x800
    8d2c:	f000 00fe 	and.w	r0, r0, #254	; 0xfe
    8d30:	f883 00d0 	strb.w	r0, [r3, #208]	; 0xd0
    8d34:	f8c3 2084 	str.w	r2, [r3, #132]	; 0x84
    8d38:	f8c3 60a8 	str.w	r6, [r3, #168]	; 0xa8
    8d3c:	f8c3 10a8 	str.w	r1, [r3, #168]	; 0xa8
    8d40:	f8c3 2084 	str.w	r2, [r3, #132]	; 0x84
    8d44:	f893 10cb 	ldrb.w	r1, [r3, #203]	; 0xcb
    8d48:	f041 0104 	orr.w	r1, r1, #4
    8d4c:	f883 10cb 	strb.w	r1, [r3, #203]	; 0xcb
    8d50:	f8c3 2098 	str.w	r2, [r3, #152]	; 0x98
    8d54:	f893 20cb 	ldrb.w	r2, [r3, #203]	; 0xcb
    8d58:	f002 02fe 	and.w	r2, r2, #254	; 0xfe
    8d5c:	f883 20cb 	strb.w	r2, [r3, #203]	; 0xcb
    8d60:	47a0      	blx	r4
    8d62:	4a15      	ldr	r2, [pc, #84]	; (8db8 <system_init+0x2d4>)
    8d64:	4c15      	ldr	r4, [pc, #84]	; (8dbc <system_init+0x2d8>)
    8d66:	6913      	ldr	r3, [r2, #16]
    8d68:	4915      	ldr	r1, [pc, #84]	; (8dc0 <system_init+0x2dc>)
    8d6a:	4816      	ldr	r0, [pc, #88]	; (8dc4 <system_init+0x2e0>)
    8d6c:	f043 0340 	orr.w	r3, r3, #64	; 0x40
    8d70:	6113      	str	r3, [r2, #16]
    8d72:	47a0      	blx	r4
    8d74:	4b14      	ldr	r3, [pc, #80]	; (8dc8 <system_init+0x2e4>)
    8d76:	e8bd 41f0 	ldmia.w	sp!, {r4, r5, r6, r7, r8, lr}
    8d7a:	4718      	bx	r3
    8d7c:	000090b1 	.word	0x000090b1
    8d80:	c0020080 	.word	0xc0020080
    8d84:	c0024000 	.word	0xc0024000
    8d88:	c0028000 	.word	0xc0028000
    8d8c:	40024000 	.word	0x40024000
    8d90:	41008000 	.word	0x41008000
    8d94:	40020000 	.word	0x40020000
    8d98:	c0020040 	.word	0xc0020040
    8d9c:	c0020000 	.word	0xc0020000
    8da0:	40028000 	.word	0x40028000
    8da4:	c0000002 	.word	0xc0000002
    8da8:	c0000010 	.word	0xc0000010
    8dac:	40020400 	.word	0x40020400
    8db0:	40020800 	.word	0x40020800
    8db4:	000088e9 	.word	0x000088e9
    8db8:	40000800 	.word	0x40000800
    8dbc:	00008e01 	.word	0x00008e01
    8dc0:	41004000 	.word	0x41004000
    8dc4:	2000f15c 	.word	0x2000f15c
    8dc8:	0000895d 	.word	0x0000895d
    8dcc:	40021000 	.word	0x40021000
    8dd0:	c0000800 	.word	0xc0000800

00008dd4 <atomic_enter_critical>:
    8dd4:	f3ef 8310 	mrs	r3, PRIMASK
    8dd8:	6003      	str	r3, [r0, #0]
    8dda:	b672      	cpsid	i
    8ddc:	f3bf 8f5f 	dmb	sy
    8de0:	4770      	bx	lr
    8de2:	bf00      	nop

00008de4 <atomic_leave_critical>:
    8de4:	f3bf 8f5f 	dmb	sy
    8de8:	6803      	ldr	r3, [r0, #0]
    8dea:	f383 8810 	msr	PRIMASK, r3
    8dee:	4770      	bx	lr

00008df0 <flash_ready>:
    8df0:	6943      	ldr	r3, [r0, #20]
    8df2:	b103      	cbz	r3, 8df6 <flash_ready+0x6>
    8df4:	4718      	bx	r3
    8df6:	4770      	bx	lr

00008df8 <flash_error>:
    8df8:	6983      	ldr	r3, [r0, #24]
    8dfa:	b103      	cbz	r3, 8dfe <flash_error+0x6>
    8dfc:	4718      	bx	r3
    8dfe:	4770      	bx	lr

00008e00 <flash_init>:
    8e00:	b510      	push	{r4, lr}
    8e02:	4b04      	ldr	r3, [pc, #16]	; (8e14 <flash_init+0x14>)
    8e04:	4604      	mov	r4, r0
    8e06:	4798      	blx	r3
    8e08:	b918      	cbnz	r0, 8e12 <flash_init+0x12>
    8e0a:	4a03      	ldr	r2, [pc, #12]	; (8e18 <flash_init+0x18>)
    8e0c:	4b03      	ldr	r3, [pc, #12]	; (8e1c <flash_init+0x1c>)
    8e0e:	e884 000c 	stmia.w	r4, {r2, r3}
    8e12:	bd10      	pop	{r4, pc}
    8e14:	00009219 	.word	0x00009219
    8e18:	00008df1 	.word	0x00008df1
    8e1c:	00008df9 	.word	0x00008df9

00008e20 <flash_write_page_erase>:
    8e20:	e92d 4ff8 	stmdb	sp!, {r3, r4, r5, r6, r7, r8, r9, sl, fp, lr}
    8e24:	4f24      	ldr	r7, [pc, #144]	; (8eb8 <flash_write_page_erase+0x98>)
    8e26:	461e      	mov	r6, r3
    8e28:	4605      	mov	r5, r0
    8e2a:	460c      	mov	r4, r1
    8e2c:	4691      	mov	r9, r2
    8e2e:	47b8      	blx	r7
    8e30:	4b22      	ldr	r3, [pc, #136]	; (8ebc <flash_write_page_erase+0x9c>)
    8e32:	4607      	mov	r7, r0
    8e34:	4628      	mov	r0, r5
    8e36:	4798      	blx	r3
    8e38:	f5b6 7f00 	cmp.w	r6, #512	; 0x200
    8e3c:	d837      	bhi.n	8eae <flash_write_page_erase+0x8e>
    8e3e:	fb00 f007 	mul.w	r0, r0, r7
    8e42:	42a0      	cmp	r0, r4
    8e44:	d32f      	bcc.n	8ea6 <flash_write_page_erase+0x86>
    8e46:	1933      	adds	r3, r6, r4
    8e48:	4298      	cmp	r0, r3
    8e4a:	d32c      	bcc.n	8ea6 <flash_write_page_erase+0x86>
    8e4c:	f8df 8078 	ldr.w	r8, [pc, #120]	; 8ec8 <flash_write_page_erase+0xa8>
    8e50:	f8d8 3000 	ldr.w	r3, [r8]
    8e54:	ea4f 3a54 	mov.w	sl, r4, lsr #13
    8e58:	459a      	cmp	sl, r3
    8e5a:	d01c      	beq.n	8e96 <flash_write_page_erase+0x76>
    8e5c:	4621      	mov	r1, r4
    8e5e:	4628      	mov	r0, r5
    8e60:	f8df b068 	ldr.w	fp, [pc, #104]	; 8ecc <flash_write_page_erase+0xac>
    8e64:	47d8      	blx	fp
    8e66:	b9d0      	cbnz	r0, 8e9e <flash_write_page_erase+0x7e>
    8e68:	f424 51ff 	bic.w	r1, r4, #8160	; 0x1fe0
    8e6c:	f021 011f 	bic.w	r1, r1, #31
    8e70:	4628      	mov	r0, r5
    8e72:	4b13      	ldr	r3, [pc, #76]	; (8ec0 <flash_write_page_erase+0xa0>)
    8e74:	4798      	blx	r3
    8e76:	2701      	movs	r7, #1
    8e78:	f8c8 a000 	str.w	sl, [r8]
    8e7c:	4621      	mov	r1, r4
    8e7e:	4628      	mov	r0, r5
    8e80:	47d8      	blx	fp
    8e82:	b960      	cbnz	r0, 8e9e <flash_write_page_erase+0x7e>
    8e84:	4621      	mov	r1, r4
    8e86:	4628      	mov	r0, r5
    8e88:	4633      	mov	r3, r6
    8e8a:	464a      	mov	r2, r9
    8e8c:	4c0d      	ldr	r4, [pc, #52]	; (8ec4 <flash_write_page_erase+0xa4>)
    8e8e:	47a0      	blx	r4
    8e90:	4638      	mov	r0, r7
    8e92:	e8bd 8ff8 	ldmia.w	sp!, {r3, r4, r5, r6, r7, r8, r9, sl, fp, pc}
    8e96:	f8df b034 	ldr.w	fp, [pc, #52]	; 8ecc <flash_write_page_erase+0xac>
    8e9a:	2700      	movs	r7, #0
    8e9c:	e7ee      	b.n	8e7c <flash_write_page_erase+0x5c>
    8e9e:	f06f 0010 	mvn.w	r0, #16
    8ea2:	e8bd 8ff8 	ldmia.w	sp!, {r3, r4, r5, r6, r7, r8, r9, sl, fp, pc}
    8ea6:	f06f 000d 	mvn.w	r0, #13
    8eaa:	e8bd 8ff8 	ldmia.w	sp!, {r3, r4, r5, r6, r7, r8, r9, sl, fp, pc}
    8eae:	f06f 001e 	mvn.w	r0, #30
    8eb2:	e8bd 8ff8 	ldmia.w	sp!, {r3, r4, r5, r6, r7, r8, r9, sl, fp, pc}
    8eb6:	bf00      	nop
    8eb8:	0000926d 	.word	0x0000926d
    8ebc:	00009275 	.word	0x00009275
    8ec0:	0000927d 	.word	0x0000927d
    8ec4:	00009299 	.word	0x00009299
    8ec8:	200036d4 	.word	0x200036d4
    8ecc:	000092ad 	.word	0x000092ad

00008ed0 <flash_check_erase>:
    8ed0:	4b03      	ldr	r3, [pc, #12]	; (8ee0 <flash_check_erase+0x10>)
    8ed2:	681b      	ldr	r3, [r3, #0]
    8ed4:	ebb3 3f50 	cmp.w	r3, r0, lsr #13
    8ed8:	bf14      	ite	ne
    8eda:	2001      	movne	r0, #1
    8edc:	2000      	moveq	r0, #0
    8ede:	4770      	bx	lr
    8ee0:	200036d4 	.word	0x200036d4

00008ee4 <i2c_m_sync_write>:
    8ee4:	b530      	push	{r4, r5, lr}
    8ee6:	b085      	sub	sp, #20
    8ee8:	8905      	ldrh	r5, [r0, #8]
    8eea:	9103      	str	r1, [sp, #12]
    8eec:	4614      	mov	r4, r2
    8eee:	9202      	str	r2, [sp, #8]
    8ef0:	4b07      	ldr	r3, [pc, #28]	; (8f10 <i2c_m_sync_write+0x2c>)
    8ef2:	f8ad 5004 	strh.w	r5, [sp, #4]
    8ef6:	f44f 4200 	mov.w	r2, #32768	; 0x8000
    8efa:	a901      	add	r1, sp, #4
    8efc:	3814      	subs	r0, #20
    8efe:	f8ad 2006 	strh.w	r2, [sp, #6]
    8f02:	4798      	blx	r3
    8f04:	2800      	cmp	r0, #0
    8f06:	bf08      	it	eq
    8f08:	4620      	moveq	r0, r4
    8f0a:	b005      	add	sp, #20
    8f0c:	bd30      	pop	{r4, r5, pc}
    8f0e:	bf00      	nop
    8f10:	0000969d 	.word	0x0000969d

00008f14 <i2c_m_sync_read>:
    8f14:	b530      	push	{r4, r5, lr}
    8f16:	b085      	sub	sp, #20
    8f18:	8905      	ldrh	r5, [r0, #8]
    8f1a:	9103      	str	r1, [sp, #12]
    8f1c:	4614      	mov	r4, r2
    8f1e:	9202      	str	r2, [sp, #8]
    8f20:	4b07      	ldr	r3, [pc, #28]	; (8f40 <i2c_m_sync_read+0x2c>)
    8f22:	f8ad 5004 	strh.w	r5, [sp, #4]
    8f26:	f248 0201 	movw	r2, #32769	; 0x8001
    8f2a:	a901      	add	r1, sp, #4
    8f2c:	3814      	subs	r0, #20
    8f2e:	f8ad 2006 	strh.w	r2, [sp, #6]
    8f32:	4798      	blx	r3
    8f34:	2800      	cmp	r0, #0
    8f36:	bf08      	it	eq
    8f38:	4620      	moveq	r0, r4
    8f3a:	b005      	add	sp, #20
    8f3c:	bd30      	pop	{r4, r5, pc}
    8f3e:	bf00      	nop
    8f40:	0000969d 	.word	0x0000969d

00008f44 <i2c_m_sync_init>:
    8f44:	b510      	push	{r4, lr}
    8f46:	4b04      	ldr	r3, [pc, #16]	; (8f58 <i2c_m_sync_init+0x14>)
    8f48:	4604      	mov	r4, r0
    8f4a:	4798      	blx	r3
    8f4c:	b918      	cbnz	r0, 8f56 <i2c_m_sync_init+0x12>
    8f4e:	4a03      	ldr	r2, [pc, #12]	; (8f5c <i2c_m_sync_init+0x18>)
    8f50:	4b03      	ldr	r3, [pc, #12]	; (8f60 <i2c_m_sync_init+0x1c>)
    8f52:	61a2      	str	r2, [r4, #24]
    8f54:	6163      	str	r3, [r4, #20]
    8f56:	bd10      	pop	{r4, pc}
    8f58:	00009611 	.word	0x00009611
    8f5c:	00008f15 	.word	0x00008f15
    8f60:	00008ee5 	.word	0x00008ee5

00008f64 <i2c_m_sync_deinit>:
    8f64:	b510      	push	{r4, lr}
    8f66:	4b03      	ldr	r3, [pc, #12]	; (8f74 <i2c_m_sync_deinit+0x10>)
    8f68:	4604      	mov	r4, r0
    8f6a:	4798      	blx	r3
    8f6c:	b908      	cbnz	r0, 8f72 <i2c_m_sync_deinit+0xe>
    8f6e:	61a0      	str	r0, [r4, #24]
    8f70:	6160      	str	r0, [r4, #20]
    8f72:	bd10      	pop	{r4, pc}
    8f74:	0000961d 	.word	0x0000961d

00008f78 <i2c_m_sync_enable>:
    8f78:	4b00      	ldr	r3, [pc, #0]	; (8f7c <i2c_m_sync_enable+0x4>)
    8f7a:	4718      	bx	r3
    8f7c:	00009641 	.word	0x00009641

00008f80 <i2c_m_sync_disable>:
    8f80:	4b00      	ldr	r3, [pc, #0]	; (8f84 <i2c_m_sync_disable+0x4>)
    8f82:	4718      	bx	r3
    8f84:	00009689 	.word	0x00009689

00008f88 <i2c_m_sync_set_slaveaddr>:
    8f88:	f3c1 0109 	ubfx	r1, r1, #0, #10
    8f8c:	f402 6280 	and.w	r2, r2, #1024	; 0x400
    8f90:	430a      	orrs	r2, r1
    8f92:	8382      	strh	r2, [r0, #28]
    8f94:	4610      	mov	r0, r2
    8f96:	4770      	bx	lr

00008f98 <i2c_m_sync_cmd_writeseq>:
    8f98:	b510      	push	{r4, lr}
    8f9a:	b084      	sub	sp, #16
    8f9c:	8b84      	ldrh	r4, [r0, #28]
    8f9e:	9103      	str	r1, [sp, #12]
    8fa0:	9202      	str	r2, [sp, #8]
    8fa2:	4b05      	ldr	r3, [pc, #20]	; (8fb8 <i2c_m_sync_cmd_writeseq+0x20>)
    8fa4:	f8ad 4004 	strh.w	r4, [sp, #4]
    8fa8:	f44f 4200 	mov.w	r2, #32768	; 0x8000
    8fac:	a901      	add	r1, sp, #4
    8fae:	f8ad 2006 	strh.w	r2, [sp, #6]
    8fb2:	4798      	blx	r3
    8fb4:	b004      	add	sp, #16
    8fb6:	bd10      	pop	{r4, pc}
    8fb8:	0000969d 	.word	0x0000969d

00008fbc <i2c_m_sync_get_io_descriptor>:
    8fbc:	3014      	adds	r0, #20
    8fbe:	6008      	str	r0, [r1, #0]
    8fc0:	2000      	movs	r0, #0
    8fc2:	4770      	bx	lr

00008fc4 <_rand_sync_read_data>:
    8fc4:	e92d 47f0 	stmdb	sp!, {r4, r5, r6, r7, r8, r9, sl, lr}
    8fc8:	7906      	ldrb	r6, [r0, #4]
    8fca:	2e00      	cmp	r6, #0
    8fcc:	bf08      	it	eq
    8fce:	2620      	moveq	r6, #32
    8fd0:	428e      	cmp	r6, r1
    8fd2:	d212      	bcs.n	8ffa <_rand_sync_read_data+0x36>
    8fd4:	b1a9      	cbz	r1, 9002 <_rand_sync_read_data+0x3e>
    8fd6:	2500      	movs	r5, #0
    8fd8:	f8df 902c 	ldr.w	r9, [pc, #44]	; 9008 <_rand_sync_read_data+0x44>
    8fdc:	4680      	mov	r8, r0
    8fde:	460f      	mov	r7, r1
    8fe0:	462c      	mov	r4, r5
    8fe2:	4640      	mov	r0, r8
    8fe4:	47c8      	blx	r9
    8fe6:	1933      	adds	r3, r6, r4
    8fe8:	40a0      	lsls	r0, r4
    8fea:	b2dc      	uxtb	r4, r3
    8fec:	42a7      	cmp	r7, r4
    8fee:	ea45 0500 	orr.w	r5, r5, r0
    8ff2:	d8f6      	bhi.n	8fe2 <_rand_sync_read_data+0x1e>
    8ff4:	4628      	mov	r0, r5
    8ff6:	e8bd 87f0 	ldmia.w	sp!, {r4, r5, r6, r7, r8, r9, sl, pc}
    8ffa:	4b03      	ldr	r3, [pc, #12]	; (9008 <_rand_sync_read_data+0x44>)
    8ffc:	e8bd 47f0 	ldmia.w	sp!, {r4, r5, r6, r7, r8, r9, sl, lr}
    9000:	4718      	bx	r3
    9002:	460d      	mov	r5, r1
    9004:	e7f6      	b.n	8ff4 <_rand_sync_read_data+0x30>
    9006:	bf00      	nop
    9008:	00009bad 	.word	0x00009bad

0000900c <rand_sync_init>:
    900c:	4b00      	ldr	r3, [pc, #0]	; (9010 <rand_sync_init+0x4>)
    900e:	4718      	bx	r3
    9010:	00009b6d 	.word	0x00009b6d

00009014 <rand_sync_enable>:
    9014:	4b00      	ldr	r3, [pc, #0]	; (9018 <rand_sync_enable+0x4>)
    9016:	4718      	bx	r3
    9018:	00009b9d 	.word	0x00009b9d

0000901c <rand_sync_read32>:
    901c:	2120      	movs	r1, #32
    901e:	4b01      	ldr	r3, [pc, #4]	; (9024 <rand_sync_read32+0x8>)
    9020:	4718      	bx	r3
    9022:	bf00      	nop
    9024:	00008fc5 	.word	0x00008fc5

00009028 <_sbrk>:
    9028:	4a04      	ldr	r2, [pc, #16]	; (903c <_sbrk+0x14>)
    902a:	4905      	ldr	r1, [pc, #20]	; (9040 <_sbrk+0x18>)
    902c:	6813      	ldr	r3, [r2, #0]
    902e:	2b00      	cmp	r3, #0
    9030:	bf08      	it	eq
    9032:	460b      	moveq	r3, r1
    9034:	4418      	add	r0, r3
    9036:	6010      	str	r0, [r2, #0]
    9038:	4618      	mov	r0, r3
    903a:	4770      	bx	lr
    903c:	200036d8 	.word	0x200036d8
    9040:	200108f8 	.word	0x200108f8

00009044 <CAN0_Handler>:
    9044:	b538      	push	{r3, r4, r5, lr}
    9046:	4b19      	ldr	r3, [pc, #100]	; (90ac <CAN0_Handler+0x68>)
    9048:	681d      	ldr	r5, [r3, #0]
    904a:	682b      	ldr	r3, [r5, #0]
    904c:	6d1c      	ldr	r4, [r3, #80]	; 0x50
    904e:	07e0      	lsls	r0, r4, #31
    9050:	d428      	bmi.n	90a4 <CAN0_Handler+0x60>
    9052:	05a2      	lsls	r2, r4, #22
    9054:	d422      	bmi.n	909c <CAN0_Handler+0x58>
    9056:	01a3      	lsls	r3, r4, #6
    9058:	d41b      	bmi.n	9092 <CAN0_Handler+0x4e>
    905a:	01e0      	lsls	r0, r4, #7
    905c:	d414      	bmi.n	9088 <CAN0_Handler+0x44>
    905e:	0222      	lsls	r2, r4, #8
    9060:	d509      	bpl.n	9076 <CAN0_Handler+0x32>
    9062:	682a      	ldr	r2, [r5, #0]
    9064:	68eb      	ldr	r3, [r5, #12]
    9066:	6c52      	ldr	r2, [r2, #68]	; 0x44
    9068:	f012 0f20 	tst.w	r2, #32
    906c:	bf14      	ite	ne
    906e:	2102      	movne	r1, #2
    9070:	2101      	moveq	r1, #1
    9072:	4628      	mov	r0, r5
    9074:	4798      	blx	r3
    9076:	0723      	lsls	r3, r4, #28
    9078:	d503      	bpl.n	9082 <CAN0_Handler+0x3e>
    907a:	68eb      	ldr	r3, [r5, #12]
    907c:	2104      	movs	r1, #4
    907e:	4628      	mov	r0, r5
    9080:	4798      	blx	r3
    9082:	682b      	ldr	r3, [r5, #0]
    9084:	651c      	str	r4, [r3, #80]	; 0x50
    9086:	bd38      	pop	{r3, r4, r5, pc}
    9088:	68eb      	ldr	r3, [r5, #12]
    908a:	2100      	movs	r1, #0
    908c:	4628      	mov	r0, r5
    908e:	4798      	blx	r3
    9090:	e7e5      	b.n	905e <CAN0_Handler+0x1a>
    9092:	68eb      	ldr	r3, [r5, #12]
    9094:	2103      	movs	r1, #3
    9096:	4628      	mov	r0, r5
    9098:	4798      	blx	r3
    909a:	e7de      	b.n	905a <CAN0_Handler+0x16>
    909c:	686b      	ldr	r3, [r5, #4]
    909e:	4628      	mov	r0, r5
    90a0:	4798      	blx	r3
    90a2:	e7d8      	b.n	9056 <CAN0_Handler+0x12>
    90a4:	68ab      	ldr	r3, [r5, #8]
    90a6:	4628      	mov	r0, r5
    90a8:	4798      	blx	r3
    90aa:	e7d2      	b.n	9052 <CAN0_Handler+0xe>
    90ac:	200036dc 	.word	0x200036dc

000090b0 <_init_chip>:
    90b0:	b510      	push	{r4, lr}
    90b2:	4a0a      	ldr	r2, [pc, #40]	; (90dc <_init_chip+0x2c>)
    90b4:	490a      	ldr	r1, [pc, #40]	; (90e0 <_init_chip+0x30>)
    90b6:	8813      	ldrh	r3, [r2, #0]
    90b8:	b29b      	uxth	r3, r3
    90ba:	f443 7340 	orr.w	r3, r3, #768	; 0x300
    90be:	8013      	strh	r3, [r2, #0]
    90c0:	4788      	blx	r1
    90c2:	4b08      	ldr	r3, [pc, #32]	; (90e4 <_init_chip+0x34>)
    90c4:	4798      	blx	r3
    90c6:	4b08      	ldr	r3, [pc, #32]	; (90e8 <_init_chip+0x38>)
    90c8:	4798      	blx	r3
    90ca:	4b08      	ldr	r3, [pc, #32]	; (90ec <_init_chip+0x3c>)
    90cc:	4798      	blx	r3
    90ce:	f640 70ff 	movw	r0, #4095	; 0xfff
    90d2:	4b07      	ldr	r3, [pc, #28]	; (90f0 <_init_chip+0x40>)
    90d4:	e8bd 4010 	ldmia.w	sp!, {r4, lr}
    90d8:	4718      	bx	r3
    90da:	bf00      	nop
    90dc:	41004000 	.word	0x41004000
    90e0:	000093e1 	.word	0x000093e1
    90e4:	000093f5 	.word	0x000093f5
    90e8:	00009145 	.word	0x00009145
    90ec:	0000940d 	.word	0x0000940d
    90f0:	000090f5 	.word	0x000090f5

000090f4 <_gclk_init_generators_by_fref>:
    90f4:	07c1      	lsls	r1, r0, #31
    90f6:	d507      	bpl.n	9108 <_gclk_init_generators_by_fref+0x14>
    90f8:	4a0e      	ldr	r2, [pc, #56]	; (9134 <_gclk_init_generators_by_fref+0x40>)
    90fa:	4b0f      	ldr	r3, [pc, #60]	; (9138 <_gclk_init_generators_by_fref+0x44>)
    90fc:	6213      	str	r3, [r2, #32]
    90fe:	f643 71fd 	movw	r1, #16381	; 0x3ffd
    9102:	6853      	ldr	r3, [r2, #4]
    9104:	420b      	tst	r3, r1
    9106:	d1fc      	bne.n	9102 <_gclk_init_generators_by_fref+0xe>
    9108:	0782      	lsls	r2, r0, #30
    910a:	d507      	bpl.n	911c <_gclk_init_generators_by_fref+0x28>
    910c:	4a09      	ldr	r2, [pc, #36]	; (9134 <_gclk_init_generators_by_fref+0x40>)
    910e:	4b0b      	ldr	r3, [pc, #44]	; (913c <_gclk_init_generators_by_fref+0x48>)
    9110:	6253      	str	r3, [r2, #36]	; 0x24
    9112:	f643 71fd 	movw	r1, #16381	; 0x3ffd
    9116:	6853      	ldr	r3, [r2, #4]
    9118:	420b      	tst	r3, r1
    911a:	d1fc      	bne.n	9116 <_gclk_init_generators_by_fref+0x22>
    911c:	0703      	lsls	r3, r0, #28
    911e:	d508      	bpl.n	9132 <_gclk_init_generators_by_fref+0x3e>
    9120:	4a04      	ldr	r2, [pc, #16]	; (9134 <_gclk_init_generators_by_fref+0x40>)
    9122:	4b07      	ldr	r3, [pc, #28]	; (9140 <_gclk_init_generators_by_fref+0x4c>)
    9124:	62d3      	str	r3, [r2, #44]	; 0x2c
    9126:	f643 71fd 	movw	r1, #16381	; 0x3ffd
    912a:	6853      	ldr	r3, [r2, #4]
    912c:	420b      	tst	r3, r1
    912e:	d1fc      	bne.n	912a <_gclk_init_generators_by_fref+0x36>
    9130:	4770      	bx	lr
    9132:	4770      	bx	lr
    9134:	40001c00 	.word	0x40001c00
    9138:	00010107 	.word	0x00010107
    913c:	00080107 	.word	0x00080107
    9140:	00010108 	.word	0x00010108

00009144 <_mclk_init>:
    9144:	4b01      	ldr	r3, [pc, #4]	; (914c <_mclk_init+0x8>)
    9146:	2201      	movs	r2, #1
    9148:	715a      	strb	r2, [r3, #5]
    914a:	4770      	bx	lr
    914c:	40000800 	.word	0x40000800

00009150 <_flash_program>:
    9150:	b470      	push	{r4, r5, r6}
    9152:	088e      	lsrs	r6, r1, #2
    9154:	8a44      	ldrh	r4, [r0, #18]
    9156:	07e5      	lsls	r5, r4, #31
    9158:	d5fc      	bpl.n	9154 <_flash_program+0x4>
    915a:	f24a 5415 	movw	r4, #42261	; 0xa515
    915e:	8084      	strh	r4, [r0, #4]
    9160:	8a44      	ldrh	r4, [r0, #18]
    9162:	07e4      	lsls	r4, r4, #31
    9164:	d5fc      	bpl.n	9160 <_flash_program+0x10>
    9166:	b14b      	cbz	r3, 917c <_flash_program+0x2c>
    9168:	ebc2 0686 	rsb	r6, r2, r6, lsl #2
    916c:	4614      	mov	r4, r2
    916e:	6825      	ldr	r5, [r4, #0]
    9170:	51a5      	str	r5, [r4, r6]
    9172:	3404      	adds	r4, #4
    9174:	1aa5      	subs	r5, r4, r2
    9176:	b2ad      	uxth	r5, r5
    9178:	42ab      	cmp	r3, r5
    917a:	d8f8      	bhi.n	916e <_flash_program+0x1e>
    917c:	8a43      	ldrh	r3, [r0, #18]
    917e:	07db      	lsls	r3, r3, #31
    9180:	d5fc      	bpl.n	917c <_flash_program+0x2c>
    9182:	f24a 5303 	movw	r3, #42243	; 0xa503
    9186:	6141      	str	r1, [r0, #20]
    9188:	bc70      	pop	{r4, r5, r6}
    918a:	8083      	strh	r3, [r0, #4]
    918c:	4770      	bx	lr
    918e:	bf00      	nop

00009190 <_user_row_write_exec>:
    9190:	b4f0      	push	{r4, r5, r6, r7}
    9192:	4a1d      	ldr	r2, [pc, #116]	; (9208 <_user_row_write_exec+0x78>)
    9194:	4b1d      	ldr	r3, [pc, #116]	; (920c <_user_row_write_exec+0x7c>)
    9196:	8817      	ldrh	r7, [r2, #0]
    9198:	789b      	ldrb	r3, [r3, #2]
    919a:	07de      	lsls	r6, r3, #31
    919c:	d430      	bmi.n	9200 <_user_row_write_exec+0x70>
    919e:	b2bf      	uxth	r7, r7
    91a0:	8a53      	ldrh	r3, [r2, #18]
    91a2:	07dd      	lsls	r5, r3, #31
    91a4:	d5fc      	bpl.n	91a0 <_user_row_write_exec+0x10>
    91a6:	8813      	ldrh	r3, [r2, #0]
    91a8:	4d19      	ldr	r5, [pc, #100]	; (9210 <_user_row_write_exec+0x80>)
    91aa:	4917      	ldr	r1, [pc, #92]	; (9208 <_user_row_write_exec+0x78>)
    91ac:	b29b      	uxth	r3, r3
    91ae:	f44f 4425 	mov.w	r4, #42240	; 0xa500
    91b2:	8013      	strh	r3, [r2, #0]
    91b4:	6155      	str	r5, [r2, #20]
    91b6:	8094      	strh	r4, [r2, #4]
    91b8:	8a4b      	ldrh	r3, [r1, #18]
    91ba:	07dc      	lsls	r4, r3, #31
    91bc:	d5fc      	bpl.n	91b8 <_user_row_write_exec+0x28>
    91be:	4914      	ldr	r1, [pc, #80]	; (9210 <_user_row_write_exec+0x80>)
    91c0:	4b11      	ldr	r3, [pc, #68]	; (9208 <_user_row_write_exec+0x78>)
    91c2:	4e14      	ldr	r6, [pc, #80]	; (9214 <_user_row_write_exec+0x84>)
    91c4:	f24a 5515 	movw	r5, #42261	; 0xa515
    91c8:	f24a 5404 	movw	r4, #42244	; 0xa504
    91cc:	809d      	strh	r5, [r3, #4]
    91ce:	8a5a      	ldrh	r2, [r3, #18]
    91d0:	07d2      	lsls	r2, r2, #31
    91d2:	d5fc      	bpl.n	91ce <_user_row_write_exec+0x3e>
    91d4:	6802      	ldr	r2, [r0, #0]
    91d6:	600a      	str	r2, [r1, #0]
    91d8:	6842      	ldr	r2, [r0, #4]
    91da:	604a      	str	r2, [r1, #4]
    91dc:	6882      	ldr	r2, [r0, #8]
    91de:	608a      	str	r2, [r1, #8]
    91e0:	68c2      	ldr	r2, [r0, #12]
    91e2:	60ca      	str	r2, [r1, #12]
    91e4:	6159      	str	r1, [r3, #20]
    91e6:	809c      	strh	r4, [r3, #4]
    91e8:	8a5a      	ldrh	r2, [r3, #18]
    91ea:	07d2      	lsls	r2, r2, #31
    91ec:	d5fc      	bpl.n	91e8 <_user_row_write_exec+0x58>
    91ee:	3110      	adds	r1, #16
    91f0:	42b1      	cmp	r1, r6
    91f2:	f100 0010 	add.w	r0, r0, #16
    91f6:	d1e9      	bne.n	91cc <_user_row_write_exec+0x3c>
    91f8:	801f      	strh	r7, [r3, #0]
    91fa:	2000      	movs	r0, #0
    91fc:	bcf0      	pop	{r4, r5, r6, r7}
    91fe:	4770      	bx	lr
    9200:	f06f 0010 	mvn.w	r0, #16
    9204:	e7fa      	b.n	91fc <_user_row_write_exec+0x6c>
    9206:	bf00      	nop
    9208:	41004000 	.word	0x41004000
    920c:	41002000 	.word	0x41002000
    9210:	00804000 	.word	0x00804000
    9214:	00804200 	.word	0x00804200

00009218 <_flash_init>:
    9218:	b410      	push	{r4}
    921a:	6101      	str	r1, [r0, #16]
    921c:	880b      	ldrh	r3, [r1, #0]
    921e:	4c11      	ldr	r4, [pc, #68]	; (9264 <_flash_init+0x4c>)
    9220:	4a11      	ldr	r2, [pc, #68]	; (9268 <_flash_init+0x50>)
    9222:	6020      	str	r0, [r4, #0]
    9224:	f023 03c0 	bic.w	r3, r3, #192	; 0xc0
    9228:	049b      	lsls	r3, r3, #18
    922a:	0c9b      	lsrs	r3, r3, #18
    922c:	f04f 5400 	mov.w	r4, #536870912	; 0x20000000
    9230:	800b      	strh	r3, [r1, #0]
    9232:	f8c2 4080 	str.w	r4, [r2, #128]	; 0x80
    9236:	f3bf 8f4f 	dsb	sy
    923a:	f3bf 8f6f 	isb	sy
    923e:	f04f 4380 	mov.w	r3, #1073741824	; 0x40000000
    9242:	f8c2 3080 	str.w	r3, [r2, #128]	; 0x80
    9246:	f3bf 8f4f 	dsb	sy
    924a:	f3bf 8f6f 	isb	sy
    924e:	2000      	movs	r0, #0
    9250:	f8c2 4180 	str.w	r4, [r2, #384]	; 0x180
    9254:	f8c2 3180 	str.w	r3, [r2, #384]	; 0x180
    9258:	6014      	str	r4, [r2, #0]
    925a:	6013      	str	r3, [r2, #0]
    925c:	f85d 4b04 	ldr.w	r4, [sp], #4
    9260:	4770      	bx	lr
    9262:	bf00      	nop
    9264:	200036e0 	.word	0x200036e0
    9268:	e000e100 	.word	0xe000e100

0000926c <_flash_get_page_size>:
    926c:	f44f 7000 	mov.w	r0, #512	; 0x200
    9270:	4770      	bx	lr
    9272:	bf00      	nop

00009274 <_flash_get_total_pages>:
    9274:	6903      	ldr	r3, [r0, #16]
    9276:	6898      	ldr	r0, [r3, #8]
    9278:	b280      	uxth	r0, r0
    927a:	4770      	bx	lr

0000927c <_flash_erase_block_addr>:
    927c:	f421 51ff 	bic.w	r1, r1, #8160	; 0x1fe0
    9280:	6902      	ldr	r2, [r0, #16]
    9282:	f021 011f 	bic.w	r1, r1, #31
    9286:	8a53      	ldrh	r3, [r2, #18]
    9288:	07db      	lsls	r3, r3, #31
    928a:	d5fc      	bpl.n	9286 <_flash_erase_block_addr+0xa>
    928c:	f24a 5301 	movw	r3, #42241	; 0xa501
    9290:	6151      	str	r1, [r2, #20]
    9292:	8093      	strh	r3, [r2, #4]
    9294:	4770      	bx	lr
    9296:	bf00      	nop

00009298 <_flash_write_page_addr>:
    9298:	b410      	push	{r4}
    929a:	4c03      	ldr	r4, [pc, #12]	; (92a8 <_flash_write_page_addr+0x10>)
    929c:	6900      	ldr	r0, [r0, #16]
    929e:	46a4      	mov	ip, r4
    92a0:	f85d 4b04 	ldr.w	r4, [sp], #4
    92a4:	4760      	bx	ip
    92a6:	bf00      	nop
    92a8:	00009151 	.word	0x00009151

000092ac <_flash_is_locked>:
    92ac:	6903      	ldr	r3, [r0, #16]
    92ae:	f3c1 314f 	ubfx	r1, r1, #13, #16
    92b2:	699a      	ldr	r2, [r3, #24]
    92b4:	2301      	movs	r3, #1
    92b6:	fa03 f101 	lsl.w	r1, r3, r1
    92ba:	4211      	tst	r1, r2
    92bc:	bf0c      	ite	eq
    92be:	4618      	moveq	r0, r3
    92c0:	2000      	movne	r0, #0
    92c2:	4770      	bx	lr

000092c4 <NVMCTRL_1_Handler>:
    92c4:	4b0a      	ldr	r3, [pc, #40]	; (92f0 <NVMCTRL_1_Handler+0x2c>)
    92c6:	6818      	ldr	r0, [r3, #0]
    92c8:	6903      	ldr	r3, [r0, #16]
    92ca:	8a1a      	ldrh	r2, [r3, #16]
    92cc:	07d2      	lsls	r2, r2, #31
    92ce:	d504      	bpl.n	92da <NVMCTRL_1_Handler+0x16>
    92d0:	2201      	movs	r2, #1
    92d2:	821a      	strh	r2, [r3, #16]
    92d4:	6803      	ldr	r3, [r0, #0]
    92d6:	b14b      	cbz	r3, 92ec <NVMCTRL_1_Handler+0x28>
    92d8:	4718      	bx	r3
    92da:	8a1a      	ldrh	r2, [r3, #16]
    92dc:	b292      	uxth	r2, r2
    92de:	b12a      	cbz	r2, 92ec <NVMCTRL_1_Handler+0x28>
    92e0:	f240 225e 	movw	r2, #606	; 0x25e
    92e4:	821a      	strh	r2, [r3, #16]
    92e6:	6843      	ldr	r3, [r0, #4]
    92e8:	2b00      	cmp	r3, #0
    92ea:	d1f5      	bne.n	92d8 <NVMCTRL_1_Handler+0x14>
    92ec:	4770      	bx	lr
    92ee:	bf00      	nop
    92f0:	200036e0 	.word	0x200036e0

000092f4 <NVMCTRL_0_Handler>:
    92f4:	4b00      	ldr	r3, [pc, #0]	; (92f8 <NVMCTRL_0_Handler+0x4>)
    92f6:	4718      	bx	r3
    92f8:	000092c5 	.word	0x000092c5

000092fc <_user_area_read>:
    92fc:	b570      	push	{r4, r5, r6, lr}
    92fe:	f5a0 0500 	sub.w	r5, r0, #8388608	; 0x800000
    9302:	f5a5 4580 	sub.w	r5, r5, #16384	; 0x4000
    9306:	f5b5 7f00 	cmp.w	r5, #512	; 0x200
    930a:	d20b      	bcs.n	9324 <_user_area_read+0x28>
    930c:	4e12      	ldr	r6, [pc, #72]	; (9358 <_user_area_read+0x5c>)
    930e:	1845      	adds	r5, r0, r1
    9310:	42b5      	cmp	r5, r6
    9312:	d81b      	bhi.n	934c <_user_area_read+0x50>
    9314:	1e5c      	subs	r4, r3, #1
    9316:	4421      	add	r1, r4
    9318:	4408      	add	r0, r1
    931a:	42b0      	cmp	r0, r6
    931c:	d90f      	bls.n	933e <_user_area_read+0x42>
    931e:	f06f 000c 	mvn.w	r0, #12
    9322:	bd70      	pop	{r4, r5, r6, pc}
    9324:	f1a0 1480 	sub.w	r4, r0, #8388736	; 0x800080
    9328:	2c04      	cmp	r4, #4
    932a:	d812      	bhi.n	9352 <_user_area_read+0x56>
    932c:	4e0b      	ldr	r6, [pc, #44]	; (935c <_user_area_read+0x60>)
    932e:	1845      	adds	r5, r0, r1
    9330:	42b5      	cmp	r5, r6
    9332:	d80b      	bhi.n	934c <_user_area_read+0x50>
    9334:	1e5c      	subs	r4, r3, #1
    9336:	4421      	add	r1, r4
    9338:	1844      	adds	r4, r0, r1
    933a:	42b4      	cmp	r4, r6
    933c:	d8ef      	bhi.n	931e <_user_area_read+0x22>
    933e:	4629      	mov	r1, r5
    9340:	4610      	mov	r0, r2
    9342:	461a      	mov	r2, r3
    9344:	4b06      	ldr	r3, [pc, #24]	; (9360 <_user_area_read+0x64>)
    9346:	4798      	blx	r3
    9348:	2000      	movs	r0, #0
    934a:	bd70      	pop	{r4, r5, r6, pc}
    934c:	f06f 000d 	mvn.w	r0, #13
    9350:	bd70      	pop	{r4, r5, r6, pc}
    9352:	f06f 001a 	mvn.w	r0, #26
    9356:	bd70      	pop	{r4, r5, r6, pc}
    9358:	008041ff 	.word	0x008041ff
    935c:	00800084 	.word	0x00800084
    9360:	000103d7 	.word	0x000103d7

00009364 <_user_area_write>:
    9364:	b5f0      	push	{r4, r5, r6, r7, lr}
    9366:	f5a0 0400 	sub.w	r4, r0, #8388608	; 0x800000
    936a:	f5a4 4480 	sub.w	r4, r4, #16384	; 0x4000
    936e:	f5b4 7f00 	cmp.w	r4, #512	; 0x200
    9372:	f5ad 7d01 	sub.w	sp, sp, #516	; 0x204
    9376:	d21c      	bcs.n	93b2 <_user_area_write+0x4e>
    9378:	4d16      	ldr	r5, [pc, #88]	; (93d4 <_user_area_write+0x70>)
    937a:	1844      	adds	r4, r0, r1
    937c:	42ac      	cmp	r4, r5
    937e:	d823      	bhi.n	93c8 <_user_area_write+0x64>
    9380:	1e5c      	subs	r4, r3, #1
    9382:	440c      	add	r4, r1
    9384:	4404      	add	r4, r0
    9386:	42ac      	cmp	r4, r5
    9388:	d821      	bhi.n	93ce <_user_area_write+0x6a>
    938a:	461d      	mov	r5, r3
    938c:	4616      	mov	r6, r2
    938e:	460c      	mov	r4, r1
    9390:	4f11      	ldr	r7, [pc, #68]	; (93d8 <_user_area_write+0x74>)
    9392:	4601      	mov	r1, r0
    9394:	f44f 7200 	mov.w	r2, #512	; 0x200
    9398:	4668      	mov	r0, sp
    939a:	47b8      	blx	r7
    939c:	462a      	mov	r2, r5
    939e:	4631      	mov	r1, r6
    93a0:	eb0d 0004 	add.w	r0, sp, r4
    93a4:	47b8      	blx	r7
    93a6:	4668      	mov	r0, sp
    93a8:	4b0c      	ldr	r3, [pc, #48]	; (93dc <_user_area_write+0x78>)
    93aa:	4798      	blx	r3
    93ac:	f50d 7d01 	add.w	sp, sp, #516	; 0x204
    93b0:	bdf0      	pop	{r4, r5, r6, r7, pc}
    93b2:	f1a0 1080 	sub.w	r0, r0, #8388736	; 0x800080
    93b6:	2805      	cmp	r0, #5
    93b8:	bf34      	ite	cc
    93ba:	f06f 0010 	mvncc.w	r0, #16
    93be:	f06f 001a 	mvncs.w	r0, #26
    93c2:	f50d 7d01 	add.w	sp, sp, #516	; 0x204
    93c6:	bdf0      	pop	{r4, r5, r6, r7, pc}
    93c8:	f06f 000d 	mvn.w	r0, #13
    93cc:	e7f9      	b.n	93c2 <_user_area_write+0x5e>
    93ce:	f06f 000c 	mvn.w	r0, #12
    93d2:	e7f6      	b.n	93c2 <_user_area_write+0x5e>
    93d4:	008041ff 	.word	0x008041ff
    93d8:	000103d7 	.word	0x000103d7
    93dc:	00009191 	.word	0x00009191

000093e0 <_osc32kctrl_init_sources>:
    93e0:	4b03      	ldr	r3, [pc, #12]	; (93f0 <_osc32kctrl_init_sources+0x10>)
    93e2:	69da      	ldr	r2, [r3, #28]
    93e4:	2101      	movs	r1, #1
    93e6:	f402 527c 	and.w	r2, r2, #16128	; 0x3f00
    93ea:	61da      	str	r2, [r3, #28]
    93ec:	7419      	strb	r1, [r3, #16]
    93ee:	4770      	bx	lr
    93f0:	40001400 	.word	0x40001400

000093f4 <_oscctrl_init_sources>:
    93f4:	4a03      	ldr	r2, [pc, #12]	; (9404 <_oscctrl_init_sources+0x10>)
    93f6:	4b04      	ldr	r3, [pc, #16]	; (9408 <_oscctrl_init_sources+0x14>)
    93f8:	6153      	str	r3, [r2, #20]
    93fa:	6913      	ldr	r3, [r2, #16]
    93fc:	07db      	lsls	r3, r3, #31
    93fe:	d5fc      	bpl.n	93fa <_oscctrl_init_sources+0x6>
    9400:	4770      	bx	lr
    9402:	bf00      	nop
    9404:	40001000 	.word	0x40001000
    9408:	02602e02 	.word	0x02602e02

0000940c <_oscctrl_init_referenced_generators>:
    940c:	4a18      	ldr	r2, [pc, #96]	; (9470 <_oscctrl_init_referenced_generators+0x64>)
    940e:	2323      	movs	r3, #35	; 0x23
    9410:	6353      	str	r3, [r2, #52]	; 0x34
    9412:	6bd3      	ldr	r3, [r2, #60]	; 0x3c
    9414:	f013 0f06 	tst.w	r3, #6
    9418:	d1fb      	bne.n	9412 <_oscctrl_init_referenced_generators+0x6>
    941a:	4b16      	ldr	r3, [pc, #88]	; (9474 <_oscctrl_init_referenced_generators+0x68>)
    941c:	6393      	str	r3, [r2, #56]	; 0x38
    941e:	4914      	ldr	r1, [pc, #80]	; (9470 <_oscctrl_init_referenced_generators+0x64>)
    9420:	2302      	movs	r3, #2
    9422:	f882 3030 	strb.w	r3, [r2, #48]	; 0x30
    9426:	6bcb      	ldr	r3, [r1, #60]	; 0x3c
    9428:	079b      	lsls	r3, r3, #30
    942a:	d4fc      	bmi.n	9426 <_oscctrl_init_referenced_generators+0x1a>
    942c:	232c      	movs	r3, #44	; 0x2c
    942e:	4a10      	ldr	r2, [pc, #64]	; (9470 <_oscctrl_init_referenced_generators+0x64>)
    9430:	648b      	str	r3, [r1, #72]	; 0x48
    9432:	6d13      	ldr	r3, [r2, #80]	; 0x50
    9434:	f013 0f06 	tst.w	r3, #6
    9438:	d1fb      	bne.n	9432 <_oscctrl_init_referenced_generators+0x26>
    943a:	4b0e      	ldr	r3, [pc, #56]	; (9474 <_oscctrl_init_referenced_generators+0x68>)
    943c:	64d3      	str	r3, [r2, #76]	; 0x4c
    943e:	490c      	ldr	r1, [pc, #48]	; (9470 <_oscctrl_init_referenced_generators+0x64>)
    9440:	2302      	movs	r3, #2
    9442:	f882 3044 	strb.w	r3, [r2, #68]	; 0x44
    9446:	6d0b      	ldr	r3, [r1, #80]	; 0x50
    9448:	0798      	lsls	r0, r3, #30
    944a:	d4fc      	bmi.n	9446 <_oscctrl_init_referenced_generators+0x3a>
    944c:	4b08      	ldr	r3, [pc, #32]	; (9470 <_oscctrl_init_referenced_generators+0x64>)
    944e:	e002      	b.n	9456 <_oscctrl_init_referenced_generators+0x4a>
    9450:	6c1a      	ldr	r2, [r3, #64]	; 0x40
    9452:	0790      	lsls	r0, r2, #30
    9454:	d402      	bmi.n	945c <_oscctrl_init_referenced_generators+0x50>
    9456:	6c1a      	ldr	r2, [r3, #64]	; 0x40
    9458:	07d2      	lsls	r2, r2, #31
    945a:	d5f9      	bpl.n	9450 <_oscctrl_init_referenced_generators+0x44>
    945c:	4b04      	ldr	r3, [pc, #16]	; (9470 <_oscctrl_init_referenced_generators+0x64>)
    945e:	e002      	b.n	9466 <_oscctrl_init_referenced_generators+0x5a>
    9460:	6d5a      	ldr	r2, [r3, #84]	; 0x54
    9462:	0792      	lsls	r2, r2, #30
    9464:	d402      	bmi.n	946c <_oscctrl_init_referenced_generators+0x60>
    9466:	6d5a      	ldr	r2, [r3, #84]	; 0x54
    9468:	07d1      	lsls	r1, r2, #31
    946a:	d5f9      	bpl.n	9460 <_oscctrl_init_referenced_generators+0x54>
    946c:	4770      	bx	lr
    946e:	bf00      	nop
    9470:	40001000 	.word	0x40001000
    9474:	00020040 	.word	0x00020040

00009478 <RAMECC_Handler>:
    9478:	b500      	push	{lr}
    947a:	4a0c      	ldr	r2, [pc, #48]	; (94ac <RAMECC_Handler+0x34>)
    947c:	7893      	ldrb	r3, [r2, #2]
    947e:	b083      	sub	sp, #12
    9480:	b2db      	uxtb	r3, r3
    9482:	9301      	str	r3, [sp, #4]
    9484:	9b01      	ldr	r3, [sp, #4]
    9486:	0799      	lsls	r1, r3, #30
    9488:	d507      	bpl.n	949a <RAMECC_Handler+0x22>
    948a:	4b09      	ldr	r3, [pc, #36]	; (94b0 <RAMECC_Handler+0x38>)
    948c:	681b      	ldr	r3, [r3, #0]
    948e:	b123      	cbz	r3, 949a <RAMECC_Handler+0x22>
    9490:	6850      	ldr	r0, [r2, #4]
    9492:	4798      	blx	r3
    9494:	b003      	add	sp, #12
    9496:	f85d fb04 	ldr.w	pc, [sp], #4
    949a:	9b01      	ldr	r3, [sp, #4]
    949c:	07db      	lsls	r3, r3, #31
    949e:	d5f9      	bpl.n	9494 <RAMECC_Handler+0x1c>
    94a0:	4b03      	ldr	r3, [pc, #12]	; (94b0 <RAMECC_Handler+0x38>)
    94a2:	685b      	ldr	r3, [r3, #4]
    94a4:	2b00      	cmp	r3, #0
    94a6:	d0f5      	beq.n	9494 <RAMECC_Handler+0x1c>
    94a8:	4a00      	ldr	r2, [pc, #0]	; (94ac <RAMECC_Handler+0x34>)
    94aa:	e7f1      	b.n	9490 <RAMECC_Handler+0x18>
    94ac:	41020000 	.word	0x41020000
    94b0:	2000f184 	.word	0x2000f184

000094b4 <_get_i2cm_index>:
    94b4:	b470      	push	{r4, r5, r6}
    94b6:	4d10      	ldr	r5, [pc, #64]	; (94f8 <_get_i2cm_index+0x44>)
    94b8:	4606      	mov	r6, r0
    94ba:	cd0f      	ldmia	r5!, {r0, r1, r2, r3}
    94bc:	b087      	sub	sp, #28
    94be:	466c      	mov	r4, sp
    94c0:	c40f      	stmia	r4!, {r0, r1, r2, r3}
    94c2:	e895 0003 	ldmia.w	r5, {r0, r1}
    94c6:	e884 0003 	stmia.w	r4, {r0, r1}
    94ca:	466a      	mov	r2, sp
    94cc:	2300      	movs	r3, #0
    94ce:	f852 1b04 	ldr.w	r1, [r2], #4
    94d2:	42b1      	cmp	r1, r6
    94d4:	d007      	beq.n	94e6 <_get_i2cm_index+0x32>
    94d6:	3301      	adds	r3, #1
    94d8:	2b06      	cmp	r3, #6
    94da:	d1f8      	bne.n	94ce <_get_i2cm_index+0x1a>
    94dc:	f04f 30ff 	mov.w	r0, #4294967295
    94e0:	b007      	add	sp, #28
    94e2:	bc70      	pop	{r4, r5, r6}
    94e4:	4770      	bx	lr
    94e6:	b2db      	uxtb	r3, r3
    94e8:	1ed8      	subs	r0, r3, #3
    94ea:	bf18      	it	ne
    94ec:	f04f 30ff 	movne.w	r0, #4294967295
    94f0:	b007      	add	sp, #28
    94f2:	bc70      	pop	{r4, r5, r6}
    94f4:	4770      	bx	lr
    94f6:	bf00      	nop
    94f8:	00011374 	.word	0x00011374

000094fc <_sercom_i2c_sync_wait_bus>:
    94fc:	b5f0      	push	{r4, r5, r6, r7, lr}
    94fe:	6905      	ldr	r5, [r0, #16]
    9500:	4e15      	ldr	r6, [pc, #84]	; (9558 <_sercom_i2c_sync_wait_bus+0x5c>)
    9502:	f44f 3480 	mov.w	r4, #65536	; 0x10000
    9506:	273c      	movs	r7, #60	; 0x3c
    9508:	e003      	b.n	9512 <_sercom_i2c_sync_wait_bus+0x16>
    950a:	3c01      	subs	r4, #1
    950c:	d01b      	beq.n	9546 <_sercom_i2c_sync_wait_bus+0x4a>
    950e:	079b      	lsls	r3, r3, #30
    9510:	d113      	bne.n	953a <_sercom_i2c_sync_wait_bus+0x3e>
    9512:	7e2b      	ldrb	r3, [r5, #24]
    9514:	600b      	str	r3, [r1, #0]
    9516:	7477      	strb	r7, [r6, #17]
    9518:	680b      	ldr	r3, [r1, #0]
    951a:	7daa      	ldrb	r2, [r5, #22]
    951c:	f013 0080 	ands.w	r0, r3, #128	; 0x80
    9520:	fa1f fe83 	uxth.w	lr, r3
    9524:	d0f1      	beq.n	950a <_sercom_i2c_sync_wait_bus+0xe>
    9526:	212e      	movs	r1, #46	; 0x2e
    9528:	2380      	movs	r3, #128	; 0x80
    952a:	f8a6 e02c 	strh.w	lr, [r6, #44]	; 0x2c
    952e:	8632      	strh	r2, [r6, #48]	; 0x30
    9530:	7471      	strb	r1, [r6, #17]
    9532:	762b      	strb	r3, [r5, #24]
    9534:	f06f 0004 	mvn.w	r0, #4
    9538:	bdf0      	pop	{r4, r5, r6, r7, pc}
    953a:	233e      	movs	r3, #62	; 0x3e
    953c:	7473      	strb	r3, [r6, #17]
    953e:	f8a6 e02c 	strh.w	lr, [r6, #44]	; 0x2c
    9542:	8632      	strh	r2, [r6, #48]	; 0x30
    9544:	bdf0      	pop	{r4, r5, r6, r7, pc}
    9546:	2321      	movs	r3, #33	; 0x21
    9548:	7473      	strb	r3, [r6, #17]
    954a:	f8a6 e02c 	strh.w	lr, [r6, #44]	; 0x2c
    954e:	8632      	strh	r2, [r6, #48]	; 0x30
    9550:	f06f 0004 	mvn.w	r0, #4
    9554:	bdf0      	pop	{r4, r5, r6, r7, pc}
    9556:	bf00      	nop
    9558:	2001ff00 	.word	0x2001ff00

0000955c <_i2c_m_sync_init_impl>:
    955c:	b5f8      	push	{r3, r4, r5, r6, r7, lr}
    955e:	4b2a      	ldr	r3, [pc, #168]	; (9608 <_i2c_m_sync_init_impl+0xac>)
    9560:	4605      	mov	r5, r0
    9562:	4608      	mov	r0, r1
    9564:	460c      	mov	r4, r1
    9566:	4798      	blx	r3
    9568:	69e3      	ldr	r3, [r4, #28]
    956a:	4928      	ldr	r1, [pc, #160]	; (960c <_i2c_m_sync_init_impl+0xb0>)
    956c:	b2c7      	uxtb	r7, r0
    956e:	007e      	lsls	r6, r7, #1
    9570:	f013 0f01 	tst.w	r3, #1
    9574:	eb06 0307 	add.w	r3, r6, r7
    9578:	eb01 03c3 	add.w	r3, r1, r3, lsl #3
    957c:	69da      	ldr	r2, [r3, #28]
    957e:	d117      	bne.n	95b0 <_i2c_m_sync_init_impl+0x54>
    9580:	f002 001c 	and.w	r0, r2, #28
    9584:	69e3      	ldr	r3, [r4, #28]
    9586:	079b      	lsls	r3, r3, #30
    9588:	d1fc      	bne.n	9584 <_i2c_m_sync_init_impl+0x28>
    958a:	6823      	ldr	r3, [r4, #0]
    958c:	079b      	lsls	r3, r3, #30
    958e:	d509      	bpl.n	95a4 <_i2c_m_sync_init_impl+0x48>
    9590:	6823      	ldr	r3, [r4, #0]
    9592:	f023 0302 	bic.w	r3, r3, #2
    9596:	6023      	str	r3, [r4, #0]
    9598:	69e3      	ldr	r3, [r4, #28]
    959a:	079b      	lsls	r3, r3, #30
    959c:	d1fc      	bne.n	9598 <_i2c_m_sync_init_impl+0x3c>
    959e:	69e3      	ldr	r3, [r4, #28]
    95a0:	079b      	lsls	r3, r3, #30
    95a2:	d4fc      	bmi.n	959e <_i2c_m_sync_init_impl+0x42>
    95a4:	f040 0001 	orr.w	r0, r0, #1
    95a8:	6020      	str	r0, [r4, #0]
    95aa:	69e3      	ldr	r3, [r4, #28]
    95ac:	0798      	lsls	r0, r3, #30
    95ae:	d1fc      	bne.n	95aa <_i2c_m_sync_init_impl+0x4e>
    95b0:	69e3      	ldr	r3, [r4, #28]
    95b2:	07db      	lsls	r3, r3, #31
    95b4:	d4fc      	bmi.n	95b0 <_i2c_m_sync_init_impl+0x54>
    95b6:	6022      	str	r2, [r4, #0]
    95b8:	69e3      	ldr	r3, [r4, #28]
    95ba:	0798      	lsls	r0, r3, #30
    95bc:	d1fc      	bne.n	95b8 <_i2c_m_sync_init_impl+0x5c>
    95be:	19f3      	adds	r3, r6, r7
    95c0:	eb01 03c3 	add.w	r3, r1, r3, lsl #3
    95c4:	6a1b      	ldr	r3, [r3, #32]
    95c6:	6063      	str	r3, [r4, #4]
    95c8:	69e3      	ldr	r3, [r4, #28]
    95ca:	075b      	lsls	r3, r3, #29
    95cc:	d4fc      	bmi.n	95c8 <_i2c_m_sync_init_impl+0x6c>
    95ce:	19f3      	adds	r3, r6, r7
    95d0:	eb01 03c3 	add.w	r3, r1, r3, lsl #3
    95d4:	f3c2 6201 	ubfx	r2, r2, #24, #2
    95d8:	6a5b      	ldr	r3, [r3, #36]	; 0x24
    95da:	60e3      	str	r3, [r4, #12]
    95dc:	81aa      	strh	r2, [r5, #12]
    95de:	6a63      	ldr	r3, [r4, #36]	; 0x24
    95e0:	2a01      	cmp	r2, #1
    95e2:	bf94      	ite	ls
    95e4:	2200      	movls	r2, #0
    95e6:	2201      	movhi	r2, #1
    95e8:	f423 4380 	bic.w	r3, r3, #16384	; 0x4000
    95ec:	ea43 3282 	orr.w	r2, r3, r2, lsl #14
    95f0:	6262      	str	r2, [r4, #36]	; 0x24
    95f2:	69e0      	ldr	r0, [r4, #28]
    95f4:	f010 0004 	ands.w	r0, r0, #4
    95f8:	d1fb      	bne.n	95f2 <_i2c_m_sync_init_impl+0x96>
    95fa:	443e      	add	r6, r7
    95fc:	eb01 01c6 	add.w	r1, r1, r6, lsl #3
    9600:	8d4b      	ldrh	r3, [r1, #42]	; 0x2a
    9602:	81eb      	strh	r3, [r5, #14]
    9604:	bdf8      	pop	{r3, r4, r5, r6, r7, pc}
    9606:	bf00      	nop
    9608:	000094b5 	.word	0x000094b5
    960c:	00011374 	.word	0x00011374

00009610 <_i2c_m_sync_init>:
    9610:	6101      	str	r1, [r0, #16]
    9612:	4b01      	ldr	r3, [pc, #4]	; (9618 <_i2c_m_sync_init+0x8>)
    9614:	4718      	bx	r3
    9616:	bf00      	nop
    9618:	0000955d 	.word	0x0000955d

0000961c <_i2c_m_sync_deinit>:
    961c:	6903      	ldr	r3, [r0, #16]
    961e:	681a      	ldr	r2, [r3, #0]
    9620:	f022 0202 	bic.w	r2, r2, #2
    9624:	601a      	str	r2, [r3, #0]
    9626:	69da      	ldr	r2, [r3, #28]
    9628:	0792      	lsls	r2, r2, #30
    962a:	d1fc      	bne.n	9626 <_i2c_m_sync_deinit+0xa>
    962c:	681a      	ldr	r2, [r3, #0]
    962e:	f042 0201 	orr.w	r2, r2, #1
    9632:	601a      	str	r2, [r3, #0]
    9634:	69d8      	ldr	r0, [r3, #28]
    9636:	f010 0001 	ands.w	r0, r0, #1
    963a:	d1fb      	bne.n	9634 <_i2c_m_sync_deinit+0x18>
    963c:	4770      	bx	lr
    963e:	bf00      	nop

00009640 <_i2c_m_sync_enable>:
    9640:	b430      	push	{r4, r5}
    9642:	6903      	ldr	r3, [r0, #16]
    9644:	681a      	ldr	r2, [r3, #0]
    9646:	f042 0202 	orr.w	r2, r2, #2
    964a:	601a      	str	r2, [r3, #0]
    964c:	69da      	ldr	r2, [r3, #28]
    964e:	0791      	lsls	r1, r2, #30
    9650:	d1fc      	bne.n	964c <_i2c_m_sync_enable+0xc>
    9652:	2404      	movs	r4, #4
    9654:	2510      	movs	r5, #16
    9656:	f64f 71ff 	movw	r1, #65535	; 0xffff
    965a:	69d8      	ldr	r0, [r3, #28]
    965c:	f010 0004 	ands.w	r0, r0, #4
    9660:	d1fb      	bne.n	965a <_i2c_m_sync_enable+0x1a>
    9662:	8b5a      	ldrh	r2, [r3, #26]
    9664:	f3c2 1201 	ubfx	r2, r2, #4, #2
    9668:	2a01      	cmp	r2, #1
    966a:	d00a      	beq.n	9682 <_i2c_m_sync_enable+0x42>
    966c:	3901      	subs	r1, #1
    966e:	d1f4      	bne.n	965a <_i2c_m_sync_enable+0x1a>
    9670:	3c01      	subs	r4, #1
    9672:	d004      	beq.n	967e <_i2c_m_sync_enable+0x3e>
    9674:	835d      	strh	r5, [r3, #26]
    9676:	69da      	ldr	r2, [r3, #28]
    9678:	0752      	lsls	r2, r2, #29
    967a:	d4fc      	bmi.n	9676 <_i2c_m_sync_enable+0x36>
    967c:	e7eb      	b.n	9656 <_i2c_m_sync_enable+0x16>
    967e:	f06f 0005 	mvn.w	r0, #5
    9682:	bc30      	pop	{r4, r5}
    9684:	4770      	bx	lr
    9686:	bf00      	nop

00009688 <_i2c_m_sync_disable>:
    9688:	6903      	ldr	r3, [r0, #16]
    968a:	681a      	ldr	r2, [r3, #0]
    968c:	f022 0202 	bic.w	r2, r2, #2
    9690:	601a      	str	r2, [r3, #0]
    9692:	69d8      	ldr	r0, [r3, #28]
    9694:	f010 0003 	ands.w	r0, r0, #3
    9698:	d1fb      	bne.n	9692 <_i2c_m_sync_disable+0xa>
    969a:	4770      	bx	lr

0000969c <_i2c_m_sync_transfer>:
    969c:	e92d 47f0 	stmdb	sp!, {r4, r5, r6, r7, r8, r9, sl, lr}
    96a0:	8843      	ldrh	r3, [r0, #2]
    96a2:	6904      	ldr	r4, [r0, #16]
    96a4:	05de      	lsls	r6, r3, #23
    96a6:	b082      	sub	sp, #8
    96a8:	f100 8227 	bmi.w	9afa <_i2c_m_sync_transfer+0x45e>
    96ac:	884b      	ldrh	r3, [r1, #2]
    96ae:	b29b      	uxth	r3, r3
    96b0:	f443 7380 	orr.w	r3, r3, #256	; 0x100
    96b4:	804b      	strh	r3, [r1, #2]
    96b6:	4682      	mov	sl, r0
    96b8:	460f      	mov	r7, r1
    96ba:	c907      	ldmia	r1, {r0, r1, r2}
    96bc:	e88a 0007 	stmia.w	sl, {r0, r1, r2}
    96c0:	6863      	ldr	r3, [r4, #4]
    96c2:	f443 7380 	orr.w	r3, r3, #256	; 0x100
    96c6:	6063      	str	r3, [r4, #4]
    96c8:	69e3      	ldr	r3, [r4, #28]
    96ca:	075d      	lsls	r5, r3, #29
    96cc:	d4fc      	bmi.n	96c8 <_i2c_m_sync_transfer+0x2c>
    96ce:	f8da 3004 	ldr.w	r3, [sl, #4]
    96d2:	6822      	ldr	r2, [r4, #0]
    96d4:	2b01      	cmp	r3, #1
    96d6:	6863      	ldr	r3, [r4, #4]
    96d8:	f000 817a 	beq.w	99d0 <_i2c_m_sync_transfer+0x334>
    96dc:	f423 2380 	bic.w	r3, r3, #262144	; 0x40000
    96e0:	6063      	str	r3, [r4, #4]
    96e2:	69e3      	ldr	r3, [r4, #28]
    96e4:	075b      	lsls	r3, r3, #29
    96e6:	d4fc      	bmi.n	96e2 <_i2c_m_sync_transfer+0x46>
    96e8:	f8ba 3000 	ldrh.w	r3, [sl]
    96ec:	055a      	lsls	r2, r3, #21
    96ee:	d552      	bpl.n	9796 <_i2c_m_sync_transfer+0xfa>
    96f0:	f8ba 2002 	ldrh.w	r2, [sl, #2]
    96f4:	07d6      	lsls	r6, r2, #31
    96f6:	d506      	bpl.n	9706 <_i2c_m_sync_transfer+0x6a>
    96f8:	f8ba 2002 	ldrh.w	r2, [sl, #2]
    96fc:	b292      	uxth	r2, r2
    96fe:	f442 6280 	orr.w	r2, r2, #1024	; 0x400
    9702:	f8aa 2002 	strh.w	r2, [sl, #2]
    9706:	f240 72fe 	movw	r2, #2046	; 0x7fe
    970a:	ea02 0243 	and.w	r2, r2, r3, lsl #1
    970e:	69e3      	ldr	r3, [r4, #28]
    9710:	075d      	lsls	r5, r3, #29
    9712:	d4fc      	bmi.n	970e <_i2c_m_sync_transfer+0x72>
    9714:	6a63      	ldr	r3, [r4, #36]	; 0x24
    9716:	f403 4380 	and.w	r3, r3, #16384	; 0x4000
    971a:	f443 4300 	orr.w	r3, r3, #32768	; 0x8000
    971e:	4313      	orrs	r3, r2
    9720:	6263      	str	r3, [r4, #36]	; 0x24
    9722:	69e3      	ldr	r3, [r4, #28]
    9724:	0758      	lsls	r0, r3, #29
    9726:	d4fc      	bmi.n	9722 <_i2c_m_sync_transfer+0x86>
    9728:	a901      	add	r1, sp, #4
    972a:	4650      	mov	r0, sl
    972c:	4eb0      	ldr	r6, [pc, #704]	; (99f0 <_i2c_m_sync_transfer+0x354>)
    972e:	4db1      	ldr	r5, [pc, #708]	; (99f4 <_i2c_m_sync_transfer+0x358>)
    9730:	47b0      	blx	r6
    9732:	233b      	movs	r3, #59	; 0x3b
    9734:	746b      	strb	r3, [r5, #17]
    9736:	6821      	ldr	r1, [r4, #0]
    9738:	9a01      	ldr	r2, [sp, #4]
    973a:	69e3      	ldr	r3, [r4, #28]
    973c:	075b      	lsls	r3, r3, #29
    973e:	d4fc      	bmi.n	973a <_i2c_m_sync_transfer+0x9e>
    9740:	8b63      	ldrh	r3, [r4, #26]
    9742:	f012 0f01 	tst.w	r2, #1
    9746:	b29b      	uxth	r3, r3
    9748:	d038      	beq.n	97bc <_i2c_m_sync_transfer+0x120>
    974a:	079a      	lsls	r2, r3, #30
    974c:	d561      	bpl.n	9812 <_i2c_m_sync_transfer+0x176>
    974e:	2201      	movs	r2, #1
    9750:	7622      	strb	r2, [r4, #24]
    9752:	f8ba 2002 	ldrh.w	r2, [sl, #2]
    9756:	b292      	uxth	r2, r2
    9758:	f442 5280 	orr.w	r2, r2, #4096	; 0x1000
    975c:	f8aa 2002 	strh.w	r2, [sl, #2]
    9760:	f8ba 2002 	ldrh.w	r2, [sl, #2]
    9764:	f422 7280 	bic.w	r2, r2, #256	; 0x100
    9768:	0412      	lsls	r2, r2, #16
    976a:	f013 0f01 	tst.w	r3, #1
    976e:	ea4f 4212 	mov.w	r2, r2, lsr #16
    9772:	f8aa 2002 	strh.w	r2, [sl, #2]
    9776:	bf14      	ite	ne
    9778:	f06f 0004 	mvnne.w	r0, #4
    977c:	f06f 0003 	mvneq.w	r0, #3
    9780:	f8ba 3002 	ldrh.w	r3, [sl, #2]
    9784:	f423 7380 	bic.w	r3, r3, #256	; 0x100
    9788:	041b      	lsls	r3, r3, #16
    978a:	0c1b      	lsrs	r3, r3, #16
    978c:	f8aa 3002 	strh.w	r3, [sl, #2]
    9790:	b002      	add	sp, #8
    9792:	e8bd 87f0 	ldmia.w	sp!, {r4, r5, r6, r7, r8, r9, sl, pc}
    9796:	f8ba 1002 	ldrh.w	r1, [sl, #2]
    979a:	005a      	lsls	r2, r3, #1
    979c:	b2d2      	uxtb	r2, r2
    979e:	f001 0301 	and.w	r3, r1, #1
    97a2:	431a      	orrs	r2, r3
    97a4:	69e3      	ldr	r3, [r4, #28]
    97a6:	0759      	lsls	r1, r3, #29
    97a8:	d4fc      	bmi.n	97a4 <_i2c_m_sync_transfer+0x108>
    97aa:	6a63      	ldr	r3, [r4, #36]	; 0x24
    97ac:	f403 4380 	and.w	r3, r3, #16384	; 0x4000
    97b0:	431a      	orrs	r2, r3
    97b2:	6262      	str	r2, [r4, #36]	; 0x24
    97b4:	69e3      	ldr	r3, [r4, #28]
    97b6:	075a      	lsls	r2, r3, #29
    97b8:	d4fc      	bmi.n	97b4 <_i2c_m_sync_transfer+0x118>
    97ba:	e7b5      	b.n	9728 <_i2c_m_sync_transfer+0x8c>
    97bc:	0792      	lsls	r2, r2, #30
    97be:	d542      	bpl.n	9846 <_i2c_m_sync_transfer+0x1aa>
    97c0:	f8da 2004 	ldr.w	r2, [sl, #4]
    97c4:	2a00      	cmp	r2, #0
    97c6:	f000 81aa 	beq.w	9b1e <_i2c_m_sync_transfer+0x482>
    97ca:	0758      	lsls	r0, r3, #29
    97cc:	f100 81a7 	bmi.w	9b1e <_i2c_m_sync_transfer+0x482>
    97d0:	3a01      	subs	r2, #1
    97d2:	f8ca 2004 	str.w	r2, [sl, #4]
    97d6:	f3c1 61c0 	ubfx	r1, r1, #27, #1
    97da:	2a00      	cmp	r2, #0
    97dc:	f040 811b 	bne.w	9a16 <_i2c_m_sync_transfer+0x37a>
    97e0:	b949      	cbnz	r1, 97f6 <_i2c_m_sync_transfer+0x15a>
    97e2:	6863      	ldr	r3, [r4, #4]
    97e4:	f443 2380 	orr.w	r3, r3, #262144	; 0x40000
    97e8:	6063      	str	r3, [r4, #4]
    97ea:	69e3      	ldr	r3, [r4, #28]
    97ec:	0758      	lsls	r0, r3, #29
    97ee:	d4fc      	bmi.n	97ea <_i2c_m_sync_transfer+0x14e>
    97f0:	2a00      	cmp	r2, #0
    97f2:	f040 8112 	bne.w	9a1a <_i2c_m_sync_transfer+0x37e>
    97f6:	f8ba 3002 	ldrh.w	r3, [sl, #2]
    97fa:	041b      	lsls	r3, r3, #16
    97fc:	f100 8180 	bmi.w	9b00 <_i2c_m_sync_transfer+0x464>
    9800:	f8ba 3002 	ldrh.w	r3, [sl, #2]
    9804:	f423 7380 	bic.w	r3, r3, #256	; 0x100
    9808:	041b      	lsls	r3, r3, #16
    980a:	0c1b      	lsrs	r3, r3, #16
    980c:	f8aa 3002 	strh.w	r3, [sl, #2]
    9810:	e103      	b.n	9a1a <_i2c_m_sync_transfer+0x37e>
    9812:	0758      	lsls	r0, r3, #29
    9814:	f100 8188 	bmi.w	9b28 <_i2c_m_sync_transfer+0x48c>
    9818:	f8ba 3002 	ldrh.w	r3, [sl, #2]
    981c:	055b      	lsls	r3, r3, #21
    981e:	f100 8109 	bmi.w	9a34 <_i2c_m_sync_transfer+0x398>
    9822:	f8da 2004 	ldr.w	r2, [sl, #4]
    9826:	2a00      	cmp	r2, #0
    9828:	f040 812c 	bne.w	9a84 <_i2c_m_sync_transfer+0x3e8>
    982c:	f8ba 3002 	ldrh.w	r3, [sl, #2]
    9830:	041a      	lsls	r2, r3, #16
    9832:	f100 815a 	bmi.w	9aea <_i2c_m_sync_transfer+0x44e>
    9836:	f8ba 3002 	ldrh.w	r3, [sl, #2]
    983a:	f423 7380 	bic.w	r3, r3, #256	; 0x100
    983e:	041b      	lsls	r3, r3, #16
    9840:	0c1b      	lsrs	r3, r3, #16
    9842:	f8aa 3002 	strh.w	r3, [sl, #2]
    9846:	2300      	movs	r3, #0
    9848:	f04f 083a 	mov.w	r8, #58	; 0x3a
    984c:	f04f 0902 	mov.w	r9, #2
    9850:	f8ba 2002 	ldrh.w	r2, [sl, #2]
    9854:	05d2      	lsls	r2, r2, #23
    9856:	d52e      	bpl.n	98b6 <_i2c_m_sync_transfer+0x21a>
    9858:	a901      	add	r1, sp, #4
    985a:	4650      	mov	r0, sl
    985c:	47b0      	blx	r6
    985e:	f885 8011 	strb.w	r8, [r5, #17]
    9862:	2800      	cmp	r0, #0
    9864:	f040 80a8 	bne.w	99b8 <_i2c_m_sync_transfer+0x31c>
    9868:	9b01      	ldr	r3, [sp, #4]
    986a:	6821      	ldr	r1, [r4, #0]
    986c:	69e2      	ldr	r2, [r4, #28]
    986e:	0752      	lsls	r2, r2, #29
    9870:	d4fc      	bmi.n	986c <_i2c_m_sync_transfer+0x1d0>
    9872:	8b62      	ldrh	r2, [r4, #26]
    9874:	07d8      	lsls	r0, r3, #31
    9876:	b292      	uxth	r2, r2
    9878:	d521      	bpl.n	98be <_i2c_m_sync_transfer+0x222>
    987a:	0790      	lsls	r0, r2, #30
    987c:	d554      	bpl.n	9928 <_i2c_m_sync_transfer+0x28c>
    987e:	2301      	movs	r3, #1
    9880:	7623      	strb	r3, [r4, #24]
    9882:	f8ba 3002 	ldrh.w	r3, [sl, #2]
    9886:	b29b      	uxth	r3, r3
    9888:	f443 5380 	orr.w	r3, r3, #4096	; 0x1000
    988c:	f8aa 3002 	strh.w	r3, [sl, #2]
    9890:	f8ba 3002 	ldrh.w	r3, [sl, #2]
    9894:	f423 7380 	bic.w	r3, r3, #256	; 0x100
    9898:	041b      	lsls	r3, r3, #16
    989a:	0c1b      	lsrs	r3, r3, #16
    989c:	f8aa 3002 	strh.w	r3, [sl, #2]
    98a0:	f012 0f01 	tst.w	r2, #1
    98a4:	f8ba 2002 	ldrh.w	r2, [sl, #2]
    98a8:	bf14      	ite	ne
    98aa:	f06f 0304 	mvnne.w	r3, #4
    98ae:	f06f 0303 	mvneq.w	r3, #3
    98b2:	05d2      	lsls	r2, r2, #23
    98b4:	d4d0      	bmi.n	9858 <_i2c_m_sync_transfer+0x1bc>
    98b6:	4618      	mov	r0, r3
    98b8:	b002      	add	sp, #8
    98ba:	e8bd 87f0 	ldmia.w	sp!, {r4, r5, r6, r7, r8, r9, sl, pc}
    98be:	f013 0302 	ands.w	r3, r3, #2
    98c2:	d0c5      	beq.n	9850 <_i2c_m_sync_transfer+0x1b4>
    98c4:	f8da 3004 	ldr.w	r3, [sl, #4]
    98c8:	2b00      	cmp	r3, #0
    98ca:	f000 80ce 	beq.w	9a6a <_i2c_m_sync_transfer+0x3ce>
    98ce:	0750      	lsls	r0, r2, #29
    98d0:	f100 80cb 	bmi.w	9a6a <_i2c_m_sync_transfer+0x3ce>
    98d4:	1e5a      	subs	r2, r3, #1
    98d6:	f8ca 2004 	str.w	r2, [sl, #4]
    98da:	f3c1 61c0 	ubfx	r1, r1, #27, #1
    98de:	2a00      	cmp	r2, #0
    98e0:	d145      	bne.n	996e <_i2c_m_sync_transfer+0x2d2>
    98e2:	b939      	cbnz	r1, 98f4 <_i2c_m_sync_transfer+0x258>
    98e4:	6863      	ldr	r3, [r4, #4]
    98e6:	f443 2380 	orr.w	r3, r3, #262144	; 0x40000
    98ea:	6063      	str	r3, [r4, #4]
    98ec:	69e3      	ldr	r3, [r4, #28]
    98ee:	075b      	lsls	r3, r3, #29
    98f0:	d4fc      	bmi.n	98ec <_i2c_m_sync_transfer+0x250>
    98f2:	b95a      	cbnz	r2, 990c <_i2c_m_sync_transfer+0x270>
    98f4:	f8ba 3002 	ldrh.w	r3, [sl, #2]
    98f8:	041a      	lsls	r2, r3, #16
    98fa:	d47d      	bmi.n	99f8 <_i2c_m_sync_transfer+0x35c>
    98fc:	f8ba 3002 	ldrh.w	r3, [sl, #2]
    9900:	f423 7380 	bic.w	r3, r3, #256	; 0x100
    9904:	041b      	lsls	r3, r3, #16
    9906:	0c1b      	lsrs	r3, r3, #16
    9908:	f8aa 3002 	strh.w	r3, [sl, #2]
    990c:	f8da 2008 	ldr.w	r2, [sl, #8]
    9910:	1c53      	adds	r3, r2, #1
    9912:	f8ca 3008 	str.w	r3, [sl, #8]
    9916:	69e3      	ldr	r3, [r4, #28]
    9918:	f013 0304 	ands.w	r3, r3, #4
    991c:	d1fb      	bne.n	9916 <_i2c_m_sync_transfer+0x27a>
    991e:	6aa1      	ldr	r1, [r4, #40]	; 0x28
    9920:	7011      	strb	r1, [r2, #0]
    9922:	f884 9018 	strb.w	r9, [r4, #24]
    9926:	e793      	b.n	9850 <_i2c_m_sync_transfer+0x1b4>
    9928:	0751      	lsls	r1, r2, #29
    992a:	f100 80b9 	bmi.w	9aa0 <_i2c_m_sync_transfer+0x404>
    992e:	f8ba 3002 	ldrh.w	r3, [sl, #2]
    9932:	0558      	lsls	r0, r3, #21
    9934:	d520      	bpl.n	9978 <_i2c_m_sync_transfer+0x2dc>
    9936:	f8ba 3000 	ldrh.w	r3, [sl]
    993a:	09db      	lsrs	r3, r3, #7
    993c:	f003 0206 	and.w	r2, r3, #6
    9940:	69e3      	ldr	r3, [r4, #28]
    9942:	0759      	lsls	r1, r3, #29
    9944:	d4fc      	bmi.n	9940 <_i2c_m_sync_transfer+0x2a4>
    9946:	6a63      	ldr	r3, [r4, #36]	; 0x24
    9948:	f403 4380 	and.w	r3, r3, #16384	; 0x4000
    994c:	f043 03f1 	orr.w	r3, r3, #241	; 0xf1
    9950:	4313      	orrs	r3, r2
    9952:	6263      	str	r3, [r4, #36]	; 0x24
    9954:	69e3      	ldr	r3, [r4, #28]
    9956:	f013 0304 	ands.w	r3, r3, #4
    995a:	d1fb      	bne.n	9954 <_i2c_m_sync_transfer+0x2b8>
    995c:	f8ba 2002 	ldrh.w	r2, [sl, #2]
    9960:	f422 6280 	bic.w	r2, r2, #1024	; 0x400
    9964:	0412      	lsls	r2, r2, #16
    9966:	0c12      	lsrs	r2, r2, #16
    9968:	f8aa 2002 	strh.w	r2, [sl, #2]
    996c:	e770      	b.n	9850 <_i2c_m_sync_transfer+0x1b4>
    996e:	2a01      	cmp	r2, #1
    9970:	d1cc      	bne.n	990c <_i2c_m_sync_transfer+0x270>
    9972:	2900      	cmp	r1, #0
    9974:	d0ca      	beq.n	990c <_i2c_m_sync_transfer+0x270>
    9976:	e7b5      	b.n	98e4 <_i2c_m_sync_transfer+0x248>
    9978:	f8da 2004 	ldr.w	r2, [sl, #4]
    997c:	b96a      	cbnz	r2, 999a <_i2c_m_sync_transfer+0x2fe>
    997e:	f8ba 3002 	ldrh.w	r3, [sl, #2]
    9982:	041a      	lsls	r2, r3, #16
    9984:	d476      	bmi.n	9a74 <_i2c_m_sync_transfer+0x3d8>
    9986:	f8ba 3002 	ldrh.w	r3, [sl, #2]
    998a:	f423 7380 	bic.w	r3, r3, #256	; 0x100
    998e:	041b      	lsls	r3, r3, #16
    9990:	0c1b      	lsrs	r3, r3, #16
    9992:	f8aa 3002 	strh.w	r3, [sl, #2]
    9996:	2300      	movs	r3, #0
    9998:	e75a      	b.n	9850 <_i2c_m_sync_transfer+0x1b4>
    999a:	f8da 1008 	ldr.w	r1, [sl, #8]
    999e:	780b      	ldrb	r3, [r1, #0]
    99a0:	62a3      	str	r3, [r4, #40]	; 0x28
    99a2:	69e3      	ldr	r3, [r4, #28]
    99a4:	f013 0304 	ands.w	r3, r3, #4
    99a8:	d1fb      	bne.n	99a2 <_i2c_m_sync_transfer+0x306>
    99aa:	3101      	adds	r1, #1
    99ac:	3a01      	subs	r2, #1
    99ae:	f8ca 1008 	str.w	r1, [sl, #8]
    99b2:	f8ca 2004 	str.w	r2, [sl, #4]
    99b6:	e74b      	b.n	9850 <_i2c_m_sync_transfer+0x1b4>
    99b8:	887b      	ldrh	r3, [r7, #2]
    99ba:	041d      	lsls	r5, r3, #16
    99bc:	f57f aee0 	bpl.w	9780 <_i2c_m_sync_transfer+0xe4>
    99c0:	6863      	ldr	r3, [r4, #4]
    99c2:	f443 3340 	orr.w	r3, r3, #196608	; 0x30000
    99c6:	6063      	str	r3, [r4, #4]
    99c8:	69e3      	ldr	r3, [r4, #28]
    99ca:	0759      	lsls	r1, r3, #29
    99cc:	d4fc      	bmi.n	99c8 <_i2c_m_sync_transfer+0x32c>
    99ce:	e6d7      	b.n	9780 <_i2c_m_sync_transfer+0xe4>
    99d0:	0110      	lsls	r0, r2, #4
    99d2:	f57f ae83 	bpl.w	96dc <_i2c_m_sync_transfer+0x40>
    99d6:	f443 2380 	orr.w	r3, r3, #262144	; 0x40000
    99da:	6063      	str	r3, [r4, #4]
    99dc:	69e3      	ldr	r3, [r4, #28]
    99de:	0759      	lsls	r1, r3, #29
    99e0:	d4fc      	bmi.n	99dc <_i2c_m_sync_transfer+0x340>
    99e2:	f8ba 3000 	ldrh.w	r3, [sl]
    99e6:	055a      	lsls	r2, r3, #21
    99e8:	f53f ae82 	bmi.w	96f0 <_i2c_m_sync_transfer+0x54>
    99ec:	e6d3      	b.n	9796 <_i2c_m_sync_transfer+0xfa>
    99ee:	bf00      	nop
    99f0:	000094fd 	.word	0x000094fd
    99f4:	2001ff00 	.word	0x2001ff00
    99f8:	6863      	ldr	r3, [r4, #4]
    99fa:	f423 7380 	bic.w	r3, r3, #256	; 0x100
    99fe:	6063      	str	r3, [r4, #4]
    9a00:	69e3      	ldr	r3, [r4, #28]
    9a02:	0758      	lsls	r0, r3, #29
    9a04:	d4fc      	bmi.n	9a00 <_i2c_m_sync_transfer+0x364>
    9a06:	6863      	ldr	r3, [r4, #4]
    9a08:	f443 3340 	orr.w	r3, r3, #196608	; 0x30000
    9a0c:	6063      	str	r3, [r4, #4]
    9a0e:	69e3      	ldr	r3, [r4, #28]
    9a10:	0759      	lsls	r1, r3, #29
    9a12:	d4fc      	bmi.n	9a0e <_i2c_m_sync_transfer+0x372>
    9a14:	e772      	b.n	98fc <_i2c_m_sync_transfer+0x260>
    9a16:	2a01      	cmp	r2, #1
    9a18:	d05c      	beq.n	9ad4 <_i2c_m_sync_transfer+0x438>
    9a1a:	f8da 2008 	ldr.w	r2, [sl, #8]
    9a1e:	1c53      	adds	r3, r2, #1
    9a20:	f8ca 3008 	str.w	r3, [sl, #8]
    9a24:	69e3      	ldr	r3, [r4, #28]
    9a26:	075b      	lsls	r3, r3, #29
    9a28:	d4fc      	bmi.n	9a24 <_i2c_m_sync_transfer+0x388>
    9a2a:	6aa3      	ldr	r3, [r4, #40]	; 0x28
    9a2c:	7013      	strb	r3, [r2, #0]
    9a2e:	2302      	movs	r3, #2
    9a30:	7623      	strb	r3, [r4, #24]
    9a32:	e708      	b.n	9846 <_i2c_m_sync_transfer+0x1aa>
    9a34:	f8ba 3000 	ldrh.w	r3, [sl]
    9a38:	09db      	lsrs	r3, r3, #7
    9a3a:	f003 0206 	and.w	r2, r3, #6
    9a3e:	69e3      	ldr	r3, [r4, #28]
    9a40:	0758      	lsls	r0, r3, #29
    9a42:	d4fc      	bmi.n	9a3e <_i2c_m_sync_transfer+0x3a2>
    9a44:	6a63      	ldr	r3, [r4, #36]	; 0x24
    9a46:	f403 4380 	and.w	r3, r3, #16384	; 0x4000
    9a4a:	f043 03f1 	orr.w	r3, r3, #241	; 0xf1
    9a4e:	4313      	orrs	r3, r2
    9a50:	6263      	str	r3, [r4, #36]	; 0x24
    9a52:	69e3      	ldr	r3, [r4, #28]
    9a54:	0759      	lsls	r1, r3, #29
    9a56:	d4fc      	bmi.n	9a52 <_i2c_m_sync_transfer+0x3b6>
    9a58:	f8ba 3002 	ldrh.w	r3, [sl, #2]
    9a5c:	f423 6380 	bic.w	r3, r3, #1024	; 0x400
    9a60:	041b      	lsls	r3, r3, #16
    9a62:	0c1b      	lsrs	r3, r3, #16
    9a64:	f8aa 3002 	strh.w	r3, [sl, #2]
    9a68:	e6ed      	b.n	9846 <_i2c_m_sync_transfer+0x1aa>
    9a6a:	f884 9018 	strb.w	r9, [r4, #24]
    9a6e:	f06f 0301 	mvn.w	r3, #1
    9a72:	e6ed      	b.n	9850 <_i2c_m_sync_transfer+0x1b4>
    9a74:	6863      	ldr	r3, [r4, #4]
    9a76:	f443 3340 	orr.w	r3, r3, #196608	; 0x30000
    9a7a:	6063      	str	r3, [r4, #4]
    9a7c:	69e3      	ldr	r3, [r4, #28]
    9a7e:	075b      	lsls	r3, r3, #29
    9a80:	d4fc      	bmi.n	9a7c <_i2c_m_sync_transfer+0x3e0>
    9a82:	e780      	b.n	9986 <_i2c_m_sync_transfer+0x2ea>
    9a84:	f8da 1008 	ldr.w	r1, [sl, #8]
    9a88:	780b      	ldrb	r3, [r1, #0]
    9a8a:	62a3      	str	r3, [r4, #40]	; 0x28
    9a8c:	69e3      	ldr	r3, [r4, #28]
    9a8e:	0758      	lsls	r0, r3, #29
    9a90:	d4fc      	bmi.n	9a8c <_i2c_m_sync_transfer+0x3f0>
    9a92:	3101      	adds	r1, #1
    9a94:	3a01      	subs	r2, #1
    9a96:	f8ca 1008 	str.w	r1, [sl, #8]
    9a9a:	f8ca 2004 	str.w	r2, [sl, #4]
    9a9e:	e6d2      	b.n	9846 <_i2c_m_sync_transfer+0x1aa>
    9aa0:	f8da 3004 	ldr.w	r3, [sl, #4]
    9aa4:	2b00      	cmp	r3, #0
    9aa6:	dd06      	ble.n	9ab6 <_i2c_m_sync_transfer+0x41a>
    9aa8:	f8ba 3002 	ldrh.w	r3, [sl, #2]
    9aac:	b29b      	uxth	r3, r3
    9aae:	f443 5380 	orr.w	r3, r3, #4096	; 0x1000
    9ab2:	f8aa 3002 	strh.w	r3, [sl, #2]
    9ab6:	f8ba 3002 	ldrh.w	r3, [sl, #2]
    9aba:	041a      	lsls	r2, r3, #16
    9abc:	d40d      	bmi.n	9ada <_i2c_m_sync_transfer+0x43e>
    9abe:	f8ba 3002 	ldrh.w	r3, [sl, #2]
    9ac2:	f423 7380 	bic.w	r3, r3, #256	; 0x100
    9ac6:	041b      	lsls	r3, r3, #16
    9ac8:	0c1b      	lsrs	r3, r3, #16
    9aca:	f8aa 3002 	strh.w	r3, [sl, #2]
    9ace:	f06f 0301 	mvn.w	r3, #1
    9ad2:	e6bd      	b.n	9850 <_i2c_m_sync_transfer+0x1b4>
    9ad4:	2900      	cmp	r1, #0
    9ad6:	d0a0      	beq.n	9a1a <_i2c_m_sync_transfer+0x37e>
    9ad8:	e683      	b.n	97e2 <_i2c_m_sync_transfer+0x146>
    9ada:	6863      	ldr	r3, [r4, #4]
    9adc:	f443 3340 	orr.w	r3, r3, #196608	; 0x30000
    9ae0:	6063      	str	r3, [r4, #4]
    9ae2:	69e3      	ldr	r3, [r4, #28]
    9ae4:	075b      	lsls	r3, r3, #29
    9ae6:	d4fc      	bmi.n	9ae2 <_i2c_m_sync_transfer+0x446>
    9ae8:	e7e9      	b.n	9abe <_i2c_m_sync_transfer+0x422>
    9aea:	6863      	ldr	r3, [r4, #4]
    9aec:	f443 3340 	orr.w	r3, r3, #196608	; 0x30000
    9af0:	6063      	str	r3, [r4, #4]
    9af2:	69e3      	ldr	r3, [r4, #28]
    9af4:	075b      	lsls	r3, r3, #29
    9af6:	d4fc      	bmi.n	9af2 <_i2c_m_sync_transfer+0x456>
    9af8:	e69d      	b.n	9836 <_i2c_m_sync_transfer+0x19a>
    9afa:	f06f 0005 	mvn.w	r0, #5
    9afe:	e647      	b.n	9790 <_i2c_m_sync_transfer+0xf4>
    9b00:	6863      	ldr	r3, [r4, #4]
    9b02:	f423 7380 	bic.w	r3, r3, #256	; 0x100
    9b06:	6063      	str	r3, [r4, #4]
    9b08:	69e3      	ldr	r3, [r4, #28]
    9b0a:	0759      	lsls	r1, r3, #29
    9b0c:	d4fc      	bmi.n	9b08 <_i2c_m_sync_transfer+0x46c>
    9b0e:	6863      	ldr	r3, [r4, #4]
    9b10:	f443 3340 	orr.w	r3, r3, #196608	; 0x30000
    9b14:	6063      	str	r3, [r4, #4]
    9b16:	69e3      	ldr	r3, [r4, #28]
    9b18:	075a      	lsls	r2, r3, #29
    9b1a:	d4fc      	bmi.n	9b16 <_i2c_m_sync_transfer+0x47a>
    9b1c:	e670      	b.n	9800 <_i2c_m_sync_transfer+0x164>
    9b1e:	2302      	movs	r3, #2
    9b20:	7623      	strb	r3, [r4, #24]
    9b22:	f06f 0001 	mvn.w	r0, #1
    9b26:	e62b      	b.n	9780 <_i2c_m_sync_transfer+0xe4>
    9b28:	f8da 3004 	ldr.w	r3, [sl, #4]
    9b2c:	2b00      	cmp	r3, #0
    9b2e:	dd06      	ble.n	9b3e <_i2c_m_sync_transfer+0x4a2>
    9b30:	f8ba 3002 	ldrh.w	r3, [sl, #2]
    9b34:	b29b      	uxth	r3, r3
    9b36:	f443 5380 	orr.w	r3, r3, #4096	; 0x1000
    9b3a:	f8aa 3002 	strh.w	r3, [sl, #2]
    9b3e:	f8ba 3002 	ldrh.w	r3, [sl, #2]
    9b42:	0419      	lsls	r1, r3, #16
    9b44:	d40a      	bmi.n	9b5c <_i2c_m_sync_transfer+0x4c0>
    9b46:	f8ba 3002 	ldrh.w	r3, [sl, #2]
    9b4a:	f423 7380 	bic.w	r3, r3, #256	; 0x100
    9b4e:	041b      	lsls	r3, r3, #16
    9b50:	0c1b      	lsrs	r3, r3, #16
    9b52:	f8aa 3002 	strh.w	r3, [sl, #2]
    9b56:	f06f 0001 	mvn.w	r0, #1
    9b5a:	e611      	b.n	9780 <_i2c_m_sync_transfer+0xe4>
    9b5c:	6863      	ldr	r3, [r4, #4]
    9b5e:	f443 3340 	orr.w	r3, r3, #196608	; 0x30000
    9b62:	6063      	str	r3, [r4, #4]
    9b64:	69e3      	ldr	r3, [r4, #28]
    9b66:	075a      	lsls	r2, r3, #29
    9b68:	d4fc      	bmi.n	9b64 <_i2c_m_sync_transfer+0x4c8>
    9b6a:	e7ec      	b.n	9b46 <_i2c_m_sync_transfer+0x4aa>

00009b6c <_rand_sync_init>:
    9b6c:	780b      	ldrb	r3, [r1, #0]
    9b6e:	f013 0302 	ands.w	r3, r3, #2
    9b72:	d10f      	bne.n	9b94 <_rand_sync_init+0x28>
    9b74:	780a      	ldrb	r2, [r1, #0]
    9b76:	f002 02bf 	and.w	r2, r2, #191	; 0xbf
    9b7a:	700a      	strb	r2, [r1, #0]
    9b7c:	790a      	ldrb	r2, [r1, #4]
    9b7e:	b410      	push	{r4}
    9b80:	f002 02fe 	and.w	r2, r2, #254	; 0xfe
    9b84:	2420      	movs	r4, #32
    9b86:	710a      	strb	r2, [r1, #4]
    9b88:	7104      	strb	r4, [r0, #4]
    9b8a:	6001      	str	r1, [r0, #0]
    9b8c:	f85d 4b04 	ldr.w	r4, [sp], #4
    9b90:	4618      	mov	r0, r3
    9b92:	4770      	bx	lr
    9b94:	f06f 0310 	mvn.w	r3, #16
    9b98:	4618      	mov	r0, r3
    9b9a:	4770      	bx	lr

00009b9c <_rand_sync_enable>:
    9b9c:	6802      	ldr	r2, [r0, #0]
    9b9e:	7813      	ldrb	r3, [r2, #0]
    9ba0:	f043 0302 	orr.w	r3, r3, #2
    9ba4:	7013      	strb	r3, [r2, #0]
    9ba6:	2000      	movs	r0, #0
    9ba8:	4770      	bx	lr
    9baa:	bf00      	nop

00009bac <_rand_sync_read_one>:
    9bac:	6802      	ldr	r2, [r0, #0]
    9bae:	7a93      	ldrb	r3, [r2, #10]
    9bb0:	07db      	lsls	r3, r3, #31
    9bb2:	d5fc      	bpl.n	9bae <_rand_sync_read_one+0x2>
    9bb4:	6a10      	ldr	r0, [r2, #32]
    9bb6:	4770      	bx	lr

00009bb8 <_wdt_init>:
    9bb8:	6803      	ldr	r3, [r0, #0]
    9bba:	689a      	ldr	r2, [r3, #8]
    9bbc:	f012 0f0e 	tst.w	r2, #14
    9bc0:	d1fb      	bne.n	9bba <_wdt_init+0x2>
    9bc2:	781a      	ldrb	r2, [r3, #0]
    9bc4:	09d2      	lsrs	r2, r2, #7
    9bc6:	d115      	bne.n	9bf4 <_wdt_init+0x3c>
    9bc8:	689a      	ldr	r2, [r3, #8]
    9bca:	f012 0f0e 	tst.w	r2, #14
    9bce:	d1fb      	bne.n	9bc8 <_wdt_init+0x10>
    9bd0:	781a      	ldrb	r2, [r3, #0]
    9bd2:	0792      	lsls	r2, r2, #30
    9bd4:	d40e      	bmi.n	9bf4 <_wdt_init+0x3c>
    9bd6:	781a      	ldrb	r2, [r3, #0]
    9bd8:	f002 02fb 	and.w	r2, r2, #251	; 0xfb
    9bdc:	701a      	strb	r2, [r3, #0]
    9bde:	6898      	ldr	r0, [r3, #8]
    9be0:	f010 000e 	ands.w	r0, r0, #14
    9be4:	d1fb      	bne.n	9bde <_wdt_init+0x26>
    9be6:	785a      	ldrb	r2, [r3, #1]
    9be8:	f002 02f0 	and.w	r2, r2, #240	; 0xf0
    9bec:	f042 0207 	orr.w	r2, r2, #7
    9bf0:	705a      	strb	r2, [r3, #1]
    9bf2:	4770      	bx	lr
    9bf4:	f06f 0010 	mvn.w	r0, #16
    9bf8:	4770      	bx	lr
    9bfa:	bf00      	nop

00009bfc <_wdt_set_timeout_period>:
    9bfc:	6803      	ldr	r3, [r0, #0]
    9bfe:	6898      	ldr	r0, [r3, #8]
    9c00:	f010 0f0e 	tst.w	r0, #14
    9c04:	d1fb      	bne.n	9bfe <_wdt_set_timeout_period+0x2>
    9c06:	7818      	ldrb	r0, [r3, #0]
    9c08:	09c0      	lsrs	r0, r0, #7
    9c0a:	d14c      	bne.n	9ca6 <_wdt_set_timeout_period+0xaa>
    9c0c:	6898      	ldr	r0, [r3, #8]
    9c0e:	f010 0f0e 	tst.w	r0, #14
    9c12:	d1fb      	bne.n	9c0c <_wdt_set_timeout_period+0x10>
    9c14:	7818      	ldrb	r0, [r3, #0]
    9c16:	f3c0 0040 	ubfx	r0, r0, #1, #1
    9c1a:	2800      	cmp	r0, #0
    9c1c:	d143      	bne.n	9ca6 <_wdt_set_timeout_period+0xaa>
    9c1e:	b4f0      	push	{r4, r5, r6, r7}
    9c20:	fba2 4501 	umull	r4, r5, r2, r1
    9c24:	462e      	mov	r6, r5
    9c26:	4607      	mov	r7, r0
    9c28:	ea56 0207 	orrs.w	r2, r6, r7
    9c2c:	d110      	bne.n	9c50 <_wdt_set_timeout_period+0x54>
    9c2e:	f5b4 3f7a 	cmp.w	r4, #256000	; 0x3e800
    9c32:	d041      	beq.n	9cb8 <_wdt_set_timeout_period+0xbc>
    9c34:	d910      	bls.n	9c58 <_wdt_set_timeout_period+0x5c>
    9c36:	f5b4 1ffa 	cmp.w	r4, #2048000	; 0x1f4000
    9c3a:	d03b      	beq.n	9cb4 <_wdt_set_timeout_period+0xb8>
    9c3c:	d92b      	bls.n	9c96 <_wdt_set_timeout_period+0x9a>
    9c3e:	f5b4 0ffa 	cmp.w	r4, #8192000	; 0x7d0000
    9c42:	d024      	beq.n	9c8e <_wdt_set_timeout_period+0x92>
    9c44:	f5b4 0f7a 	cmp.w	r4, #16384000	; 0xfa0000
    9c48:	d038      	beq.n	9cbc <_wdt_set_timeout_period+0xc0>
    9c4a:	f5b4 1f7a 	cmp.w	r4, #4096000	; 0x3e8000
    9c4e:	d020      	beq.n	9c92 <_wdt_set_timeout_period+0x96>
    9c50:	f06f 000c 	mvn.w	r0, #12
    9c54:	bcf0      	pop	{r4, r5, r6, r7}
    9c56:	4770      	bx	lr
    9c58:	f5b4 4ffa 	cmp.w	r4, #32000	; 0x7d00
    9c5c:	d026      	beq.n	9cac <_wdt_set_timeout_period+0xb0>
    9c5e:	d80e      	bhi.n	9c7e <_wdt_set_timeout_period+0x82>
    9c60:	f5b4 5ffa 	cmp.w	r4, #8000	; 0x1f40
    9c64:	d003      	beq.n	9c6e <_wdt_set_timeout_period+0x72>
    9c66:	f5b4 5f7a 	cmp.w	r4, #16000	; 0x3e80
    9c6a:	d1f1      	bne.n	9c50 <_wdt_set_timeout_period+0x54>
    9c6c:	2001      	movs	r0, #1
    9c6e:	785a      	ldrb	r2, [r3, #1]
    9c70:	f002 02f0 	and.w	r2, r2, #240	; 0xf0
    9c74:	4310      	orrs	r0, r2
    9c76:	7058      	strb	r0, [r3, #1]
    9c78:	bcf0      	pop	{r4, r5, r6, r7}
    9c7a:	2000      	movs	r0, #0
    9c7c:	4770      	bx	lr
    9c7e:	f5b4 4f7a 	cmp.w	r4, #64000	; 0xfa00
    9c82:	d015      	beq.n	9cb0 <_wdt_set_timeout_period+0xb4>
    9c84:	f5b4 3ffa 	cmp.w	r4, #128000	; 0x1f400
    9c88:	d1e2      	bne.n	9c50 <_wdt_set_timeout_period+0x54>
    9c8a:	2004      	movs	r0, #4
    9c8c:	e7ef      	b.n	9c6e <_wdt_set_timeout_period+0x72>
    9c8e:	200a      	movs	r0, #10
    9c90:	e7ed      	b.n	9c6e <_wdt_set_timeout_period+0x72>
    9c92:	2009      	movs	r0, #9
    9c94:	e7eb      	b.n	9c6e <_wdt_set_timeout_period+0x72>
    9c96:	f5b4 2ffa 	cmp.w	r4, #512000	; 0x7d000
    9c9a:	d011      	beq.n	9cc0 <_wdt_set_timeout_period+0xc4>
    9c9c:	f5b4 2f7a 	cmp.w	r4, #1024000	; 0xfa000
    9ca0:	d1d6      	bne.n	9c50 <_wdt_set_timeout_period+0x54>
    9ca2:	2007      	movs	r0, #7
    9ca4:	e7e3      	b.n	9c6e <_wdt_set_timeout_period+0x72>
    9ca6:	f06f 0010 	mvn.w	r0, #16
    9caa:	4770      	bx	lr
    9cac:	2002      	movs	r0, #2
    9cae:	e7de      	b.n	9c6e <_wdt_set_timeout_period+0x72>
    9cb0:	2003      	movs	r0, #3
    9cb2:	e7dc      	b.n	9c6e <_wdt_set_timeout_period+0x72>
    9cb4:	2008      	movs	r0, #8
    9cb6:	e7da      	b.n	9c6e <_wdt_set_timeout_period+0x72>
    9cb8:	2005      	movs	r0, #5
    9cba:	e7d8      	b.n	9c6e <_wdt_set_timeout_period+0x72>
    9cbc:	200b      	movs	r0, #11
    9cbe:	e7d6      	b.n	9c6e <_wdt_set_timeout_period+0x72>
    9cc0:	2006      	movs	r0, #6
    9cc2:	e7d4      	b.n	9c6e <_wdt_set_timeout_period+0x72>

00009cc4 <_wdt_enable>:
    9cc4:	6803      	ldr	r3, [r0, #0]
    9cc6:	781a      	ldrb	r2, [r3, #0]
    9cc8:	f042 0202 	orr.w	r2, r2, #2
    9ccc:	701a      	strb	r2, [r3, #0]
    9cce:	6898      	ldr	r0, [r3, #8]
    9cd0:	f010 000e 	ands.w	r0, r0, #14
    9cd4:	d1fb      	bne.n	9cce <_wdt_enable+0xa>
    9cd6:	4770      	bx	lr

00009cd8 <IziPlus_Timer100ms>:
    9cd8:	b510      	push	{r4, lr}
    9cda:	4c15      	ldr	r4, [pc, #84]	; (9d30 <IziPlus_Timer100ms+0x58>)
    9cdc:	7823      	ldrb	r3, [r4, #0]
    9cde:	3301      	adds	r3, #1
    9ce0:	b2db      	uxtb	r3, r3
    9ce2:	2b09      	cmp	r3, #9
    9ce4:	7023      	strb	r3, [r4, #0]
    9ce6:	d81e      	bhi.n	9d26 <IziPlus_Timer100ms+0x4e>
    9ce8:	7863      	ldrb	r3, [r4, #1]
    9cea:	b10b      	cbz	r3, 9cf0 <IziPlus_Timer100ms+0x18>
    9cec:	3b01      	subs	r3, #1
    9cee:	7063      	strb	r3, [r4, #1]
    9cf0:	4b10      	ldr	r3, [pc, #64]	; (9d34 <IziPlus_Timer100ms+0x5c>)
    9cf2:	881a      	ldrh	r2, [r3, #0]
    9cf4:	b10a      	cbz	r2, 9cfa <IziPlus_Timer100ms+0x22>
    9cf6:	3a01      	subs	r2, #1
    9cf8:	801a      	strh	r2, [r3, #0]
    9cfa:	885a      	ldrh	r2, [r3, #2]
    9cfc:	b10a      	cbz	r2, 9d02 <IziPlus_Timer100ms+0x2a>
    9cfe:	3a01      	subs	r2, #1
    9d00:	805a      	strh	r2, [r3, #2]
    9d02:	8863      	ldrh	r3, [r4, #2]
    9d04:	b10b      	cbz	r3, 9d0a <IziPlus_Timer100ms+0x32>
    9d06:	3b01      	subs	r3, #1
    9d08:	8063      	strh	r3, [r4, #2]
    9d0a:	88a3      	ldrh	r3, [r4, #4]
    9d0c:	b10b      	cbz	r3, 9d12 <IziPlus_Timer100ms+0x3a>
    9d0e:	3b01      	subs	r3, #1
    9d10:	80a3      	strh	r3, [r4, #4]
    9d12:	4b09      	ldr	r3, [pc, #36]	; (9d38 <IziPlus_Timer100ms+0x60>)
    9d14:	4798      	blx	r3
    9d16:	4b09      	ldr	r3, [pc, #36]	; (9d3c <IziPlus_Timer100ms+0x64>)
    9d18:	4798      	blx	r3
    9d1a:	4b09      	ldr	r3, [pc, #36]	; (9d40 <IziPlus_Timer100ms+0x68>)
    9d1c:	4798      	blx	r3
    9d1e:	68a3      	ldr	r3, [r4, #8]
    9d20:	3301      	adds	r3, #1
    9d22:	60a3      	str	r3, [r4, #8]
    9d24:	bd10      	pop	{r4, pc}
    9d26:	4b07      	ldr	r3, [pc, #28]	; (9d44 <IziPlus_Timer100ms+0x6c>)
    9d28:	4798      	blx	r3
    9d2a:	2300      	movs	r3, #0
    9d2c:	7023      	strb	r3, [r4, #0]
    9d2e:	e7db      	b.n	9ce8 <IziPlus_Timer100ms+0x10>
    9d30:	200056e4 	.word	0x200056e4
    9d34:	20002a4e 	.word	0x20002a4e
    9d38:	0000b825 	.word	0x0000b825
    9d3c:	00004ced 	.word	0x00004ced
    9d40:	0000583d 	.word	0x0000583d
    9d44:	00005311 	.word	0x00005311

00009d48 <IziPlus_Init>:
    9d48:	b5f0      	push	{r4, r5, r6, r7, lr}
    9d4a:	2300      	movs	r3, #0
    9d4c:	4c22      	ldr	r4, [pc, #136]	; (9dd8 <IziPlus_Init+0x90>)
    9d4e:	4d23      	ldr	r5, [pc, #140]	; (9ddc <IziPlus_Init+0x94>)
    9d50:	60e3      	str	r3, [r4, #12]
    9d52:	b083      	sub	sp, #12
    9d54:	4619      	mov	r1, r3
    9d56:	2203      	movs	r2, #3
    9d58:	2001      	movs	r0, #1
    9d5a:	47a8      	blx	r5
    9d5c:	6160      	str	r0, [r4, #20]
    9d5e:	b118      	cbz	r0, 9d68 <IziPlus_Init+0x20>
    9d60:	69a7      	ldr	r7, [r4, #24]
    9d62:	b117      	cbz	r7, 9d6a <IziPlus_Init+0x22>
    9d64:	b003      	add	sp, #12
    9d66:	bdf0      	pop	{r4, r5, r6, r7, pc}
    9d68:	e7fe      	b.n	9d68 <IziPlus_Init+0x20>
    9d6a:	f104 0218 	add.w	r2, r4, #24
    9d6e:	2304      	movs	r3, #4
    9d70:	9201      	str	r2, [sp, #4]
    9d72:	9300      	str	r3, [sp, #0]
    9d74:	f44f 7200 	mov.w	r2, #512	; 0x200
    9d78:	463b      	mov	r3, r7
    9d7a:	4919      	ldr	r1, [pc, #100]	; (9de0 <IziPlus_Init+0x98>)
    9d7c:	4819      	ldr	r0, [pc, #100]	; (9de4 <IziPlus_Init+0x9c>)
    9d7e:	4d1a      	ldr	r5, [pc, #104]	; (9de8 <IziPlus_Init+0xa0>)
    9d80:	47a8      	blx	r5
    9d82:	2801      	cmp	r0, #1
    9d84:	4606      	mov	r6, r0
    9d86:	d000      	beq.n	9d8a <IziPlus_Init+0x42>
    9d88:	e7fe      	b.n	9d88 <IziPlus_Init+0x40>
    9d8a:	69e5      	ldr	r5, [r4, #28]
    9d8c:	b15d      	cbz	r5, 9da6 <IziPlus_Init+0x5e>
    9d8e:	4b17      	ldr	r3, [pc, #92]	; (9dec <IziPlus_Init+0xa4>)
    9d90:	4c17      	ldr	r4, [pc, #92]	; (9df0 <IziPlus_Init+0xa8>)
    9d92:	4798      	blx	r3
    9d94:	9700      	str	r7, [sp, #0]
    9d96:	4602      	mov	r2, r0
    9d98:	463b      	mov	r3, r7
    9d9a:	4631      	mov	r1, r6
    9d9c:	4628      	mov	r0, r5
    9d9e:	47a0      	blx	r4
    9da0:	2801      	cmp	r0, #1
    9da2:	d0df      	beq.n	9d64 <IziPlus_Init+0x1c>
    9da4:	e7fe      	b.n	9da4 <IziPlus_Init+0x5c>
    9da6:	4b13      	ldr	r3, [pc, #76]	; (9df4 <IziPlus_Init+0xac>)
    9da8:	9300      	str	r3, [sp, #0]
    9daa:	4602      	mov	r2, r0
    9dac:	4f12      	ldr	r7, [pc, #72]	; (9df8 <IziPlus_Init+0xb0>)
    9dae:	4813      	ldr	r0, [pc, #76]	; (9dfc <IziPlus_Init+0xb4>)
    9db0:	462b      	mov	r3, r5
    9db2:	2164      	movs	r1, #100	; 0x64
    9db4:	47b8      	blx	r7
    9db6:	4607      	mov	r7, r0
    9db8:	61e0      	str	r0, [r4, #28]
    9dba:	b158      	cbz	r0, 9dd4 <IziPlus_Init+0x8c>
    9dbc:	4b0b      	ldr	r3, [pc, #44]	; (9dec <IziPlus_Init+0xa4>)
    9dbe:	4c0c      	ldr	r4, [pc, #48]	; (9df0 <IziPlus_Init+0xa8>)
    9dc0:	4798      	blx	r3
    9dc2:	9500      	str	r5, [sp, #0]
    9dc4:	4602      	mov	r2, r0
    9dc6:	462b      	mov	r3, r5
    9dc8:	4631      	mov	r1, r6
    9dca:	4638      	mov	r0, r7
    9dcc:	47a0      	blx	r4
    9dce:	2801      	cmp	r0, #1
    9dd0:	d0c8      	beq.n	9d64 <IziPlus_Init+0x1c>
    9dd2:	e7fe      	b.n	9dd2 <IziPlus_Init+0x8a>
    9dd4:	e7fe      	b.n	9dd4 <IziPlus_Init+0x8c>
    9dd6:	bf00      	nop
    9dd8:	200056e4 	.word	0x200056e4
    9ddc:	0000e93d 	.word	0x0000e93d
    9de0:	000113a4 	.word	0x000113a4
    9de4:	0000b075 	.word	0x0000b075
    9de8:	0000f19d 	.word	0x0000f19d
    9dec:	0000f455 	.word	0x0000f455
    9df0:	0000fd21 	.word	0x0000fd21
    9df4:	00009cd9 	.word	0x00009cd9
    9df8:	0000fccd 	.word	0x0000fccd
    9dfc:	000113ac 	.word	0x000113ac

00009e00 <IziPlus_LightDataOk>:
    9e00:	4b04      	ldr	r3, [pc, #16]	; (9e14 <IziPlus_LightDataOk+0x14>)
    9e02:	f893 0020 	ldrb.w	r0, [r3, #32]
    9e06:	b120      	cbz	r0, 9e12 <IziPlus_LightDataOk+0x12>
    9e08:	4b03      	ldr	r3, [pc, #12]	; (9e18 <IziPlus_LightDataOk+0x18>)
    9e0a:	8818      	ldrh	r0, [r3, #0]
    9e0c:	3000      	adds	r0, #0
    9e0e:	bf18      	it	ne
    9e10:	2001      	movne	r0, #1
    9e12:	4770      	bx	lr
    9e14:	200056e4 	.word	0x200056e4
    9e18:	20002a4e 	.word	0x20002a4e

00009e1c <iziplus_data_get_panid>:
    9e1c:	4b03      	ldr	r3, [pc, #12]	; (9e2c <iziplus_data_get_panid+0x10>)
    9e1e:	68d8      	ldr	r0, [r3, #12]
    9e20:	b910      	cbnz	r0, 9e28 <iziplus_data_get_panid+0xc>
    9e22:	4b03      	ldr	r3, [pc, #12]	; (9e30 <iziplus_data_get_panid+0x14>)
    9e24:	681b      	ldr	r3, [r3, #0]
    9e26:	6b18      	ldr	r0, [r3, #48]	; 0x30
    9e28:	4770      	bx	lr
    9e2a:	bf00      	nop
    9e2c:	200056e4 	.word	0x200056e4
    9e30:	2000eed4 	.word	0x2000eed4

00009e34 <IziPlus_ContactReport>:
    9e34:	4b15      	ldr	r3, [pc, #84]	; (9e8c <IziPlus_ContactReport+0x58>)
    9e36:	f893 2021 	ldrb.w	r2, [r3, #33]	; 0x21
    9e3a:	b922      	cbnz	r2, 9e46 <IziPlus_ContactReport+0x12>
    9e3c:	4a14      	ldr	r2, [pc, #80]	; (9e90 <IziPlus_ContactReport+0x5c>)
    9e3e:	6812      	ldr	r2, [r2, #0]
    9e40:	f892 2045 	ldrb.w	r2, [r2, #69]	; 0x45
    9e44:	b942      	cbnz	r2, 9e58 <IziPlus_ContactReport+0x24>
    9e46:	f893 2022 	ldrb.w	r2, [r3, #34]	; 0x22
    9e4a:	4282      	cmp	r2, r0
    9e4c:	bf0a      	itet	eq
    9e4e:	f64f 72ff 	movweq	r2, #65535	; 0xffff
    9e52:	84d8      	strhne	r0, [r3, #38]	; 0x26
    9e54:	84da      	strheq	r2, [r3, #38]	; 0x26
    9e56:	4770      	bx	lr
    9e58:	b410      	push	{r4}
    9e5a:	f893 1023 	ldrb.w	r1, [r3, #35]	; 0x23
    9e5e:	f883 0022 	strb.w	r0, [r3, #34]	; 0x22
    9e62:	3a01      	subs	r2, #1
    9e64:	0052      	lsls	r2, r2, #1
    9e66:	3101      	adds	r1, #1
    9e68:	240c      	movs	r4, #12
    9e6a:	f002 0206 	and.w	r2, r2, #6
    9e6e:	f001 010f 	and.w	r1, r1, #15
    9e72:	f64f 70ff 	movw	r0, #65535	; 0xffff
    9e76:	f883 2024 	strb.w	r2, [r3, #36]	; 0x24
    9e7a:	f883 1023 	strb.w	r1, [r3, #35]	; 0x23
    9e7e:	f883 4021 	strb.w	r4, [r3, #33]	; 0x21
    9e82:	84d8      	strh	r0, [r3, #38]	; 0x26
    9e84:	f85d 4b04 	ldr.w	r4, [sp], #4
    9e88:	4770      	bx	lr
    9e8a:	bf00      	nop
    9e8c:	200056e4 	.word	0x200056e4
    9e90:	2000eed4 	.word	0x2000eed4

00009e94 <IziPlus_HandleRx>:
    9e94:	e92d 4ff0 	stmdb	sp!, {r4, r5, r6, r7, r8, r9, sl, fp, lr}
    9e98:	4fa9      	ldr	r7, [pc, #676]	; (a140 <IziPlus_HandleRx+0x2ac>)
    9e9a:	4eaa      	ldr	r6, [pc, #680]	; (a144 <IziPlus_HandleRx+0x2b0>)
    9e9c:	2344      	movs	r3, #68	; 0x44
    9e9e:	b099      	sub	sp, #100	; 0x64
    9ea0:	4604      	mov	r4, r0
    9ea2:	747b      	strb	r3, [r7, #17]
    9ea4:	b309      	cbz	r1, 9eea <IziPlus_HandleRx+0x56>
    9ea6:	68f2      	ldr	r2, [r6, #12]
    9ea8:	6803      	ldr	r3, [r0, #0]
    9eaa:	2a00      	cmp	r2, #0
    9eac:	d074      	beq.n	9f98 <IziPlus_HandleRx+0x104>
    9eae:	4053      	eors	r3, r2
    9eb0:	f033 437f 	bics.w	r3, r3, #4278190080	; 0xff000000
    9eb4:	d10d      	bne.n	9ed2 <IziPlus_HandleRx+0x3e>
    9eb6:	6863      	ldr	r3, [r4, #4]
    9eb8:	b973      	cbnz	r3, 9ed8 <IziPlus_HandleRx+0x44>
    9eba:	4ba3      	ldr	r3, [pc, #652]	; (a148 <IziPlus_HandleRx+0x2b4>)
    9ebc:	7b21      	ldrb	r1, [r4, #12]
    9ebe:	681b      	ldr	r3, [r3, #0]
    9ec0:	b2d8      	uxtb	r0, r3
    9ec2:	4281      	cmp	r1, r0
    9ec4:	f000 80ba 	beq.w	a03c <IziPlus_HandleRx+0x1a8>
    9ec8:	3379      	adds	r3, #121	; 0x79
    9eca:	b2db      	uxtb	r3, r3
    9ecc:	4299      	cmp	r1, r3
    9ece:	f000 80b5 	beq.w	a03c <IziPlus_HandleRx+0x1a8>
    9ed2:	b019      	add	sp, #100	; 0x64
    9ed4:	e8bd 8ff0 	ldmia.w	sp!, {r4, r5, r6, r7, r8, r9, sl, fp, pc}
    9ed8:	4a9b      	ldr	r2, [pc, #620]	; (a148 <IziPlus_HandleRx+0x2b4>)
    9eda:	6812      	ldr	r2, [r2, #0]
    9edc:	4293      	cmp	r3, r2
    9ede:	d1f8      	bne.n	9ed2 <IziPlus_HandleRx+0x3e>
    9ee0:	7ba3      	ldrb	r3, [r4, #14]
    9ee2:	2b01      	cmp	r3, #1
    9ee4:	d1f5      	bne.n	9ed2 <IziPlus_HandleRx+0x3e>
    9ee6:	2305      	movs	r3, #5
    9ee8:	8073      	strh	r3, [r6, #2]
    9eea:	7b65      	ldrb	r5, [r4, #13]
    9eec:	062a      	lsls	r2, r5, #24
    9eee:	f100 8168 	bmi.w	a1c2 <IziPlus_HandleRx+0x32e>
    9ef2:	2345      	movs	r3, #69	; 0x45
    9ef4:	747b      	strb	r3, [r7, #17]
    9ef6:	7ba2      	ldrb	r2, [r4, #14]
    9ef8:	bb12      	cbnz	r2, 9f40 <IziPlus_HandleRx+0xac>
    9efa:	072b      	lsls	r3, r5, #28
    9efc:	d103      	bne.n	9f06 <IziPlus_HandleRx+0x72>
    9efe:	f005 0570 	and.w	r5, r5, #112	; 0x70
    9f02:	2d20      	cmp	r5, #32
    9f04:	d073      	beq.n	9fee <IziPlus_HandleRx+0x15a>
    9f06:	f896 502d 	ldrb.w	r5, [r6, #45]	; 0x2d
    9f0a:	2346      	movs	r3, #70	; 0x46
    9f0c:	747b      	strb	r3, [r7, #17]
    9f0e:	2d02      	cmp	r5, #2
    9f10:	f000 80be 	beq.w	a090 <IziPlus_HandleRx+0x1fc>
    9f14:	7b63      	ldrb	r3, [r4, #13]
    9f16:	f003 030f 	and.w	r3, r3, #15
    9f1a:	2b02      	cmp	r3, #2
    9f1c:	f000 80cf 	beq.w	a0be <IziPlus_HandleRx+0x22a>
    9f20:	7be5      	ldrb	r5, [r4, #15]
    9f22:	2d00      	cmp	r5, #0
    9f24:	f000 8130 	beq.w	a188 <IziPlus_HandleRx+0x2f4>
    9f28:	f896 3028 	ldrb.w	r3, [r6, #40]	; 0x28
    9f2c:	2b01      	cmp	r3, #1
    9f2e:	d03b      	beq.n	9fa8 <IziPlus_HandleRx+0x114>
    9f30:	4b86      	ldr	r3, [pc, #536]	; (a14c <IziPlus_HandleRx+0x2b8>)
    9f32:	2214      	movs	r2, #20
    9f34:	801a      	strh	r2, [r3, #0]
    9f36:	235a      	movs	r3, #90	; 0x5a
    9f38:	747b      	strb	r3, [r7, #17]
    9f3a:	b019      	add	sp, #100	; 0x64
    9f3c:	e8bd 8ff0 	ldmia.w	sp!, {r4, r5, r6, r7, r8, r9, sl, fp, pc}
    9f40:	2a01      	cmp	r2, #1
    9f42:	f000 8097 	beq.w	a074 <IziPlus_HandleRx+0x1e0>
    9f46:	2a20      	cmp	r2, #32
    9f48:	d031      	beq.n	9fae <IziPlus_HandleRx+0x11a>
    9f4a:	2a22      	cmp	r2, #34	; 0x22
    9f4c:	f040 83b9 	bne.w	a6c2 <IziPlus_HandleRx+0x82e>
    9f50:	f015 080f 	ands.w	r8, r5, #15
    9f54:	d1d7      	bne.n	9f06 <IziPlus_HandleRx+0x72>
    9f56:	f005 0570 	and.w	r5, r5, #112	; 0x70
    9f5a:	2d10      	cmp	r5, #16
    9f5c:	f000 815d 	beq.w	a21a <IziPlus_HandleRx+0x386>
    9f60:	2d00      	cmp	r5, #0
    9f62:	d12e      	bne.n	9fc2 <IziPlus_HandleRx+0x12e>
    9f64:	8963      	ldrh	r3, [r4, #10]
    9f66:	f3c3 030b 	ubfx	r3, r3, #0, #12
    9f6a:	2b03      	cmp	r3, #3
    9f6c:	d929      	bls.n	9fc2 <IziPlus_HandleRx+0x12e>
    9f6e:	4b78      	ldr	r3, [pc, #480]	; (a150 <IziPlus_HandleRx+0x2bc>)
    9f70:	f894 800c 	ldrb.w	r8, [r4, #12]
    9f74:	4d77      	ldr	r5, [pc, #476]	; (a154 <IziPlus_HandleRx+0x2c0>)
    9f76:	4798      	blx	r3
    9f78:	4b77      	ldr	r3, [pc, #476]	; (a158 <IziPlus_HandleRx+0x2c4>)
    9f7a:	4602      	mov	r2, r0
    9f7c:	781b      	ldrb	r3, [r3, #0]
    9f7e:	4877      	ldr	r0, [pc, #476]	; (a15c <IziPlus_HandleRx+0x2c8>)
    9f80:	4641      	mov	r1, r8
    9f82:	47a8      	blx	r5
    9f84:	4b76      	ldr	r3, [pc, #472]	; (a160 <IziPlus_HandleRx+0x2cc>)
    9f86:	4d77      	ldr	r5, [pc, #476]	; (a164 <IziPlus_HandleRx+0x2d0>)
    9f88:	8819      	ldrh	r1, [r3, #0]
    9f8a:	4a74      	ldr	r2, [pc, #464]	; (a15c <IziPlus_HandleRx+0x2c8>)
    9f8c:	4603      	mov	r3, r0
    9f8e:	6820      	ldr	r0, [r4, #0]
    9f90:	47a8      	blx	r5
    9f92:	f896 502d 	ldrb.w	r5, [r6, #45]	; 0x2d
    9f96:	e7b8      	b.n	9f0a <IziPlus_HandleRx+0x76>
    9f98:	4a73      	ldr	r2, [pc, #460]	; (a168 <IziPlus_HandleRx+0x2d4>)
    9f9a:	6812      	ldr	r2, [r2, #0]
    9f9c:	6b12      	ldr	r2, [r2, #48]	; 0x30
    9f9e:	4053      	eors	r3, r2
    9fa0:	f033 437f 	bics.w	r3, r3, #4278190080	; 0xff000000
    9fa4:	d195      	bne.n	9ed2 <IziPlus_HandleRx+0x3e>
    9fa6:	e786      	b.n	9eb6 <IziPlus_HandleRx+0x22>
    9fa8:	2364      	movs	r3, #100	; 0x64
    9faa:	7073      	strb	r3, [r6, #1]
    9fac:	e7c3      	b.n	9f36 <IziPlus_HandleRx+0xa2>
    9fae:	0728      	lsls	r0, r5, #28
    9fb0:	d1a9      	bne.n	9f06 <IziPlus_HandleRx+0x72>
    9fb2:	f005 0570 	and.w	r5, r5, #112	; 0x70
    9fb6:	2d10      	cmp	r5, #16
    9fb8:	f000 82b6 	beq.w	a528 <IziPlus_HandleRx+0x694>
    9fbc:	2d00      	cmp	r5, #0
    9fbe:	f000 810f 	beq.w	a1e0 <IziPlus_HandleRx+0x34c>
    9fc2:	f8df 919c 	ldr.w	r9, [pc, #412]	; a160 <IziPlus_HandleRx+0x2cc>
    9fc6:	f06f 0504 	mvn.w	r5, #4
    9fca:	2346      	movs	r3, #70	; 0x46
    9fcc:	747b      	strb	r3, [r7, #17]
    9fce:	7b63      	ldrb	r3, [r4, #13]
    9fd0:	7b21      	ldrb	r1, [r4, #12]
    9fd2:	4862      	ldr	r0, [pc, #392]	; (a15c <IziPlus_HandleRx+0x2c8>)
    9fd4:	9500      	str	r5, [sp, #0]
    9fd6:	f3c3 1302 	ubfx	r3, r3, #4, #3
    9fda:	4d64      	ldr	r5, [pc, #400]	; (a16c <IziPlus_HandleRx+0x2d8>)
    9fdc:	47a8      	blx	r5
    9fde:	f8b9 1000 	ldrh.w	r1, [r9]
    9fe2:	4a5e      	ldr	r2, [pc, #376]	; (a15c <IziPlus_HandleRx+0x2c8>)
    9fe4:	4603      	mov	r3, r0
    9fe6:	6820      	ldr	r0, [r4, #0]
    9fe8:	4c5e      	ldr	r4, [pc, #376]	; (a164 <IziPlus_HandleRx+0x2d0>)
    9fea:	47a0      	blx	r4
    9fec:	e79c      	b.n	9f28 <IziPlus_HandleRx+0x94>
    9fee:	8963      	ldrh	r3, [r4, #10]
    9ff0:	f3c3 030b 	ubfx	r3, r3, #0, #12
    9ff4:	2b04      	cmp	r3, #4
    9ff6:	d986      	bls.n	9f06 <IziPlus_HandleRx+0x72>
    9ff8:	f896 5028 	ldrb.w	r5, [r6, #40]	; 0x28
    9ffc:	2d01      	cmp	r5, #1
    9ffe:	d182      	bne.n	9f06 <IziPlus_HandleRx+0x72>
    a000:	4b52      	ldr	r3, [pc, #328]	; (a14c <IziPlus_HandleRx+0x2b8>)
    a002:	7c22      	ldrb	r2, [r4, #16]
    a004:	791b      	ldrb	r3, [r3, #4]
    a006:	429a      	cmp	r2, r3
    a008:	f43f af7d 	beq.w	9f06 <IziPlus_HandleRx+0x72>
    a00c:	4b58      	ldr	r3, [pc, #352]	; (a170 <IziPlus_HandleRx+0x2dc>)
    a00e:	4859      	ldr	r0, [pc, #356]	; (a174 <IziPlus_HandleRx+0x2e0>)
    a010:	4798      	blx	r3
    a012:	4b59      	ldr	r3, [pc, #356]	; (a178 <IziPlus_HandleRx+0x2e4>)
    a014:	4680      	mov	r8, r0
    a016:	4798      	blx	r3
    a018:	f000 007f 	and.w	r0, r0, #127	; 0x7f
    a01c:	fa50 f088 	uxtab	r0, r0, r8
    a020:	4b56      	ldr	r3, [pc, #344]	; (a17c <IziPlus_HandleRx+0x2e8>)
    a022:	4798      	blx	r3
    a024:	2302      	movs	r3, #2
    a026:	f04f 0200 	mov.w	r2, #0
    a02a:	f363 0207 	bfi	r2, r3, #0, #8
    a02e:	f365 220f 	bfi	r2, r5, #8, #8
    a032:	7b21      	ldrb	r1, [r4, #12]
    a034:	4b52      	ldr	r3, [pc, #328]	; (a180 <IziPlus_HandleRx+0x2ec>)
    a036:	4849      	ldr	r0, [pc, #292]	; (a15c <IziPlus_HandleRx+0x2c8>)
    a038:	4798      	blx	r3
    a03a:	e7a3      	b.n	9f84 <IziPlus_HandleRx+0xf0>
    a03c:	7b60      	ldrb	r0, [r4, #13]
    a03e:	f000 000f 	and.w	r0, r0, #15
    a042:	2802      	cmp	r0, #2
    a044:	f47f af45 	bne.w	9ed2 <IziPlus_HandleRx+0x3e>
    a048:	7be3      	ldrb	r3, [r4, #15]
    a04a:	2bff      	cmp	r3, #255	; 0xff
    a04c:	f47f af41 	bne.w	9ed2 <IziPlus_HandleRx+0x3e>
    a050:	f04f 0300 	mov.w	r3, #0
    a054:	f360 0307 	bfi	r3, r0, #0, #8
    a058:	2001      	movs	r0, #1
    a05a:	f360 230f 	bfi	r3, r0, #8, #8
    a05e:	4d49      	ldr	r5, [pc, #292]	; (a184 <IziPlus_HandleRx+0x2f0>)
    a060:	483e      	ldr	r0, [pc, #248]	; (a15c <IziPlus_HandleRx+0x2c8>)
    a062:	47a8      	blx	r5
    a064:	4b3e      	ldr	r3, [pc, #248]	; (a160 <IziPlus_HandleRx+0x2cc>)
    a066:	4a3d      	ldr	r2, [pc, #244]	; (a15c <IziPlus_HandleRx+0x2c8>)
    a068:	8819      	ldrh	r1, [r3, #0]
    a06a:	4d3e      	ldr	r5, [pc, #248]	; (a164 <IziPlus_HandleRx+0x2d0>)
    a06c:	4603      	mov	r3, r0
    a06e:	6820      	ldr	r0, [r4, #0]
    a070:	47a8      	blx	r5
    a072:	e72e      	b.n	9ed2 <IziPlus_HandleRx+0x3e>
    a074:	f015 0f0d 	tst.w	r5, #13
    a078:	f005 080f 	and.w	r8, r5, #15
    a07c:	d050      	beq.n	a120 <IziPlus_HandleRx+0x28c>
    a07e:	f1b8 0f00 	cmp.w	r8, #0
    a082:	f47f af40 	bne.w	9f06 <IziPlus_HandleRx+0x72>
    a086:	f8df 90d8 	ldr.w	r9, [pc, #216]	; a160 <IziPlus_HandleRx+0x2cc>
    a08a:	f04f 35ff 	mov.w	r5, #4294967295
    a08e:	e79c      	b.n	9fca <IziPlus_HandleRx+0x136>
    a090:	f896 202c 	ldrb.w	r2, [r6, #44]	; 0x2c
    a094:	2a80      	cmp	r2, #128	; 0x80
    a096:	f000 8128 	beq.w	a2ea <IziPlus_HandleRx+0x456>
    a09a:	2a81      	cmp	r2, #129	; 0x81
    a09c:	f000 818e 	beq.w	a3bc <IziPlus_HandleRx+0x528>
    a0a0:	2a21      	cmp	r2, #33	; 0x21
    a0a2:	f000 81b4 	beq.w	a40e <IziPlus_HandleRx+0x57a>
    a0a6:	2a22      	cmp	r2, #34	; 0x22
    a0a8:	f000 80f8 	beq.w	a29c <IziPlus_HandleRx+0x408>
    a0ac:	2a20      	cmp	r2, #32
    a0ae:	f000 8283 	beq.w	a5b8 <IziPlus_HandleRx+0x724>
    a0b2:	2300      	movs	r3, #0
    a0b4:	f886 302d 	strb.w	r3, [r6, #45]	; 0x2d
    a0b8:	f886 302c 	strb.w	r3, [r6, #44]	; 0x2c
    a0bc:	e734      	b.n	9f28 <IziPlus_HandleRx+0x94>
    a0be:	68f3      	ldr	r3, [r6, #12]
    a0c0:	7be5      	ldrb	r5, [r4, #15]
    a0c2:	2b00      	cmp	r3, #0
    a0c4:	f000 8083 	beq.w	a1ce <IziPlus_HandleRx+0x33a>
    a0c8:	7cb3      	ldrb	r3, [r6, #18]
    a0ca:	429d      	cmp	r5, r3
    a0cc:	f000 8117 	beq.w	a2fe <IziPlus_HandleRx+0x46a>
    a0d0:	2dff      	cmp	r5, #255	; 0xff
    a0d2:	f47f af26 	bne.w	9f22 <IziPlus_HandleRx+0x8e>
    a0d6:	6822      	ldr	r2, [r4, #0]
    a0d8:	1c51      	adds	r1, r2, #1
    a0da:	f43f af25 	beq.w	9f28 <IziPlus_HandleRx+0x94>
    a0de:	f896 1021 	ldrb.w	r1, [r6, #33]	; 0x21
    a0e2:	2900      	cmp	r1, #0
    a0e4:	f000 8114 	beq.w	a310 <IziPlus_HandleRx+0x47c>
    a0e8:	2101      	movs	r1, #1
    a0ea:	7b23      	ldrb	r3, [r4, #12]
    a0ec:	f8c6 213c 	str.w	r2, [r6, #316]	; 0x13c
    a0f0:	f886 113a 	strb.w	r1, [r6, #314]	; 0x13a
    a0f4:	f886 313b 	strb.w	r3, [r6, #315]	; 0x13b
    a0f8:	4b1f      	ldr	r3, [pc, #124]	; (a178 <IziPlus_HandleRx+0x2e4>)
    a0fa:	4798      	blx	r3
    a0fc:	f241 3388 	movw	r3, #5000	; 0x1388
    a100:	4298      	cmp	r0, r3
    a102:	f200 8268 	bhi.w	a5d6 <IziPlus_HandleRx+0x742>
    a106:	68f3      	ldr	r3, [r6, #12]
    a108:	7be2      	ldrb	r2, [r4, #15]
    a10a:	2b00      	cmp	r3, #0
    a10c:	f000 818a 	beq.w	a424 <IziPlus_HandleRx+0x590>
    a110:	7cb3      	ldrb	r3, [r6, #18]
    a112:	429a      	cmp	r2, r3
    a114:	f47f af08 	bne.w	9f28 <IziPlus_HandleRx+0x94>
    a118:	4b0c      	ldr	r3, [pc, #48]	; (a14c <IziPlus_HandleRx+0x2b8>)
    a11a:	225a      	movs	r2, #90	; 0x5a
    a11c:	805a      	strh	r2, [r3, #2]
    a11e:	e703      	b.n	9f28 <IziPlus_HandleRx+0x94>
    a120:	f005 0570 	and.w	r5, r5, #112	; 0x70
    a124:	2d10      	cmp	r5, #16
    a126:	f000 815a 	beq.w	a3de <IziPlus_HandleRx+0x54a>
    a12a:	2d00      	cmp	r5, #0
    a12c:	f47f af49 	bne.w	9fc2 <IziPlus_HandleRx+0x12e>
    a130:	8963      	ldrh	r3, [r4, #10]
    a132:	f3c3 030b 	ubfx	r3, r3, #0, #12
    a136:	2b03      	cmp	r3, #3
    a138:	f63f aee5 	bhi.w	9f06 <IziPlus_HandleRx+0x72>
    a13c:	e741      	b.n	9fc2 <IziPlus_HandleRx+0x12e>
    a13e:	bf00      	nop
    a140:	2001ff00 	.word	0x2001ff00
    a144:	200056e4 	.word	0x200056e4
    a148:	00804020 	.word	0x00804020
    a14c:	20002a4e 	.word	0x20002a4e
    a150:	0000c28d 	.word	0x0000c28d
    a154:	00004e8d 	.word	0x00004e8d
    a158:	2000f314 	.word	0x2000f314
    a15c:	2000f194 	.word	0x2000f194
    a160:	2000f318 	.word	0x2000f318
    a164:	00004cb5 	.word	0x00004cb5
    a168:	2000eed4 	.word	0x2000eed4
    a16c:	00004d45 	.word	0x00004d45
    a170:	0000901d 	.word	0x0000901d
    a174:	2000f178 	.word	0x2000f178
    a178:	0000f455 	.word	0x0000f455
    a17c:	0000f6a1 	.word	0x0000f6a1
    a180:	00004d69 	.word	0x00004d69
    a184:	00005049 	.word	0x00005049
    a188:	4bab      	ldr	r3, [pc, #684]	; (a438 <IziPlus_HandleRx+0x5a4>)
    a18a:	4798      	blx	r3
    a18c:	2801      	cmp	r0, #1
    a18e:	f240 8136 	bls.w	a3fe <IziPlus_HandleRx+0x56a>
    a192:	68b3      	ldr	r3, [r6, #8]
    a194:	2b63      	cmp	r3, #99	; 0x63
    a196:	d91f      	bls.n	a1d8 <IziPlus_HandleRx+0x344>
    a198:	f5b3 7f16 	cmp.w	r3, #600	; 0x258
    a19c:	f8b6 3144 	ldrh.w	r3, [r6, #324]	; 0x144
    a1a0:	f103 0301 	add.w	r3, r3, #1
    a1a4:	b29b      	uxth	r3, r3
    a1a6:	f8a6 3144 	strh.w	r3, [r6, #324]	; 0x144
    a1aa:	f080 8140 	bcs.w	a42e <IziPlus_HandleRx+0x59a>
    a1ae:	2b31      	cmp	r3, #49	; 0x31
    a1b0:	f67f aeba 	bls.w	9f28 <IziPlus_HandleRx+0x94>
    a1b4:	2201      	movs	r2, #1
    a1b6:	2300      	movs	r3, #0
    a1b8:	f8a6 2142 	strh.w	r2, [r6, #322]	; 0x142
    a1bc:	f8a6 3144 	strh.w	r3, [r6, #324]	; 0x144
    a1c0:	e6b2      	b.n	9f28 <IziPlus_HandleRx+0x94>
    a1c2:	4b9e      	ldr	r3, [pc, #632]	; (a43c <IziPlus_HandleRx+0x5a8>)
    a1c4:	4798      	blx	r3
    a1c6:	4b9e      	ldr	r3, [pc, #632]	; (a440 <IziPlus_HandleRx+0x5ac>)
    a1c8:	4798      	blx	r3
    a1ca:	7b65      	ldrb	r5, [r4, #13]
    a1cc:	e691      	b.n	9ef2 <IziPlus_HandleRx+0x5e>
    a1ce:	4b9d      	ldr	r3, [pc, #628]	; (a444 <IziPlus_HandleRx+0x5b0>)
    a1d0:	681b      	ldr	r3, [r3, #0]
    a1d2:	f893 3037 	ldrb.w	r3, [r3, #55]	; 0x37
    a1d6:	e778      	b.n	a0ca <IziPlus_HandleRx+0x236>
    a1d8:	2301      	movs	r3, #1
    a1da:	f8a6 3142 	strh.w	r3, [r6, #322]	; 0x142
    a1de:	e6a3      	b.n	9f28 <IziPlus_HandleRx+0x94>
    a1e0:	8963      	ldrh	r3, [r4, #10]
    a1e2:	f3c3 030b 	ubfx	r3, r3, #0, #12
    a1e6:	2b03      	cmp	r3, #3
    a1e8:	f67f aeeb 	bls.w	9fc2 <IziPlus_HandleRx+0x12e>
    a1ec:	4a95      	ldr	r2, [pc, #596]	; (a444 <IziPlus_HandleRx+0x5b0>)
    a1ee:	4b96      	ldr	r3, [pc, #600]	; (a448 <IziPlus_HandleRx+0x5b4>)
    a1f0:	6810      	ldr	r0, [r2, #0]
    a1f2:	7b25      	ldrb	r5, [r4, #12]
    a1f4:	f8b0 803a 	ldrh.w	r8, [r0, #58]	; 0x3a
    a1f8:	f890 903c 	ldrb.w	r9, [r0, #60]	; 0x3c
    a1fc:	f890 a03d 	ldrb.w	sl, [r0, #61]	; 0x3d
    a200:	f890 b03e 	ldrb.w	fp, [r0, #62]	; 0x3e
    a204:	4798      	blx	r3
    a206:	4629      	mov	r1, r5
    a208:	9002      	str	r0, [sp, #8]
    a20a:	e88d 0c00 	stmia.w	sp, {sl, fp}
    a20e:	464b      	mov	r3, r9
    a210:	4642      	mov	r2, r8
    a212:	4d8e      	ldr	r5, [pc, #568]	; (a44c <IziPlus_HandleRx+0x5b8>)
    a214:	488e      	ldr	r0, [pc, #568]	; (a450 <IziPlus_HandleRx+0x5bc>)
    a216:	47a8      	blx	r5
    a218:	e6b4      	b.n	9f84 <IziPlus_HandleRx+0xf0>
    a21a:	8963      	ldrh	r3, [r4, #10]
    a21c:	f3c3 030b 	ubfx	r3, r3, #0, #12
    a220:	2b04      	cmp	r3, #4
    a222:	d951      	bls.n	a2c8 <IziPlus_HandleRx+0x434>
    a224:	3b04      	subs	r3, #4
    a226:	f013 05ff 	ands.w	r5, r3, #255	; 0xff
    a22a:	d04d      	beq.n	a2c8 <IziPlus_HandleRx+0x434>
    a22c:	4b89      	ldr	r3, [pc, #548]	; (a454 <IziPlus_HandleRx+0x5c0>)
    a22e:	f8b3 9000 	ldrh.w	r9, [r3]
    a232:	454d      	cmp	r5, r9
    a234:	d848      	bhi.n	a2c8 <IziPlus_HandleRx+0x434>
    a236:	46c2      	mov	sl, r8
    a238:	4643      	mov	r3, r8
    a23a:	4887      	ldr	r0, [pc, #540]	; (a458 <IziPlus_HandleRx+0x5c4>)
    a23c:	f04f 0c01 	mov.w	ip, #1
    a240:	e019      	b.n	a276 <IziPlus_HandleRx+0x3e2>
    a242:	f89e e010 	ldrb.w	lr, [lr, #16]
    a246:	f8b0 81ba 	ldrh.w	r8, [r0, #442]	; 0x1ba
    a24a:	3901      	subs	r1, #1
    a24c:	4419      	add	r1, r3
    a24e:	b2cb      	uxtb	r3, r1
    a250:	45f0      	cmp	r8, lr
    a252:	469a      	mov	sl, r3
    a254:	eb03 080c 	add.w	r8, r3, ip
    a258:	d836      	bhi.n	a2c8 <IziPlus_HandleRx+0x434>
    a25a:	f8b0 11bc 	ldrh.w	r1, [r0, #444]	; 0x1bc
    a25e:	4571      	cmp	r1, lr
    a260:	f100 0020 	add.w	r0, r0, #32
    a264:	d330      	bcc.n	a2c8 <IziPlus_HandleRx+0x434>
    a266:	4565      	cmp	r5, ip
    a268:	f10c 0c01 	add.w	ip, ip, #1
    a26c:	f340 8215 	ble.w	a69a <IziPlus_HandleRx+0x806>
    a270:	45c8      	cmp	r8, r9
    a272:	f280 8212 	bge.w	a69a <IziPlus_HandleRx+0x806>
    a276:	f890 11b4 	ldrb.w	r1, [r0, #436]	; 0x1b4
    a27a:	2902      	cmp	r1, #2
    a27c:	eb04 0e08 	add.w	lr, r4, r8
    a280:	d1df      	bne.n	a242 <IziPlus_HandleRx+0x3ae>
    a282:	eb04 0e0c 	add.w	lr, r4, ip
    a286:	44a0      	add	r8, r4
    a288:	44f2      	add	sl, lr
    a28a:	f898 e010 	ldrb.w	lr, [r8, #16]
    a28e:	f89a 8010 	ldrb.w	r8, [sl, #16]
    a292:	eb0e 2e08 	add.w	lr, lr, r8, lsl #8
    a296:	fa1f fe8e 	uxth.w	lr, lr
    a29a:	e7d4      	b.n	a246 <IziPlus_HandleRx+0x3b2>
    a29c:	f896 5034 	ldrb.w	r5, [r6, #52]	; 0x34
    a2a0:	b9bd      	cbnz	r5, a2d2 <IziPlus_HandleRx+0x43e>
    a2a2:	4b6e      	ldr	r3, [pc, #440]	; (a45c <IziPlus_HandleRx+0x5c8>)
    a2a4:	7b21      	ldrb	r1, [r4, #12]
    a2a6:	486a      	ldr	r0, [pc, #424]	; (a450 <IziPlus_HandleRx+0x5bc>)
    a2a8:	4798      	blx	r3
    a2aa:	4603      	mov	r3, r0
    a2ac:	2b00      	cmp	r3, #0
    a2ae:	f43f af00 	beq.w	a0b2 <IziPlus_HandleRx+0x21e>
    a2b2:	4a6b      	ldr	r2, [pc, #428]	; (a460 <IziPlus_HandleRx+0x5cc>)
    a2b4:	6820      	ldr	r0, [r4, #0]
    a2b6:	8811      	ldrh	r1, [r2, #0]
    a2b8:	4c6a      	ldr	r4, [pc, #424]	; (a464 <IziPlus_HandleRx+0x5d0>)
    a2ba:	4a65      	ldr	r2, [pc, #404]	; (a450 <IziPlus_HandleRx+0x5bc>)
    a2bc:	47a0      	blx	r4
    a2be:	e6f8      	b.n	a0b2 <IziPlus_HandleRx+0x21e>
    a2c0:	f1b8 0f02 	cmp.w	r8, #2
    a2c4:	f43f ae1f 	beq.w	9f06 <IziPlus_HandleRx+0x72>
    a2c8:	f06f 0501 	mvn.w	r5, #1
    a2cc:	f8df 9190 	ldr.w	r9, [pc, #400]	; a460 <IziPlus_HandleRx+0x5cc>
    a2d0:	e67b      	b.n	9fca <IziPlus_HandleRx+0x136>
    a2d2:	7b63      	ldrb	r3, [r4, #13]
    a2d4:	7b21      	ldrb	r1, [r4, #12]
    a2d6:	485e      	ldr	r0, [pc, #376]	; (a450 <IziPlus_HandleRx+0x5bc>)
    a2d8:	f8df 81b8 	ldr.w	r8, [pc, #440]	; a494 <IziPlus_HandleRx+0x600>
    a2dc:	b26d      	sxtb	r5, r5
    a2de:	f3c3 1302 	ubfx	r3, r3, #4, #3
    a2e2:	9500      	str	r5, [sp, #0]
    a2e4:	47c0      	blx	r8
    a2e6:	4603      	mov	r3, r0
    a2e8:	e7e0      	b.n	a2ac <IziPlus_HandleRx+0x418>
    a2ea:	f896 5034 	ldrb.w	r5, [r6, #52]	; 0x34
    a2ee:	2d00      	cmp	r5, #0
    a2f0:	d1ef      	bne.n	a2d2 <IziPlus_HandleRx+0x43e>
    a2f2:	4b5d      	ldr	r3, [pc, #372]	; (a468 <IziPlus_HandleRx+0x5d4>)
    a2f4:	7b21      	ldrb	r1, [r4, #12]
    a2f6:	4856      	ldr	r0, [pc, #344]	; (a450 <IziPlus_HandleRx+0x5bc>)
    a2f8:	4798      	blx	r3
    a2fa:	4603      	mov	r3, r0
    a2fc:	e7d6      	b.n	a2ac <IziPlus_HandleRx+0x418>
    a2fe:	6822      	ldr	r2, [r4, #0]
    a300:	3201      	adds	r2, #1
    a302:	f43f ae0e 	beq.w	9f22 <IziPlus_HandleRx+0x8e>
    a306:	f896 2021 	ldrb.w	r2, [r6, #33]	; 0x21
    a30a:	2a00      	cmp	r2, #0
    a30c:	f040 81a7 	bne.w	a65e <IziPlus_HandleRx+0x7ca>
    a310:	f896 8140 	ldrb.w	r8, [r6, #320]	; 0x140
    a314:	f1b8 0f00 	cmp.w	r8, #0
    a318:	f040 816d 	bne.w	a5f6 <IziPlus_HandleRx+0x762>
    a31c:	429d      	cmp	r5, r3
    a31e:	f47f aeeb 	bne.w	a0f8 <IziPlus_HandleRx+0x264>
    a322:	4a52      	ldr	r2, [pc, #328]	; (a46c <IziPlus_HandleRx+0x5d8>)
    a324:	88d3      	ldrh	r3, [r2, #6]
    a326:	2b00      	cmp	r3, #0
    a328:	f000 8186 	beq.w	a638 <IziPlus_HandleRx+0x7a4>
    a32c:	3b01      	subs	r3, #1
    a32e:	b29d      	uxth	r5, r3
    a330:	2d01      	cmp	r5, #1
    a332:	80d5      	strh	r5, [r2, #6]
    a334:	f040 8180 	bne.w	a638 <IziPlus_HandleRx+0x7a4>
    a338:	2202      	movs	r2, #2
    a33a:	4b4d      	ldr	r3, [pc, #308]	; (a470 <IziPlus_HandleRx+0x5dc>)
    a33c:	f894 b00c 	ldrb.w	fp, [r4, #12]
    a340:	f04f 0900 	mov.w	r9, #0
    a344:	f362 0907 	bfi	r9, r2, #0, #8
    a348:	4798      	blx	r3
    a34a:	4b4a      	ldr	r3, [pc, #296]	; (a474 <IziPlus_HandleRx+0x5e0>)
    a34c:	900c      	str	r0, [sp, #48]	; 0x30
    a34e:	4798      	blx	r3
    a350:	4b49      	ldr	r3, [pc, #292]	; (a478 <IziPlus_HandleRx+0x5e4>)
    a352:	900b      	str	r0, [sp, #44]	; 0x2c
    a354:	4798      	blx	r3
    a356:	4b49      	ldr	r3, [pc, #292]	; (a47c <IziPlus_HandleRx+0x5e8>)
    a358:	4682      	mov	sl, r0
    a35a:	4798      	blx	r3
    a35c:	4b48      	ldr	r3, [pc, #288]	; (a480 <IziPlus_HandleRx+0x5ec>)
    a35e:	900a      	str	r0, [sp, #40]	; 0x28
    a360:	4798      	blx	r3
    a362:	4a48      	ldr	r2, [pc, #288]	; (a484 <IziPlus_HandleRx+0x5f0>)
    a364:	4603      	mov	r3, r0
    a366:	930f      	str	r3, [sp, #60]	; 0x3c
    a368:	4790      	blx	r2
    a36a:	4947      	ldr	r1, [pc, #284]	; (a488 <IziPlus_HandleRx+0x5f4>)
    a36c:	900e      	str	r0, [sp, #56]	; 0x38
    a36e:	4788      	blx	r1
    a370:	900d      	str	r0, [sp, #52]	; 0x34
    a372:	4846      	ldr	r0, [pc, #280]	; (a48c <IziPlus_HandleRx+0x5f8>)
    a374:	4780      	blx	r0
    a376:	990d      	ldr	r1, [sp, #52]	; 0x34
    a378:	9a0e      	ldr	r2, [sp, #56]	; 0x38
    a37a:	9b0f      	ldr	r3, [sp, #60]	; 0x3c
    a37c:	9105      	str	r1, [sp, #20]
    a37e:	f365 290f 	bfi	r9, r5, #8, #8
    a382:	990a      	ldr	r1, [sp, #40]	; 0x28
    a384:	9006      	str	r0, [sp, #24]
    a386:	9204      	str	r2, [sp, #16]
    a388:	f8ad 300c 	strh.w	r3, [sp, #12]
    a38c:	9102      	str	r1, [sp, #8]
    a38e:	9b0b      	ldr	r3, [sp, #44]	; 0x2c
    a390:	9507      	str	r5, [sp, #28]
    a392:	f8ad 9000 	strh.w	r9, [sp]
    a396:	f8ad a004 	strh.w	sl, [sp, #4]
    a39a:	9a0c      	ldr	r2, [sp, #48]	; 0x30
    a39c:	f8cd 8024 	str.w	r8, [sp, #36]	; 0x24
    a3a0:	4659      	mov	r1, fp
    a3a2:	f8cd 8020 	str.w	r8, [sp, #32]
    a3a6:	482a      	ldr	r0, [pc, #168]	; (a450 <IziPlus_HandleRx+0x5bc>)
    a3a8:	4d39      	ldr	r5, [pc, #228]	; (a490 <IziPlus_HandleRx+0x5fc>)
    a3aa:	47a8      	blx	r5
    a3ac:	4603      	mov	r3, r0
    a3ae:	492c      	ldr	r1, [pc, #176]	; (a460 <IziPlus_HandleRx+0x5cc>)
    a3b0:	4a27      	ldr	r2, [pc, #156]	; (a450 <IziPlus_HandleRx+0x5bc>)
    a3b2:	8809      	ldrh	r1, [r1, #0]
    a3b4:	6820      	ldr	r0, [r4, #0]
    a3b6:	4d2b      	ldr	r5, [pc, #172]	; (a464 <IziPlus_HandleRx+0x5d0>)
    a3b8:	47a8      	blx	r5
    a3ba:	e6a4      	b.n	a106 <IziPlus_HandleRx+0x272>
    a3bc:	f896 3034 	ldrb.w	r3, [r6, #52]	; 0x34
    a3c0:	2b00      	cmp	r3, #0
    a3c2:	f000 8253 	beq.w	a86c <IziPlus_HandleRx+0x9d8>
    a3c6:	f894 e00d 	ldrb.w	lr, [r4, #13]
    a3ca:	7b21      	ldrb	r1, [r4, #12]
    a3cc:	4820      	ldr	r0, [pc, #128]	; (a450 <IziPlus_HandleRx+0x5bc>)
    a3ce:	4d31      	ldr	r5, [pc, #196]	; (a494 <IziPlus_HandleRx+0x600>)
    a3d0:	b25b      	sxtb	r3, r3
    a3d2:	9300      	str	r3, [sp, #0]
    a3d4:	f3ce 1302 	ubfx	r3, lr, #4, #3
    a3d8:	47a8      	blx	r5
    a3da:	4603      	mov	r3, r0
    a3dc:	e766      	b.n	a2ac <IziPlus_HandleRx+0x418>
    a3de:	f896 3028 	ldrb.w	r3, [r6, #40]	; 0x28
    a3e2:	2b01      	cmp	r3, #1
    a3e4:	d05a      	beq.n	a49c <IziPlus_HandleRx+0x608>
    a3e6:	8873      	ldrh	r3, [r6, #2]
    a3e8:	2b00      	cmp	r3, #0
    a3ea:	d157      	bne.n	a49c <IziPlus_HandleRx+0x608>
    a3ec:	f1b8 0f02 	cmp.w	r8, #2
    a3f0:	f43f ad89 	beq.w	9f06 <IziPlus_HandleRx+0x72>
    a3f4:	f06f 0503 	mvn.w	r5, #3
    a3f8:	f8df 9064 	ldr.w	r9, [pc, #100]	; a460 <IziPlus_HandleRx+0x5cc>
    a3fc:	e5e5      	b.n	9fca <IziPlus_HandleRx+0x136>
    a3fe:	f8b6 3144 	ldrh.w	r3, [r6, #324]	; 0x144
    a402:	f8a6 5142 	strh.w	r5, [r6, #322]	; 0x142
    a406:	085b      	lsrs	r3, r3, #1
    a408:	f8a6 3144 	strh.w	r3, [r6, #324]	; 0x144
    a40c:	e58c      	b.n	9f28 <IziPlus_HandleRx+0x94>
    a40e:	f896 5034 	ldrb.w	r5, [r6, #52]	; 0x34
    a412:	2d00      	cmp	r5, #0
    a414:	f47f af5d 	bne.w	a2d2 <IziPlus_HandleRx+0x43e>
    a418:	4b1f      	ldr	r3, [pc, #124]	; (a498 <IziPlus_HandleRx+0x604>)
    a41a:	7b21      	ldrb	r1, [r4, #12]
    a41c:	480c      	ldr	r0, [pc, #48]	; (a450 <IziPlus_HandleRx+0x5bc>)
    a41e:	4798      	blx	r3
    a420:	4603      	mov	r3, r0
    a422:	e743      	b.n	a2ac <IziPlus_HandleRx+0x418>
    a424:	4b07      	ldr	r3, [pc, #28]	; (a444 <IziPlus_HandleRx+0x5b0>)
    a426:	681b      	ldr	r3, [r3, #0]
    a428:	f893 3037 	ldrb.w	r3, [r3, #55]	; 0x37
    a42c:	e671      	b.n	a112 <IziPlus_HandleRx+0x27e>
    a42e:	f5b3 7f16 	cmp.w	r3, #600	; 0x258
    a432:	f4bf aebf 	bcs.w	a1b4 <IziPlus_HandleRx+0x320>
    a436:	e577      	b.n	9f28 <IziPlus_HandleRx+0x94>
    a438:	00004d35 	.word	0x00004d35
    a43c:	0000de71 	.word	0x0000de71
    a440:	0000bd85 	.word	0x0000bd85
    a444:	2000eed4 	.word	0x2000eed4
    a448:	0000c585 	.word	0x0000c585
    a44c:	00004e09 	.word	0x00004e09
    a450:	2000f194 	.word	0x2000f194
    a454:	2000f314 	.word	0x2000f314
    a458:	2000f330 	.word	0x2000f330
    a45c:	00004e45 	.word	0x00004e45
    a460:	2000f318 	.word	0x2000f318
    a464:	00004cb5 	.word	0x00004cb5
    a468:	000050c1 	.word	0x000050c1
    a46c:	20002a4e 	.word	0x20002a4e
    a470:	0000c5d1 	.word	0x0000c5d1
    a474:	0000c5ed 	.word	0x0000c5ed
    a478:	0000c625 	.word	0x0000c625
    a47c:	0000c609 	.word	0x0000c609
    a480:	0000c639 	.word	0x0000c639
    a484:	0000c641 	.word	0x0000c641
    a488:	0000c5c1 	.word	0x0000c5c1
    a48c:	0000c5c9 	.word	0x0000c5c9
    a490:	00004f3d 	.word	0x00004f3d
    a494:	00004d45 	.word	0x00004d45
    a498:	00004ec1 	.word	0x00004ec1
    a49c:	8963      	ldrh	r3, [r4, #10]
    a49e:	f3c3 030b 	ubfx	r3, r3, #0, #12
    a4a2:	2b0d      	cmp	r3, #13
    a4a4:	f67f af0c 	bls.w	a2c0 <IziPlus_HandleRx+0x42c>
    a4a8:	f1b8 0f00 	cmp.w	r8, #0
    a4ac:	d015      	beq.n	a4da <IziPlus_HandleRx+0x646>
    a4ae:	68f3      	ldr	r3, [r6, #12]
    a4b0:	2b00      	cmp	r3, #0
    a4b2:	f040 80e3 	bne.w	a67c <IziPlus_HandleRx+0x7e8>
    a4b6:	4aab      	ldr	r2, [pc, #684]	; (a764 <IziPlus_HandleRx+0x8d0>)
    a4b8:	6963      	ldr	r3, [r4, #20]
    a4ba:	6812      	ldr	r2, [r2, #0]
    a4bc:	6b11      	ldr	r1, [r2, #48]	; 0x30
    a4be:	404b      	eors	r3, r1
    a4c0:	f033 437f 	bics.w	r3, r3, #4278190080	; 0xff000000
    a4c4:	d105      	bne.n	a4d2 <IziPlus_HandleRx+0x63e>
    a4c6:	f892 3034 	ldrb.w	r3, [r2, #52]	; 0x34
    a4ca:	7c62      	ldrb	r2, [r4, #17]
    a4cc:	429a      	cmp	r2, r3
    a4ce:	f43f ad1a 	beq.w	9f06 <IziPlus_HandleRx+0x72>
    a4d2:	f1b8 0f02 	cmp.w	r8, #2
    a4d6:	f000 80d9 	beq.w	a68c <IziPlus_HandleRx+0x7f8>
    a4da:	7e63      	ldrb	r3, [r4, #25]
    a4dc:	2b10      	cmp	r3, #16
    a4de:	f000 8093 	beq.w	a608 <IziPlus_HandleRx+0x774>
    a4e2:	2200      	movs	r2, #0
    a4e4:	4ba0      	ldr	r3, [pc, #640]	; (a768 <IziPlus_HandleRx+0x8d4>)
    a4e6:	60f2      	str	r2, [r6, #12]
    a4e8:	4798      	blx	r3
    a4ea:	6962      	ldr	r2, [r4, #20]
    a4ec:	6302      	str	r2, [r0, #48]	; 0x30
    a4ee:	7c62      	ldrb	r2, [r4, #17]
    a4f0:	f880 2034 	strb.w	r2, [r0, #52]	; 0x34
    a4f4:	7ca2      	ldrb	r2, [r4, #18]
    a4f6:	f880 2035 	strb.w	r2, [r0, #53]	; 0x35
    a4fa:	7ce2      	ldrb	r2, [r4, #19]
    a4fc:	f880 2037 	strb.w	r2, [r0, #55]	; 0x37
    a500:	7e22      	ldrb	r2, [r4, #24]
    a502:	f880 203f 	strb.w	r2, [r0, #63]	; 0x3f
    a506:	4b99      	ldr	r3, [pc, #612]	; (a76c <IziPlus_HandleRx+0x8d8>)
    a508:	4798      	blx	r3
    a50a:	2800      	cmp	r0, #0
    a50c:	f040 8086 	bne.w	a61c <IziPlus_HandleRx+0x788>
    a510:	7b63      	ldrb	r3, [r4, #13]
    a512:	f003 030f 	and.w	r3, r3, #15
    a516:	2b02      	cmp	r3, #2
    a518:	f43f acf5 	beq.w	9f06 <IziPlus_HandleRx+0x72>
    a51c:	7ba2      	ldrb	r2, [r4, #14]
    a51e:	f8df 9260 	ldr.w	r9, [pc, #608]	; a780 <IziPlus_HandleRx+0x8ec>
    a522:	f06f 0502 	mvn.w	r5, #2
    a526:	e550      	b.n	9fca <IziPlus_HandleRx+0x136>
    a528:	8963      	ldrh	r3, [r4, #10]
    a52a:	f3c3 030b 	ubfx	r3, r3, #0, #12
    a52e:	2b08      	cmp	r3, #8
    a530:	f67f aeca 	bls.w	a2c8 <IziPlus_HandleRx+0x434>
    a534:	4b8e      	ldr	r3, [pc, #568]	; (a770 <IziPlus_HandleRx+0x8dc>)
    a536:	7ca1      	ldrb	r1, [r4, #18]
    a538:	781b      	ldrb	r3, [r3, #0]
    a53a:	4299      	cmp	r1, r3
    a53c:	f4bf aec4 	bcs.w	a2c8 <IziPlus_HandleRx+0x434>
    a540:	4b89      	ldr	r3, [pc, #548]	; (a768 <IziPlus_HandleRx+0x8d4>)
    a542:	4798      	blx	r3
    a544:	8a23      	ldrh	r3, [r4, #16]
    a546:	8f42      	ldrh	r2, [r0, #58]	; 0x3a
    a548:	429a      	cmp	r2, r3
    a54a:	bf18      	it	ne
    a54c:	8743      	strhne	r3, [r0, #58]	; 0x3a
    a54e:	7ca3      	ldrb	r3, [r4, #18]
    a550:	f890 203c 	ldrb.w	r2, [r0, #60]	; 0x3c
    a554:	429a      	cmp	r2, r3
    a556:	bf18      	it	ne
    a558:	f880 303c 	strbne.w	r3, [r0, #60]	; 0x3c
    a55c:	7d23      	ldrb	r3, [r4, #20]
    a55e:	f880 303e 	strb.w	r3, [r0, #62]	; 0x3e
    a562:	7ce3      	ldrb	r3, [r4, #19]
    a564:	f880 303d 	strb.w	r3, [r0, #61]	; 0x3d
    a568:	4b82      	ldr	r3, [pc, #520]	; (a774 <IziPlus_HandleRx+0x8e0>)
    a56a:	7b25      	ldrb	r5, [r4, #12]
    a56c:	4798      	blx	r3
    a56e:	4629      	mov	r1, r5
    a570:	4602      	mov	r2, r0
    a572:	4b81      	ldr	r3, [pc, #516]	; (a778 <IziPlus_HandleRx+0x8e4>)
    a574:	4881      	ldr	r0, [pc, #516]	; (a77c <IziPlus_HandleRx+0x8e8>)
    a576:	4798      	blx	r3
    a578:	2501      	movs	r5, #1
    a57a:	2120      	movs	r1, #32
    a57c:	7b63      	ldrb	r3, [r4, #13]
    a57e:	4a80      	ldr	r2, [pc, #512]	; (a780 <IziPlus_HandleRx+0x8ec>)
    a580:	f886 102c 	strb.w	r1, [r6, #44]	; 0x2c
    a584:	f886 502d 	strb.w	r5, [r6, #45]	; 0x2d
    a588:	f886 3035 	strb.w	r3, [r6, #53]	; 0x35
    a58c:	8811      	ldrh	r1, [r2, #0]
    a58e:	f8df 8244 	ldr.w	r8, [pc, #580]	; a7d4 <IziPlus_HandleRx+0x940>
    a592:	4a7a      	ldr	r2, [pc, #488]	; (a77c <IziPlus_HandleRx+0x8e8>)
    a594:	4603      	mov	r3, r0
    a596:	6820      	ldr	r0, [r4, #0]
    a598:	6335      	str	r5, [r6, #48]	; 0x30
    a59a:	47c0      	blx	r8
    a59c:	f896 502d 	ldrb.w	r5, [r6, #45]	; 0x2d
    a5a0:	2d01      	cmp	r5, #1
    a5a2:	f47f acb2 	bne.w	9f0a <IziPlus_HandleRx+0x76>
    a5a6:	2300      	movs	r3, #0
    a5a8:	4d76      	ldr	r5, [pc, #472]	; (a784 <IziPlus_HandleRx+0x8f0>)
    a5aa:	6970      	ldr	r0, [r6, #20]
    a5ac:	461a      	mov	r2, r3
    a5ae:	4619      	mov	r1, r3
    a5b0:	47a8      	blx	r5
    a5b2:	f896 502d 	ldrb.w	r5, [r6, #45]	; 0x2d
    a5b6:	e4a8      	b.n	9f0a <IziPlus_HandleRx+0x76>
    a5b8:	f896 5034 	ldrb.w	r5, [r6, #52]	; 0x34
    a5bc:	2d00      	cmp	r5, #0
    a5be:	f47f ae88 	bne.w	a2d2 <IziPlus_HandleRx+0x43e>
    a5c2:	4b71      	ldr	r3, [pc, #452]	; (a788 <IziPlus_HandleRx+0x8f4>)
    a5c4:	7b25      	ldrb	r5, [r4, #12]
    a5c6:	4798      	blx	r3
    a5c8:	4b70      	ldr	r3, [pc, #448]	; (a78c <IziPlus_HandleRx+0x8f8>)
    a5ca:	4602      	mov	r2, r0
    a5cc:	4629      	mov	r1, r5
    a5ce:	486b      	ldr	r0, [pc, #428]	; (a77c <IziPlus_HandleRx+0x8e8>)
    a5d0:	4798      	blx	r3
    a5d2:	4603      	mov	r3, r0
    a5d4:	e66a      	b.n	a2ac <IziPlus_HandleRx+0x418>
    a5d6:	4b6e      	ldr	r3, [pc, #440]	; (a790 <IziPlus_HandleRx+0x8fc>)
    a5d8:	4798      	blx	r3
    a5da:	2800      	cmp	r0, #0
    a5dc:	f43f ad93 	beq.w	a106 <IziPlus_HandleRx+0x272>
    a5e0:	f896 313a 	ldrb.w	r3, [r6, #314]	; 0x13a
    a5e4:	2b00      	cmp	r3, #0
    a5e6:	f47f ad8e 	bne.w	a106 <IziPlus_HandleRx+0x272>
    a5ea:	461a      	mov	r2, r3
    a5ec:	4619      	mov	r1, r3
    a5ee:	6970      	ldr	r0, [r6, #20]
    a5f0:	4d64      	ldr	r5, [pc, #400]	; (a784 <IziPlus_HandleRx+0x8f0>)
    a5f2:	47a8      	blx	r5
    a5f4:	e587      	b.n	a106 <IziPlus_HandleRx+0x272>
    a5f6:	4b67      	ldr	r3, [pc, #412]	; (a794 <IziPlus_HandleRx+0x900>)
    a5f8:	7b21      	ldrb	r1, [r4, #12]
    a5fa:	4860      	ldr	r0, [pc, #384]	; (a77c <IziPlus_HandleRx+0x8e8>)
    a5fc:	4798      	blx	r3
    a5fe:	2200      	movs	r2, #0
    a600:	4603      	mov	r3, r0
    a602:	f886 2140 	strb.w	r2, [r6, #320]	; 0x140
    a606:	e6d2      	b.n	a3ae <IziPlus_HandleRx+0x51a>
    a608:	6965      	ldr	r5, [r4, #20]
    a60a:	7c60      	ldrb	r0, [r4, #17]
    a60c:	7ca1      	ldrb	r1, [r4, #18]
    a60e:	7e22      	ldrb	r2, [r4, #24]
    a610:	7ce3      	ldrb	r3, [r4, #19]
    a612:	60f5      	str	r5, [r6, #12]
    a614:	7430      	strb	r0, [r6, #16]
    a616:	7471      	strb	r1, [r6, #17]
    a618:	74f2      	strb	r2, [r6, #19]
    a61a:	74b3      	strb	r3, [r6, #18]
    a61c:	7b63      	ldrb	r3, [r4, #13]
    a61e:	4a5e      	ldr	r2, [pc, #376]	; (a798 <IziPlus_HandleRx+0x904>)
    a620:	7c21      	ldrb	r1, [r4, #16]
    a622:	7111      	strb	r1, [r2, #4]
    a624:	f003 030f 	and.w	r3, r3, #15
    a628:	2b02      	cmp	r3, #2
    a62a:	f43f ac6c 	beq.w	9f06 <IziPlus_HandleRx+0x72>
    a62e:	7b21      	ldrb	r1, [r4, #12]
    a630:	4b5a      	ldr	r3, [pc, #360]	; (a79c <IziPlus_HandleRx+0x908>)
    a632:	4852      	ldr	r0, [pc, #328]	; (a77c <IziPlus_HandleRx+0x8e8>)
    a634:	4798      	blx	r3
    a636:	e4a5      	b.n	9f84 <IziPlus_HandleRx+0xf0>
    a638:	4b59      	ldr	r3, [pc, #356]	; (a7a0 <IziPlus_HandleRx+0x90c>)
    a63a:	7b25      	ldrb	r5, [r4, #12]
    a63c:	4798      	blx	r3
    a63e:	4b59      	ldr	r3, [pc, #356]	; (a7a4 <IziPlus_HandleRx+0x910>)
    a640:	fa1f f880 	uxth.w	r8, r0
    a644:	4798      	blx	r3
    a646:	4b58      	ldr	r3, [pc, #352]	; (a7a8 <IziPlus_HandleRx+0x914>)
    a648:	9000      	str	r0, [sp, #0]
    a64a:	781b      	ldrb	r3, [r3, #0]
    a64c:	9301      	str	r3, [sp, #4]
    a64e:	4629      	mov	r1, r5
    a650:	4643      	mov	r3, r8
    a652:	2202      	movs	r2, #2
    a654:	4849      	ldr	r0, [pc, #292]	; (a77c <IziPlus_HandleRx+0x8e8>)
    a656:	4d55      	ldr	r5, [pc, #340]	; (a7ac <IziPlus_HandleRx+0x918>)
    a658:	47a8      	blx	r5
    a65a:	4603      	mov	r3, r0
    a65c:	e6a7      	b.n	a3ae <IziPlus_HandleRx+0x51a>
    a65e:	f896 3022 	ldrb.w	r3, [r6, #34]	; 0x22
    a662:	f896 2023 	ldrb.w	r2, [r6, #35]	; 0x23
    a666:	7b21      	ldrb	r1, [r4, #12]
    a668:	4844      	ldr	r0, [pc, #272]	; (a77c <IziPlus_HandleRx+0x8e8>)
    a66a:	4d51      	ldr	r5, [pc, #324]	; (a7b0 <IziPlus_HandleRx+0x91c>)
    a66c:	47a8      	blx	r5
    a66e:	f896 2021 	ldrb.w	r2, [r6, #33]	; 0x21
    a672:	3a01      	subs	r2, #1
    a674:	4603      	mov	r3, r0
    a676:	f886 2021 	strb.w	r2, [r6, #33]	; 0x21
    a67a:	e698      	b.n	a3ae <IziPlus_HandleRx+0x51a>
    a67c:	6962      	ldr	r2, [r4, #20]
    a67e:	4053      	eors	r3, r2
    a680:	f033 437f 	bics.w	r3, r3, #4278190080	; 0xff000000
    a684:	f47f af25 	bne.w	a4d2 <IziPlus_HandleRx+0x63e>
    a688:	7c33      	ldrb	r3, [r6, #16]
    a68a:	e71e      	b.n	a4ca <IziPlus_HandleRx+0x636>
    a68c:	2304      	movs	r3, #4
    a68e:	4618      	mov	r0, r3
    a690:	220a      	movs	r2, #10
    a692:	2103      	movs	r1, #3
    a694:	4d47      	ldr	r5, [pc, #284]	; (a7b4 <IziPlus_HandleRx+0x920>)
    a696:	47a8      	blx	r5
    a698:	e71f      	b.n	a4da <IziPlus_HandleRx+0x646>
    a69a:	462a      	mov	r2, r5
    a69c:	f104 0110 	add.w	r1, r4, #16
    a6a0:	4b45      	ldr	r3, [pc, #276]	; (a7b8 <IziPlus_HandleRx+0x924>)
    a6a2:	2000      	movs	r0, #0
    a6a4:	4798      	blx	r3
    a6a6:	7b21      	ldrb	r1, [r4, #12]
    a6a8:	4834      	ldr	r0, [pc, #208]	; (a77c <IziPlus_HandleRx+0x8e8>)
    a6aa:	4b44      	ldr	r3, [pc, #272]	; (a7bc <IziPlus_HandleRx+0x928>)
    a6ac:	4798      	blx	r3
    a6ae:	f04f 0e22 	mov.w	lr, #34	; 0x22
    a6b2:	2101      	movs	r1, #1
    a6b4:	7b63      	ldrb	r3, [r4, #13]
    a6b6:	4a32      	ldr	r2, [pc, #200]	; (a780 <IziPlus_HandleRx+0x8ec>)
    a6b8:	f886 e02c 	strb.w	lr, [r6, #44]	; 0x2c
    a6bc:	f886 102d 	strb.w	r1, [r6, #45]	; 0x2d
    a6c0:	e762      	b.n	a588 <IziPlus_HandleRx+0x6f4>
    a6c2:	2a21      	cmp	r2, #33	; 0x21
    a6c4:	f040 8088 	bne.w	a7d8 <IziPlus_HandleRx+0x944>
    a6c8:	0729      	lsls	r1, r5, #28
    a6ca:	f47f ac1c 	bne.w	9f06 <IziPlus_HandleRx+0x72>
    a6ce:	f005 0570 	and.w	r5, r5, #112	; 0x70
    a6d2:	2d10      	cmp	r5, #16
    a6d4:	d019      	beq.n	a70a <IziPlus_HandleRx+0x876>
    a6d6:	2d00      	cmp	r5, #0
    a6d8:	f47f ac73 	bne.w	9fc2 <IziPlus_HandleRx+0x12e>
    a6dc:	8963      	ldrh	r3, [r4, #10]
    a6de:	f3c3 030b 	ubfx	r3, r3, #0, #12
    a6e2:	2b03      	cmp	r3, #3
    a6e4:	f67f ac6d 	bls.w	9fc2 <IziPlus_HandleRx+0x12e>
    a6e8:	4a1e      	ldr	r2, [pc, #120]	; (a764 <IziPlus_HandleRx+0x8d0>)
    a6ea:	4b35      	ldr	r3, [pc, #212]	; (a7c0 <IziPlus_HandleRx+0x92c>)
    a6ec:	6815      	ldr	r5, [r2, #0]
    a6ee:	3510      	adds	r5, #16
    a6f0:	4628      	mov	r0, r5
    a6f2:	4798      	blx	r3
    a6f4:	1c43      	adds	r3, r0, #1
    a6f6:	b2db      	uxtb	r3, r3
    a6f8:	2b20      	cmp	r3, #32
    a6fa:	462a      	mov	r2, r5
    a6fc:	bf28      	it	cs
    a6fe:	2320      	movcs	r3, #32
    a700:	7b21      	ldrb	r1, [r4, #12]
    a702:	4d30      	ldr	r5, [pc, #192]	; (a7c4 <IziPlus_HandleRx+0x930>)
    a704:	481d      	ldr	r0, [pc, #116]	; (a77c <IziPlus_HandleRx+0x8e8>)
    a706:	47a8      	blx	r5
    a708:	e43c      	b.n	9f84 <IziPlus_HandleRx+0xf0>
    a70a:	8963      	ldrh	r3, [r4, #10]
    a70c:	f3c3 030b 	ubfx	r3, r3, #0, #12
    a710:	2b04      	cmp	r3, #4
    a712:	f67f add9 	bls.w	a2c8 <IziPlus_HandleRx+0x434>
    a716:	b2db      	uxtb	r3, r3
    a718:	1f1d      	subs	r5, r3, #4
    a71a:	b2ed      	uxtb	r5, r5
    a71c:	2d20      	cmp	r5, #32
    a71e:	f63f add3 	bhi.w	a2c8 <IziPlus_HandleRx+0x434>
    a722:	2d1e      	cmp	r5, #30
    a724:	d804      	bhi.n	a730 <IziPlus_HandleRx+0x89c>
    a726:	1962      	adds	r2, r4, r5
    a728:	3b03      	subs	r3, #3
    a72a:	2100      	movs	r1, #0
    a72c:	b2dd      	uxtb	r5, r3
    a72e:	7411      	strb	r1, [r2, #16]
    a730:	4b0d      	ldr	r3, [pc, #52]	; (a768 <IziPlus_HandleRx+0x8d4>)
    a732:	4798      	blx	r3
    a734:	f104 0910 	add.w	r9, r4, #16
    a738:	f100 0810 	add.w	r8, r0, #16
    a73c:	4640      	mov	r0, r8
    a73e:	4649      	mov	r1, r9
    a740:	462a      	mov	r2, r5
    a742:	4b21      	ldr	r3, [pc, #132]	; (a7c8 <IziPlus_HandleRx+0x934>)
    a744:	4798      	blx	r3
    a746:	b930      	cbnz	r0, a756 <IziPlus_HandleRx+0x8c2>
    a748:	7b21      	ldrb	r1, [r4, #12]
    a74a:	480c      	ldr	r0, [pc, #48]	; (a77c <IziPlus_HandleRx+0x8e8>)
    a74c:	4b1f      	ldr	r3, [pc, #124]	; (a7cc <IziPlus_HandleRx+0x938>)
    a74e:	4798      	blx	r3
    a750:	f04f 0e21 	mov.w	lr, #33	; 0x21
    a754:	e7ad      	b.n	a6b2 <IziPlus_HandleRx+0x81e>
    a756:	4649      	mov	r1, r9
    a758:	4640      	mov	r0, r8
    a75a:	462a      	mov	r2, r5
    a75c:	4b1c      	ldr	r3, [pc, #112]	; (a7d0 <IziPlus_HandleRx+0x93c>)
    a75e:	4798      	blx	r3
    a760:	e7f2      	b.n	a748 <IziPlus_HandleRx+0x8b4>
    a762:	bf00      	nop
    a764:	2000eed4 	.word	0x2000eed4
    a768:	00006071 	.word	0x00006071
    a76c:	00006095 	.word	0x00006095
    a770:	2000f330 	.word	0x2000f330
    a774:	0000c591 	.word	0x0000c591
    a778:	00004db9 	.word	0x00004db9
    a77c:	2000f194 	.word	0x2000f194
    a780:	2000f318 	.word	0x2000f318
    a784:	0000e995 	.word	0x0000e995
    a788:	0000c585 	.word	0x0000c585
    a78c:	00004de1 	.word	0x00004de1
    a790:	0000783d 	.word	0x0000783d
    a794:	0000509d 	.word	0x0000509d
    a798:	20002a4e 	.word	0x20002a4e
    a79c:	00004d99 	.word	0x00004d99
    a7a0:	0000bda1 	.word	0x0000bda1
    a7a4:	0000c0f1 	.word	0x0000c0f1
    a7a8:	2000f31c 	.word	0x2000f31c
    a7ac:	00004fed 	.word	0x00004fed
    a7b0:	0000501d 	.word	0x0000501d
    a7b4:	0000d8c1 	.word	0x0000d8c1
    a7b8:	0000c159 	.word	0x0000c159
    a7bc:	00004e65 	.word	0x00004e65
    a7c0:	00010445 	.word	0x00010445
    a7c4:	00004f09 	.word	0x00004f09
    a7c8:	000103b9 	.word	0x000103b9
    a7cc:	00004ee1 	.word	0x00004ee1
    a7d0:	000103d7 	.word	0x000103d7
    a7d4:	00004cb5 	.word	0x00004cb5
    a7d8:	2a42      	cmp	r2, #66	; 0x42
    a7da:	d172      	bne.n	a8c2 <IziPlus_HandleRx+0xa2e>
    a7dc:	072b      	lsls	r3, r5, #28
    a7de:	f47f ab92 	bne.w	9f06 <IziPlus_HandleRx+0x72>
    a7e2:	f015 0570 	ands.w	r5, r5, #112	; 0x70
    a7e6:	f47f abec 	bne.w	9fc2 <IziPlus_HandleRx+0x12e>
    a7ea:	8963      	ldrh	r3, [r4, #10]
    a7ec:	f3c3 030b 	ubfx	r3, r3, #0, #12
    a7f0:	2b03      	cmp	r3, #3
    a7f2:	f67f abe6 	bls.w	9fc2 <IziPlus_HandleRx+0x12e>
    a7f6:	2302      	movs	r3, #2
    a7f8:	f04f 0800 	mov.w	r8, #0
    a7fc:	2201      	movs	r2, #1
    a7fe:	f363 0807 	bfi	r8, r3, #0, #8
    a802:	4b96      	ldr	r3, [pc, #600]	; (aa5c <IziPlus_HandleRx+0xbc8>)
    a804:	f894 b00c 	ldrb.w	fp, [r4, #12]
    a808:	f362 280f 	bfi	r8, r2, #8, #8
    a80c:	4798      	blx	r3
    a80e:	4b94      	ldr	r3, [pc, #592]	; (aa60 <IziPlus_HandleRx+0xbcc>)
    a810:	900b      	str	r0, [sp, #44]	; 0x2c
    a812:	4798      	blx	r3
    a814:	4b93      	ldr	r3, [pc, #588]	; (aa64 <IziPlus_HandleRx+0xbd0>)
    a816:	4681      	mov	r9, r0
    a818:	4798      	blx	r3
    a81a:	4b93      	ldr	r3, [pc, #588]	; (aa68 <IziPlus_HandleRx+0xbd4>)
    a81c:	4682      	mov	sl, r0
    a81e:	4798      	blx	r3
    a820:	4b92      	ldr	r3, [pc, #584]	; (aa6c <IziPlus_HandleRx+0xbd8>)
    a822:	900a      	str	r0, [sp, #40]	; 0x28
    a824:	4798      	blx	r3
    a826:	4a92      	ldr	r2, [pc, #584]	; (aa70 <IziPlus_HandleRx+0xbdc>)
    a828:	4603      	mov	r3, r0
    a82a:	930e      	str	r3, [sp, #56]	; 0x38
    a82c:	4790      	blx	r2
    a82e:	4991      	ldr	r1, [pc, #580]	; (aa74 <IziPlus_HandleRx+0xbe0>)
    a830:	900d      	str	r0, [sp, #52]	; 0x34
    a832:	4788      	blx	r1
    a834:	900c      	str	r0, [sp, #48]	; 0x30
    a836:	4890      	ldr	r0, [pc, #576]	; (aa78 <IziPlus_HandleRx+0xbe4>)
    a838:	4780      	blx	r0
    a83a:	9b0e      	ldr	r3, [sp, #56]	; 0x38
    a83c:	990c      	ldr	r1, [sp, #48]	; 0x30
    a83e:	9a0d      	ldr	r2, [sp, #52]	; 0x34
    a840:	f8ad 300c 	strh.w	r3, [sp, #12]
    a844:	9b0a      	ldr	r3, [sp, #40]	; 0x28
    a846:	9006      	str	r0, [sp, #24]
    a848:	9105      	str	r1, [sp, #20]
    a84a:	9204      	str	r2, [sp, #16]
    a84c:	9302      	str	r3, [sp, #8]
    a84e:	9509      	str	r5, [sp, #36]	; 0x24
    a850:	9508      	str	r5, [sp, #32]
    a852:	9507      	str	r5, [sp, #28]
    a854:	f8ad 8000 	strh.w	r8, [sp]
    a858:	f8ad a004 	strh.w	sl, [sp, #4]
    a85c:	464b      	mov	r3, r9
    a85e:	9a0b      	ldr	r2, [sp, #44]	; 0x2c
    a860:	4d86      	ldr	r5, [pc, #536]	; (aa7c <IziPlus_HandleRx+0xbe8>)
    a862:	4887      	ldr	r0, [pc, #540]	; (aa80 <IziPlus_HandleRx+0xbec>)
    a864:	4659      	mov	r1, fp
    a866:	47a8      	blx	r5
    a868:	f7ff bb8c 	b.w	9f84 <IziPlus_HandleRx+0xf0>
    a86c:	7b21      	ldrb	r1, [r4, #12]
    a86e:	4b85      	ldr	r3, [pc, #532]	; (aa84 <IziPlus_HandleRx+0xbf0>)
    a870:	4883      	ldr	r0, [pc, #524]	; (aa80 <IziPlus_HandleRx+0xbec>)
    a872:	4e85      	ldr	r6, [pc, #532]	; (aa88 <IziPlus_HandleRx+0xbf4>)
    a874:	4798      	blx	r3
    a876:	4b85      	ldr	r3, [pc, #532]	; (aa8c <IziPlus_HandleRx+0xbf8>)
    a878:	4a81      	ldr	r2, [pc, #516]	; (aa80 <IziPlus_HandleRx+0xbec>)
    a87a:	8819      	ldrh	r1, [r3, #0]
    a87c:	4603      	mov	r3, r0
    a87e:	6820      	ldr	r0, [r4, #0]
    a880:	4c83      	ldr	r4, [pc, #524]	; (aa90 <IziPlus_HandleRx+0xbfc>)
    a882:	47b0      	blx	r6
    a884:	2104      	movs	r1, #4
    a886:	462a      	mov	r2, r5
    a888:	4608      	mov	r0, r1
    a88a:	2301      	movs	r3, #1
    a88c:	47a0      	blx	r4
    a88e:	f44f 707a 	mov.w	r0, #1000	; 0x3e8
    a892:	4b80      	ldr	r3, [pc, #512]	; (aa94 <IziPlus_HandleRx+0xc00>)
    a894:	4798      	blx	r3
    a896:	20c8      	movs	r0, #200	; 0xc8
    a898:	4b7f      	ldr	r3, [pc, #508]	; (aa98 <IziPlus_HandleRx+0xc04>)
    a89a:	4798      	blx	r3
    a89c:	4b7f      	ldr	r3, [pc, #508]	; (aa9c <IziPlus_HandleRx+0xc08>)
    a89e:	4798      	blx	r3
    a8a0:	4a7f      	ldr	r2, [pc, #508]	; (aaa0 <IziPlus_HandleRx+0xc0c>)
    a8a2:	4b80      	ldr	r3, [pc, #512]	; (aaa4 <IziPlus_HandleRx+0xc10>)
    a8a4:	e887 000c 	stmia.w	r7, {r2, r3}
    a8a8:	f3bf 8f4f 	dsb	sy
    a8ac:	497e      	ldr	r1, [pc, #504]	; (aaa8 <IziPlus_HandleRx+0xc14>)
    a8ae:	4b7f      	ldr	r3, [pc, #508]	; (aaac <IziPlus_HandleRx+0xc18>)
    a8b0:	68ca      	ldr	r2, [r1, #12]
    a8b2:	f402 62e0 	and.w	r2, r2, #1792	; 0x700
    a8b6:	4313      	orrs	r3, r2
    a8b8:	60cb      	str	r3, [r1, #12]
    a8ba:	f3bf 8f4f 	dsb	sy
    a8be:	bf00      	nop
    a8c0:	e7fd      	b.n	a8be <IziPlus_HandleRx+0xa2a>
    a8c2:	2a11      	cmp	r2, #17
    a8c4:	d121      	bne.n	a90a <IziPlus_HandleRx+0xa76>
    a8c6:	f015 0f0d 	tst.w	r5, #13
    a8ca:	d11a      	bne.n	a902 <IziPlus_HandleRx+0xa6e>
    a8cc:	f005 0570 	and.w	r5, r5, #112	; 0x70
    a8d0:	2d20      	cmp	r5, #32
    a8d2:	f47f ab76 	bne.w	9fc2 <IziPlus_HandleRx+0x12e>
    a8d6:	8963      	ldrh	r3, [r4, #10]
    a8d8:	f3c3 030b 	ubfx	r3, r3, #0, #12
    a8dc:	2b05      	cmp	r3, #5
    a8de:	f67f ab70 	bls.w	9fc2 <IziPlus_HandleRx+0x12e>
    a8e2:	4b73      	ldr	r3, [pc, #460]	; (aab0 <IziPlus_HandleRx+0xc1c>)
    a8e4:	7c21      	ldrb	r1, [r4, #16]
    a8e6:	7c60      	ldrb	r0, [r4, #17]
    a8e8:	4798      	blx	r3
    a8ea:	7b63      	ldrb	r3, [r4, #13]
    a8ec:	f003 030f 	and.w	r3, r3, #15
    a8f0:	2b02      	cmp	r3, #2
    a8f2:	f43f ab08 	beq.w	9f06 <IziPlus_HandleRx+0x72>
    a8f6:	7b21      	ldrb	r1, [r4, #12]
    a8f8:	4b6e      	ldr	r3, [pc, #440]	; (aab4 <IziPlus_HandleRx+0xc20>)
    a8fa:	4861      	ldr	r0, [pc, #388]	; (aa80 <IziPlus_HandleRx+0xbec>)
    a8fc:	4798      	blx	r3
    a8fe:	f7ff bb41 	b.w	9f84 <IziPlus_HandleRx+0xf0>
    a902:	f005 080f 	and.w	r8, r5, #15
    a906:	f7ff bbba 	b.w	a07e <IziPlus_HandleRx+0x1ea>
    a90a:	2a02      	cmp	r2, #2
    a90c:	d137      	bne.n	a97e <IziPlus_HandleRx+0xaea>
    a90e:	f015 0f0d 	tst.w	r5, #13
    a912:	d1f6      	bne.n	a902 <IziPlus_HandleRx+0xa6e>
    a914:	f005 0370 	and.w	r3, r5, #112	; 0x70
    a918:	2b10      	cmp	r3, #16
    a91a:	f47f ab52 	bne.w	9fc2 <IziPlus_HandleRx+0x12e>
    a91e:	7c23      	ldrb	r3, [r4, #16]
    a920:	2b01      	cmp	r3, #1
    a922:	d011      	beq.n	a948 <IziPlus_HandleRx+0xab4>
    a924:	f896 3028 	ldrb.w	r3, [r6, #40]	; 0x28
    a928:	b1eb      	cbz	r3, a966 <IziPlus_HandleRx+0xad2>
    a92a:	0728      	lsls	r0, r5, #28
    a92c:	f47f aaeb 	bne.w	9f06 <IziPlus_HandleRx+0x72>
    a930:	68f3      	ldr	r3, [r6, #12]
    a932:	7b21      	ldrb	r1, [r4, #12]
    a934:	b173      	cbz	r3, a954 <IziPlus_HandleRx+0xac0>
    a936:	7c32      	ldrb	r2, [r6, #16]
    a938:	7c73      	ldrb	r3, [r6, #17]
    a93a:	7cb0      	ldrb	r0, [r6, #18]
    a93c:	9000      	str	r0, [sp, #0]
    a93e:	4d5e      	ldr	r5, [pc, #376]	; (aab8 <IziPlus_HandleRx+0xc24>)
    a940:	484f      	ldr	r0, [pc, #316]	; (aa80 <IziPlus_HandleRx+0xbec>)
    a942:	47a8      	blx	r5
    a944:	f7ff bb1e 	b.w	9f84 <IziPlus_HandleRx+0xf0>
    a948:	2202      	movs	r2, #2
    a94a:	2300      	movs	r3, #0
    a94c:	f886 2028 	strb.w	r2, [r6, #40]	; 0x28
    a950:	7073      	strb	r3, [r6, #1]
    a952:	e7ea      	b.n	a92a <IziPlus_HandleRx+0xa96>
    a954:	4b59      	ldr	r3, [pc, #356]	; (aabc <IziPlus_HandleRx+0xc28>)
    a956:	6818      	ldr	r0, [r3, #0]
    a958:	f890 2034 	ldrb.w	r2, [r0, #52]	; 0x34
    a95c:	f890 3035 	ldrb.w	r3, [r0, #53]	; 0x35
    a960:	f890 0037 	ldrb.w	r0, [r0, #55]	; 0x37
    a964:	e7ea      	b.n	a93c <IziPlus_HandleRx+0xaa8>
    a966:	2501      	movs	r5, #1
    a968:	4628      	mov	r0, r5
    a96a:	2302      	movs	r3, #2
    a96c:	220a      	movs	r2, #10
    a96e:	2105      	movs	r1, #5
    a970:	f8df 811c 	ldr.w	r8, [pc, #284]	; aa90 <IziPlus_HandleRx+0xbfc>
    a974:	f886 5028 	strb.w	r5, [r6, #40]	; 0x28
    a978:	47c0      	blx	r8
    a97a:	7b65      	ldrb	r5, [r4, #13]
    a97c:	e7d5      	b.n	a92a <IziPlus_HandleRx+0xa96>
    a97e:	f1a2 0330 	sub.w	r3, r2, #48	; 0x30
    a982:	2b01      	cmp	r3, #1
    a984:	f005 080f 	and.w	r8, r5, #15
    a988:	d93b      	bls.n	aa02 <IziPlus_HandleRx+0xb6e>
    a98a:	2a80      	cmp	r2, #128	; 0x80
    a98c:	f000 80a0 	beq.w	aad0 <IziPlus_HandleRx+0xc3c>
    a990:	2a81      	cmp	r2, #129	; 0x81
    a992:	f000 80ed 	beq.w	ab70 <IziPlus_HandleRx+0xcdc>
    a996:	2a82      	cmp	r2, #130	; 0x82
    a998:	f040 8196 	bne.w	acc8 <IziPlus_HandleRx+0xe34>
    a99c:	f1b8 0f00 	cmp.w	r8, #0
    a9a0:	f47f aab1 	bne.w	9f06 <IziPlus_HandleRx+0x72>
    a9a4:	f005 0570 	and.w	r5, r5, #112	; 0x70
    a9a8:	2d20      	cmp	r5, #32
    a9aa:	f47f ab0a 	bne.w	9fc2 <IziPlus_HandleRx+0x12e>
    a9ae:	8963      	ldrh	r3, [r4, #10]
    a9b0:	f3c3 030b 	ubfx	r3, r3, #0, #12
    a9b4:	2b08      	cmp	r3, #8
    a9b6:	f67f ab04 	bls.w	9fc2 <IziPlus_HandleRx+0x12e>
    a9ba:	4b28      	ldr	r3, [pc, #160]	; (aa5c <IziPlus_HandleRx+0xbc8>)
    a9bc:	4798      	blx	r3
    a9be:	6923      	ldr	r3, [r4, #16]
    a9c0:	4283      	cmp	r3, r0
    a9c2:	4602      	mov	r2, r0
    a9c4:	f000 816f 	beq.w	aca6 <IziPlus_HandleRx+0xe12>
    a9c8:	7d23      	ldrb	r3, [r4, #20]
    a9ca:	7b21      	ldrb	r1, [r4, #12]
    a9cc:	4d3c      	ldr	r5, [pc, #240]	; (aac0 <IziPlus_HandleRx+0xc2c>)
    a9ce:	482c      	ldr	r0, [pc, #176]	; (aa80 <IziPlus_HandleRx+0xbec>)
    a9d0:	f8df 90b8 	ldr.w	r9, [pc, #184]	; aa8c <IziPlus_HandleRx+0xbf8>
    a9d4:	eb03 0383 	add.w	r3, r3, r3, lsl #2
    a9d8:	005b      	lsls	r3, r3, #1
    a9da:	80b3      	strh	r3, [r6, #4]
    a9dc:	47a8      	blx	r5
    a9de:	f8b9 1000 	ldrh.w	r1, [r9]
    a9e2:	4a27      	ldr	r2, [pc, #156]	; (aa80 <IziPlus_HandleRx+0xbec>)
    a9e4:	f8df 90a0 	ldr.w	r9, [pc, #160]	; aa88 <IziPlus_HandleRx+0xbf4>
    a9e8:	4603      	mov	r3, r0
    a9ea:	6820      	ldr	r0, [r4, #0]
    a9ec:	4645      	mov	r5, r8
    a9ee:	47c8      	blx	r9
    a9f0:	2346      	movs	r3, #70	; 0x46
    a9f2:	747b      	strb	r3, [r7, #17]
    a9f4:	2d00      	cmp	r5, #0
    a9f6:	f040 8162 	bne.w	acbe <IziPlus_HandleRx+0xe2a>
    a9fa:	f896 502d 	ldrb.w	r5, [r6, #45]	; 0x2d
    a9fe:	f7ff ba86 	b.w	9f0e <IziPlus_HandleRx+0x7a>
    aa02:	f1b8 0f02 	cmp.w	r8, #2
    aa06:	d1c6      	bne.n	a996 <IziPlus_HandleRx+0xb02>
    aa08:	f005 0570 	and.w	r5, r5, #112	; 0x70
    aa0c:	2d10      	cmp	r5, #16
    aa0e:	f47f aa7a 	bne.w	9f06 <IziPlus_HandleRx+0x72>
    aa12:	4b2c      	ldr	r3, [pc, #176]	; (aac4 <IziPlus_HandleRx+0xc30>)
    aa14:	4798      	blx	r3
    aa16:	4b29      	ldr	r3, [pc, #164]	; (aabc <IziPlus_HandleRx+0xc28>)
    aa18:	8961      	ldrh	r1, [r4, #10]
    aa1a:	681b      	ldr	r3, [r3, #0]
    aa1c:	f893 203e 	ldrb.w	r2, [r3, #62]	; 0x3e
    aa20:	1815      	adds	r5, r2, r0
    aa22:	3503      	adds	r5, #3
    aa24:	f3c1 010b 	ubfx	r1, r1, #0, #12
    aa28:	428d      	cmp	r5, r1
    aa2a:	f280 8141 	bge.w	acb0 <IziPlus_HandleRx+0xe1c>
    aa2e:	7ba1      	ldrb	r1, [r4, #14]
    aa30:	2931      	cmp	r1, #49	; 0x31
    aa32:	f040 80ee 	bne.w	ac12 <IziPlus_HandleRx+0xd7e>
    aa36:	f893 103d 	ldrb.w	r1, [r3, #61]	; 0x3d
    aa3a:	0909      	lsrs	r1, r1, #4
    aa3c:	2901      	cmp	r1, #1
    aa3e:	f000 80e8 	beq.w	ac12 <IziPlus_HandleRx+0xd7e>
    aa42:	4b21      	ldr	r3, [pc, #132]	; (aac8 <IziPlus_HandleRx+0xc34>)
    aa44:	4798      	blx	r3
    aa46:	2300      	movs	r3, #0
    aa48:	f886 3020 	strb.w	r3, [r6, #32]
    aa4c:	200e      	movs	r0, #14
    aa4e:	4b1f      	ldr	r3, [pc, #124]	; (aacc <IziPlus_HandleRx+0xc38>)
    aa50:	4798      	blx	r3
    aa52:	f896 502d 	ldrb.w	r5, [r6, #45]	; 0x2d
    aa56:	f7ff ba58 	b.w	9f0a <IziPlus_HandleRx+0x76>
    aa5a:	bf00      	nop
    aa5c:	0000c5d1 	.word	0x0000c5d1
    aa60:	0000c5ed 	.word	0x0000c5ed
    aa64:	0000c625 	.word	0x0000c625
    aa68:	0000c609 	.word	0x0000c609
    aa6c:	0000c639 	.word	0x0000c639
    aa70:	0000c641 	.word	0x0000c641
    aa74:	0000c5c1 	.word	0x0000c5c1
    aa78:	0000c5c9 	.word	0x0000c5c9
    aa7c:	00004f3d 	.word	0x00004f3d
    aa80:	2000f194 	.word	0x2000f194
    aa84:	00005109 	.word	0x00005109
    aa88:	00004cb5 	.word	0x00004cb5
    aa8c:	2000f318 	.word	0x2000f318
    aa90:	0000d8c1 	.word	0x0000d8c1
    aa94:	00006e31 	.word	0x00006e31
    aa98:	0000f6a1 	.word	0x0000f6a1
    aa9c:	00006259 	.word	0x00006259
    aaa0:	abbaacdc 	.word	0xabbaacdc
    aaa4:	11223344 	.word	0x11223344
    aaa8:	e000ed00 	.word	0xe000ed00
    aaac:	05fa0004 	.word	0x05fa0004
    aab0:	0000c2c5 	.word	0x0000c2c5
    aab4:	00005079 	.word	0x00005079
    aab8:	00004fbd 	.word	0x00004fbd
    aabc:	2000eed4 	.word	0x2000eed4
    aac0:	00005151 	.word	0x00005151
    aac4:	0000c585 	.word	0x0000c585
    aac8:	0000e035 	.word	0x0000e035
    aacc:	0000d809 	.word	0x0000d809
    aad0:	f1b8 0f00 	cmp.w	r8, #0
    aad4:	d066      	beq.n	aba4 <IziPlus_HandleRx+0xd10>
    aad6:	f1b8 0f02 	cmp.w	r8, #2
    aada:	f47f aa14 	bne.w	9f06 <IziPlus_HandleRx+0x72>
    aade:	f005 0570 	and.w	r5, r5, #112	; 0x70
    aae2:	2d10      	cmp	r5, #16
    aae4:	f47f aa6d 	bne.w	9fc2 <IziPlus_HandleRx+0x12e>
    aae8:	88b3      	ldrh	r3, [r6, #4]
    aaea:	2b00      	cmp	r3, #0
    aaec:	f43f aa0b 	beq.w	9f06 <IziPlus_HandleRx+0x72>
    aaf0:	6923      	ldr	r3, [r4, #16]
    aaf2:	8961      	ldrh	r1, [r4, #10]
    aaf4:	3b08      	subs	r3, #8
    aaf6:	f3c1 010b 	ubfx	r1, r1, #0, #12
    aafa:	440b      	add	r3, r1
    aafc:	f5b3 3fe0 	cmp.w	r3, #114688	; 0x1c000
    ab00:	f63f abe2 	bhi.w	a2c8 <IziPlus_HandleRx+0x434>
    ab04:	2302      	movs	r3, #2
    ab06:	461a      	mov	r2, r3
    ab08:	4619      	mov	r1, r3
    ab0a:	2001      	movs	r0, #1
    ab0c:	4da9      	ldr	r5, [pc, #676]	; (adb4 <IziPlus_HandleRx+0xf20>)
    ab0e:	47a8      	blx	r5
    ab10:	6920      	ldr	r0, [r4, #16]
    ab12:	4ba9      	ldr	r3, [pc, #676]	; (adb8 <IziPlus_HandleRx+0xf24>)
    ab14:	f500 3000 	add.w	r0, r0, #131072	; 0x20000
    ab18:	4798      	blx	r3
    ab1a:	2800      	cmp	r0, #0
    ab1c:	d148      	bne.n	abb0 <IziPlus_HandleRx+0xd1c>
    ab1e:	8963      	ldrh	r3, [r4, #10]
    ab20:	6921      	ldr	r1, [r4, #16]
    ab22:	4da6      	ldr	r5, [pc, #664]	; (adbc <IziPlus_HandleRx+0xf28>)
    ab24:	48a6      	ldr	r0, [pc, #664]	; (adc0 <IziPlus_HandleRx+0xf2c>)
    ab26:	f3c3 030b 	ubfx	r3, r3, #0, #12
    ab2a:	3b08      	subs	r3, #8
    ab2c:	b29b      	uxth	r3, r3
    ab2e:	f501 3100 	add.w	r1, r1, #131072	; 0x20000
    ab32:	f104 0214 	add.w	r2, r4, #20
    ab36:	47a8      	blx	r5
    ab38:	4ba2      	ldr	r3, [pc, #648]	; (adc4 <IziPlus_HandleRx+0xf30>)
    ab3a:	7b21      	ldrb	r1, [r4, #12]
    ab3c:	2800      	cmp	r0, #0
    ab3e:	48a2      	ldr	r0, [pc, #648]	; (adc8 <IziPlus_HandleRx+0xf34>)
    ab40:	bfb4      	ite	lt
    ab42:	f06f 0503 	mvnlt.w	r5, #3
    ab46:	2500      	movge	r5, #0
    ab48:	4798      	blx	r3
    ab4a:	7b63      	ldrb	r3, [r4, #13]
    ab4c:	f003 030f 	and.w	r3, r3, #15
    ab50:	2b02      	cmp	r3, #2
    ab52:	4680      	mov	r8, r0
    ab54:	d152      	bne.n	abfc <IziPlus_HandleRx+0xd68>
    ab56:	f896 302d 	ldrb.w	r3, [r6, #45]	; 0x2d
    ab5a:	2b01      	cmp	r3, #1
    ab5c:	f47f af48 	bne.w	a9f0 <IziPlus_HandleRx+0xb5c>
    ab60:	2300      	movs	r3, #0
    ab62:	461a      	mov	r2, r3
    ab64:	4619      	mov	r1, r3
    ab66:	6970      	ldr	r0, [r6, #20]
    ab68:	f8df 82b0 	ldr.w	r8, [pc, #688]	; ae1c <IziPlus_HandleRx+0xf88>
    ab6c:	47c0      	blx	r8
    ab6e:	e73f      	b.n	a9f0 <IziPlus_HandleRx+0xb5c>
    ab70:	f1b8 0f00 	cmp.w	r8, #0
    ab74:	f47f a9c7 	bne.w	9f06 <IziPlus_HandleRx+0x72>
    ab78:	f005 0570 	and.w	r5, r5, #112	; 0x70
    ab7c:	2d20      	cmp	r5, #32
    ab7e:	f47f aa20 	bne.w	9fc2 <IziPlus_HandleRx+0x12e>
    ab82:	f8df 829c 	ldr.w	r8, [pc, #668]	; ae20 <IziPlus_HandleRx+0xf8c>
    ab86:	4b91      	ldr	r3, [pc, #580]	; (adcc <IziPlus_HandleRx+0xf38>)
    ab88:	f8df 9298 	ldr.w	r9, [pc, #664]	; ae24 <IziPlus_HandleRx+0xf90>
    ab8c:	f508 35e0 	add.w	r5, r8, #114688	; 0x1c000
    ab90:	4798      	blx	r3
    ab92:	686a      	ldr	r2, [r5, #4]
    ab94:	4b8e      	ldr	r3, [pc, #568]	; (add0 <IziPlus_HandleRx+0xf3c>)
    ab96:	429a      	cmp	r2, r3
    ab98:	d04f      	beq.n	ac3a <IziPlus_HandleRx+0xda6>
    ab9a:	7ba2      	ldrb	r2, [r4, #14]
    ab9c:	f06f 0501 	mvn.w	r5, #1
    aba0:	f7ff ba13 	b.w	9fca <IziPlus_HandleRx+0x136>
    aba4:	f005 0570 	and.w	r5, r5, #112	; 0x70
    aba8:	2d10      	cmp	r5, #16
    abaa:	f47f aa0a 	bne.w	9fc2 <IziPlus_HandleRx+0x12e>
    abae:	e79f      	b.n	aaf0 <IziPlus_HandleRx+0xc5c>
    abb0:	7b21      	ldrb	r1, [r4, #12]
    abb2:	4b88      	ldr	r3, [pc, #544]	; (add4 <IziPlus_HandleRx+0xf40>)
    abb4:	4884      	ldr	r0, [pc, #528]	; (adc8 <IziPlus_HandleRx+0xf34>)
    abb6:	4d88      	ldr	r5, [pc, #544]	; (add8 <IziPlus_HandleRx+0xf44>)
    abb8:	4798      	blx	r3
    abba:	6923      	ldr	r3, [r4, #16]
    abbc:	8961      	ldrh	r1, [r4, #10]
    abbe:	f503 3300 	add.w	r3, r3, #131072	; 0x20000
    abc2:	f8c6 3036 	str.w	r3, [r6, #54]	; 0x36
    abc6:	f3c1 010b 	ubfx	r1, r1, #0, #12
    abca:	3908      	subs	r1, #8
    abcc:	7b63      	ldrb	r3, [r4, #13]
    abce:	f886 3035 	strb.w	r3, [r6, #53]	; 0x35
    abd2:	460a      	mov	r2, r1
    abd4:	2301      	movs	r3, #1
    abd6:	f04f 0e80 	mov.w	lr, #128	; 0x80
    abda:	6331      	str	r1, [r6, #48]	; 0x30
    abdc:	4680      	mov	r8, r0
    abde:	f104 0114 	add.w	r1, r4, #20
    abe2:	487e      	ldr	r0, [pc, #504]	; (addc <IziPlus_HandleRx+0xf48>)
    abe4:	f886 302d 	strb.w	r3, [r6, #45]	; 0x2d
    abe8:	f886 e02c 	strb.w	lr, [r6, #44]	; 0x2c
    abec:	47a8      	blx	r5
    abee:	7b63      	ldrb	r3, [r4, #13]
    abf0:	f003 030f 	and.w	r3, r3, #15
    abf4:	2b02      	cmp	r3, #2
    abf6:	f04f 0500 	mov.w	r5, #0
    abfa:	d0b1      	beq.n	ab60 <IziPlus_HandleRx+0xccc>
    abfc:	f8df 9224 	ldr.w	r9, [pc, #548]	; ae24 <IziPlus_HandleRx+0xf90>
    ac00:	4a71      	ldr	r2, [pc, #452]	; (adc8 <IziPlus_HandleRx+0xf34>)
    ac02:	f8b9 1000 	ldrh.w	r1, [r9]
    ac06:	6820      	ldr	r0, [r4, #0]
    ac08:	f8df 91e0 	ldr.w	r9, [pc, #480]	; adec <IziPlus_HandleRx+0xf58>
    ac0c:	4643      	mov	r3, r8
    ac0e:	47c8      	blx	r9
    ac10:	e7a1      	b.n	ab56 <IziPlus_HandleRx+0xcc2>
    ac12:	2100      	movs	r1, #0
    ac14:	3210      	adds	r2, #16
    ac16:	b283      	uxth	r3, r0
    ac18:	4422      	add	r2, r4
    ac1a:	4608      	mov	r0, r1
    ac1c:	4d70      	ldr	r5, [pc, #448]	; (ade0 <IziPlus_HandleRx+0xf4c>)
    ac1e:	47a8      	blx	r5
    ac20:	7ba3      	ldrb	r3, [r4, #14]
    ac22:	2b31      	cmp	r3, #49	; 0x31
    ac24:	f43f af0d 	beq.w	aa42 <IziPlus_HandleRx+0xbae>
    ac28:	68f3      	ldr	r3, [r6, #12]
    ac2a:	2b00      	cmp	r3, #0
    ac2c:	d03d      	beq.n	acaa <IziPlus_HandleRx+0xe16>
    ac2e:	4b6d      	ldr	r3, [pc, #436]	; (ade4 <IziPlus_HandleRx+0xf50>)
    ac30:	4798      	blx	r3
    ac32:	2301      	movs	r3, #1
    ac34:	f886 3020 	strb.w	r3, [r6, #32]
    ac38:	e708      	b.n	aa4c <IziPlus_HandleRx+0xbb8>
    ac3a:	8aa9      	ldrh	r1, [r5, #20]
    ac3c:	f8b9 2000 	ldrh.w	r2, [r9]
    ac40:	4291      	cmp	r1, r2
    ac42:	d8aa      	bhi.n	ab9a <IziPlus_HandleRx+0xd06>
    ac44:	8c2b      	ldrh	r3, [r5, #32]
    ac46:	440b      	add	r3, r1
    ac48:	4293      	cmp	r3, r2
    ac4a:	dda6      	ble.n	ab9a <IziPlus_HandleRx+0xd06>
    ac4c:	68ea      	ldr	r2, [r5, #12]
    ac4e:	4590      	cmp	r8, r2
    ac50:	d9a3      	bls.n	ab9a <IziPlus_HandleRx+0xd06>
    ac52:	692b      	ldr	r3, [r5, #16]
    ac54:	f5b3 3f00 	cmp.w	r3, #131072	; 0x20000
    ac58:	d29f      	bcs.n	ab9a <IziPlus_HandleRx+0xd06>
    ac5a:	429a      	cmp	r2, r3
    ac5c:	d29d      	bcs.n	ab9a <IziPlus_HandleRx+0xd06>
    ac5e:	7f29      	ldrb	r1, [r5, #28]
    ac60:	4288      	cmp	r0, r1
    ac62:	d39a      	bcc.n	ab9a <IziPlus_HandleRx+0xd06>
    ac64:	7fa9      	ldrb	r1, [r5, #30]
    ac66:	b109      	cbz	r1, ac6c <IziPlus_HandleRx+0xdd8>
    ac68:	4288      	cmp	r0, r1
    ac6a:	d896      	bhi.n	ab9a <IziPlus_HandleRx+0xd06>
    ac6c:	f502 31e0 	add.w	r1, r2, #114688	; 0x1c000
    ac70:	3301      	adds	r3, #1
    ac72:	f8c6 1036 	str.w	r1, [r6, #54]	; 0x36
    ac76:	1a9b      	subs	r3, r3, r2
    ac78:	f894 e00d 	ldrb.w	lr, [r4, #13]
    ac7c:	7b21      	ldrb	r1, [r4, #12]
    ac7e:	6333      	str	r3, [r6, #48]	; 0x30
    ac80:	4a59      	ldr	r2, [pc, #356]	; (ade8 <IziPlus_HandleRx+0xf54>)
    ac82:	4851      	ldr	r0, [pc, #324]	; (adc8 <IziPlus_HandleRx+0xf34>)
    ac84:	f886 e035 	strb.w	lr, [r6, #53]	; 0x35
    ac88:	2301      	movs	r3, #1
    ac8a:	2581      	movs	r5, #129	; 0x81
    ac8c:	f886 502c 	strb.w	r5, [r6, #44]	; 0x2c
    ac90:	f886 302d 	strb.w	r3, [r6, #45]	; 0x2d
    ac94:	4790      	blx	r2
    ac96:	4d55      	ldr	r5, [pc, #340]	; (adec <IziPlus_HandleRx+0xf58>)
    ac98:	f8b9 1000 	ldrh.w	r1, [r9]
    ac9c:	4a4a      	ldr	r2, [pc, #296]	; (adc8 <IziPlus_HandleRx+0xf34>)
    ac9e:	4603      	mov	r3, r0
    aca0:	6820      	ldr	r0, [r4, #0]
    aca2:	47a8      	blx	r5
    aca4:	e47f      	b.n	a5a6 <IziPlus_HandleRx+0x712>
    aca6:	250a      	movs	r5, #10
    aca8:	e6a2      	b.n	a9f0 <IziPlus_HandleRx+0xb5c>
    acaa:	4b51      	ldr	r3, [pc, #324]	; (adf0 <IziPlus_HandleRx+0xf5c>)
    acac:	4798      	blx	r3
    acae:	e7c0      	b.n	ac32 <IziPlus_HandleRx+0xd9e>
    acb0:	200e      	movs	r0, #14
    acb2:	4b50      	ldr	r3, [pc, #320]	; (adf4 <IziPlus_HandleRx+0xf60>)
    acb4:	4798      	blx	r3
    acb6:	f896 502d 	ldrb.w	r5, [r6, #45]	; 0x2d
    acba:	f7ff b926 	b.w	9f0a <IziPlus_HandleRx+0x76>
    acbe:	7ba2      	ldrb	r2, [r4, #14]
    acc0:	f8df 9160 	ldr.w	r9, [pc, #352]	; ae24 <IziPlus_HandleRx+0xf90>
    acc4:	f7ff b983 	b.w	9fce <IziPlus_HandleRx+0x13a>
    acc8:	2a40      	cmp	r2, #64	; 0x40
    acca:	d152      	bne.n	ad72 <IziPlus_HandleRx+0xede>
    accc:	f1b8 0f00 	cmp.w	r8, #0
    acd0:	f47f a919 	bne.w	9f06 <IziPlus_HandleRx+0x72>
    acd4:	f005 0570 	and.w	r5, r5, #112	; 0x70
    acd8:	2d10      	cmp	r5, #16
    acda:	d010      	beq.n	acfe <IziPlus_HandleRx+0xe6a>
    acdc:	2d00      	cmp	r5, #0
    acde:	f47f a912 	bne.w	9f06 <IziPlus_HandleRx+0x72>
    ace2:	8963      	ldrh	r3, [r4, #10]
    ace4:	f3c3 030b 	ubfx	r3, r3, #0, #12
    ace8:	2b13      	cmp	r3, #19
    acea:	f77f a90c 	ble.w	9f06 <IziPlus_HandleRx+0x72>
    acee:	2320      	movs	r3, #32
    acf0:	4a41      	ldr	r2, [pc, #260]	; (adf8 <IziPlus_HandleRx+0xf64>)
    acf2:	7b21      	ldrb	r1, [r4, #12]
    acf4:	4d41      	ldr	r5, [pc, #260]	; (adfc <IziPlus_HandleRx+0xf68>)
    acf6:	4834      	ldr	r0, [pc, #208]	; (adc8 <IziPlus_HandleRx+0xf34>)
    acf8:	47a8      	blx	r5
    acfa:	f7ff b943 	b.w	9f84 <IziPlus_HandleRx+0xf0>
    acfe:	8963      	ldrh	r3, [r4, #10]
    ad00:	f3c3 030b 	ubfx	r3, r3, #0, #12
    ad04:	2b13      	cmp	r3, #19
    ad06:	dd06      	ble.n	ad16 <IziPlus_HandleRx+0xe82>
    ad08:	3b04      	subs	r3, #4
    ad0a:	b29d      	uxth	r5, r3
    ad0c:	2d20      	cmp	r5, #32
    ad0e:	d908      	bls.n	ad22 <IziPlus_HandleRx+0xe8e>
    ad10:	f06f 0501 	mvn.w	r5, #1
    ad14:	e66c      	b.n	a9f0 <IziPlus_HandleRx+0xb5c>
    ad16:	2346      	movs	r3, #70	; 0x46
    ad18:	747b      	strb	r3, [r7, #17]
    ad1a:	f896 502d 	ldrb.w	r5, [r6, #45]	; 0x2d
    ad1e:	f7ff b8f6 	b.w	9f0e <IziPlus_HandleRx+0x7a>
    ad22:	a810      	add	r0, sp, #64	; 0x40
    ad24:	462a      	mov	r2, r5
    ad26:	f104 0110 	add.w	r1, r4, #16
    ad2a:	4b2b      	ldr	r3, [pc, #172]	; (add8 <IziPlus_HandleRx+0xf44>)
    ad2c:	4798      	blx	r3
    ad2e:	2d10      	cmp	r5, #16
    ad30:	d805      	bhi.n	ad3e <IziPlus_HandleRx+0xeaa>
    ad32:	4b33      	ldr	r3, [pc, #204]	; (ae00 <IziPlus_HandleRx+0xf6c>)
    ad34:	4798      	blx	r3
    ad36:	232d      	movs	r3, #45	; 0x2d
    ad38:	9014      	str	r0, [sp, #80]	; 0x50
    ad3a:	f8ad 3054 	strh.w	r3, [sp, #84]	; 0x54
    ad3e:	a810      	add	r0, sp, #64	; 0x40
    ad40:	4b30      	ldr	r3, [pc, #192]	; (ae04 <IziPlus_HandleRx+0xf70>)
    ad42:	4798      	blx	r3
    ad44:	2800      	cmp	r0, #0
    ad46:	db11      	blt.n	ad6c <IziPlus_HandleRx+0xed8>
    ad48:	7b21      	ldrb	r1, [r4, #12]
    ad4a:	4b2f      	ldr	r3, [pc, #188]	; (ae08 <IziPlus_HandleRx+0xf74>)
    ad4c:	481e      	ldr	r0, [pc, #120]	; (adc8 <IziPlus_HandleRx+0xf34>)
    ad4e:	f8df 90d4 	ldr.w	r9, [pc, #212]	; ae24 <IziPlus_HandleRx+0xf90>
    ad52:	4d26      	ldr	r5, [pc, #152]	; (adec <IziPlus_HandleRx+0xf58>)
    ad54:	4798      	blx	r3
    ad56:	f8b9 1000 	ldrh.w	r1, [r9]
    ad5a:	4a1b      	ldr	r2, [pc, #108]	; (adc8 <IziPlus_HandleRx+0xf34>)
    ad5c:	4603      	mov	r3, r0
    ad5e:	6820      	ldr	r0, [r4, #0]
    ad60:	47a8      	blx	r5
    ad62:	2004      	movs	r0, #4
    ad64:	4b23      	ldr	r3, [pc, #140]	; (adf4 <IziPlus_HandleRx+0xf60>)
    ad66:	4798      	blx	r3
    ad68:	2500      	movs	r5, #0
    ad6a:	e641      	b.n	a9f0 <IziPlus_HandleRx+0xb5c>
    ad6c:	f06f 0503 	mvn.w	r5, #3
    ad70:	e63e      	b.n	a9f0 <IziPlus_HandleRx+0xb5c>
    ad72:	2a0a      	cmp	r2, #10
    ad74:	d158      	bne.n	ae28 <IziPlus_HandleRx+0xf94>
    ad76:	f1b8 0f02 	cmp.w	r8, #2
    ad7a:	f47f a980 	bne.w	a07e <IziPlus_HandleRx+0x1ea>
    ad7e:	f005 0570 	and.w	r5, r5, #112	; 0x70
    ad82:	2d20      	cmp	r5, #32
    ad84:	f47f a8bf 	bne.w	9f06 <IziPlus_HandleRx+0x72>
    ad88:	4b20      	ldr	r3, [pc, #128]	; (ae0c <IziPlus_HandleRx+0xf78>)
    ad8a:	4798      	blx	r3
    ad8c:	2800      	cmp	r0, #0
    ad8e:	f47f a8ba 	bne.w	9f06 <IziPlus_HandleRx+0x72>
    ad92:	f44f 707a 	mov.w	r0, #1000	; 0x3e8
    ad96:	4b1e      	ldr	r3, [pc, #120]	; (ae10 <IziPlus_HandleRx+0xf7c>)
    ad98:	4798      	blx	r3
    ad9a:	4b1e      	ldr	r3, [pc, #120]	; (ae14 <IziPlus_HandleRx+0xf80>)
    ad9c:	4640      	mov	r0, r8
    ad9e:	4798      	blx	r3
    ada0:	8a23      	ldrh	r3, [r4, #16]
    ada2:	2b63      	cmp	r3, #99	; 0x63
    ada4:	f67f a8af 	bls.w	9f06 <IziPlus_HandleRx+0x72>
    ada8:	4b1b      	ldr	r3, [pc, #108]	; (ae18 <IziPlus_HandleRx+0xf84>)
    adaa:	4798      	blx	r3
    adac:	f896 502d 	ldrb.w	r5, [r6, #45]	; 0x2d
    adb0:	f7ff b8ab 	b.w	9f0a <IziPlus_HandleRx+0x76>
    adb4:	0000d8c1 	.word	0x0000d8c1
    adb8:	00008ed1 	.word	0x00008ed1
    adbc:	00008e21 	.word	0x00008e21
    adc0:	2000f15c 	.word	0x2000f15c
    adc4:	000050c1 	.word	0x000050c1
    adc8:	2000f194 	.word	0x2000f194
    adcc:	0000c5c1 	.word	0x0000c5c1
    add0:	ddccbbaa 	.word	0xddccbbaa
    add4:	000050e1 	.word	0x000050e1
    add8:	000103d7 	.word	0x000103d7
    addc:	2000571e 	.word	0x2000571e
    ade0:	000046cd 	.word	0x000046cd
    ade4:	0000e0a1 	.word	0x0000e0a1
    ade8:	00005129 	.word	0x00005129
    adec:	00004cb5 	.word	0x00004cb5
    adf0:	0000dfd1 	.word	0x0000dfd1
    adf4:	0000d7f9 	.word	0x0000d7f9
    adf8:	00804020 	.word	0x00804020
    adfc:	0000519d 	.word	0x0000519d
    ae00:	00005305 	.word	0x00005305
    ae04:	00005a9d 	.word	0x00005a9d
    ae08:	0000517d 	.word	0x0000517d
    ae0c:	00006e21 	.word	0x00006e21
    ae10:	00006e31 	.word	0x00006e31
    ae14:	0000f6a1 	.word	0x0000f6a1
    ae18:	00006259 	.word	0x00006259
    ae1c:	0000e995 	.word	0x0000e995
    ae20:	0001ff00 	.word	0x0001ff00
    ae24:	2000f318 	.word	0x2000f318
    ae28:	2a13      	cmp	r2, #19
    ae2a:	f47f a928 	bne.w	a07e <IziPlus_HandleRx+0x1ea>
    ae2e:	f1b8 0f02 	cmp.w	r8, #2
    ae32:	f47f a924 	bne.w	a07e <IziPlus_HandleRx+0x1ea>
    ae36:	8963      	ldrh	r3, [r4, #10]
    ae38:	f3c3 030b 	ubfx	r3, r3, #0, #12
    ae3c:	2b04      	cmp	r3, #4
    ae3e:	f67f a862 	bls.w	9f06 <IziPlus_HandleRx+0x72>
    ae42:	3b02      	subs	r3, #2
    ae44:	f013 03ff 	ands.w	r3, r3, #255	; 0xff
    ae48:	f43f a85d 	beq.w	9f06 <IziPlus_HandleRx+0x72>
    ae4c:	68f2      	ldr	r2, [r6, #12]
    ae4e:	f8df 9060 	ldr.w	r9, [pc, #96]	; aeb0 <IziPlus_HandleRx+0x101c>
    ae52:	f8df b060 	ldr.w	fp, [pc, #96]	; aeb4 <IziPlus_HandleRx+0x1020>
    ae56:	4625      	mov	r5, r4
    ae58:	eb04 0843 	add.w	r8, r4, r3, lsl #1
    ae5c:	f04f 0a00 	mov.w	sl, #0
    ae60:	4614      	mov	r4, r2
    ae62:	462a      	mov	r2, r5
    ae64:	e005      	b.n	ae72 <IziPlus_HandleRx+0xfde>
    ae66:	7cb1      	ldrb	r1, [r6, #18]
    ae68:	428b      	cmp	r3, r1
    ae6a:	d00a      	beq.n	ae82 <IziPlus_HandleRx+0xfee>
    ae6c:	3502      	adds	r5, #2
    ae6e:	45a8      	cmp	r8, r5
    ae70:	d019      	beq.n	aea6 <IziPlus_HandleRx+0x1012>
    ae72:	7c2b      	ldrb	r3, [r5, #16]
    ae74:	2c00      	cmp	r4, #0
    ae76:	d1f6      	bne.n	ae66 <IziPlus_HandleRx+0xfd2>
    ae78:	f8d9 1000 	ldr.w	r1, [r9]
    ae7c:	f891 1037 	ldrb.w	r1, [r1, #55]	; 0x37
    ae80:	e7f2      	b.n	ae68 <IziPlus_HandleRx+0xfd4>
    ae82:	7c69      	ldrb	r1, [r5, #17]
    ae84:	f896 3023 	ldrb.w	r3, [r6, #35]	; 0x23
    ae88:	4299      	cmp	r1, r3
    ae8a:	d1ef      	bne.n	ae6c <IziPlus_HandleRx+0xfd8>
    ae8c:	f9b6 0026 	ldrsh.w	r0, [r6, #38]	; 0x26
    ae90:	f886 a021 	strb.w	sl, [r6, #33]	; 0x21
    ae94:	2800      	cmp	r0, #0
    ae96:	f886 a13a 	strb.w	sl, [r6, #314]	; 0x13a
    ae9a:	b2c0      	uxtb	r0, r0
    ae9c:	dbe6      	blt.n	ae6c <IziPlus_HandleRx+0xfd8>
    ae9e:	920a      	str	r2, [sp, #40]	; 0x28
    aea0:	47d8      	blx	fp
    aea2:	9a0a      	ldr	r2, [sp, #40]	; 0x28
    aea4:	e7e2      	b.n	ae6c <IziPlus_HandleRx+0xfd8>
    aea6:	4614      	mov	r4, r2
    aea8:	f896 502d 	ldrb.w	r5, [r6, #45]	; 0x2d
    aeac:	f7ff b82d 	b.w	9f0a <IziPlus_HandleRx+0x76>
    aeb0:	2000eed4 	.word	0x2000eed4
    aeb4:	00009e35 	.word	0x00009e35

0000aeb8 <IziPlus_HandleRxIdle>:
    aeb8:	b570      	push	{r4, r5, r6, lr}
    aeba:	4c1e      	ldr	r4, [pc, #120]	; (af34 <IziPlus_HandleRxIdle+0x7c>)
    aebc:	f894 313a 	ldrb.w	r3, [r4, #314]	; 0x13a
    aec0:	b903      	cbnz	r3, aec4 <IziPlus_HandleRxIdle+0xc>
    aec2:	bd70      	pop	{r4, r5, r6, pc}
    aec4:	f894 0024 	ldrb.w	r0, [r4, #36]	; 0x24
    aec8:	4b1b      	ldr	r3, [pc, #108]	; (af38 <IziPlus_HandleRxIdle+0x80>)
    aeca:	4d1c      	ldr	r5, [pc, #112]	; (af3c <IziPlus_HandleRxIdle+0x84>)
    aecc:	4798      	blx	r3
    aece:	2600      	movs	r6, #0
    aed0:	f894 2023 	ldrb.w	r2, [r4, #35]	; 0x23
    aed4:	f894 3022 	ldrb.w	r3, [r4, #34]	; 0x22
    aed8:	f894 113b 	ldrb.w	r1, [r4, #315]	; 0x13b
    aedc:	4818      	ldr	r0, [pc, #96]	; (af40 <IziPlus_HandleRxIdle+0x88>)
    aede:	f884 613a 	strb.w	r6, [r4, #314]	; 0x13a
    aee2:	47a8      	blx	r5
    aee4:	f894 2021 	ldrb.w	r2, [r4, #33]	; 0x21
    aee8:	3a01      	subs	r2, #1
    aeea:	b2d2      	uxtb	r2, r2
    aeec:	4605      	mov	r5, r0
    aeee:	f884 2021 	strb.w	r2, [r4, #33]	; 0x21
    aef2:	b98a      	cbnz	r2, af18 <IziPlus_HandleRxIdle+0x60>
    aef4:	f9b4 0026 	ldrsh.w	r0, [r4, #38]	; 0x26
    aef8:	2800      	cmp	r0, #0
    aefa:	db02      	blt.n	af02 <IziPlus_HandleRxIdle+0x4a>
    aefc:	b2c0      	uxtb	r0, r0
    aefe:	4b11      	ldr	r3, [pc, #68]	; (af44 <IziPlus_HandleRxIdle+0x8c>)
    af00:	4798      	blx	r3
    af02:	4b11      	ldr	r3, [pc, #68]	; (af48 <IziPlus_HandleRxIdle+0x90>)
    af04:	f8d4 013c 	ldr.w	r0, [r4, #316]	; 0x13c
    af08:	4c10      	ldr	r4, [pc, #64]	; (af4c <IziPlus_HandleRxIdle+0x94>)
    af0a:	8819      	ldrh	r1, [r3, #0]
    af0c:	4a0c      	ldr	r2, [pc, #48]	; (af40 <IziPlus_HandleRxIdle+0x88>)
    af0e:	462b      	mov	r3, r5
    af10:	46a4      	mov	ip, r4
    af12:	e8bd 4070 	ldmia.w	sp!, {r4, r5, r6, lr}
    af16:	4760      	bx	ip
    af18:	4b0d      	ldr	r3, [pc, #52]	; (af50 <IziPlus_HandleRxIdle+0x98>)
    af1a:	480e      	ldr	r0, [pc, #56]	; (af54 <IziPlus_HandleRxIdle+0x9c>)
    af1c:	4798      	blx	r3
    af1e:	f894 3024 	ldrb.w	r3, [r4, #36]	; 0x24
    af22:	f000 0006 	and.w	r0, r0, #6
    af26:	4418      	add	r0, r3
    af28:	f000 0007 	and.w	r0, r0, #7
    af2c:	f884 0024 	strb.w	r0, [r4, #36]	; 0x24
    af30:	e7e7      	b.n	af02 <IziPlus_HandleRxIdle+0x4a>
    af32:	bf00      	nop
    af34:	200056e4 	.word	0x200056e4
    af38:	0000f6a1 	.word	0x0000f6a1
    af3c:	0000501d 	.word	0x0000501d
    af40:	2000f194 	.word	0x2000f194
    af44:	00009e35 	.word	0x00009e35
    af48:	2000f318 	.word	0x2000f318
    af4c:	00004cb5 	.word	0x00004cb5
    af50:	0000901d 	.word	0x0000901d
    af54:	2000f178 	.word	0x2000f178

0000af58 <IziPlus_IdentifyLocal>:
    af58:	4b02      	ldr	r3, [pc, #8]	; (af64 <IziPlus_IdentifyLocal+0xc>)
    af5a:	2201      	movs	r2, #1
    af5c:	f883 2140 	strb.w	r2, [r3, #320]	; 0x140
    af60:	4770      	bx	lr
    af62:	bf00      	nop
    af64:	200056e4 	.word	0x200056e4

0000af68 <IziPlus_Powerup>:
    af68:	b5f0      	push	{r4, r5, r6, r7, lr}
    af6a:	b083      	sub	sp, #12
    af6c:	2800      	cmp	r0, #0
    af6e:	d034      	beq.n	afda <IziPlus_Powerup+0x72>
    af70:	4605      	mov	r5, r0
    af72:	4b32      	ldr	r3, [pc, #200]	; (b03c <IziPlus_Powerup+0xd4>)
    af74:	4c32      	ldr	r4, [pc, #200]	; (b040 <IziPlus_Powerup+0xd8>)
    af76:	4f33      	ldr	r7, [pc, #204]	; (b044 <IziPlus_Powerup+0xdc>)
    af78:	2000      	movs	r0, #0
    af7a:	4798      	blx	r3
    af7c:	2d01      	cmp	r5, #1
    af7e:	f04f 03f8 	mov.w	r3, #248	; 0xf8
    af82:	bf8c      	ite	hi
    af84:	2646      	movhi	r6, #70	; 0x46
    af86:	2600      	movls	r6, #0
    af88:	2503      	movs	r5, #3
    af8a:	461a      	mov	r2, r3
    af8c:	4630      	mov	r0, r6
    af8e:	4629      	mov	r1, r5
    af90:	f884 3148 	strb.w	r3, [r4, #328]	; 0x148
    af94:	f884 6146 	strb.w	r6, [r4, #326]	; 0x146
    af98:	f884 5147 	strb.w	r5, [r4, #327]	; 0x147
    af9c:	47b8      	blx	r7
    af9e:	4b2a      	ldr	r3, [pc, #168]	; (b048 <IziPlus_Powerup+0xe0>)
    afa0:	f884 0149 	strb.w	r0, [r4, #329]	; 0x149
    afa4:	2001      	movs	r0, #1
    afa6:	4798      	blx	r3
    afa8:	4b28      	ldr	r3, [pc, #160]	; (b04c <IziPlus_Powerup+0xe4>)
    afaa:	4798      	blx	r3
    afac:	f894 0146 	ldrb.w	r0, [r4, #326]	; 0x146
    afb0:	4b27      	ldr	r3, [pc, #156]	; (b050 <IziPlus_Powerup+0xe8>)
    afb2:	4798      	blx	r3
    afb4:	4b27      	ldr	r3, [pc, #156]	; (b054 <IziPlus_Powerup+0xec>)
    afb6:	4605      	mov	r5, r0
    afb8:	f894 0146 	ldrb.w	r0, [r4, #326]	; 0x146
    afbc:	4798      	blx	r3
    afbe:	4b26      	ldr	r3, [pc, #152]	; (b058 <IziPlus_Powerup+0xf0>)
    afc0:	4606      	mov	r6, r0
    afc2:	f894 0147 	ldrb.w	r0, [r4, #327]	; 0x147
    afc6:	4c25      	ldr	r4, [pc, #148]	; (b05c <IziPlus_Powerup+0xf4>)
    afc8:	4798      	blx	r3
    afca:	4633      	mov	r3, r6
    afcc:	9000      	str	r0, [sp, #0]
    afce:	462a      	mov	r2, r5
    afd0:	4923      	ldr	r1, [pc, #140]	; (b060 <IziPlus_Powerup+0xf8>)
    afd2:	4824      	ldr	r0, [pc, #144]	; (b064 <IziPlus_Powerup+0xfc>)
    afd4:	47a0      	blx	r4
    afd6:	b003      	add	sp, #12
    afd8:	bdf0      	pop	{r4, r5, r6, r7, pc}
    afda:	4c19      	ldr	r4, [pc, #100]	; (b040 <IziPlus_Powerup+0xd8>)
    afdc:	4b22      	ldr	r3, [pc, #136]	; (b068 <IziPlus_Powerup+0x100>)
    afde:	4798      	blx	r3
    afe0:	68e3      	ldr	r3, [r4, #12]
    afe2:	b9cb      	cbnz	r3, b018 <IziPlus_Powerup+0xb0>
    afe4:	4b21      	ldr	r3, [pc, #132]	; (b06c <IziPlus_Powerup+0x104>)
    afe6:	681b      	ldr	r3, [r3, #0]
    afe8:	f893 0034 	ldrb.w	r0, [r3, #52]	; 0x34
    afec:	f893 1035 	ldrb.w	r1, [r3, #53]	; 0x35
    aff0:	f893 203f 	ldrb.w	r2, [r3, #63]	; 0x3f
    aff4:	f994 3149 	ldrsb.w	r3, [r4, #329]	; 0x149
    aff8:	f884 0146 	strb.w	r0, [r4, #326]	; 0x146
    affc:	2b00      	cmp	r3, #0
    affe:	f884 1147 	strb.w	r1, [r4, #327]	; 0x147
    b002:	f884 2148 	strb.w	r2, [r4, #328]	; 0x148
    b006:	db14      	blt.n	b032 <IziPlus_Powerup+0xca>
    b008:	4b19      	ldr	r3, [pc, #100]	; (b070 <IziPlus_Powerup+0x108>)
    b00a:	4798      	blx	r3
    b00c:	f884 0149 	strb.w	r0, [r4, #329]	; 0x149
    b010:	2000      	movs	r0, #0
    b012:	4b0d      	ldr	r3, [pc, #52]	; (b048 <IziPlus_Powerup+0xe0>)
    b014:	4798      	blx	r3
    b016:	e7c7      	b.n	afa8 <IziPlus_Powerup+0x40>
    b018:	f994 3149 	ldrsb.w	r3, [r4, #329]	; 0x149
    b01c:	7c20      	ldrb	r0, [r4, #16]
    b01e:	7c61      	ldrb	r1, [r4, #17]
    b020:	7ce2      	ldrb	r2, [r4, #19]
    b022:	f884 0146 	strb.w	r0, [r4, #326]	; 0x146
    b026:	2b00      	cmp	r3, #0
    b028:	f884 1147 	strb.w	r1, [r4, #327]	; 0x147
    b02c:	f884 2148 	strb.w	r2, [r4, #328]	; 0x148
    b030:	daea      	bge.n	b008 <IziPlus_Powerup+0xa0>
    b032:	4b04      	ldr	r3, [pc, #16]	; (b044 <IziPlus_Powerup+0xdc>)
    b034:	4798      	blx	r3
    b036:	f884 0149 	strb.w	r0, [r4, #329]	; 0x149
    b03a:	e7e9      	b.n	b010 <IziPlus_Powerup+0xa8>
    b03c:	0000d87d 	.word	0x0000d87d
    b040:	200056e4 	.word	0x200056e4
    b044:	00005885 	.word	0x00005885
    b048:	000054cd 	.word	0x000054cd
    b04c:	0000d8e9 	.word	0x0000d8e9
    b050:	000057c5 	.word	0x000057c5
    b054:	000057d5 	.word	0x000057d5
    b058:	0000581d 	.word	0x0000581d
    b05c:	000103fd 	.word	0x000103fd
    b060:	000113bc 	.word	0x000113bc
    b064:	2000f29c 	.word	0x2000f29c
    b068:	0000d895 	.word	0x0000d895
    b06c:	2000eed4 	.word	0x2000eed4
    b070:	00005841 	.word	0x00005841

0000b074 <IziPlus_Task>:
    b074:	e92d 4ff0 	stmdb	sp!, {r4, r5, r6, r7, r8, r9, sl, fp, lr}
    b078:	2000      	movs	r0, #0
    b07a:	b083      	sub	sp, #12
    b07c:	4ba1      	ldr	r3, [pc, #644]	; (b304 <IziPlus_Task+0x290>)
    b07e:	4da2      	ldr	r5, [pc, #648]	; (b308 <IziPlus_Task+0x294>)
    b080:	4798      	blx	r3
    b082:	24c8      	movs	r4, #200	; 0xc8
    b084:	e004      	b.n	b090 <IziPlus_Task+0x1c>
    b086:	2005      	movs	r0, #5
    b088:	4ba0      	ldr	r3, [pc, #640]	; (b30c <IziPlus_Task+0x298>)
    b08a:	4798      	blx	r3
    b08c:	3c01      	subs	r4, #1
    b08e:	d002      	beq.n	b096 <IziPlus_Task+0x22>
    b090:	47a8      	blx	r5
    b092:	2800      	cmp	r0, #0
    b094:	d0f7      	beq.n	b086 <IziPlus_Task+0x12>
    b096:	4c9e      	ldr	r4, [pc, #632]	; (b310 <IziPlus_Task+0x29c>)
    b098:	4b9e      	ldr	r3, [pc, #632]	; (b314 <IziPlus_Task+0x2a0>)
    b09a:	4d9f      	ldr	r5, [pc, #636]	; (b318 <IziPlus_Task+0x2a4>)
    b09c:	f8df 82e0 	ldr.w	r8, [pc, #736]	; b380 <IziPlus_Task+0x30c>
    b0a0:	f8df b2e0 	ldr.w	fp, [pc, #736]	; b384 <IziPlus_Task+0x310>
    b0a4:	4e9d      	ldr	r6, [pc, #628]	; (b31c <IziPlus_Task+0x2a8>)
    b0a6:	f8df a2e0 	ldr.w	sl, [pc, #736]	; b388 <IziPlus_Task+0x314>
    b0aa:	4798      	blx	r3
    b0ac:	2314      	movs	r3, #20
    b0ae:	2200      	movs	r2, #0
    b0b0:	2001      	movs	r0, #1
    b0b2:	7063      	strb	r3, [r4, #1]
    b0b4:	4b9a      	ldr	r3, [pc, #616]	; (b320 <IziPlus_Task+0x2ac>)
    b0b6:	f884 2028 	strb.w	r2, [r4, #40]	; 0x28
    b0ba:	4798      	blx	r3
    b0bc:	4a99      	ldr	r2, [pc, #612]	; (b324 <IziPlus_Task+0x2b0>)
    b0be:	4b9a      	ldr	r3, [pc, #616]	; (b328 <IziPlus_Task+0x2b4>)
    b0c0:	8810      	ldrh	r0, [r2, #0]
    b0c2:	2201      	movs	r2, #1
    b0c4:	f884 214a 	strb.w	r2, [r4, #330]	; 0x14a
    b0c8:	4798      	blx	r3
    b0ca:	4898      	ldr	r0, [pc, #608]	; (b32c <IziPlus_Task+0x2b8>)
    b0cc:	4b98      	ldr	r3, [pc, #608]	; (b330 <IziPlus_Task+0x2bc>)
    b0ce:	4798      	blx	r3
    b0d0:	4898      	ldr	r0, [pc, #608]	; (b334 <IziPlus_Task+0x2c0>)
    b0d2:	4b99      	ldr	r3, [pc, #612]	; (b338 <IziPlus_Task+0x2c4>)
    b0d4:	4798      	blx	r3
    b0d6:	4b99      	ldr	r3, [pc, #612]	; (b33c <IziPlus_Task+0x2c8>)
    b0d8:	4798      	blx	r3
    b0da:	2341      	movs	r3, #65	; 0x41
    b0dc:	746b      	strb	r3, [r5, #17]
    b0de:	e038      	b.n	b152 <IziPlus_Task+0xde>
    b0e0:	f1b9 0f02 	cmp.w	r9, #2
    b0e4:	f000 80d2 	beq.w	b28c <IziPlus_Task+0x218>
    b0e8:	f04f 0303 	mov.w	r3, #3
    b0ec:	f884 3028 	strb.w	r3, [r4, #40]	; 0x28
    b0f0:	2000      	movs	r0, #0
    b0f2:	4b93      	ldr	r3, [pc, #588]	; (b340 <IziPlus_Task+0x2cc>)
    b0f4:	4798      	blx	r3
    b0f6:	4b93      	ldr	r3, [pc, #588]	; (b344 <IziPlus_Task+0x2d0>)
    b0f8:	4798      	blx	r3
    b0fa:	4b89      	ldr	r3, [pc, #548]	; (b320 <IziPlus_Task+0x2ac>)
    b0fc:	2000      	movs	r0, #0
    b0fe:	4798      	blx	r3
    b100:	2300      	movs	r3, #0
    b102:	f884 314a 	strb.w	r3, [r4, #330]	; 0x14a
    b106:	2342      	movs	r3, #66	; 0x42
    b108:	2114      	movs	r1, #20
    b10a:	6960      	ldr	r0, [r4, #20]
    b10c:	746b      	strb	r3, [r5, #17]
    b10e:	47d8      	blx	fp
    b110:	47b0      	blx	r6
    b112:	f894 302d 	ldrb.w	r3, [r4, #45]	; 0x2d
    b116:	2b01      	cmp	r3, #1
    b118:	4681      	mov	r9, r0
    b11a:	d032      	beq.n	b182 <IziPlus_Task+0x10e>
    b11c:	4b8a      	ldr	r3, [pc, #552]	; (b348 <IziPlus_Task+0x2d4>)
    b11e:	881b      	ldrh	r3, [r3, #0]
    b120:	2243      	movs	r2, #67	; 0x43
    b122:	746a      	strb	r2, [r5, #17]
    b124:	b92b      	cbnz	r3, b132 <IziPlus_Task+0xbe>
    b126:	47b0      	blx	r6
    b128:	f242 7310 	movw	r3, #10000	; 0x2710
    b12c:	4298      	cmp	r0, r3
    b12e:	f200 809b 	bhi.w	b268 <IziPlus_Task+0x1f4>
    b132:	2003      	movs	r0, #3
    b134:	47c0      	blx	r8
    b136:	4b84      	ldr	r3, [pc, #528]	; (b348 <IziPlus_Task+0x2d4>)
    b138:	885b      	ldrh	r3, [r3, #2]
    b13a:	b923      	cbnz	r3, b146 <IziPlus_Task+0xd2>
    b13c:	47b0      	blx	r6
    b13e:	f247 5330 	movw	r3, #30000	; 0x7530
    b142:	4298      	cmp	r0, r3
    b144:	d87d      	bhi.n	b242 <IziPlus_Task+0x1ce>
    b146:	200a      	movs	r0, #10
    b148:	47c0      	blx	r8
    b14a:	f8da 3000 	ldr.w	r3, [sl]
    b14e:	071b      	lsls	r3, r3, #28
    b150:	d47e      	bmi.n	b250 <IziPlus_Task+0x1dc>
    b152:	f894 9028 	ldrb.w	r9, [r4, #40]	; 0x28
    b156:	f1b9 0f03 	cmp.w	r9, #3
    b15a:	d02f      	beq.n	b1bc <IziPlus_Task+0x148>
    b15c:	7863      	ldrb	r3, [r4, #1]
    b15e:	2b00      	cmp	r3, #0
    b160:	d0be      	beq.n	b0e0 <IziPlus_Task+0x6c>
    b162:	2b0a      	cmp	r3, #10
    b164:	d8cf      	bhi.n	b106 <IziPlus_Task+0x92>
    b166:	f1b9 0f01 	cmp.w	r9, #1
    b16a:	d0cc      	beq.n	b106 <IziPlus_Task+0x92>
    b16c:	f894 314a 	ldrb.w	r3, [r4, #330]	; 0x14a
    b170:	2b02      	cmp	r3, #2
    b172:	d0c8      	beq.n	b106 <IziPlus_Task+0x92>
    b174:	4b6a      	ldr	r3, [pc, #424]	; (b320 <IziPlus_Task+0x2ac>)
    b176:	2002      	movs	r0, #2
    b178:	4798      	blx	r3
    b17a:	2301      	movs	r3, #1
    b17c:	f884 314a 	strb.w	r3, [r4, #330]	; 0x14a
    b180:	e7c1      	b.n	b106 <IziPlus_Task+0x92>
    b182:	f894 302c 	ldrb.w	r3, [r4, #44]	; 0x2c
    b186:	2248      	movs	r2, #72	; 0x48
    b188:	2b80      	cmp	r3, #128	; 0x80
    b18a:	746a      	strb	r2, [r5, #17]
    b18c:	f000 8090 	beq.w	b2b0 <IziPlus_Task+0x23c>
    b190:	2b81      	cmp	r3, #129	; 0x81
    b192:	d06d      	beq.n	b270 <IziPlus_Task+0x1fc>
    b194:	3b20      	subs	r3, #32
    b196:	2b02      	cmp	r3, #2
    b198:	d8c0      	bhi.n	b11c <IziPlus_Task+0xa8>
    b19a:	4b6c      	ldr	r3, [pc, #432]	; (b34c <IziPlus_Task+0x2d8>)
    b19c:	4798      	blx	r3
    b19e:	4b6c      	ldr	r3, [pc, #432]	; (b350 <IziPlus_Task+0x2dc>)
    b1a0:	4798      	blx	r3
    b1a2:	2800      	cmp	r0, #0
    b1a4:	d06e      	beq.n	b284 <IziPlus_Task+0x210>
    b1a6:	2300      	movs	r3, #0
    b1a8:	f884 3034 	strb.w	r3, [r4, #52]	; 0x34
    b1ac:	2302      	movs	r3, #2
    b1ae:	f884 302d 	strb.w	r3, [r4, #45]	; 0x2d
    b1b2:	47b0      	blx	r6
    b1b4:	eba0 0009 	sub.w	r0, r0, r9
    b1b8:	85e0      	strh	r0, [r4, #46]	; 0x2e
    b1ba:	e7af      	b.n	b11c <IziPlus_Task+0xa8>
    b1bc:	f8b4 3142 	ldrh.w	r3, [r4, #322]	; 0x142
    b1c0:	2b01      	cmp	r3, #1
    b1c2:	d067      	beq.n	b294 <IziPlus_Task+0x220>
    b1c4:	f994 3149 	ldrsb.w	r3, [r4, #329]	; 0x149
    b1c8:	2b00      	cmp	r3, #0
    b1ca:	db96      	blt.n	b0fa <IziPlus_Task+0x86>
    b1cc:	f894 3020 	ldrb.w	r3, [r4, #32]
    b1d0:	b1ab      	cbz	r3, b1fe <IziPlus_Task+0x18a>
    b1d2:	4b5d      	ldr	r3, [pc, #372]	; (b348 <IziPlus_Task+0x2d4>)
    b1d4:	881b      	ldrh	r3, [r3, #0]
    b1d6:	b193      	cbz	r3, b1fe <IziPlus_Task+0x18a>
    b1d8:	2200      	movs	r2, #0
    b1da:	f8b4 314e 	ldrh.w	r3, [r4, #334]	; 0x14e
    b1de:	f8a4 214c 	strh.w	r2, [r4, #332]	; 0x14c
    b1e2:	2201      	movs	r2, #1
    b1e4:	f884 214b 	strb.w	r2, [r4, #331]	; 0x14b
    b1e8:	2b00      	cmp	r3, #0
    b1ea:	d08c      	beq.n	b106 <IziPlus_Task+0x92>
    b1ec:	3b01      	subs	r3, #1
    b1ee:	b29b      	uxth	r3, r3
    b1f0:	f8a4 314e 	strh.w	r3, [r4, #334]	; 0x14e
    b1f4:	2b00      	cmp	r3, #0
    b1f6:	d186      	bne.n	b106 <IziPlus_Task+0x92>
    b1f8:	2002      	movs	r0, #2
    b1fa:	47c0      	blx	r8
    b1fc:	e783      	b.n	b106 <IziPlus_Task+0x92>
    b1fe:	f8b4 314c 	ldrh.w	r3, [r4, #332]	; 0x14c
    b202:	3301      	adds	r3, #1
    b204:	b29b      	uxth	r3, r3
    b206:	2bfa      	cmp	r3, #250	; 0xfa
    b208:	f8a4 314c 	strh.w	r3, [r4, #332]	; 0x14c
    b20c:	d804      	bhi.n	b218 <IziPlus_Task+0x1a4>
    b20e:	f894 314b 	ldrb.w	r3, [r4, #331]	; 0x14b
    b212:	2b00      	cmp	r3, #0
    b214:	f43f af77 	beq.w	b106 <IziPlus_Task+0x92>
    b218:	f894 0147 	ldrb.w	r0, [r4, #327]	; 0x147
    b21c:	4b4d      	ldr	r3, [pc, #308]	; (b354 <IziPlus_Task+0x2e0>)
    b21e:	4798      	blx	r3
    b220:	2800      	cmp	r0, #0
    b222:	d160      	bne.n	b2e6 <IziPlus_Task+0x272>
    b224:	2000      	movs	r0, #0
    b226:	4b3e      	ldr	r3, [pc, #248]	; (b320 <IziPlus_Task+0x2ac>)
    b228:	4798      	blx	r3
    b22a:	4b4b      	ldr	r3, [pc, #300]	; (b358 <IziPlus_Task+0x2e4>)
    b22c:	2002      	movs	r0, #2
    b22e:	4798      	blx	r3
    b230:	23c8      	movs	r3, #200	; 0xc8
    b232:	f8a4 314e 	strh.w	r3, [r4, #334]	; 0x14e
    b236:	2300      	movs	r3, #0
    b238:	f8a4 314c 	strh.w	r3, [r4, #332]	; 0x14c
    b23c:	f884 314b 	strb.w	r3, [r4, #331]	; 0x14b
    b240:	e761      	b.n	b106 <IziPlus_Task+0x92>
    b242:	4b45      	ldr	r3, [pc, #276]	; (b358 <IziPlus_Task+0x2e4>)
    b244:	200a      	movs	r0, #10
    b246:	4798      	blx	r3
    b248:	f8da 3000 	ldr.w	r3, [sl]
    b24c:	071b      	lsls	r3, r3, #28
    b24e:	d580      	bpl.n	b152 <IziPlus_Task+0xde>
    b250:	4b42      	ldr	r3, [pc, #264]	; (b35c <IziPlus_Task+0x2e8>)
    b252:	2103      	movs	r1, #3
    b254:	f44f 7000 	mov.w	r0, #512	; 0x200
    b258:	4798      	blx	r3
    b25a:	f8da 3000 	ldr.w	r3, [sl]
    b25e:	f023 0308 	bic.w	r3, r3, #8
    b262:	f8ca 3000 	str.w	r3, [sl]
    b266:	e774      	b.n	b152 <IziPlus_Task+0xde>
    b268:	2003      	movs	r0, #3
    b26a:	4b3b      	ldr	r3, [pc, #236]	; (b358 <IziPlus_Task+0x2e4>)
    b26c:	4798      	blx	r3
    b26e:	e762      	b.n	b136 <IziPlus_Task+0xc2>
    b270:	4b3b      	ldr	r3, [pc, #236]	; (b360 <IziPlus_Task+0x2ec>)
    b272:	6b21      	ldr	r1, [r4, #48]	; 0x30
    b274:	f8d4 0036 	ldr.w	r0, [r4, #54]	; 0x36
    b278:	2200      	movs	r2, #0
    b27a:	4798      	blx	r3
    b27c:	4b39      	ldr	r3, [pc, #228]	; (b364 <IziPlus_Task+0x2f0>)
    b27e:	689b      	ldr	r3, [r3, #8]
    b280:	4298      	cmp	r0, r3
    b282:	d090      	beq.n	b1a6 <IziPlus_Task+0x132>
    b284:	23fd      	movs	r3, #253	; 0xfd
    b286:	f884 3034 	strb.w	r3, [r4, #52]	; 0x34
    b28a:	e78f      	b.n	b1ac <IziPlus_Task+0x138>
    b28c:	2014      	movs	r0, #20
    b28e:	4b1f      	ldr	r3, [pc, #124]	; (b30c <IziPlus_Task+0x298>)
    b290:	4798      	blx	r3
    b292:	e729      	b.n	b0e8 <IziPlus_Task+0x74>
    b294:	9301      	str	r3, [sp, #4]
    b296:	2005      	movs	r0, #5
    b298:	4b33      	ldr	r3, [pc, #204]	; (b368 <IziPlus_Task+0x2f4>)
    b29a:	4f34      	ldr	r7, [pc, #208]	; (b36c <IziPlus_Task+0x2f8>)
    b29c:	4798      	blx	r3
    b29e:	9b01      	ldr	r3, [sp, #4]
    b2a0:	4648      	mov	r0, r9
    b2a2:	2202      	movs	r2, #2
    b2a4:	2108      	movs	r1, #8
    b2a6:	47b8      	blx	r7
    b2a8:	2300      	movs	r3, #0
    b2aa:	f8a4 3142 	strh.w	r3, [r4, #322]	; 0x142
    b2ae:	e72a      	b.n	b106 <IziPlus_Task+0x92>
    b2b0:	8e23      	ldrh	r3, [r4, #48]	; 0x30
    b2b2:	f8d4 1036 	ldr.w	r1, [r4, #54]	; 0x36
    b2b6:	4a2e      	ldr	r2, [pc, #184]	; (b370 <IziPlus_Task+0x2fc>)
    b2b8:	482e      	ldr	r0, [pc, #184]	; (b374 <IziPlus_Task+0x300>)
    b2ba:	4f2f      	ldr	r7, [pc, #188]	; (b378 <IziPlus_Task+0x304>)
    b2bc:	47b8      	blx	r7
    b2be:	2800      	cmp	r0, #0
    b2c0:	bfb4      	ite	lt
    b2c2:	23fc      	movlt	r3, #252	; 0xfc
    b2c4:	2300      	movge	r3, #0
    b2c6:	f884 3034 	strb.w	r3, [r4, #52]	; 0x34
    b2ca:	f894 3035 	ldrb.w	r3, [r4, #53]	; 0x35
    b2ce:	f013 0f0f 	tst.w	r3, #15
    b2d2:	bf0c      	ite	eq
    b2d4:	2302      	moveq	r3, #2
    b2d6:	2300      	movne	r3, #0
    b2d8:	f884 302d 	strb.w	r3, [r4, #45]	; 0x2d
    b2dc:	47b0      	blx	r6
    b2de:	eba0 0009 	sub.w	r0, r0, r9
    b2e2:	85e0      	strh	r0, [r4, #46]	; 0x2e
    b2e4:	e71a      	b.n	b11c <IziPlus_Task+0xa8>
    b2e6:	f894 0146 	ldrb.w	r0, [r4, #326]	; 0x146
    b2ea:	4b24      	ldr	r3, [pc, #144]	; (b37c <IziPlus_Task+0x308>)
    b2ec:	4798      	blx	r3
    b2ee:	2800      	cmp	r0, #0
    b2f0:	d098      	beq.n	b224 <IziPlus_Task+0x1b0>
    b2f2:	f894 314b 	ldrb.w	r3, [r4, #331]	; 0x14b
    b2f6:	2b00      	cmp	r3, #0
    b2f8:	d09d      	beq.n	b236 <IziPlus_Task+0x1c2>
    b2fa:	2000      	movs	r0, #0
    b2fc:	4b08      	ldr	r3, [pc, #32]	; (b320 <IziPlus_Task+0x2ac>)
    b2fe:	4798      	blx	r3
    b300:	e799      	b.n	b236 <IziPlus_Task+0x1c2>
    b302:	bf00      	nop
    b304:	0000d87d 	.word	0x0000d87d
    b308:	0000b471 	.word	0x0000b471
    b30c:	0000f6a1 	.word	0x0000f6a1
    b310:	200056e4 	.word	0x200056e4
    b314:	00005a39 	.word	0x00005a39
    b318:	2001ff00 	.word	0x2001ff00
    b31c:	0000f455 	.word	0x0000f455
    b320:	0000af69 	.word	0x0000af69
    b324:	2000f318 	.word	0x2000f318
    b328:	000049e5 	.word	0x000049e5
    b32c:	00009e95 	.word	0x00009e95
    b330:	00004a4d 	.word	0x00004a4d
    b334:	0000aeb9 	.word	0x0000aeb9
    b338:	00004a59 	.word	0x00004a59
    b33c:	0000cbbd 	.word	0x0000cbbd
    b340:	0000d895 	.word	0x0000d895
    b344:	0000d8e9 	.word	0x0000d8e9
    b348:	20002a4e 	.word	0x20002a4e
    b34c:	0000608d 	.word	0x0000608d
    b350:	00006095 	.word	0x00006095
    b354:	000057ed 	.word	0x000057ed
    b358:	0000d78d 	.word	0x0000d78d
    b35c:	0000cc91 	.word	0x0000cc91
    b360:	00010039 	.word	0x00010039
    b364:	0003bf00 	.word	0x0003bf00
    b368:	000059cd 	.word	0x000059cd
    b36c:	0000d8c1 	.word	0x0000d8c1
    b370:	2000571e 	.word	0x2000571e
    b374:	2000f15c 	.word	0x2000f15c
    b378:	00008e21 	.word	0x00008e21
    b37c:	0000579d 	.word	0x0000579d
    b380:	0000d79d 	.word	0x0000d79d
    b384:	0000eea1 	.word	0x0000eea1
    b388:	2000f89c 	.word	0x2000f89c

0000b38c <IziPlus_Module_SetConfigValue.part.3>:
    b38c:	b538      	push	{r3, r4, r5, lr}
    b38e:	4604      	mov	r4, r0
    b390:	4b28      	ldr	r3, [pc, #160]	; (b434 <IziPlus_Module_SetConfigValue.part.3+0xa8>)
    b392:	460d      	mov	r5, r1
    b394:	4798      	blx	r3
    b396:	2c01      	cmp	r4, #1
    b398:	d016      	beq.n	b3c8 <IziPlus_Module_SetConfigValue.part.3+0x3c>
    b39a:	2c0c      	cmp	r4, #12
    b39c:	d019      	beq.n	b3d2 <IziPlus_Module_SetConfigValue.part.3+0x46>
    b39e:	2c0d      	cmp	r4, #13
    b3a0:	d01c      	beq.n	b3dc <IziPlus_Module_SetConfigValue.part.3+0x50>
    b3a2:	2c22      	cmp	r4, #34	; 0x22
    b3a4:	d00b      	beq.n	b3be <IziPlus_Module_SetConfigValue.part.3+0x32>
    b3a6:	2c23      	cmp	r4, #35	; 0x23
    b3a8:	d01d      	beq.n	b3e6 <IziPlus_Module_SetConfigValue.part.3+0x5a>
    b3aa:	2c10      	cmp	r4, #16
    b3ac:	d020      	beq.n	b3f0 <IziPlus_Module_SetConfigValue.part.3+0x64>
    b3ae:	2c21      	cmp	r4, #33	; 0x21
    b3b0:	d02e      	beq.n	b410 <IziPlus_Module_SetConfigValue.part.3+0x84>
    b3b2:	2c80      	cmp	r4, #128	; 0x80
    b3b4:	d031      	beq.n	b41a <IziPlus_Module_SetConfigValue.part.3+0x8e>
    b3b6:	2c81      	cmp	r4, #129	; 0x81
    b3b8:	d01f      	beq.n	b3fa <IziPlus_Module_SetConfigValue.part.3+0x6e>
    b3ba:	2000      	movs	r0, #0
    b3bc:	bd38      	pop	{r3, r4, r5, pc}
    b3be:	782b      	ldrb	r3, [r5, #0]
    b3c0:	f880 3041 	strb.w	r3, [r0, #65]	; 0x41
    b3c4:	2001      	movs	r0, #1
    b3c6:	bd38      	pop	{r3, r4, r5, pc}
    b3c8:	782b      	ldrb	r3, [r5, #0]
    b3ca:	f880 3040 	strb.w	r3, [r0, #64]	; 0x40
    b3ce:	4620      	mov	r0, r4
    b3d0:	bd38      	pop	{r3, r4, r5, pc}
    b3d2:	782b      	ldrb	r3, [r5, #0]
    b3d4:	f880 3042 	strb.w	r3, [r0, #66]	; 0x42
    b3d8:	2001      	movs	r0, #1
    b3da:	bd38      	pop	{r3, r4, r5, pc}
    b3dc:	782b      	ldrb	r3, [r5, #0]
    b3de:	f880 3043 	strb.w	r3, [r0, #67]	; 0x43
    b3e2:	2001      	movs	r0, #1
    b3e4:	bd38      	pop	{r3, r4, r5, pc}
    b3e6:	782b      	ldrb	r3, [r5, #0]
    b3e8:	f880 3046 	strb.w	r3, [r0, #70]	; 0x46
    b3ec:	2001      	movs	r0, #1
    b3ee:	bd38      	pop	{r3, r4, r5, pc}
    b3f0:	782b      	ldrb	r3, [r5, #0]
    b3f2:	f880 3044 	strb.w	r3, [r0, #68]	; 0x44
    b3f6:	2001      	movs	r0, #1
    b3f8:	bd38      	pop	{r3, r4, r5, pc}
    b3fa:	f890 303d 	ldrb.w	r3, [r0, #61]	; 0x3d
    b3fe:	782a      	ldrb	r2, [r5, #0]
    b400:	f003 030f 	and.w	r3, r3, #15
    b404:	ea43 1302 	orr.w	r3, r3, r2, lsl #4
    b408:	f880 303d 	strb.w	r3, [r0, #61]	; 0x3d
    b40c:	2000      	movs	r0, #0
    b40e:	bd38      	pop	{r3, r4, r5, pc}
    b410:	782b      	ldrb	r3, [r5, #0]
    b412:	f880 3045 	strb.w	r3, [r0, #69]	; 0x45
    b416:	2001      	movs	r0, #1
    b418:	bd38      	pop	{r3, r4, r5, pc}
    b41a:	f890 303d 	ldrb.w	r3, [r0, #61]	; 0x3d
    b41e:	782a      	ldrb	r2, [r5, #0]
    b420:	f023 030f 	bic.w	r3, r3, #15
    b424:	f002 020f 	and.w	r2, r2, #15
    b428:	4313      	orrs	r3, r2
    b42a:	f880 303d 	strb.w	r3, [r0, #61]	; 0x3d
    b42e:	2000      	movs	r0, #0
    b430:	bd38      	pop	{r3, r4, r5, pc}
    b432:	bf00      	nop
    b434:	0000608d 	.word	0x0000608d

0000b438 <IziPlus_Module_Overrule_Ch1234.part.5>:
    b438:	b470      	push	{r4, r5, r6}
    b43a:	4c0a      	ldr	r4, [pc, #40]	; (b464 <IziPlus_Module_Overrule_Ch1234.part.5+0x2c>)
    b43c:	4b0a      	ldr	r3, [pc, #40]	; (b468 <IziPlus_Module_Overrule_Ch1234.part.5+0x30>)
    b43e:	4a0b      	ldr	r2, [pc, #44]	; (b46c <IziPlus_Module_Overrule_Ch1234.part.5+0x34>)
    b440:	b2c6      	uxtb	r6, r0
    b442:	f3c0 2507 	ubfx	r5, r0, #8, #8
    b446:	fba4 4101 	umull	r4, r1, r4, r1
    b44a:	f3c0 4407 	ubfx	r4, r0, #16, #8
    b44e:	0e00      	lsrs	r0, r0, #24
    b450:	701e      	strb	r6, [r3, #0]
    b452:	f3c1 114f 	ubfx	r1, r1, #5, #16
    b456:	705d      	strb	r5, [r3, #1]
    b458:	709c      	strb	r4, [r3, #2]
    b45a:	70d8      	strb	r0, [r3, #3]
    b45c:	bc70      	pop	{r4, r5, r6}
    b45e:	8011      	strh	r1, [r2, #0]
    b460:	4770      	bx	lr
    b462:	bf00      	nop
    b464:	51eb851f 	.word	0x51eb851f
    b468:	2000f310 	.word	0x2000f310
    b46c:	20005834 	.word	0x20005834

0000b470 <IziPlus_Module_InitReady>:
    b470:	4b01      	ldr	r3, [pc, #4]	; (b478 <IziPlus_Module_InitReady+0x8>)
    b472:	7898      	ldrb	r0, [r3, #2]
    b474:	4770      	bx	lr
    b476:	bf00      	nop
    b478:	20005834 	.word	0x20005834

0000b47c <IziPlus_Module_Fixture_CC4>:
    b47c:	b5f8      	push	{r3, r4, r5, r6, r7, lr}
    b47e:	4b15      	ldr	r3, [pc, #84]	; (b4d4 <IziPlus_Module_Fixture_CC4+0x58>)
    b480:	4c15      	ldr	r4, [pc, #84]	; (b4d8 <IziPlus_Module_Fixture_CC4+0x5c>)
    b482:	4f16      	ldr	r7, [pc, #88]	; (b4dc <IziPlus_Module_Fixture_CC4+0x60>)
    b484:	4e16      	ldr	r6, [pc, #88]	; (b4e0 <IziPlus_Module_Fixture_CC4+0x64>)
    b486:	cb07      	ldmia	r3!, {r0, r1, r2}
    b488:	f2a4 5544 	subw	r5, r4, #1348	; 0x544
    b48c:	f8b3 e000 	ldrh.w	lr, [r3]
    b490:	6020      	str	r0, [r4, #0]
    b492:	6061      	str	r1, [r4, #4]
    b494:	60a2      	str	r2, [r4, #8]
    b496:	230c      	movs	r3, #12
    b498:	4639      	mov	r1, r7
    b49a:	f8a4 e00c 	strh.w	lr, [r4, #12]
    b49e:	f5a4 60a8 	sub.w	r0, r4, #1344	; 0x540
    b4a2:	f44f 72d8 	mov.w	r2, #432	; 0x1b0
    b4a6:	702b      	strb	r3, [r5, #0]
    b4a8:	47b0      	blx	r6
    b4aa:	2202      	movs	r2, #2
    b4ac:	2306      	movs	r3, #6
    b4ae:	f507 71d8 	add.w	r1, r7, #432	; 0x1b0
    b4b2:	70ea      	strb	r2, [r5, #3]
    b4b4:	f5a4 7064 	sub.w	r0, r4, #912	; 0x390
    b4b8:	22c0      	movs	r2, #192	; 0xc0
    b4ba:	706b      	strb	r3, [r5, #1]
    b4bc:	47b0      	blx	r6
    b4be:	2311      	movs	r3, #17
    b4c0:	f507 711c 	add.w	r1, r7, #624	; 0x270
    b4c4:	f5a4 7004 	sub.w	r0, r4, #528	; 0x210
    b4c8:	f44f 72bb 	mov.w	r2, #374	; 0x176
    b4cc:	70ab      	strb	r3, [r5, #2]
    b4ce:	47b0      	blx	r6
    b4d0:	bdf8      	pop	{r3, r4, r5, r6, r7, pc}
    b4d2:	bf00      	nop
    b4d4:	0001192c 	.word	0x0001192c
    b4d8:	2000f874 	.word	0x2000f874
    b4dc:	000113e4 	.word	0x000113e4
    b4e0:	000103d7 	.word	0x000103d7

0000b4e4 <IziPlus_Module_SetFixtureParameters>:
    b4e4:	b538      	push	{r3, r4, r5, lr}
    b4e6:	4b14      	ldr	r3, [pc, #80]	; (b538 <IziPlus_Module_SetFixtureParameters+0x54>)
    b4e8:	4d14      	ldr	r5, [pc, #80]	; (b53c <IziPlus_Module_SetFixtureParameters+0x58>)
    b4ea:	4798      	blx	r3
    b4ec:	4814      	ldr	r0, [pc, #80]	; (b540 <IziPlus_Module_SetFixtureParameters+0x5c>)
    b4ee:	7844      	ldrb	r4, [r0, #1]
    b4f0:	2300      	movs	r3, #0
    b4f2:	802b      	strh	r3, [r5, #0]
    b4f4:	b154      	cbz	r4, b50c <IziPlus_Module_SetFixtureParameters+0x28>
    b4f6:	eb00 1444 	add.w	r4, r0, r4, lsl #5
    b4fa:	4602      	mov	r2, r0
    b4fc:	f892 11b4 	ldrb.w	r1, [r2, #436]	; 0x1b4
    b500:	3220      	adds	r2, #32
    b502:	440b      	add	r3, r1
    b504:	42a2      	cmp	r2, r4
    b506:	b29b      	uxth	r3, r3
    b508:	d1f8      	bne.n	b4fc <IziPlus_Module_SetFixtureParameters+0x18>
    b50a:	802b      	strh	r3, [r5, #0]
    b50c:	4c0d      	ldr	r4, [pc, #52]	; (b544 <IziPlus_Module_SetFixtureParameters+0x60>)
    b50e:	7882      	ldrb	r2, [r0, #2]
    b510:	2300      	movs	r3, #0
    b512:	8023      	strh	r3, [r4, #0]
    b514:	b172      	cbz	r2, b534 <IziPlus_Module_SetFixtureParameters+0x50>
    b516:	eb02 0182 	add.w	r1, r2, r2, lsl #2
    b51a:	eb02 0141 	add.w	r1, r2, r1, lsl #1
    b51e:	4a08      	ldr	r2, [pc, #32]	; (b540 <IziPlus_Module_SetFixtureParameters+0x5c>)
    b520:	eb00 0041 	add.w	r0, r0, r1, lsl #1
    b524:	f892 1334 	ldrb.w	r1, [r2, #820]	; 0x334
    b528:	3216      	adds	r2, #22
    b52a:	440b      	add	r3, r1
    b52c:	4290      	cmp	r0, r2
    b52e:	b29b      	uxth	r3, r3
    b530:	d1f8      	bne.n	b524 <IziPlus_Module_SetFixtureParameters+0x40>
    b532:	8023      	strh	r3, [r4, #0]
    b534:	2001      	movs	r0, #1
    b536:	bd38      	pop	{r3, r4, r5, pc}
    b538:	0000b47d 	.word	0x0000b47d
    b53c:	2000f314 	.word	0x2000f314
    b540:	2000f330 	.word	0x2000f330
    b544:	2000f31c 	.word	0x2000f31c

0000b548 <IziPlus_Module_Update>:
    b548:	b430      	push	{r4, r5}
    b54a:	4b2d      	ldr	r3, [pc, #180]	; (b600 <IziPlus_Module_Update+0xb8>)
    b54c:	4a2d      	ldr	r2, [pc, #180]	; (b604 <IziPlus_Module_Update+0xbc>)
    b54e:	681b      	ldr	r3, [r3, #0]
    b550:	7811      	ldrb	r1, [r2, #0]
    b552:	f893 303c 	ldrb.w	r3, [r3, #60]	; 0x3c
    b556:	4299      	cmp	r1, r3
    b558:	d83a      	bhi.n	b5d0 <IziPlus_Module_Update+0x88>
    b55a:	4d2b      	ldr	r5, [pc, #172]	; (b608 <IziPlus_Module_Update+0xc0>)
    b55c:	4a2b      	ldr	r2, [pc, #172]	; (b60c <IziPlus_Module_Update+0xc4>)
    b55e:	f502 7000 	add.w	r0, r2, #512	; 0x200
    b562:	4613      	mov	r3, r2
    b564:	e001      	b.n	b56a <IziPlus_Module_Update+0x22>
    b566:	4283      	cmp	r3, r0
    b568:	d03a      	beq.n	b5e0 <IziPlus_Module_Update+0x98>
    b56a:	1a9c      	subs	r4, r3, r2
    b56c:	f813 1b01 	ldrb.w	r1, [r3], #1
    b570:	2968      	cmp	r1, #104	; 0x68
    b572:	d1f8      	bne.n	b566 <IziPlus_Module_Update+0x1e>
    b574:	00e4      	lsls	r4, r4, #3
    b576:	b224      	sxth	r4, r4
    b578:	4b24      	ldr	r3, [pc, #144]	; (b60c <IziPlus_Module_Update+0xc4>)
    b57a:	80ac      	strh	r4, [r5, #4]
    b57c:	e001      	b.n	b582 <IziPlus_Module_Update+0x3a>
    b57e:	4283      	cmp	r3, r0
    b580:	d031      	beq.n	b5e6 <IziPlus_Module_Update+0x9e>
    b582:	1a9c      	subs	r4, r3, r2
    b584:	f813 1b01 	ldrb.w	r1, [r3], #1
    b588:	2963      	cmp	r1, #99	; 0x63
    b58a:	d1f8      	bne.n	b57e <IziPlus_Module_Update+0x36>
    b58c:	00e4      	lsls	r4, r4, #3
    b58e:	b224      	sxth	r4, r4
    b590:	4b1f      	ldr	r3, [pc, #124]	; (b610 <IziPlus_Module_Update+0xc8>)
    b592:	4a20      	ldr	r2, [pc, #128]	; (b614 <IziPlus_Module_Update+0xcc>)
    b594:	801c      	strh	r4, [r3, #0]
    b596:	f502 7000 	add.w	r0, r2, #512	; 0x200
    b59a:	4613      	mov	r3, r2
    b59c:	e001      	b.n	b5a2 <IziPlus_Module_Update+0x5a>
    b59e:	4283      	cmp	r3, r0
    b5a0:	d024      	beq.n	b5ec <IziPlus_Module_Update+0xa4>
    b5a2:	1a9c      	subs	r4, r3, r2
    b5a4:	f813 1b01 	ldrb.w	r1, [r3], #1
    b5a8:	295a      	cmp	r1, #90	; 0x5a
    b5aa:	d1f8      	bne.n	b59e <IziPlus_Module_Update+0x56>
    b5ac:	00e4      	lsls	r4, r4, #3
    b5ae:	b224      	sxth	r4, r4
    b5b0:	4b18      	ldr	r3, [pc, #96]	; (b614 <IziPlus_Module_Update+0xcc>)
    b5b2:	80ec      	strh	r4, [r5, #6]
    b5b4:	e001      	b.n	b5ba <IziPlus_Module_Update+0x72>
    b5b6:	4283      	cmp	r3, r0
    b5b8:	d01b      	beq.n	b5f2 <IziPlus_Module_Update+0xaa>
    b5ba:	1a9c      	subs	r4, r3, r2
    b5bc:	f813 1b01 	ldrb.w	r1, [r3], #1
    b5c0:	2955      	cmp	r1, #85	; 0x55
    b5c2:	d1f8      	bne.n	b5b6 <IziPlus_Module_Update+0x6e>
    b5c4:	00e4      	lsls	r4, r4, #3
    b5c6:	4b14      	ldr	r3, [pc, #80]	; (b618 <IziPlus_Module_Update+0xd0>)
    b5c8:	b224      	sxth	r4, r4
    b5ca:	801c      	strh	r4, [r3, #0]
    b5cc:	bc30      	pop	{r4, r5}
    b5ce:	4770      	bx	lr
    b5d0:	eb03 03c3 	add.w	r3, r3, r3, lsl #3
    b5d4:	eb02 0383 	add.w	r3, r2, r3, lsl #2
    b5d8:	4d0b      	ldr	r5, [pc, #44]	; (b608 <IziPlus_Module_Update+0xc0>)
    b5da:	791b      	ldrb	r3, [r3, #4]
    b5dc:	70eb      	strb	r3, [r5, #3]
    b5de:	e7bd      	b.n	b55c <IziPlus_Module_Update+0x14>
    b5e0:	f04f 34ff 	mov.w	r4, #4294967295
    b5e4:	e7c8      	b.n	b578 <IziPlus_Module_Update+0x30>
    b5e6:	f04f 34ff 	mov.w	r4, #4294967295
    b5ea:	e7d1      	b.n	b590 <IziPlus_Module_Update+0x48>
    b5ec:	f04f 34ff 	mov.w	r4, #4294967295
    b5f0:	e7de      	b.n	b5b0 <IziPlus_Module_Update+0x68>
    b5f2:	4b09      	ldr	r3, [pc, #36]	; (b618 <IziPlus_Module_Update+0xd0>)
    b5f4:	f04f 34ff 	mov.w	r4, #4294967295
    b5f8:	801c      	strh	r4, [r3, #0]
    b5fa:	bc30      	pop	{r4, r5}
    b5fc:	4770      	bx	lr
    b5fe:	bf00      	nop
    b600:	2000eed4 	.word	0x2000eed4
    b604:	2000f330 	.word	0x2000f330
    b608:	20005834 	.word	0x20005834
    b60c:	00011c7c 	.word	0x00011c7c
    b610:	2000f894 	.word	0x2000f894
    b614:	00011a7c 	.word	0x00011a7c
    b618:	2000f31a 	.word	0x2000f31a

0000b61c <IziPlus_Module_Init>:
    b61c:	b570      	push	{r4, r5, r6, lr}
    b61e:	4b20      	ldr	r3, [pc, #128]	; (b6a0 <IziPlus_Module_Init+0x84>)
    b620:	4820      	ldr	r0, [pc, #128]	; (b6a4 <IziPlus_Module_Init+0x88>)
    b622:	781b      	ldrb	r3, [r3, #0]
    b624:	4a20      	ldr	r2, [pc, #128]	; (b6a8 <IziPlus_Module_Init+0x8c>)
    b626:	241e      	movs	r4, #30
    b628:	2100      	movs	r1, #0
    b62a:	2b01      	cmp	r3, #1
    b62c:	8004      	strh	r4, [r0, #0]
    b62e:	8011      	strh	r1, [r2, #0]
    b630:	d026      	beq.n	b680 <IziPlus_Module_Init+0x64>
    b632:	2b03      	cmp	r3, #3
    b634:	d029      	beq.n	b68a <IziPlus_Module_Init+0x6e>
    b636:	2b05      	cmp	r3, #5
    b638:	d02c      	beq.n	b694 <IziPlus_Module_Init+0x78>
    b63a:	2b04      	cmp	r3, #4
    b63c:	d01b      	beq.n	b676 <IziPlus_Module_Init+0x5a>
    b63e:	2b02      	cmp	r3, #2
    b640:	d103      	bne.n	b64a <IziPlus_Module_Init+0x2e>
    b642:	7813      	ldrb	r3, [r2, #0]
    b644:	f043 0308 	orr.w	r3, r3, #8
    b648:	7013      	strb	r3, [r2, #0]
    b64a:	4e18      	ldr	r6, [pc, #96]	; (b6ac <IziPlus_Module_Init+0x90>)
    b64c:	4d18      	ldr	r5, [pc, #96]	; (b6b0 <IziPlus_Module_Init+0x94>)
    b64e:	4b19      	ldr	r3, [pc, #100]	; (b6b4 <IziPlus_Module_Init+0x98>)
    b650:	f44f 7408 	mov.w	r4, #544	; 0x220
    b654:	8034      	strh	r4, [r6, #0]
    b656:	802c      	strh	r4, [r5, #0]
    b658:	4798      	blx	r3
    b65a:	4b17      	ldr	r3, [pc, #92]	; (b6b8 <IziPlus_Module_Init+0x9c>)
    b65c:	4798      	blx	r3
    b65e:	4b17      	ldr	r3, [pc, #92]	; (b6bc <IziPlus_Module_Init+0xa0>)
    b660:	8034      	strh	r4, [r6, #0]
    b662:	802c      	strh	r4, [r5, #0]
    b664:	4798      	blx	r3
    b666:	4b16      	ldr	r3, [pc, #88]	; (b6c0 <IziPlus_Module_Init+0xa4>)
    b668:	4916      	ldr	r1, [pc, #88]	; (b6c4 <IziPlus_Module_Init+0xa8>)
    b66a:	2200      	movs	r2, #0
    b66c:	2001      	movs	r0, #1
    b66e:	601a      	str	r2, [r3, #0]
    b670:	605a      	str	r2, [r3, #4]
    b672:	7088      	strb	r0, [r1, #2]
    b674:	bd70      	pop	{r4, r5, r6, pc}
    b676:	7813      	ldrb	r3, [r2, #0]
    b678:	f043 0310 	orr.w	r3, r3, #16
    b67c:	7013      	strb	r3, [r2, #0]
    b67e:	e7e4      	b.n	b64a <IziPlus_Module_Init+0x2e>
    b680:	7813      	ldrb	r3, [r2, #0]
    b682:	f043 0301 	orr.w	r3, r3, #1
    b686:	7013      	strb	r3, [r2, #0]
    b688:	e7df      	b.n	b64a <IziPlus_Module_Init+0x2e>
    b68a:	7813      	ldrb	r3, [r2, #0]
    b68c:	f043 0302 	orr.w	r3, r3, #2
    b690:	7013      	strb	r3, [r2, #0]
    b692:	e7da      	b.n	b64a <IziPlus_Module_Init+0x2e>
    b694:	7813      	ldrb	r3, [r2, #0]
    b696:	f043 0304 	orr.w	r3, r3, #4
    b69a:	7013      	strb	r3, [r2, #0]
    b69c:	e7d5      	b.n	b64a <IziPlus_Module_Init+0x2e>
    b69e:	bf00      	nop
    b6a0:	2000f898 	.word	0x2000f898
    b6a4:	2000f2cc 	.word	0x2000f2cc
    b6a8:	2000f328 	.word	0x2000f328
    b6ac:	2000f316 	.word	0x2000f316
    b6b0:	2000f318 	.word	0x2000f318
    b6b4:	0000b4e5 	.word	0x0000b4e5
    b6b8:	000061ad 	.word	0x000061ad
    b6bc:	0000b549 	.word	0x0000b549
    b6c0:	2000f320 	.word	0x2000f320
    b6c4:	20005834 	.word	0x20005834

0000b6c8 <IziPlus_Module_TemperatureCheck>:
    b6c8:	4298      	cmp	r0, r3
    b6ca:	dc18      	bgt.n	b6fe <IziPlus_Module_TemperatureCheck+0x36>
    b6cc:	4290      	cmp	r0, r2
    b6ce:	dd20      	ble.n	b712 <IziPlus_Module_TemperatureCheck+0x4a>
    b6d0:	1a80      	subs	r0, r0, r2
    b6d2:	1a9b      	subs	r3, r3, r2
    b6d4:	b410      	push	{r4}
    b6d6:	f44f 62fa 	mov.w	r2, #2000	; 0x7d0
    b6da:	880c      	ldrh	r4, [r1, #0]
    b6dc:	fb92 f3f3 	sdiv	r3, r2, r3
    b6e0:	fb13 f000 	smulbb	r0, r3, r0
    b6e4:	b280      	uxth	r0, r0
    b6e6:	42a0      	cmp	r0, r4
    b6e8:	d21f      	bcs.n	b72a <IziPlus_Module_TemperatureCheck+0x62>
    b6ea:	1a20      	subs	r0, r4, r0
    b6ec:	287f      	cmp	r0, #127	; 0x7f
    b6ee:	dd01      	ble.n	b6f4 <IziPlus_Module_TemperatureCheck+0x2c>
    b6f0:	2c03      	cmp	r4, #3
    b6f2:	d826      	bhi.n	b742 <IziPlus_Module_TemperatureCheck+0x7a>
    b6f4:	b1ec      	cbz	r4, b732 <IziPlus_Module_TemperatureCheck+0x6a>
    b6f6:	3c01      	subs	r4, #1
    b6f8:	800c      	strh	r4, [r1, #0]
    b6fa:	2001      	movs	r0, #1
    b6fc:	e01a      	b.n	b734 <IziPlus_Module_TemperatureCheck+0x6c>
    b6fe:	880b      	ldrh	r3, [r1, #0]
    b700:	f240 72c5 	movw	r2, #1989	; 0x7c5
    b704:	4293      	cmp	r3, r2
    b706:	d90c      	bls.n	b722 <IziPlus_Module_TemperatureCheck+0x5a>
    b708:	f44f 63fa 	mov.w	r3, #2000	; 0x7d0
    b70c:	800b      	strh	r3, [r1, #0]
    b70e:	2000      	movs	r0, #0
    b710:	4770      	bx	lr
    b712:	880b      	ldrh	r3, [r1, #0]
    b714:	2b0a      	cmp	r3, #10
    b716:	bf8c      	ite	hi
    b718:	3b0a      	subhi	r3, #10
    b71a:	2300      	movls	r3, #0
    b71c:	800b      	strh	r3, [r1, #0]
    b71e:	2001      	movs	r0, #1
    b720:	4770      	bx	lr
    b722:	330a      	adds	r3, #10
    b724:	800b      	strh	r3, [r1, #0]
    b726:	2001      	movs	r0, #1
    b728:	4770      	bx	lr
    b72a:	d902      	bls.n	b732 <IziPlus_Module_TemperatureCheck+0x6a>
    b72c:	f5b4 6ffa 	cmp.w	r4, #2000	; 0x7d0
    b730:	d303      	bcc.n	b73a <IziPlus_Module_TemperatureCheck+0x72>
    b732:	2001      	movs	r0, #1
    b734:	f85d 4b04 	ldr.w	r4, [sp], #4
    b738:	4770      	bx	lr
    b73a:	3401      	adds	r4, #1
    b73c:	800c      	strh	r4, [r1, #0]
    b73e:	2001      	movs	r0, #1
    b740:	e7f8      	b.n	b734 <IziPlus_Module_TemperatureCheck+0x6c>
    b742:	3c04      	subs	r4, #4
    b744:	800c      	strh	r4, [r1, #0]
    b746:	2001      	movs	r0, #1
    b748:	e7f4      	b.n	b734 <IziPlus_Module_TemperatureCheck+0x6c>
    b74a:	bf00      	nop

0000b74c <IziPlus_Module_TempLimit>:
    b74c:	490a      	ldr	r1, [pc, #40]	; (b778 <IziPlus_Module_TempLimit+0x2c>)
    b74e:	b510      	push	{r4, lr}
    b750:	880a      	ldrh	r2, [r1, #0]
    b752:	884c      	ldrh	r4, [r1, #2]
    b754:	888b      	ldrh	r3, [r1, #4]
    b756:	42a2      	cmp	r2, r4
    b758:	bf28      	it	cs
    b75a:	4622      	movcs	r2, r4
    b75c:	4293      	cmp	r3, r2
    b75e:	bf28      	it	cs
    b760:	4613      	movcs	r3, r2
    b762:	f5b3 6ffa 	cmp.w	r3, #2000	; 0x7d0
    b766:	d206      	bcs.n	b776 <IziPlus_Module_TempLimit+0x2a>
    b768:	fba3 0100 	umull	r0, r1, r3, r0
    b76c:	4c03      	ldr	r4, [pc, #12]	; (b77c <IziPlus_Module_TempLimit+0x30>)
    b76e:	f44f 62fa 	mov.w	r2, #2000	; 0x7d0
    b772:	2300      	movs	r3, #0
    b774:	47a0      	blx	r4
    b776:	bd10      	pop	{r4, pc}
    b778:	20002a58 	.word	0x20002a58
    b77c:	00010061 	.word	0x00010061

0000b780 <IziPlus_Module_PowerCheck>:
    b780:	b538      	push	{r3, r4, r5, lr}
    b782:	4c23      	ldr	r4, [pc, #140]	; (b810 <IziPlus_Module_PowerCheck+0x90>)
    b784:	4b23      	ldr	r3, [pc, #140]	; (b814 <IziPlus_Module_PowerCheck+0x94>)
    b786:	88a5      	ldrh	r5, [r4, #4]
    b788:	4798      	blx	r3
    b78a:	4b23      	ldr	r3, [pc, #140]	; (b818 <IziPlus_Module_PowerCheck+0x98>)
    b78c:	4a23      	ldr	r2, [pc, #140]	; (b81c <IziPlus_Module_PowerCheck+0x9c>)
    b78e:	4298      	cmp	r0, r3
    b790:	6013      	str	r3, [r2, #0]
    b792:	d913      	bls.n	b7bc <IziPlus_Module_PowerCheck+0x3c>
    b794:	f5a0 33ea 	sub.w	r3, r0, #119808	; 0x1d400
    b798:	3bc0      	subs	r3, #192	; 0xc0
    b79a:	f3c3 108f 	ubfx	r0, r3, #6, #16
    b79e:	2800      	cmp	r0, #0
    b7a0:	d030      	beq.n	b804 <IziPlus_Module_PowerCheck+0x84>
    b7a2:	f5b0 7f80 	cmp.w	r0, #256	; 0x100
    b7a6:	bf28      	it	cs
    b7a8:	f44f 7080 	movcs.w	r0, #256	; 0x100
    b7ac:	88a1      	ldrh	r1, [r4, #4]
    b7ae:	4288      	cmp	r0, r1
    b7b0:	bf96      	itet	ls
    b7b2:	1a09      	subls	r1, r1, r0
    b7b4:	2100      	movhi	r1, #0
    b7b6:	b289      	uxthls	r1, r1
    b7b8:	80a1      	strh	r1, [r4, #4]
    b7ba:	e006      	b.n	b7ca <IziPlus_Module_PowerCheck+0x4a>
    b7bc:	88a1      	ldrh	r1, [r4, #4]
    b7be:	f5b1 6ffa 	cmp.w	r1, #2000	; 0x7d0
    b7c2:	d30d      	bcc.n	b7e0 <IziPlus_Module_PowerCheck+0x60>
    b7c4:	f44f 61fa 	mov.w	r1, #2000	; 0x7d0
    b7c8:	80a1      	strh	r1, [r4, #4]
    b7ca:	4628      	mov	r0, r5
    b7cc:	2203      	movs	r2, #3
    b7ce:	4b14      	ldr	r3, [pc, #80]	; (b820 <IziPlus_Module_PowerCheck+0xa0>)
    b7d0:	4798      	blx	r3
    b7d2:	b280      	uxth	r0, r0
    b7d4:	80a0      	strh	r0, [r4, #4]
    b7d6:	f5b0 60fa 	subs.w	r0, r0, #2000	; 0x7d0
    b7da:	bf18      	it	ne
    b7dc:	2001      	movne	r0, #1
    b7de:	bd38      	pop	{r3, r4, r5, pc}
    b7e0:	1a1b      	subs	r3, r3, r0
    b7e2:	099b      	lsrs	r3, r3, #6
    b7e4:	d010      	beq.n	b808 <IziPlus_Module_PowerCheck+0x88>
    b7e6:	b29b      	uxth	r3, r3
    b7e8:	f5b3 7f80 	cmp.w	r3, #256	; 0x100
    b7ec:	bf28      	it	cs
    b7ee:	f44f 7380 	movcs.w	r3, #256	; 0x100
    b7f2:	461a      	mov	r2, r3
    b7f4:	440a      	add	r2, r1
    b7f6:	f5b2 6ffa 	cmp.w	r2, #2000	; 0x7d0
    b7fa:	dce3      	bgt.n	b7c4 <IziPlus_Module_PowerCheck+0x44>
    b7fc:	4419      	add	r1, r3
    b7fe:	b289      	uxth	r1, r1
    b800:	80a1      	strh	r1, [r4, #4]
    b802:	e7e2      	b.n	b7ca <IziPlus_Module_PowerCheck+0x4a>
    b804:	2001      	movs	r0, #1
    b806:	e7d1      	b.n	b7ac <IziPlus_Module_PowerCheck+0x2c>
    b808:	2201      	movs	r2, #1
    b80a:	4613      	mov	r3, r2
    b80c:	e7f2      	b.n	b7f4 <IziPlus_Module_PowerCheck+0x74>
    b80e:	bf00      	nop
    b810:	20002a58 	.word	0x20002a58
    b814:	00007831 	.word	0x00007831
    b818:	0001d4c0 	.word	0x0001d4c0
    b81c:	2000f32c 	.word	0x2000f32c
    b820:	00006df5 	.word	0x00006df5

0000b824 <IziPlus_Module_Timer100ms>:
    b824:	e92d 43f8 	stmdb	sp!, {r3, r4, r5, r6, r7, r8, r9, lr}
    b828:	4c9b      	ldr	r4, [pc, #620]	; (ba98 <IziPlus_Module_Timer100ms+0x274>)
    b82a:	8923      	ldrh	r3, [r4, #8]
    b82c:	3301      	adds	r3, #1
    b82e:	b29b      	uxth	r3, r3
    b830:	2b31      	cmp	r3, #49	; 0x31
    b832:	bf88      	it	hi
    b834:	2300      	movhi	r3, #0
    b836:	8123      	strh	r3, [r4, #8]
    b838:	8823      	ldrh	r3, [r4, #0]
    b83a:	b29b      	uxth	r3, r3
    b83c:	b11b      	cbz	r3, b846 <IziPlus_Module_Timer100ms+0x22>
    b83e:	8823      	ldrh	r3, [r4, #0]
    b840:	3b01      	subs	r3, #1
    b842:	b29b      	uxth	r3, r3
    b844:	8023      	strh	r3, [r4, #0]
    b846:	2300      	movs	r3, #0
    b848:	eb04 0143 	add.w	r1, r4, r3, lsl #1
    b84c:	3301      	adds	r3, #1
    b84e:	898a      	ldrh	r2, [r1, #12]
    b850:	b292      	uxth	r2, r2
    b852:	b11a      	cbz	r2, b85c <IziPlus_Module_Timer100ms+0x38>
    b854:	898a      	ldrh	r2, [r1, #12]
    b856:	3a01      	subs	r2, #1
    b858:	b292      	uxth	r2, r2
    b85a:	818a      	strh	r2, [r1, #12]
    b85c:	2b04      	cmp	r3, #4
    b85e:	d1f3      	bne.n	b848 <IziPlus_Module_Timer100ms+0x24>
    b860:	4a8e      	ldr	r2, [pc, #568]	; (ba9c <IziPlus_Module_Timer100ms+0x278>)
    b862:	8813      	ldrh	r3, [r2, #0]
    b864:	b12b      	cbz	r3, b872 <IziPlus_Module_Timer100ms+0x4e>
    b866:	3b01      	subs	r3, #1
    b868:	b29b      	uxth	r3, r3
    b86a:	8013      	strh	r3, [r2, #0]
    b86c:	2b00      	cmp	r3, #0
    b86e:	f000 80c2 	beq.w	b9f6 <IziPlus_Module_Timer100ms+0x1d2>
    b872:	4b8b      	ldr	r3, [pc, #556]	; (baa0 <IziPlus_Module_Timer100ms+0x27c>)
    b874:	4798      	blx	r3
    b876:	2800      	cmp	r0, #0
    b878:	f040 809a 	bne.w	b9b0 <IziPlus_Module_Timer100ms+0x18c>
    b87c:	8aa3      	ldrh	r3, [r4, #20]
    b87e:	2b00      	cmp	r3, #0
    b880:	d056      	beq.n	b930 <IziPlus_Module_Timer100ms+0x10c>
    b882:	3b01      	subs	r3, #1
    b884:	b29b      	uxth	r3, r3
    b886:	82a3      	strh	r3, [r4, #20]
    b888:	2b00      	cmp	r3, #0
    b88a:	d07f      	beq.n	b98c <IziPlus_Module_Timer100ms+0x168>
    b88c:	8ae3      	ldrh	r3, [r4, #22]
    b88e:	2b00      	cmp	r3, #0
    b890:	f040 80c1 	bne.w	ba16 <IziPlus_Module_Timer100ms+0x1f2>
    b894:	8923      	ldrh	r3, [r4, #8]
    b896:	2b01      	cmp	r3, #1
    b898:	f240 8198 	bls.w	bbcc <IziPlus_Module_Timer100ms+0x3a8>
    b89c:	2b04      	cmp	r3, #4
    b89e:	f000 81a9 	beq.w	bbf4 <IziPlus_Module_Timer100ms+0x3d0>
    b8a2:	2b06      	cmp	r3, #6
    b8a4:	f000 8183 	beq.w	bbae <IziPlus_Module_Timer100ms+0x38a>
    b8a8:	2b08      	cmp	r3, #8
    b8aa:	f000 81d5 	beq.w	bc58 <IziPlus_Module_Timer100ms+0x434>
    b8ae:	2b0a      	cmp	r3, #10
    b8b0:	f040 8128 	bne.w	bb04 <IziPlus_Module_Timer100ms+0x2e0>
    b8b4:	7e22      	ldrb	r2, [r4, #24]
    b8b6:	2a06      	cmp	r2, #6
    b8b8:	f200 80e7 	bhi.w	ba8a <IziPlus_Module_Timer100ms+0x266>
    b8bc:	4979      	ldr	r1, [pc, #484]	; (baa4 <IziPlus_Module_Timer100ms+0x280>)
    b8be:	2506      	movs	r5, #6
    b8c0:	20ff      	movs	r0, #255	; 0xff
    b8c2:	2202      	movs	r2, #2
    b8c4:	7625      	strb	r5, [r4, #24]
    b8c6:	7048      	strb	r0, [r1, #1]
    b8c8:	8022      	strh	r2, [r4, #0]
    b8ca:	f023 0004 	bic.w	r0, r3, #4
    b8ce:	b280      	uxth	r0, r0
    b8d0:	2812      	cmp	r0, #18
    b8d2:	f040 812f 	bne.w	bb34 <IziPlus_Module_Timer100ms+0x310>
    b8d6:	7e22      	ldrb	r2, [r4, #24]
    b8d8:	2a06      	cmp	r2, #6
    b8da:	d902      	bls.n	b8e2 <IziPlus_Module_Timer100ms+0xbe>
    b8dc:	8822      	ldrh	r2, [r4, #0]
    b8de:	b292      	uxth	r2, r2
    b8e0:	b932      	cbnz	r2, b8f0 <IziPlus_Module_Timer100ms+0xcc>
    b8e2:	4970      	ldr	r1, [pc, #448]	; (baa4 <IziPlus_Module_Timer100ms+0x280>)
    b8e4:	2606      	movs	r6, #6
    b8e6:	25ff      	movs	r5, #255	; 0xff
    b8e8:	2202      	movs	r2, #2
    b8ea:	7626      	strb	r6, [r4, #24]
    b8ec:	708d      	strb	r5, [r1, #2]
    b8ee:	8022      	strh	r2, [r4, #0]
    b8f0:	f1a3 021e 	sub.w	r2, r3, #30
    b8f4:	b292      	uxth	r2, r2
    b8f6:	2a0c      	cmp	r2, #12
    b8f8:	f240 8131 	bls.w	bb5e <IziPlus_Module_Timer100ms+0x33a>
    b8fc:	2820      	cmp	r0, #32
    b8fe:	f000 8177 	beq.w	bbf0 <IziPlus_Module_Timer100ms+0x3cc>
    b902:	2b28      	cmp	r3, #40	; 0x28
    b904:	f000 8174 	beq.w	bbf0 <IziPlus_Module_Timer100ms+0x3cc>
    b908:	2b2c      	cmp	r3, #44	; 0x2c
    b90a:	d111      	bne.n	b930 <IziPlus_Module_Timer100ms+0x10c>
    b90c:	f44f 7316 	mov.w	r3, #600	; 0x258
    b910:	7e22      	ldrb	r2, [r4, #24]
    b912:	2a06      	cmp	r2, #6
    b914:	d902      	bls.n	b91c <IziPlus_Module_Timer100ms+0xf8>
    b916:	8822      	ldrh	r2, [r4, #0]
    b918:	b292      	uxth	r2, r2
    b91a:	b94a      	cbnz	r2, b930 <IziPlus_Module_Timer100ms+0x10c>
    b91c:	4962      	ldr	r1, [pc, #392]	; (baa8 <IziPlus_Module_Timer100ms+0x284>)
    b91e:	4a61      	ldr	r2, [pc, #388]	; (baa4 <IziPlus_Module_Timer100ms+0x280>)
    b920:	fba1 1303 	umull	r1, r3, r1, r3
    b924:	095b      	lsrs	r3, r3, #5
    b926:	2006      	movs	r0, #6
    b928:	2100      	movs	r1, #0
    b92a:	7620      	strb	r0, [r4, #24]
    b92c:	70d1      	strb	r1, [r2, #3]
    b92e:	8023      	strh	r3, [r4, #0]
    b930:	7f23      	ldrb	r3, [r4, #28]
    b932:	3301      	adds	r3, #1
    b934:	b2db      	uxtb	r3, r3
    b936:	2b09      	cmp	r3, #9
    b938:	7723      	strb	r3, [r4, #28]
    b93a:	d925      	bls.n	b988 <IziPlus_Module_Timer100ms+0x164>
    b93c:	4b5b      	ldr	r3, [pc, #364]	; (baac <IziPlus_Module_Timer100ms+0x288>)
    b93e:	4a5c      	ldr	r2, [pc, #368]	; (bab0 <IziPlus_Module_Timer100ms+0x28c>)
    b940:	6819      	ldr	r1, [r3, #0]
    b942:	68cb      	ldr	r3, [r1, #12]
    b944:	3301      	adds	r3, #1
    b946:	60cb      	str	r3, [r1, #12]
    b948:	f102 0508 	add.w	r5, r2, #8
    b94c:	4613      	mov	r3, r2
    b94e:	f833 0b02 	ldrh.w	r0, [r3], #2
    b952:	2800      	cmp	r0, #0
    b954:	f040 8095 	bne.w	ba82 <IziPlus_Module_Timer100ms+0x25e>
    b958:	42ab      	cmp	r3, r5
    b95a:	d1f8      	bne.n	b94e <IziPlus_Module_Timer100ms+0x12a>
    b95c:	f101 0320 	add.w	r3, r1, #32
    b960:	3130      	adds	r1, #48	; 0x30
    b962:	f832 0b02 	ldrh.w	r0, [r2], #2
    b966:	b110      	cbz	r0, b96e <IziPlus_Module_Timer100ms+0x14a>
    b968:	6818      	ldr	r0, [r3, #0]
    b96a:	3001      	adds	r0, #1
    b96c:	6018      	str	r0, [r3, #0]
    b96e:	3304      	adds	r3, #4
    b970:	428b      	cmp	r3, r1
    b972:	d1f6      	bne.n	b962 <IziPlus_Module_Timer100ms+0x13e>
    b974:	8d23      	ldrh	r3, [r4, #40]	; 0x28
    b976:	f5b3 6f61 	cmp.w	r3, #3600	; 0xe10
    b97a:	bf3c      	itt	cc
    b97c:	3301      	addcc	r3, #1
    b97e:	8523      	strhcc	r3, [r4, #40]	; 0x28
    b980:	2300      	movs	r3, #0
    b982:	7723      	strb	r3, [r4, #28]
    b984:	e8bd 83f8 	ldmia.w	sp!, {r3, r4, r5, r6, r7, r8, r9, pc}
    b988:	e8bd 83f8 	ldmia.w	sp!, {r3, r4, r5, r6, r7, r8, r9, pc}
    b98c:	7e23      	ldrb	r3, [r4, #24]
    b98e:	2b06      	cmp	r3, #6
    b990:	d902      	bls.n	b998 <IziPlus_Module_Timer100ms+0x174>
    b992:	8823      	ldrh	r3, [r4, #0]
    b994:	b29b      	uxth	r3, r3
    b996:	b92b      	cbnz	r3, b9a4 <IziPlus_Module_Timer100ms+0x180>
    b998:	2100      	movs	r1, #0
    b99a:	2206      	movs	r2, #6
    b99c:	4608      	mov	r0, r1
    b99e:	4b45      	ldr	r3, [pc, #276]	; (bab4 <IziPlus_Module_Timer100ms+0x290>)
    b9a0:	7622      	strb	r2, [r4, #24]
    b9a2:	4798      	blx	r3
    b9a4:	4b44      	ldr	r3, [pc, #272]	; (bab8 <IziPlus_Module_Timer100ms+0x294>)
    b9a6:	781a      	ldrb	r2, [r3, #0]
    b9a8:	f36f 1246 	bfc	r2, #5, #2
    b9ac:	701a      	strb	r2, [r3, #0]
    b9ae:	e7bf      	b.n	b930 <IziPlus_Module_Timer100ms+0x10c>
    b9b0:	4b42      	ldr	r3, [pc, #264]	; (babc <IziPlus_Module_Timer100ms+0x298>)
    b9b2:	4d43      	ldr	r5, [pc, #268]	; (bac0 <IziPlus_Module_Timer100ms+0x29c>)
    b9b4:	4798      	blx	r3
    b9b6:	4b43      	ldr	r3, [pc, #268]	; (bac4 <IziPlus_Module_Timer100ms+0x2a0>)
    b9b8:	88e2      	ldrh	r2, [r4, #6]
    b9ba:	881b      	ldrh	r3, [r3, #0]
    b9bc:	4942      	ldr	r1, [pc, #264]	; (bac8 <IziPlus_Module_Timer100ms+0x2a4>)
    b9be:	b200      	sxth	r0, r0
    b9c0:	b21b      	sxth	r3, r3
    b9c2:	b212      	sxth	r2, r2
    b9c4:	47a8      	blx	r5
    b9c6:	b990      	cbnz	r0, b9ee <IziPlus_Module_Timer100ms+0x1ca>
    b9c8:	2008      	movs	r0, #8
    b9ca:	4b40      	ldr	r3, [pc, #256]	; (bacc <IziPlus_Module_Timer100ms+0x2a8>)
    b9cc:	4798      	blx	r3
    b9ce:	4b40      	ldr	r3, [pc, #256]	; (bad0 <IziPlus_Module_Timer100ms+0x2ac>)
    b9d0:	4798      	blx	r3
    b9d2:	4b40      	ldr	r3, [pc, #256]	; (bad4 <IziPlus_Module_Timer100ms+0x2b0>)
    b9d4:	88a2      	ldrh	r2, [r4, #4]
    b9d6:	881b      	ldrh	r3, [r3, #0]
    b9d8:	493f      	ldr	r1, [pc, #252]	; (bad8 <IziPlus_Module_Timer100ms+0x2b4>)
    b9da:	b200      	sxth	r0, r0
    b9dc:	b21b      	sxth	r3, r3
    b9de:	b212      	sxth	r2, r2
    b9e0:	47a8      	blx	r5
    b9e2:	2800      	cmp	r0, #0
    b9e4:	d049      	beq.n	ba7a <IziPlus_Module_Timer100ms+0x256>
    b9e6:	2007      	movs	r0, #7
    b9e8:	4b3c      	ldr	r3, [pc, #240]	; (badc <IziPlus_Module_Timer100ms+0x2b8>)
    b9ea:	4798      	blx	r3
    b9ec:	e746      	b.n	b87c <IziPlus_Module_Timer100ms+0x58>
    b9ee:	2008      	movs	r0, #8
    b9f0:	4b3a      	ldr	r3, [pc, #232]	; (badc <IziPlus_Module_Timer100ms+0x2b8>)
    b9f2:	4798      	blx	r3
    b9f4:	e7eb      	b.n	b9ce <IziPlus_Module_Timer100ms+0x1aa>
    b9f6:	4930      	ldr	r1, [pc, #192]	; (bab8 <IziPlus_Module_Timer100ms+0x294>)
    b9f8:	4839      	ldr	r0, [pc, #228]	; (bae0 <IziPlus_Module_Timer100ms+0x2bc>)
    b9fa:	780a      	ldrb	r2, [r1, #0]
    b9fc:	f363 0200 	bfi	r2, r3, #0, #1
    ba00:	f363 0241 	bfi	r2, r3, #1, #1
    ba04:	f363 0282 	bfi	r2, r3, #2, #1
    ba08:	f363 1204 	bfi	r2, r3, #4, #1
    ba0c:	f363 02c3 	bfi	r2, r3, #3, #1
    ba10:	700a      	strb	r2, [r1, #0]
    ba12:	4780      	blx	r0
    ba14:	e72d      	b.n	b872 <IziPlus_Module_Timer100ms+0x4e>
    ba16:	2b01      	cmp	r3, #1
    ba18:	f000 80b8 	beq.w	bb8c <IziPlus_Module_Timer100ms+0x368>
    ba1c:	2b02      	cmp	r3, #2
    ba1e:	f000 80f8 	beq.w	bc12 <IziPlus_Module_Timer100ms+0x3ee>
    ba22:	8b62      	ldrh	r2, [r4, #26]
    ba24:	2a00      	cmp	r2, #0
    ba26:	d083      	beq.n	b930 <IziPlus_Module_Timer100ms+0x10c>
    ba28:	2500      	movs	r5, #0
    ba2a:	2b40      	cmp	r3, #64	; 0x40
    ba2c:	8365      	strh	r5, [r4, #26]
    ba2e:	f000 812a 	beq.w	bc86 <IziPlus_Module_Timer100ms+0x462>
    ba32:	2b41      	cmp	r3, #65	; 0x41
    ba34:	f000 8133 	beq.w	bc9e <IziPlus_Module_Timer100ms+0x47a>
    ba38:	2b42      	cmp	r3, #66	; 0x42
    ba3a:	f000 813a 	beq.w	bcb2 <IziPlus_Module_Timer100ms+0x48e>
    ba3e:	2be0      	cmp	r3, #224	; 0xe0
    ba40:	f47f af76 	bne.w	b930 <IziPlus_Module_Timer100ms+0x10c>
    ba44:	f44f 707a 	mov.w	r0, #1000	; 0x3e8
    ba48:	4b26      	ldr	r3, [pc, #152]	; (bae4 <IziPlus_Module_Timer100ms+0x2c0>)
    ba4a:	4798      	blx	r3
    ba4c:	20c8      	movs	r0, #200	; 0xc8
    ba4e:	4b26      	ldr	r3, [pc, #152]	; (bae8 <IziPlus_Module_Timer100ms+0x2c4>)
    ba50:	4798      	blx	r3
    ba52:	4b26      	ldr	r3, [pc, #152]	; (baec <IziPlus_Module_Timer100ms+0x2c8>)
    ba54:	4798      	blx	r3
    ba56:	4b26      	ldr	r3, [pc, #152]	; (baf0 <IziPlus_Module_Timer100ms+0x2cc>)
    ba58:	4926      	ldr	r1, [pc, #152]	; (baf4 <IziPlus_Module_Timer100ms+0x2d0>)
    ba5a:	4a27      	ldr	r2, [pc, #156]	; (baf8 <IziPlus_Module_Timer100ms+0x2d4>)
    ba5c:	e883 0006 	stmia.w	r3, {r1, r2}
    ba60:	f3bf 8f4f 	dsb	sy
    ba64:	4925      	ldr	r1, [pc, #148]	; (bafc <IziPlus_Module_Timer100ms+0x2d8>)
    ba66:	4b26      	ldr	r3, [pc, #152]	; (bb00 <IziPlus_Module_Timer100ms+0x2dc>)
    ba68:	68ca      	ldr	r2, [r1, #12]
    ba6a:	f402 62e0 	and.w	r2, r2, #1792	; 0x700
    ba6e:	4313      	orrs	r3, r2
    ba70:	60cb      	str	r3, [r1, #12]
    ba72:	f3bf 8f4f 	dsb	sy
    ba76:	bf00      	nop
    ba78:	e7fd      	b.n	ba76 <IziPlus_Module_Timer100ms+0x252>
    ba7a:	2007      	movs	r0, #7
    ba7c:	4b13      	ldr	r3, [pc, #76]	; (bacc <IziPlus_Module_Timer100ms+0x2a8>)
    ba7e:	4798      	blx	r3
    ba80:	e6fc      	b.n	b87c <IziPlus_Module_Timer100ms+0x58>
    ba82:	690b      	ldr	r3, [r1, #16]
    ba84:	3301      	adds	r3, #1
    ba86:	610b      	str	r3, [r1, #16]
    ba88:	e768      	b.n	b95c <IziPlus_Module_Timer100ms+0x138>
    ba8a:	8822      	ldrh	r2, [r4, #0]
    ba8c:	b292      	uxth	r2, r2
    ba8e:	2a00      	cmp	r2, #0
    ba90:	f47f af1b 	bne.w	b8ca <IziPlus_Module_Timer100ms+0xa6>
    ba94:	e712      	b.n	b8bc <IziPlus_Module_Timer100ms+0x98>
    ba96:	bf00      	nop
    ba98:	20005834 	.word	0x20005834
    ba9c:	2000f2cc 	.word	0x2000f2cc
    baa0:	0000d331 	.word	0x0000d331
    baa4:	2000f310 	.word	0x2000f310
    baa8:	51eb851f 	.word	0x51eb851f
    baac:	2000eed0 	.word	0x2000eed0
    bab0:	20005854 	.word	0x20005854
    bab4:	0000b439 	.word	0x0000b439
    bab8:	2000f328 	.word	0x2000f328
    babc:	0000d645 	.word	0x0000d645
    bac0:	0000b6c9 	.word	0x0000b6c9
    bac4:	2000f31a 	.word	0x2000f31a
    bac8:	20002a5a 	.word	0x20002a5a
    bacc:	0000d809 	.word	0x0000d809
    bad0:	0000d5f9 	.word	0x0000d5f9
    bad4:	2000f894 	.word	0x2000f894
    bad8:	20002a58 	.word	0x20002a58
    badc:	0000d7f9 	.word	0x0000d7f9
    bae0:	0000b549 	.word	0x0000b549
    bae4:	00006e31 	.word	0x00006e31
    bae8:	0000f6a1 	.word	0x0000f6a1
    baec:	00006259 	.word	0x00006259
    baf0:	2001ff00 	.word	0x2001ff00
    baf4:	abbaacdc 	.word	0xabbaacdc
    baf8:	778899aa 	.word	0x778899aa
    bafc:	e000ed00 	.word	0xe000ed00
    bb00:	05fa0004 	.word	0x05fa0004
    bb04:	2b0e      	cmp	r3, #14
    bb06:	f43f aed5 	beq.w	b8b4 <IziPlus_Module_Timer100ms+0x90>
    bb0a:	2b0c      	cmp	r3, #12
    bb0c:	f040 80db 	bne.w	bcc6 <IziPlus_Module_Timer100ms+0x4a2>
    bb10:	7e22      	ldrb	r2, [r4, #24]
    bb12:	2a06      	cmp	r2, #6
    bb14:	f240 80af 	bls.w	bc76 <IziPlus_Module_Timer100ms+0x452>
    bb18:	8822      	ldrh	r2, [r4, #0]
    bb1a:	b292      	uxth	r2, r2
    bb1c:	2a00      	cmp	r2, #0
    bb1e:	f000 80aa 	beq.w	bc76 <IziPlus_Module_Timer100ms+0x452>
    bb22:	f023 0004 	bic.w	r0, r3, #4
    bb26:	b280      	uxth	r0, r0
    bb28:	2812      	cmp	r0, #18
    bb2a:	f43f aed4 	beq.w	b8d6 <IziPlus_Module_Timer100ms+0xb2>
    bb2e:	2b1a      	cmp	r3, #26
    bb30:	f43f aed1 	beq.w	b8d6 <IziPlus_Module_Timer100ms+0xb2>
    bb34:	f023 0208 	bic.w	r2, r3, #8
    bb38:	2a14      	cmp	r2, #20
    bb3a:	f040 80c8 	bne.w	bcce <IziPlus_Module_Timer100ms+0x4aa>
    bb3e:	7e22      	ldrb	r2, [r4, #24]
    bb40:	2a06      	cmp	r2, #6
    bb42:	d904      	bls.n	bb4e <IziPlus_Module_Timer100ms+0x32a>
    bb44:	8822      	ldrh	r2, [r4, #0]
    bb46:	b292      	uxth	r2, r2
    bb48:	2a00      	cmp	r2, #0
    bb4a:	f47f aed1 	bne.w	b8f0 <IziPlus_Module_Timer100ms+0xcc>
    bb4e:	4962      	ldr	r1, [pc, #392]	; (bcd8 <IziPlus_Module_Timer100ms+0x4b4>)
    bb50:	2606      	movs	r6, #6
    bb52:	2500      	movs	r5, #0
    bb54:	2202      	movs	r2, #2
    bb56:	7626      	strb	r6, [r4, #24]
    bb58:	708d      	strb	r5, [r1, #2]
    bb5a:	8022      	strh	r2, [r4, #0]
    bb5c:	e6c8      	b.n	b8f0 <IziPlus_Module_Timer100ms+0xcc>
    bb5e:	f241 1111 	movw	r1, #4369	; 0x1111
    bb62:	fa21 f202 	lsr.w	r2, r1, r2
    bb66:	07d2      	lsls	r2, r2, #31
    bb68:	f57f aec8 	bpl.w	b8fc <IziPlus_Module_Timer100ms+0xd8>
    bb6c:	7e23      	ldrb	r3, [r4, #24]
    bb6e:	2b06      	cmp	r3, #6
    bb70:	d904      	bls.n	bb7c <IziPlus_Module_Timer100ms+0x358>
    bb72:	8823      	ldrh	r3, [r4, #0]
    bb74:	b29b      	uxth	r3, r3
    bb76:	2b00      	cmp	r3, #0
    bb78:	f47f aeda 	bne.w	b930 <IziPlus_Module_Timer100ms+0x10c>
    bb7c:	4a56      	ldr	r2, [pc, #344]	; (bcd8 <IziPlus_Module_Timer100ms+0x4b4>)
    bb7e:	2006      	movs	r0, #6
    bb80:	21ff      	movs	r1, #255	; 0xff
    bb82:	2302      	movs	r3, #2
    bb84:	7620      	strb	r0, [r4, #24]
    bb86:	70d1      	strb	r1, [r2, #3]
    bb88:	8023      	strh	r3, [r4, #0]
    bb8a:	e6d1      	b.n	b930 <IziPlus_Module_Timer100ms+0x10c>
    bb8c:	7e23      	ldrb	r3, [r4, #24]
    bb8e:	2b06      	cmp	r3, #6
    bb90:	d904      	bls.n	bb9c <IziPlus_Module_Timer100ms+0x378>
    bb92:	8823      	ldrh	r3, [r4, #0]
    bb94:	b29b      	uxth	r3, r3
    bb96:	2b00      	cmp	r3, #0
    bb98:	f47f aeca 	bne.w	b930 <IziPlus_Module_Timer100ms+0x10c>
    bb9c:	2206      	movs	r2, #6
    bb9e:	f44f 717a 	mov.w	r1, #1000	; 0x3e8
    bba2:	f04f 30ff 	mov.w	r0, #4294967295
    bba6:	4b4d      	ldr	r3, [pc, #308]	; (bcdc <IziPlus_Module_Timer100ms+0x4b8>)
    bba8:	7622      	strb	r2, [r4, #24]
    bbaa:	4798      	blx	r3
    bbac:	e6c0      	b.n	b930 <IziPlus_Module_Timer100ms+0x10c>
    bbae:	7e22      	ldrb	r2, [r4, #24]
    bbb0:	2a06      	cmp	r2, #6
    bbb2:	d902      	bls.n	bbba <IziPlus_Module_Timer100ms+0x396>
    bbb4:	8822      	ldrh	r2, [r4, #0]
    bbb6:	b292      	uxth	r2, r2
    bbb8:	b932      	cbnz	r2, bbc8 <IziPlus_Module_Timer100ms+0x3a4>
    bbba:	4947      	ldr	r1, [pc, #284]	; (bcd8 <IziPlus_Module_Timer100ms+0x4b4>)
    bbbc:	2506      	movs	r5, #6
    bbbe:	20ff      	movs	r0, #255	; 0xff
    bbc0:	2202      	movs	r2, #2
    bbc2:	7625      	strb	r5, [r4, #24]
    bbc4:	7008      	strb	r0, [r1, #0]
    bbc6:	8022      	strh	r2, [r4, #0]
    bbc8:	2002      	movs	r0, #2
    bbca:	e691      	b.n	b8f0 <IziPlus_Module_Timer100ms+0xcc>
    bbcc:	7e22      	ldrb	r2, [r4, #24]
    bbce:	2a06      	cmp	r2, #6
    bbd0:	d904      	bls.n	bbdc <IziPlus_Module_Timer100ms+0x3b8>
    bbd2:	8822      	ldrh	r2, [r4, #0]
    bbd4:	b292      	uxth	r2, r2
    bbd6:	2a00      	cmp	r2, #0
    bbd8:	f47f ae66 	bne.w	b8a8 <IziPlus_Module_Timer100ms+0x84>
    bbdc:	2206      	movs	r2, #6
    bbde:	4b3f      	ldr	r3, [pc, #252]	; (bcdc <IziPlus_Module_Timer100ms+0x4b8>)
    bbe0:	7622      	strb	r2, [r4, #24]
    bbe2:	f44f 71c8 	mov.w	r1, #400	; 0x190
    bbe6:	f04f 30ff 	mov.w	r0, #4294967295
    bbea:	4798      	blx	r3
    bbec:	8923      	ldrh	r3, [r4, #8]
    bbee:	e658      	b.n	b8a2 <IziPlus_Module_Timer100ms+0x7e>
    bbf0:	23c8      	movs	r3, #200	; 0xc8
    bbf2:	e68d      	b.n	b910 <IziPlus_Module_Timer100ms+0xec>
    bbf4:	7e22      	ldrb	r2, [r4, #24]
    bbf6:	2a06      	cmp	r2, #6
    bbf8:	d903      	bls.n	bc02 <IziPlus_Module_Timer100ms+0x3de>
    bbfa:	8822      	ldrh	r2, [r4, #0]
    bbfc:	b292      	uxth	r2, r2
    bbfe:	2a00      	cmp	r2, #0
    bc00:	d18f      	bne.n	bb22 <IziPlus_Module_Timer100ms+0x2fe>
    bc02:	2206      	movs	r2, #6
    bc04:	4b35      	ldr	r3, [pc, #212]	; (bcdc <IziPlus_Module_Timer100ms+0x4b8>)
    bc06:	7622      	strb	r2, [r4, #24]
    bc08:	21c8      	movs	r1, #200	; 0xc8
    bc0a:	2000      	movs	r0, #0
    bc0c:	4798      	blx	r3
    bc0e:	8923      	ldrh	r3, [r4, #8]
    bc10:	e647      	b.n	b8a2 <IziPlus_Module_Timer100ms+0x7e>
    bc12:	4e33      	ldr	r6, [pc, #204]	; (bce0 <IziPlus_Module_Timer100ms+0x4bc>)
    bc14:	4d33      	ldr	r5, [pc, #204]	; (bce4 <IziPlus_Module_Timer100ms+0x4c0>)
    bc16:	f8df 80c0 	ldr.w	r8, [pc, #192]	; bcd8 <IziPlus_Module_Timer100ms+0x4b4>
    bc1a:	f04f 0900 	mov.w	r9, #0
    bc1e:	2706      	movs	r7, #6
    bc20:	47b0      	blx	r6
    bc22:	7e22      	ldrb	r2, [r4, #24]
    bc24:	b203      	sxth	r3, r0
    bc26:	ebc3 2303 	rsb	r3, r3, r3, lsl #8
    bc2a:	2a06      	cmp	r2, #6
    bc2c:	fb85 2103 	smull	r2, r1, r5, r3
    bc30:	ea4f 73e3 	mov.w	r3, r3, asr #31
    bc34:	d902      	bls.n	bc3c <IziPlus_Module_Timer100ms+0x418>
    bc36:	8822      	ldrh	r2, [r4, #0]
    bc38:	b292      	uxth	r2, r2
    bc3a:	b93a      	cbnz	r2, bc4c <IziPlus_Module_Timer100ms+0x428>
    bc3c:	ebc3 1361 	rsb	r3, r3, r1, asr #5
    bc40:	b2db      	uxtb	r3, r3
    bc42:	220a      	movs	r2, #10
    bc44:	7627      	strb	r7, [r4, #24]
    bc46:	f808 3009 	strb.w	r3, [r8, r9]
    bc4a:	8022      	strh	r2, [r4, #0]
    bc4c:	f109 0901 	add.w	r9, r9, #1
    bc50:	f1b9 0f04 	cmp.w	r9, #4
    bc54:	d1e4      	bne.n	bc20 <IziPlus_Module_Timer100ms+0x3fc>
    bc56:	e66b      	b.n	b930 <IziPlus_Module_Timer100ms+0x10c>
    bc58:	7e22      	ldrb	r2, [r4, #24]
    bc5a:	2a06      	cmp	r2, #6
    bc5c:	d902      	bls.n	bc64 <IziPlus_Module_Timer100ms+0x440>
    bc5e:	8822      	ldrh	r2, [r4, #0]
    bc60:	b292      	uxth	r2, r2
    bc62:	b932      	cbnz	r2, bc72 <IziPlus_Module_Timer100ms+0x44e>
    bc64:	491c      	ldr	r1, [pc, #112]	; (bcd8 <IziPlus_Module_Timer100ms+0x4b4>)
    bc66:	2506      	movs	r5, #6
    bc68:	2000      	movs	r0, #0
    bc6a:	2202      	movs	r2, #2
    bc6c:	7625      	strb	r5, [r4, #24]
    bc6e:	7008      	strb	r0, [r1, #0]
    bc70:	8022      	strh	r2, [r4, #0]
    bc72:	2008      	movs	r0, #8
    bc74:	e75e      	b.n	bb34 <IziPlus_Module_Timer100ms+0x310>
    bc76:	4918      	ldr	r1, [pc, #96]	; (bcd8 <IziPlus_Module_Timer100ms+0x4b4>)
    bc78:	2506      	movs	r5, #6
    bc7a:	2000      	movs	r0, #0
    bc7c:	2202      	movs	r2, #2
    bc7e:	7625      	strb	r5, [r4, #24]
    bc80:	7048      	strb	r0, [r1, #1]
    bc82:	8022      	strh	r2, [r4, #0]
    bc84:	e74d      	b.n	bb22 <IziPlus_Module_Timer100ms+0x2fe>
    bc86:	4628      	mov	r0, r5
    bc88:	2204      	movs	r2, #4
    bc8a:	2106      	movs	r1, #6
    bc8c:	2302      	movs	r3, #2
    bc8e:	4e16      	ldr	r6, [pc, #88]	; (bce8 <IziPlus_Module_Timer100ms+0x4c4>)
    bc90:	47b0      	blx	r6
    bc92:	4b16      	ldr	r3, [pc, #88]	; (bcec <IziPlus_Module_Timer100ms+0x4c8>)
    bc94:	4798      	blx	r3
    bc96:	4628      	mov	r0, r5
    bc98:	4b15      	ldr	r3, [pc, #84]	; (bcf0 <IziPlus_Module_Timer100ms+0x4cc>)
    bc9a:	4798      	blx	r3
    bc9c:	e648      	b.n	b930 <IziPlus_Module_Timer100ms+0x10c>
    bc9e:	4628      	mov	r0, r5
    bca0:	2302      	movs	r3, #2
    bca2:	2204      	movs	r2, #4
    bca4:	2108      	movs	r1, #8
    bca6:	4e10      	ldr	r6, [pc, #64]	; (bce8 <IziPlus_Module_Timer100ms+0x4c4>)
    bca8:	47b0      	blx	r6
    bcaa:	4628      	mov	r0, r5
    bcac:	4b10      	ldr	r3, [pc, #64]	; (bcf0 <IziPlus_Module_Timer100ms+0x4cc>)
    bcae:	4798      	blx	r3
    bcb0:	e63e      	b.n	b930 <IziPlus_Module_Timer100ms+0x10c>
    bcb2:	2302      	movs	r3, #2
    bcb4:	4628      	mov	r0, r5
    bcb6:	4619      	mov	r1, r3
    bcb8:	2204      	movs	r2, #4
    bcba:	4d0b      	ldr	r5, [pc, #44]	; (bce8 <IziPlus_Module_Timer100ms+0x4c4>)
    bcbc:	47a8      	blx	r5
    bcbe:	2001      	movs	r0, #1
    bcc0:	4b0b      	ldr	r3, [pc, #44]	; (bcf0 <IziPlus_Module_Timer100ms+0x4cc>)
    bcc2:	4798      	blx	r3
    bcc4:	e634      	b.n	b930 <IziPlus_Module_Timer100ms+0x10c>
    bcc6:	2b10      	cmp	r3, #16
    bcc8:	f43f af22 	beq.w	bb10 <IziPlus_Module_Timer100ms+0x2ec>
    bccc:	e729      	b.n	bb22 <IziPlus_Module_Timer100ms+0x2fe>
    bcce:	2b18      	cmp	r3, #24
    bcd0:	f43f af35 	beq.w	bb3e <IziPlus_Module_Timer100ms+0x31a>
    bcd4:	e60c      	b.n	b8f0 <IziPlus_Module_Timer100ms+0xcc>
    bcd6:	bf00      	nop
    bcd8:	2000f310 	.word	0x2000f310
    bcdc:	0000b439 	.word	0x0000b439
    bce0:	00004a65 	.word	0x00004a65
    bce4:	51eb851f 	.word	0x51eb851f
    bce8:	0000d8c1 	.word	0x0000d8c1
    bcec:	00005f69 	.word	0x00005f69
    bcf0:	0000611d 	.word	0x0000611d

0000bcf4 <IziPlus_Module_IsSafetyOff_Ch1>:
    bcf4:	4b03      	ldr	r3, [pc, #12]	; (bd04 <IziPlus_Module_IsSafetyOff_Ch1+0x10>)
    bcf6:	8998      	ldrh	r0, [r3, #12]
    bcf8:	b280      	uxth	r0, r0
    bcfa:	3000      	adds	r0, #0
    bcfc:	bf18      	it	ne
    bcfe:	2001      	movne	r0, #1
    bd00:	4770      	bx	lr
    bd02:	bf00      	nop
    bd04:	20005834 	.word	0x20005834

0000bd08 <IziPlus_Module_IsSafetyOff_Ch2>:
    bd08:	4b03      	ldr	r3, [pc, #12]	; (bd18 <IziPlus_Module_IsSafetyOff_Ch2+0x10>)
    bd0a:	89d8      	ldrh	r0, [r3, #14]
    bd0c:	b280      	uxth	r0, r0
    bd0e:	3000      	adds	r0, #0
    bd10:	bf18      	it	ne
    bd12:	2001      	movne	r0, #1
    bd14:	4770      	bx	lr
    bd16:	bf00      	nop
    bd18:	20005834 	.word	0x20005834

0000bd1c <IziPlus_Module_IsSafetyOff_Ch3>:
    bd1c:	4b03      	ldr	r3, [pc, #12]	; (bd2c <IziPlus_Module_IsSafetyOff_Ch3+0x10>)
    bd1e:	8a18      	ldrh	r0, [r3, #16]
    bd20:	b280      	uxth	r0, r0
    bd22:	3000      	adds	r0, #0
    bd24:	bf18      	it	ne
    bd26:	2001      	movne	r0, #1
    bd28:	4770      	bx	lr
    bd2a:	bf00      	nop
    bd2c:	20005834 	.word	0x20005834

0000bd30 <IziPlus_Module_IsSafetyOff_Ch4>:
    bd30:	4b03      	ldr	r3, [pc, #12]	; (bd40 <IziPlus_Module_IsSafetyOff_Ch4+0x10>)
    bd32:	8a58      	ldrh	r0, [r3, #18]
    bd34:	b280      	uxth	r0, r0
    bd36:	3000      	adds	r0, #0
    bd38:	bf18      	it	ne
    bd3a:	2001      	movne	r0, #1
    bd3c:	4770      	bx	lr
    bd3e:	bf00      	nop
    bd40:	20005834 	.word	0x20005834

0000bd44 <IziPlus_Module_IsSafetyOff_Chx>:
    bd44:	2803      	cmp	r0, #3
    bd46:	d808      	bhi.n	bd5a <IziPlus_Module_IsSafetyOff_Chx+0x16>
    bd48:	4b05      	ldr	r3, [pc, #20]	; (bd60 <IziPlus_Module_IsSafetyOff_Chx+0x1c>)
    bd4a:	eb03 0040 	add.w	r0, r3, r0, lsl #1
    bd4e:	8980      	ldrh	r0, [r0, #12]
    bd50:	b280      	uxth	r0, r0
    bd52:	3000      	adds	r0, #0
    bd54:	bf18      	it	ne
    bd56:	2001      	movne	r0, #1
    bd58:	4770      	bx	lr
    bd5a:	2000      	movs	r0, #0
    bd5c:	4770      	bx	lr
    bd5e:	bf00      	nop
    bd60:	20005834 	.word	0x20005834

0000bd64 <IziPlus_Module_SafetyOff_Chx>:
    bd64:	2803      	cmp	r0, #3
    bd66:	d807      	bhi.n	bd78 <IziPlus_Module_SafetyOff_Chx+0x14>
    bd68:	4a04      	ldr	r2, [pc, #16]	; (bd7c <IziPlus_Module_SafetyOff_Chx+0x18>)
    bd6a:	4b05      	ldr	r3, [pc, #20]	; (bd80 <IziPlus_Module_SafetyOff_Chx+0x1c>)
    bd6c:	fba2 2101 	umull	r2, r1, r2, r1
    bd70:	eb03 0040 	add.w	r0, r3, r0, lsl #1
    bd74:	0949      	lsrs	r1, r1, #5
    bd76:	8181      	strh	r1, [r0, #12]
    bd78:	4770      	bx	lr
    bd7a:	bf00      	nop
    bd7c:	51eb851f 	.word	0x51eb851f
    bd80:	20005834 	.word	0x20005834

0000bd84 <IziPlus_Module_IdentifySync>:
    bd84:	4b01      	ldr	r3, [pc, #4]	; (bd8c <IziPlus_Module_IdentifySync+0x8>)
    bd86:	2200      	movs	r2, #0
    bd88:	811a      	strh	r2, [r3, #8]
    bd8a:	4770      	bx	lr
    bd8c:	20005834 	.word	0x20005834

0000bd90 <IziPlus_Module_IsIdentifying>:
    bd90:	4b02      	ldr	r3, [pc, #8]	; (bd9c <IziPlus_Module_IsIdentifying+0xc>)
    bd92:	8a98      	ldrh	r0, [r3, #20]
    bd94:	3000      	adds	r0, #0
    bd96:	bf18      	it	ne
    bd98:	2001      	movne	r0, #1
    bd9a:	4770      	bx	lr
    bd9c:	20005834 	.word	0x20005834

0000bda0 <IziPlus_Module_GetCpuState>:
    bda0:	4b01      	ldr	r3, [pc, #4]	; (bda8 <IziPlus_Module_GetCpuState+0x8>)
    bda2:	8818      	ldrh	r0, [r3, #0]
    bda4:	4770      	bx	lr
    bda6:	bf00      	nop
    bda8:	2000f328 	.word	0x2000f328

0000bdac <IziPlus_Module_MonitorValue>:
    bdac:	2801      	cmp	r0, #1
    bdae:	b570      	push	{r4, r5, r6, lr}
    bdb0:	4604      	mov	r4, r0
    bdb2:	460d      	mov	r5, r1
    bdb4:	d06a      	beq.n	be8c <IziPlus_Module_MonitorValue+0xe0>
    bdb6:	2813      	cmp	r0, #19
    bdb8:	d07b      	beq.n	beb2 <IziPlus_Module_MonitorValue+0x106>
    bdba:	281a      	cmp	r0, #26
    bdbc:	d02a      	beq.n	be14 <IziPlus_Module_MonitorValue+0x68>
    bdbe:	2817      	cmp	r0, #23
    bdc0:	d034      	beq.n	be2c <IziPlus_Module_MonitorValue+0x80>
    bdc2:	2804      	cmp	r0, #4
    bdc4:	f000 80a2 	beq.w	bf0c <IziPlus_Module_MonitorValue+0x160>
    bdc8:	2805      	cmp	r0, #5
    bdca:	f000 80a4 	beq.w	bf16 <IziPlus_Module_MonitorValue+0x16a>
    bdce:	280d      	cmp	r0, #13
    bdd0:	f000 80a6 	beq.w	bf20 <IziPlus_Module_MonitorValue+0x174>
    bdd4:	280e      	cmp	r0, #14
    bdd6:	f000 80a8 	beq.w	bf2a <IziPlus_Module_MonitorValue+0x17e>
    bdda:	2819      	cmp	r0, #25
    bddc:	f000 80aa 	beq.w	bf34 <IziPlus_Module_MonitorValue+0x188>
    bde0:	2820      	cmp	r0, #32
    bde2:	d045      	beq.n	be70 <IziPlus_Module_MonitorValue+0xc4>
    bde4:	2823      	cmp	r0, #35	; 0x23
    bde6:	d069      	beq.n	bebc <IziPlus_Module_MonitorValue+0x110>
    bde8:	2815      	cmp	r0, #21
    bdea:	f000 80bd 	beq.w	bf68 <IziPlus_Module_MonitorValue+0x1bc>
    bdee:	281e      	cmp	r0, #30
    bdf0:	d069      	beq.n	bec6 <IziPlus_Module_MonitorValue+0x11a>
    bdf2:	2822      	cmp	r0, #34	; 0x22
    bdf4:	f000 80ef 	beq.w	bfd6 <IziPlus_Module_MonitorValue+0x22a>
    bdf8:	281f      	cmp	r0, #31
    bdfa:	f000 80f2 	beq.w	bfe2 <IziPlus_Module_MonitorValue+0x236>
    bdfe:	2821      	cmp	r0, #33	; 0x21
    be00:	f000 809d 	beq.w	bf3e <IziPlus_Module_MonitorValue+0x192>
    be04:	2824      	cmp	r0, #36	; 0x24
    be06:	f000 80f9 	beq.w	bffc <IziPlus_Module_MonitorValue+0x250>
    be0a:	282b      	cmp	r0, #43	; 0x2b
    be0c:	f000 8111 	beq.w	c032 <IziPlus_Module_MonitorValue+0x286>
    be10:	2400      	movs	r4, #0
    be12:	e009      	b.n	be28 <IziPlus_Module_MonitorValue+0x7c>
    be14:	4ba0      	ldr	r3, [pc, #640]	; (c098 <IziPlus_Module_MonitorValue+0x2ec>)
    be16:	4798      	blx	r3
    be18:	4ba0      	ldr	r3, [pc, #640]	; (c09c <IziPlus_Module_MonitorValue+0x2f0>)
    be1a:	fba3 3000 	umull	r3, r0, r3, r0
    be1e:	08c3      	lsrs	r3, r0, #3
    be20:	0ac0      	lsrs	r0, r0, #11
    be22:	702b      	strb	r3, [r5, #0]
    be24:	7068      	strb	r0, [r5, #1]
    be26:	2402      	movs	r4, #2
    be28:	4620      	mov	r0, r4
    be2a:	bd70      	pop	{r4, r5, r6, pc}
    be2c:	4e9c      	ldr	r6, [pc, #624]	; (c0a0 <IziPlus_Module_MonitorValue+0x2f4>)
    be2e:	8833      	ldrh	r3, [r6, #0]
    be30:	8874      	ldrh	r4, [r6, #2]
    be32:	42a3      	cmp	r3, r4
    be34:	d937      	bls.n	bea6 <IziPlus_Module_MonitorValue+0xfa>
    be36:	4b99      	ldr	r3, [pc, #612]	; (c09c <IziPlus_Module_MonitorValue+0x2f0>)
    be38:	fba3 3404 	umull	r3, r4, r3, r4
    be3c:	f3c4 1407 	ubfx	r4, r4, #4, #8
    be40:	200a      	movs	r0, #10
    be42:	4b98      	ldr	r3, [pc, #608]	; (c0a4 <IziPlus_Module_MonitorValue+0x2f8>)
    be44:	4798      	blx	r3
    be46:	b350      	cbz	r0, be9e <IziPlus_Module_MonitorValue+0xf2>
    be48:	4b94      	ldr	r3, [pc, #592]	; (c09c <IziPlus_Module_MonitorValue+0x2f0>)
    be4a:	88b2      	ldrh	r2, [r6, #4]
    be4c:	fba3 3202 	umull	r3, r2, r3, r2
    be50:	0913      	lsrs	r3, r2, #4
    be52:	b2db      	uxtb	r3, r3
    be54:	42a3      	cmp	r3, r4
    be56:	bf28      	it	cs
    be58:	4623      	movcs	r3, r4
    be5a:	4a93      	ldr	r2, [pc, #588]	; (c0a8 <IziPlus_Module_MonitorValue+0x2fc>)
    be5c:	702b      	strb	r3, [r5, #0]
    be5e:	6813      	ldr	r3, [r2, #0]
    be60:	4a92      	ldr	r2, [pc, #584]	; (c0ac <IziPlus_Module_MonitorValue+0x300>)
    be62:	7f99      	ldrb	r1, [r3, #30]
    be64:	78d2      	ldrb	r2, [r2, #3]
    be66:	4291      	cmp	r1, r2
    be68:	d91b      	bls.n	bea2 <IziPlus_Module_MonitorValue+0xf6>
    be6a:	779a      	strb	r2, [r3, #30]
    be6c:	2401      	movs	r4, #1
    be6e:	e7db      	b.n	be28 <IziPlus_Module_MonitorValue+0x7c>
    be70:	4b8d      	ldr	r3, [pc, #564]	; (c0a8 <IziPlus_Module_MonitorValue+0x2fc>)
    be72:	4a8f      	ldr	r2, [pc, #572]	; (c0b0 <IziPlus_Module_MonitorValue+0x304>)
    be74:	681b      	ldr	r3, [r3, #0]
    be76:	68db      	ldr	r3, [r3, #12]
    be78:	fba2 2303 	umull	r2, r3, r2, r3
    be7c:	0b5b      	lsrs	r3, r3, #13
    be7e:	f3c3 2207 	ubfx	r2, r3, #8, #8
    be82:	2402      	movs	r4, #2
    be84:	702b      	strb	r3, [r5, #0]
    be86:	706a      	strb	r2, [r5, #1]
    be88:	4620      	mov	r0, r4
    be8a:	bd70      	pop	{r4, r5, r6, pc}
    be8c:	4b89      	ldr	r3, [pc, #548]	; (c0b4 <IziPlus_Module_MonitorValue+0x308>)
    be8e:	4798      	blx	r3
    be90:	4b89      	ldr	r3, [pc, #548]	; (c0b8 <IziPlus_Module_MonitorValue+0x30c>)
    be92:	307d      	adds	r0, #125	; 0x7d
    be94:	fba3 3000 	umull	r3, r0, r3, r0
    be98:	0900      	lsrs	r0, r0, #4
    be9a:	7028      	strb	r0, [r5, #0]
    be9c:	e7c4      	b.n	be28 <IziPlus_Module_MonitorValue+0x7c>
    be9e:	2364      	movs	r3, #100	; 0x64
    bea0:	e7d7      	b.n	be52 <IziPlus_Module_MonitorValue+0xa6>
    bea2:	2401      	movs	r4, #1
    bea4:	e7c0      	b.n	be28 <IziPlus_Module_MonitorValue+0x7c>
    bea6:	4c7d      	ldr	r4, [pc, #500]	; (c09c <IziPlus_Module_MonitorValue+0x2f0>)
    bea8:	fba4 2303 	umull	r2, r3, r4, r3
    beac:	f3c3 1407 	ubfx	r4, r3, #4, #8
    beb0:	e7c6      	b.n	be40 <IziPlus_Module_MonitorValue+0x94>
    beb2:	4b82      	ldr	r3, [pc, #520]	; (c0bc <IziPlus_Module_MonitorValue+0x310>)
    beb4:	4798      	blx	r3
    beb6:	2401      	movs	r4, #1
    beb8:	7028      	strb	r0, [r5, #0]
    beba:	e7b5      	b.n	be28 <IziPlus_Module_MonitorValue+0x7c>
    bebc:	4b7a      	ldr	r3, [pc, #488]	; (c0a8 <IziPlus_Module_MonitorValue+0x2fc>)
    bebe:	4a7c      	ldr	r2, [pc, #496]	; (c0b0 <IziPlus_Module_MonitorValue+0x304>)
    bec0:	681b      	ldr	r3, [r3, #0]
    bec2:	691b      	ldr	r3, [r3, #16]
    bec4:	e7d8      	b.n	be78 <IziPlus_Module_MonitorValue+0xcc>
    bec6:	4b7e      	ldr	r3, [pc, #504]	; (c0c0 <IziPlus_Module_MonitorValue+0x314>)
    bec8:	4a7e      	ldr	r2, [pc, #504]	; (c0c4 <IziPlus_Module_MonitorValue+0x318>)
    beca:	f893 002a 	ldrb.w	r0, [r3, #42]	; 0x2a
    bece:	4b7e      	ldr	r3, [pc, #504]	; (c0c8 <IziPlus_Module_MonitorValue+0x31c>)
    bed0:	f240 2112 	movw	r1, #530	; 0x212
    bed4:	fb01 2100 	mla	r1, r1, r0, r2
    bed8:	3140      	adds	r1, #64	; 0x40
    beda:	f24d 424c 	movw	r2, #54348	; 0xd44c
    bede:	8809      	ldrh	r1, [r1, #0]
    bee0:	fb02 f201 	mul.w	r2, r2, r1
    bee4:	fba3 1302 	umull	r1, r3, r3, r2
    bee8:	1ad2      	subs	r2, r2, r3
    beea:	eb03 0352 	add.w	r3, r3, r2, lsr #1
    beee:	f3c3 23cf 	ubfx	r3, r3, #11, #16
    bef2:	f5b3 7f7a 	cmp.w	r3, #1000	; 0x3e8
    bef6:	bf2c      	ite	cs
    bef8:	089b      	lsrcs	r3, r3, #2
    befa:	2300      	movcc	r3, #0
    befc:	eb03 3380 	add.w	r3, r3, r0, lsl #14
    bf00:	b29b      	uxth	r3, r3
    bf02:	0a1a      	lsrs	r2, r3, #8
    bf04:	702b      	strb	r3, [r5, #0]
    bf06:	706a      	strb	r2, [r5, #1]
    bf08:	2402      	movs	r4, #2
    bf0a:	e78d      	b.n	be28 <IziPlus_Module_MonitorValue+0x7c>
    bf0c:	4b6f      	ldr	r3, [pc, #444]	; (c0cc <IziPlus_Module_MonitorValue+0x320>)
    bf0e:	4798      	blx	r3
    bf10:	2401      	movs	r4, #1
    bf12:	7028      	strb	r0, [r5, #0]
    bf14:	e788      	b.n	be28 <IziPlus_Module_MonitorValue+0x7c>
    bf16:	4b6e      	ldr	r3, [pc, #440]	; (c0d0 <IziPlus_Module_MonitorValue+0x324>)
    bf18:	4798      	blx	r3
    bf1a:	2401      	movs	r4, #1
    bf1c:	7028      	strb	r0, [r5, #0]
    bf1e:	e783      	b.n	be28 <IziPlus_Module_MonitorValue+0x7c>
    bf20:	4b6c      	ldr	r3, [pc, #432]	; (c0d4 <IziPlus_Module_MonitorValue+0x328>)
    bf22:	4798      	blx	r3
    bf24:	2401      	movs	r4, #1
    bf26:	7028      	strb	r0, [r5, #0]
    bf28:	e77e      	b.n	be28 <IziPlus_Module_MonitorValue+0x7c>
    bf2a:	4b6b      	ldr	r3, [pc, #428]	; (c0d8 <IziPlus_Module_MonitorValue+0x32c>)
    bf2c:	4798      	blx	r3
    bf2e:	2401      	movs	r4, #1
    bf30:	7028      	strb	r0, [r5, #0]
    bf32:	e779      	b.n	be28 <IziPlus_Module_MonitorValue+0x7c>
    bf34:	4b69      	ldr	r3, [pc, #420]	; (c0dc <IziPlus_Module_MonitorValue+0x330>)
    bf36:	4798      	blx	r3
    bf38:	2401      	movs	r4, #1
    bf3a:	7028      	strb	r0, [r5, #0]
    bf3c:	e774      	b.n	be28 <IziPlus_Module_MonitorValue+0x7c>
    bf3e:	4a60      	ldr	r2, [pc, #384]	; (c0c0 <IziPlus_Module_MonitorValue+0x314>)
    bf40:	4b59      	ldr	r3, [pc, #356]	; (c0a8 <IziPlus_Module_MonitorValue+0x2fc>)
    bf42:	f892 102a 	ldrb.w	r1, [r2, #42]	; 0x2a
    bf46:	681b      	ldr	r3, [r3, #0]
    bf48:	4a65      	ldr	r2, [pc, #404]	; (c0e0 <IziPlus_Module_MonitorValue+0x334>)
    bf4a:	f101 0008 	add.w	r0, r1, #8
    bf4e:	2402      	movs	r4, #2
    bf50:	f853 3020 	ldr.w	r3, [r3, r0, lsl #2]
    bf54:	fba2 2303 	umull	r2, r3, r2, r3
    bf58:	0b9b      	lsrs	r3, r3, #14
    bf5a:	f3c3 2207 	ubfx	r2, r3, #8, #8
    bf5e:	eb02 1281 	add.w	r2, r2, r1, lsl #6
    bf62:	702b      	strb	r3, [r5, #0]
    bf64:	706a      	strb	r2, [r5, #1]
    bf66:	e75f      	b.n	be28 <IziPlus_Module_MonitorValue+0x7c>
    bf68:	4b5e      	ldr	r3, [pc, #376]	; (c0e4 <IziPlus_Module_MonitorValue+0x338>)
    bf6a:	4798      	blx	r3
    bf6c:	2800      	cmp	r0, #0
    bf6e:	db0b      	blt.n	bf88 <IziPlus_Module_MonitorValue+0x1dc>
    bf70:	2804      	cmp	r0, #4
    bf72:	d06d      	beq.n	c050 <IziPlus_Module_MonitorValue+0x2a4>
    bf74:	2805      	cmp	r0, #5
    bf76:	d067      	beq.n	c048 <IziPlus_Module_MonitorValue+0x29c>
    bf78:	2806      	cmp	r0, #6
    bf7a:	d06d      	beq.n	c058 <IziPlus_Module_MonitorValue+0x2ac>
    bf7c:	2807      	cmp	r0, #7
    bf7e:	d06d      	beq.n	c05c <IziPlus_Module_MonitorValue+0x2b0>
    bf80:	2808      	cmp	r0, #8
    bf82:	d079      	beq.n	c078 <IziPlus_Module_MonitorValue+0x2cc>
    bf84:	2802      	cmp	r0, #2
    bf86:	d071      	beq.n	c06c <IziPlus_Module_MonitorValue+0x2c0>
    bf88:	4b57      	ldr	r3, [pc, #348]	; (c0e8 <IziPlus_Module_MonitorValue+0x33c>)
    bf8a:	4798      	blx	r3
    bf8c:	2800      	cmp	r0, #0
    bf8e:	db1e      	blt.n	bfce <IziPlus_Module_MonitorValue+0x222>
    bf90:	2800      	cmp	r0, #0
    bf92:	d05f      	beq.n	c054 <IziPlus_Module_MonitorValue+0x2a8>
    bf94:	2801      	cmp	r0, #1
    bf96:	d063      	beq.n	c060 <IziPlus_Module_MonitorValue+0x2b4>
    bf98:	2802      	cmp	r0, #2
    bf9a:	d063      	beq.n	c064 <IziPlus_Module_MonitorValue+0x2b8>
    bf9c:	2803      	cmp	r0, #3
    bf9e:	d063      	beq.n	c068 <IziPlus_Module_MonitorValue+0x2bc>
    bfa0:	2807      	cmp	r0, #7
    bfa2:	d065      	beq.n	c070 <IziPlus_Module_MonitorValue+0x2c4>
    bfa4:	2808      	cmp	r0, #8
    bfa6:	d065      	beq.n	c074 <IziPlus_Module_MonitorValue+0x2c8>
    bfa8:	2809      	cmp	r0, #9
    bfaa:	d069      	beq.n	c080 <IziPlus_Module_MonitorValue+0x2d4>
    bfac:	280b      	cmp	r0, #11
    bfae:	d065      	beq.n	c07c <IziPlus_Module_MonitorValue+0x2d0>
    bfb0:	2805      	cmp	r0, #5
    bfb2:	d069      	beq.n	c088 <IziPlus_Module_MonitorValue+0x2dc>
    bfb4:	280a      	cmp	r0, #10
    bfb6:	d065      	beq.n	c084 <IziPlus_Module_MonitorValue+0x2d8>
    bfb8:	f1a0 0310 	sub.w	r3, r0, #16
    bfbc:	b2db      	uxtb	r3, r3
    bfbe:	2b03      	cmp	r3, #3
    bfc0:	d960      	bls.n	c084 <IziPlus_Module_MonitorValue+0x2d8>
    bfc2:	280d      	cmp	r0, #13
    bfc4:	d066      	beq.n	c094 <IziPlus_Module_MonitorValue+0x2e8>
    bfc6:	2806      	cmp	r0, #6
    bfc8:	d062      	beq.n	c090 <IziPlus_Module_MonitorValue+0x2e4>
    bfca:	2804      	cmp	r0, #4
    bfcc:	d05e      	beq.n	c08c <IziPlus_Module_MonitorValue+0x2e0>
    bfce:	2400      	movs	r4, #0
    bfd0:	702c      	strb	r4, [r5, #0]
    bfd2:	2401      	movs	r4, #1
    bfd4:	e728      	b.n	be28 <IziPlus_Module_MonitorValue+0x7c>
    bfd6:	4b34      	ldr	r3, [pc, #208]	; (c0a8 <IziPlus_Module_MonitorValue+0x2fc>)
    bfd8:	681b      	ldr	r3, [r3, #0]
    bfda:	7f9b      	ldrb	r3, [r3, #30]
    bfdc:	700b      	strb	r3, [r1, #0]
    bfde:	2401      	movs	r4, #1
    bfe0:	e722      	b.n	be28 <IziPlus_Module_MonitorValue+0x7c>
    bfe2:	4b31      	ldr	r3, [pc, #196]	; (c0a8 <IziPlus_Module_MonitorValue+0x2fc>)
    bfe4:	4a34      	ldr	r2, [pc, #208]	; (c0b8 <IziPlus_Module_MonitorValue+0x30c>)
    bfe6:	681b      	ldr	r3, [r3, #0]
    bfe8:	8b5b      	ldrh	r3, [r3, #26]
    bfea:	337d      	adds	r3, #125	; 0x7d
    bfec:	fb82 1203 	smull	r1, r2, r2, r3
    bff0:	17db      	asrs	r3, r3, #31
    bff2:	ebc3 1322 	rsb	r3, r3, r2, asr #4
    bff6:	702b      	strb	r3, [r5, #0]
    bff8:	2401      	movs	r4, #1
    bffa:	e715      	b.n	be28 <IziPlus_Module_MonitorValue+0x7c>
    bffc:	4b30      	ldr	r3, [pc, #192]	; (c0c0 <IziPlus_Module_MonitorValue+0x314>)
    bffe:	4a31      	ldr	r2, [pc, #196]	; (c0c4 <IziPlus_Module_MonitorValue+0x318>)
    c000:	f893 302a 	ldrb.w	r3, [r3, #42]	; 0x2a
    c004:	f240 2112 	movw	r1, #530	; 0x212
    c008:	fb01 2103 	mla	r1, r1, r3, r2
    c00c:	019a      	lsls	r2, r3, #6
    c00e:	684b      	ldr	r3, [r1, #4]
    c010:	b2d2      	uxtb	r2, r2
    c012:	b1bb      	cbz	r3, c044 <IziPlus_Module_MonitorValue+0x298>
    c014:	690b      	ldr	r3, [r1, #16]
    c016:	4835      	ldr	r0, [pc, #212]	; (c0ec <IziPlus_Module_MonitorValue+0x340>)
    c018:	fb80 0103 	smull	r0, r1, r0, r3
    c01c:	17db      	asrs	r3, r3, #31
    c01e:	ebc3 03a1 	rsb	r3, r3, r1, asr #2
    c022:	b2d9      	uxtb	r1, r3
    c024:	f3c3 2307 	ubfx	r3, r3, #8, #8
    c028:	4413      	add	r3, r2
    c02a:	706b      	strb	r3, [r5, #1]
    c02c:	7029      	strb	r1, [r5, #0]
    c02e:	2402      	movs	r4, #2
    c030:	e6fa      	b.n	be28 <IziPlus_Module_MonitorValue+0x7c>
    c032:	4b24      	ldr	r3, [pc, #144]	; (c0c4 <IziPlus_Module_MonitorValue+0x318>)
    c034:	f8d3 3056 	ldr.w	r3, [r3, #86]	; 0x56
    c038:	700b      	strb	r3, [r1, #0]
    c03a:	f3c3 2307 	ubfx	r3, r3, #8, #8
    c03e:	704b      	strb	r3, [r1, #1]
    c040:	2402      	movs	r4, #2
    c042:	e6f1      	b.n	be28 <IziPlus_Module_MonitorValue+0x7c>
    c044:	4619      	mov	r1, r3
    c046:	e7ef      	b.n	c028 <IziPlus_Module_MonitorValue+0x27c>
    c048:	248a      	movs	r4, #138	; 0x8a
    c04a:	4b27      	ldr	r3, [pc, #156]	; (c0e8 <IziPlus_Module_MonitorValue+0x33c>)
    c04c:	4798      	blx	r3
    c04e:	e7bf      	b.n	bfd0 <IziPlus_Module_MonitorValue+0x224>
    c050:	2484      	movs	r4, #132	; 0x84
    c052:	e7fa      	b.n	c04a <IziPlus_Module_MonitorValue+0x29e>
    c054:	2489      	movs	r4, #137	; 0x89
    c056:	e7bb      	b.n	bfd0 <IziPlus_Module_MonitorValue+0x224>
    c058:	248c      	movs	r4, #140	; 0x8c
    c05a:	e7f6      	b.n	c04a <IziPlus_Module_MonitorValue+0x29e>
    c05c:	248e      	movs	r4, #142	; 0x8e
    c05e:	e7f4      	b.n	c04a <IziPlus_Module_MonitorValue+0x29e>
    c060:	248b      	movs	r4, #139	; 0x8b
    c062:	e7b5      	b.n	bfd0 <IziPlus_Module_MonitorValue+0x224>
    c064:	248d      	movs	r4, #141	; 0x8d
    c066:	e7b3      	b.n	bfd0 <IziPlus_Module_MonitorValue+0x224>
    c068:	248f      	movs	r4, #143	; 0x8f
    c06a:	e7b1      	b.n	bfd0 <IziPlus_Module_MonitorValue+0x224>
    c06c:	249f      	movs	r4, #159	; 0x9f
    c06e:	e7ec      	b.n	c04a <IziPlus_Module_MonitorValue+0x29e>
    c070:	2480      	movs	r4, #128	; 0x80
    c072:	e7ad      	b.n	bfd0 <IziPlus_Module_MonitorValue+0x224>
    c074:	2482      	movs	r4, #130	; 0x82
    c076:	e7ab      	b.n	bfd0 <IziPlus_Module_MonitorValue+0x224>
    c078:	2490      	movs	r4, #144	; 0x90
    c07a:	e7e6      	b.n	c04a <IziPlus_Module_MonitorValue+0x29e>
    c07c:	2485      	movs	r4, #133	; 0x85
    c07e:	e7a7      	b.n	bfd0 <IziPlus_Module_MonitorValue+0x224>
    c080:	2483      	movs	r4, #131	; 0x83
    c082:	e7a5      	b.n	bfd0 <IziPlus_Module_MonitorValue+0x224>
    c084:	24a0      	movs	r4, #160	; 0xa0
    c086:	e7a3      	b.n	bfd0 <IziPlus_Module_MonitorValue+0x224>
    c088:	2494      	movs	r4, #148	; 0x94
    c08a:	e7a1      	b.n	bfd0 <IziPlus_Module_MonitorValue+0x224>
    c08c:	249d      	movs	r4, #157	; 0x9d
    c08e:	e79f      	b.n	bfd0 <IziPlus_Module_MonitorValue+0x224>
    c090:	2484      	movs	r4, #132	; 0x84
    c092:	e79d      	b.n	bfd0 <IziPlus_Module_MonitorValue+0x224>
    c094:	2497      	movs	r4, #151	; 0x97
    c096:	e79b      	b.n	bfd0 <IziPlus_Module_MonitorValue+0x224>
    c098:	00007831 	.word	0x00007831
    c09c:	cccccccd 	.word	0xcccccccd
    c0a0:	20002a58 	.word	0x20002a58
    c0a4:	0000d835 	.word	0x0000d835
    c0a8:	2000eed0 	.word	0x2000eed0
    c0ac:	2000f2d0 	.word	0x2000f2d0
    c0b0:	f2b9d649 	.word	0xf2b9d649
    c0b4:	0000d599 	.word	0x0000d599
    c0b8:	10624dd3 	.word	0x10624dd3
    c0bc:	00004a65 	.word	0x00004a65
    c0c0:	20005834 	.word	0x20005834
    c0c4:	20002204 	.word	0x20002204
    c0c8:	00100101 	.word	0x00100101
    c0cc:	0000d5cd 	.word	0x0000d5cd
    c0d0:	0000d621 	.word	0x0000d621
    c0d4:	0000d615 	.word	0x0000d615
    c0d8:	0000d639 	.word	0x0000d639
    c0dc:	0000cb21 	.word	0x0000cb21
    c0e0:	c22e4507 	.word	0xc22e4507
    c0e4:	0000d7d1 	.word	0x0000d7d1
    c0e8:	0000d84d 	.word	0x0000d84d
    c0ec:	66666667 	.word	0x66666667

0000c0f0 <IziPlus_Module_GetMonitor>:
    c0f0:	e92d 41f0 	stmdb	sp!, {r4, r5, r6, r7, r8, lr}
    c0f4:	4a14      	ldr	r2, [pc, #80]	; (c148 <IziPlus_Module_GetMonitor+0x58>)
    c0f6:	4e15      	ldr	r6, [pc, #84]	; (c14c <IziPlus_Module_GetMonitor+0x5c>)
    c0f8:	f892 302a 	ldrb.w	r3, [r2, #42]	; 0x2a
    c0fc:	3301      	adds	r3, #1
    c0fe:	b2db      	uxtb	r3, r3
    c100:	2b03      	cmp	r3, #3
    c102:	bf88      	it	hi
    c104:	2300      	movhi	r3, #0
    c106:	f882 302a 	strb.w	r3, [r2, #42]	; 0x2a
    c10a:	f892 302b 	ldrb.w	r3, [r2, #43]	; 0x2b
    c10e:	3301      	adds	r3, #1
    c110:	b2db      	uxtb	r3, r3
    c112:	2b0f      	cmp	r3, #15
    c114:	bf88      	it	hi
    c116:	2300      	movhi	r3, #0
    c118:	f882 302b 	strb.w	r3, [r2, #43]	; 0x2b
    c11c:	78b3      	ldrb	r3, [r6, #2]
    c11e:	b183      	cbz	r3, c142 <IziPlus_Module_GetMonitor+0x52>
    c120:	f8df 8030 	ldr.w	r8, [pc, #48]	; c154 <IziPlus_Module_GetMonitor+0x64>
    c124:	4f0a      	ldr	r7, [pc, #40]	; (c150 <IziPlus_Module_GetMonitor+0x60>)
    c126:	4634      	mov	r4, r6
    c128:	2500      	movs	r5, #0
    c12a:	f894 1336 	ldrb.w	r1, [r4, #822]	; 0x336
    c12e:	f894 0335 	ldrb.w	r0, [r4, #821]	; 0x335
    c132:	4441      	add	r1, r8
    c134:	47b8      	blx	r7
    c136:	78b3      	ldrb	r3, [r6, #2]
    c138:	3501      	adds	r5, #1
    c13a:	42ab      	cmp	r3, r5
    c13c:	f104 0416 	add.w	r4, r4, #22
    c140:	dcf3      	bgt.n	c12a <IziPlus_Module_GetMonitor+0x3a>
    c142:	4804      	ldr	r0, [pc, #16]	; (c154 <IziPlus_Module_GetMonitor+0x64>)
    c144:	e8bd 81f0 	ldmia.w	sp!, {r4, r5, r6, r7, r8, pc}
    c148:	20005834 	.word	0x20005834
    c14c:	2000f330 	.word	0x2000f330
    c150:	0000bdad 	.word	0x0000bdad
    c154:	2000f2d0 	.word	0x2000f2d0

0000c158 <IziPlus_Module_SetConfigByIndex>:
    c158:	e92d 4ff0 	stmdb	sp!, {r4, r5, r6, r7, r8, r9, sl, fp, lr}
    c15c:	f8df a074 	ldr.w	sl, [pc, #116]	; c1d4 <IziPlus_Module_SetConfigByIndex+0x7c>
    c160:	f89a 3001 	ldrb.w	r3, [sl, #1]
    c164:	b083      	sub	sp, #12
    c166:	b39b      	cbz	r3, c1d0 <IziPlus_Module_SetConfigByIndex+0x78>
    c168:	2500      	movs	r5, #0
    c16a:	4606      	mov	r6, r0
    c16c:	4688      	mov	r8, r1
    c16e:	4617      	mov	r7, r2
    c170:	f8df 9064 	ldr.w	r9, [pc, #100]	; c1d8 <IziPlus_Module_SetConfigByIndex+0x80>
    c174:	46ab      	mov	fp, r5
    c176:	4654      	mov	r4, sl
    c178:	e005      	b.n	c186 <IziPlus_Module_SetConfigByIndex+0x2e>
    c17a:	f89a 3001 	ldrb.w	r3, [sl, #1]
    c17e:	42ab      	cmp	r3, r5
    c180:	f104 0420 	add.w	r4, r4, #32
    c184:	dd18      	ble.n	c1b8 <IziPlus_Module_SetConfigByIndex+0x60>
    c186:	f894 31b6 	ldrb.w	r3, [r4, #438]	; 0x1b6
    c18a:	42b3      	cmp	r3, r6
    c18c:	f105 0501 	add.w	r5, r5, #1
    c190:	d1f3      	bne.n	c17a <IziPlus_Module_SetConfigByIndex+0x22>
    c192:	f894 31b4 	ldrb.w	r3, [r4, #436]	; 0x1b4
    c196:	42bb      	cmp	r3, r7
    c198:	d80e      	bhi.n	c1b8 <IziPlus_Module_SetConfigByIndex+0x60>
    c19a:	b98b      	cbnz	r3, c1c0 <IziPlus_Module_SetConfigByIndex+0x68>
    c19c:	1aff      	subs	r7, r7, r3
    c19e:	441e      	add	r6, r3
    c1a0:	f89a 3001 	ldrb.w	r3, [sl, #1]
    c1a4:	f10b 0b01 	add.w	fp, fp, #1
    c1a8:	42ab      	cmp	r3, r5
    c1aa:	b2ff      	uxtb	r7, r7
    c1ac:	fa5f fb8b 	uxtb.w	fp, fp
    c1b0:	b2f6      	uxtb	r6, r6
    c1b2:	f104 0420 	add.w	r4, r4, #32
    c1b6:	dce6      	bgt.n	c186 <IziPlus_Module_SetConfigByIndex+0x2e>
    c1b8:	4658      	mov	r0, fp
    c1ba:	b003      	add	sp, #12
    c1bc:	e8bd 8ff0 	ldmia.w	sp!, {r4, r5, r6, r7, r8, r9, sl, fp, pc}
    c1c0:	eb08 0106 	add.w	r1, r8, r6
    c1c4:	f894 01b5 	ldrb.w	r0, [r4, #437]	; 0x1b5
    c1c8:	9301      	str	r3, [sp, #4]
    c1ca:	47c8      	blx	r9
    c1cc:	9b01      	ldr	r3, [sp, #4]
    c1ce:	e7e5      	b.n	c19c <IziPlus_Module_SetConfigByIndex+0x44>
    c1d0:	469b      	mov	fp, r3
    c1d2:	e7f1      	b.n	c1b8 <IziPlus_Module_SetConfigByIndex+0x60>
    c1d4:	2000f330 	.word	0x2000f330
    c1d8:	0000b38d 	.word	0x0000b38d

0000c1dc <IziPlus_Module_ConfigValue>:
    c1dc:	2801      	cmp	r0, #1
    c1de:	d018      	beq.n	c212 <IziPlus_Module_ConfigValue+0x36>
    c1e0:	280c      	cmp	r0, #12
    c1e2:	d01c      	beq.n	c21e <IziPlus_Module_ConfigValue+0x42>
    c1e4:	280d      	cmp	r0, #13
    c1e6:	d021      	beq.n	c22c <IziPlus_Module_ConfigValue+0x50>
    c1e8:	2822      	cmp	r0, #34	; 0x22
    c1ea:	d00b      	beq.n	c204 <IziPlus_Module_ConfigValue+0x28>
    c1ec:	2823      	cmp	r0, #35	; 0x23
    c1ee:	d024      	beq.n	c23a <IziPlus_Module_ConfigValue+0x5e>
    c1f0:	2810      	cmp	r0, #16
    c1f2:	d029      	beq.n	c248 <IziPlus_Module_ConfigValue+0x6c>
    c1f4:	2821      	cmp	r0, #33	; 0x21
    c1f6:	d036      	beq.n	c266 <IziPlus_Module_ConfigValue+0x8a>
    c1f8:	2880      	cmp	r0, #128	; 0x80
    c1fa:	d03b      	beq.n	c274 <IziPlus_Module_ConfigValue+0x98>
    c1fc:	2881      	cmp	r0, #129	; 0x81
    c1fe:	d02a      	beq.n	c256 <IziPlus_Module_ConfigValue+0x7a>
    c200:	2000      	movs	r0, #0
    c202:	4770      	bx	lr
    c204:	4b20      	ldr	r3, [pc, #128]	; (c288 <IziPlus_Module_ConfigValue+0xac>)
    c206:	681b      	ldr	r3, [r3, #0]
    c208:	f893 3041 	ldrb.w	r3, [r3, #65]	; 0x41
    c20c:	700b      	strb	r3, [r1, #0]
    c20e:	2001      	movs	r0, #1
    c210:	4770      	bx	lr
    c212:	4b1d      	ldr	r3, [pc, #116]	; (c288 <IziPlus_Module_ConfigValue+0xac>)
    c214:	681b      	ldr	r3, [r3, #0]
    c216:	f893 3040 	ldrb.w	r3, [r3, #64]	; 0x40
    c21a:	700b      	strb	r3, [r1, #0]
    c21c:	4770      	bx	lr
    c21e:	4b1a      	ldr	r3, [pc, #104]	; (c288 <IziPlus_Module_ConfigValue+0xac>)
    c220:	681b      	ldr	r3, [r3, #0]
    c222:	f893 3042 	ldrb.w	r3, [r3, #66]	; 0x42
    c226:	700b      	strb	r3, [r1, #0]
    c228:	2001      	movs	r0, #1
    c22a:	4770      	bx	lr
    c22c:	4b16      	ldr	r3, [pc, #88]	; (c288 <IziPlus_Module_ConfigValue+0xac>)
    c22e:	681b      	ldr	r3, [r3, #0]
    c230:	f893 3043 	ldrb.w	r3, [r3, #67]	; 0x43
    c234:	700b      	strb	r3, [r1, #0]
    c236:	2001      	movs	r0, #1
    c238:	4770      	bx	lr
    c23a:	4b13      	ldr	r3, [pc, #76]	; (c288 <IziPlus_Module_ConfigValue+0xac>)
    c23c:	681b      	ldr	r3, [r3, #0]
    c23e:	f893 3046 	ldrb.w	r3, [r3, #70]	; 0x46
    c242:	700b      	strb	r3, [r1, #0]
    c244:	2001      	movs	r0, #1
    c246:	4770      	bx	lr
    c248:	4b0f      	ldr	r3, [pc, #60]	; (c288 <IziPlus_Module_ConfigValue+0xac>)
    c24a:	681b      	ldr	r3, [r3, #0]
    c24c:	f893 3044 	ldrb.w	r3, [r3, #68]	; 0x44
    c250:	700b      	strb	r3, [r1, #0]
    c252:	2001      	movs	r0, #1
    c254:	4770      	bx	lr
    c256:	4b0c      	ldr	r3, [pc, #48]	; (c288 <IziPlus_Module_ConfigValue+0xac>)
    c258:	681b      	ldr	r3, [r3, #0]
    c25a:	f893 303d 	ldrb.w	r3, [r3, #61]	; 0x3d
    c25e:	091b      	lsrs	r3, r3, #4
    c260:	700b      	strb	r3, [r1, #0]
    c262:	2001      	movs	r0, #1
    c264:	4770      	bx	lr
    c266:	4b08      	ldr	r3, [pc, #32]	; (c288 <IziPlus_Module_ConfigValue+0xac>)
    c268:	681b      	ldr	r3, [r3, #0]
    c26a:	f893 3045 	ldrb.w	r3, [r3, #69]	; 0x45
    c26e:	700b      	strb	r3, [r1, #0]
    c270:	2001      	movs	r0, #1
    c272:	4770      	bx	lr
    c274:	4b04      	ldr	r3, [pc, #16]	; (c288 <IziPlus_Module_ConfigValue+0xac>)
    c276:	681b      	ldr	r3, [r3, #0]
    c278:	f893 303d 	ldrb.w	r3, [r3, #61]	; 0x3d
    c27c:	f003 030f 	and.w	r3, r3, #15
    c280:	700b      	strb	r3, [r1, #0]
    c282:	2001      	movs	r0, #1
    c284:	4770      	bx	lr
    c286:	bf00      	nop
    c288:	2000eed4 	.word	0x2000eed4

0000c28c <IziPlus_Module_GetConfig>:
    c28c:	b5f8      	push	{r3, r4, r5, r6, r7, lr}
    c28e:	4d0a      	ldr	r5, [pc, #40]	; (c2b8 <IziPlus_Module_GetConfig+0x2c>)
    c290:	786b      	ldrb	r3, [r5, #1]
    c292:	b17b      	cbz	r3, c2b4 <IziPlus_Module_GetConfig+0x28>
    c294:	4f09      	ldr	r7, [pc, #36]	; (c2bc <IziPlus_Module_GetConfig+0x30>)
    c296:	4e0a      	ldr	r6, [pc, #40]	; (c2c0 <IziPlus_Module_GetConfig+0x34>)
    c298:	462a      	mov	r2, r5
    c29a:	2400      	movs	r4, #0
    c29c:	f892 11b6 	ldrb.w	r1, [r2, #438]	; 0x1b6
    c2a0:	f892 01b5 	ldrb.w	r0, [r2, #437]	; 0x1b5
    c2a4:	4439      	add	r1, r7
    c2a6:	47b0      	blx	r6
    c2a8:	786b      	ldrb	r3, [r5, #1]
    c2aa:	3401      	adds	r4, #1
    c2ac:	42a3      	cmp	r3, r4
    c2ae:	f102 0220 	add.w	r2, r2, #32
    c2b2:	dcf3      	bgt.n	c29c <IziPlus_Module_GetConfig+0x10>
    c2b4:	4801      	ldr	r0, [pc, #4]	; (c2bc <IziPlus_Module_GetConfig+0x30>)
    c2b6:	bdf8      	pop	{r3, r4, r5, r6, r7, pc}
    c2b8:	2000f330 	.word	0x2000f330
    c2bc:	2000f2f0 	.word	0x2000f2f0
    c2c0:	0000c1dd 	.word	0x0000c1dd

0000c2c4 <IziPlus_Module_SetIdentify>:
    c2c4:	e92d 41f0 	stmdb	sp!, {r4, r5, r6, r7, r8, lr}
    c2c8:	460c      	mov	r4, r1
    c2ca:	b369      	cbz	r1, c328 <IziPlus_Module_SetIdentify+0x64>
    c2cc:	29df      	cmp	r1, #223	; 0xdf
    c2ce:	4605      	mov	r5, r0
    c2d0:	bf0c      	ite	eq
    c2d2:	2601      	moveq	r6, #1
    c2d4:	2600      	movne	r6, #0
    c2d6:	d034      	beq.n	c342 <IziPlus_Module_SetIdentify+0x7e>
    c2d8:	f44f 7316 	mov.w	r3, #600	; 0x258
    c2dc:	fb03 f301 	mul.w	r3, r3, r1
    c2e0:	f64f 72ff 	movw	r2, #65535	; 0xffff
    c2e4:	4293      	cmp	r3, r2
    c2e6:	bf28      	it	cs
    c2e8:	4613      	movcs	r3, r2
    c2ea:	b29f      	uxth	r7, r3
    c2ec:	ebc4 1204 	rsb	r2, r4, r4, lsl #4
    c2f0:	0092      	lsls	r2, r2, #2
    c2f2:	f243 3433 	movw	r4, #13107	; 0x3333
    c2f6:	42a2      	cmp	r2, r4
    c2f8:	bf28      	it	cs
    c2fa:	4622      	movcs	r2, r4
    c2fc:	2302      	movs	r3, #2
    c2fe:	4619      	mov	r1, r3
    c300:	b292      	uxth	r2, r2
    c302:	2004      	movs	r0, #4
    c304:	4c10      	ldr	r4, [pc, #64]	; (c348 <IziPlus_Module_SetIdentify+0x84>)
    c306:	47a0      	blx	r4
    c308:	4a10      	ldr	r2, [pc, #64]	; (c34c <IziPlus_Module_SetIdentify+0x88>)
    c30a:	4b11      	ldr	r3, [pc, #68]	; (c350 <IziPlus_Module_SetIdentify+0x8c>)
    c30c:	7811      	ldrb	r1, [r2, #0]
    c30e:	829f      	strh	r7, [r3, #20]
    c310:	2401      	movs	r4, #1
    c312:	f364 1146 	bfi	r1, r4, #5, #2
    c316:	7011      	strb	r1, [r2, #0]
    c318:	2400      	movs	r4, #0
    c31a:	82dd      	strh	r5, [r3, #22]
    c31c:	835e      	strh	r6, [r3, #26]
    c31e:	811c      	strh	r4, [r3, #8]
    c320:	480c      	ldr	r0, [pc, #48]	; (c354 <IziPlus_Module_SetIdentify+0x90>)
    c322:	e8bd 41f0 	ldmia.w	sp!, {r4, r5, r6, r7, r8, lr}
    c326:	4700      	bx	r0
    c328:	4b0b      	ldr	r3, [pc, #44]	; (c358 <IziPlus_Module_SetIdentify+0x94>)
    c32a:	4798      	blx	r3
    c32c:	4a07      	ldr	r2, [pc, #28]	; (c34c <IziPlus_Module_SetIdentify+0x88>)
    c32e:	4b08      	ldr	r3, [pc, #32]	; (c350 <IziPlus_Module_SetIdentify+0x8c>)
    c330:	7811      	ldrb	r1, [r2, #0]
    c332:	835c      	strh	r4, [r3, #26]
    c334:	f364 1146 	bfi	r1, r4, #5, #2
    c338:	2001      	movs	r0, #1
    c33a:	7011      	strb	r1, [r2, #0]
    c33c:	8298      	strh	r0, [r3, #20]
    c33e:	e8bd 81f0 	ldmia.w	sp!, {r4, r5, r6, r7, r8, pc}
    c342:	271e      	movs	r7, #30
    c344:	e7d2      	b.n	c2ec <IziPlus_Module_SetIdentify+0x28>
    c346:	bf00      	nop
    c348:	0000d8c1 	.word	0x0000d8c1
    c34c:	2000f328 	.word	0x2000f328
    c350:	20005834 	.word	0x20005834
    c354:	0000e105 	.word	0x0000e105
    c358:	0000d8e9 	.word	0x0000d8e9

0000c35c <IziPlus_Module_IsChangeover>:
    c35c:	4b04      	ldr	r3, [pc, #16]	; (c370 <IziPlus_Module_IsChangeover+0x14>)
    c35e:	681b      	ldr	r3, [r3, #0]
    c360:	f893 003c 	ldrb.w	r0, [r3, #60]	; 0x3c
    c364:	2807      	cmp	r0, #7
    c366:	bf94      	ite	ls
    c368:	2000      	movls	r0, #0
    c36a:	2001      	movhi	r0, #1
    c36c:	4770      	bx	lr
    c36e:	bf00      	nop
    c370:	2000eed4 	.word	0x2000eed4

0000c374 <IziPlus_Module_IsDual>:
    c374:	4b07      	ldr	r3, [pc, #28]	; (c394 <IziPlus_Module_IsDual+0x20>)
    c376:	681b      	ldr	r3, [r3, #0]
    c378:	f893 003c 	ldrb.w	r0, [r3, #60]	; 0x3c
    c37c:	2803      	cmp	r0, #3
    c37e:	d906      	bls.n	c38e <IziPlus_Module_IsDual+0x1a>
    c380:	f000 0003 	and.w	r0, r0, #3
    c384:	2801      	cmp	r0, #1
    c386:	bf94      	ite	ls
    c388:	2000      	movls	r0, #0
    c38a:	2001      	movhi	r0, #1
    c38c:	4770      	bx	lr
    c38e:	2000      	movs	r0, #0
    c390:	4770      	bx	lr
    c392:	bf00      	nop
    c394:	2000eed4 	.word	0x2000eed4

0000c398 <IziPlus_Module_GetDim>:
    c398:	e92d 43f8 	stmdb	sp!, {r3, r4, r5, r6, r7, r8, r9, lr}
    c39c:	4b73      	ldr	r3, [pc, #460]	; (c56c <IziPlus_Module_GetDim+0x1d4>)
    c39e:	681a      	ldr	r2, [r3, #0]
    c3a0:	f892 303c 	ldrb.w	r3, [r2, #60]	; 0x3c
    c3a4:	4606      	mov	r6, r0
    c3a6:	b34b      	cbz	r3, c3fc <IziPlus_Module_GetDim+0x64>
    c3a8:	f8df 81d4 	ldr.w	r8, [pc, #468]	; c580 <IziPlus_Module_GetDim+0x1e8>
    c3ac:	f892 2044 	ldrb.w	r2, [r2, #68]	; 0x44
    c3b0:	486f      	ldr	r0, [pc, #444]	; (c570 <IziPlus_Module_GetDim+0x1d8>)
    c3b2:	eb08 0106 	add.w	r1, r8, r6
    c3b6:	eb01 0182 	add.w	r1, r1, r2, lsl #2
    c3ba:	f240 2212 	movw	r2, #530	; 0x212
    c3be:	f891 73e8 	ldrb.w	r7, [r1, #1000]	; 0x3e8
    c3c2:	fb02 0206 	mla	r2, r2, r6, r0
    c3c6:	2b01      	cmp	r3, #1
    c3c8:	4638      	mov	r0, r7
    c3ca:	f882 71f7 	strb.w	r7, [r2, #503]	; 0x1f7
    c3ce:	d12c      	bne.n	c42a <IziPlus_Module_GetDim+0x92>
    c3d0:	4d68      	ldr	r5, [pc, #416]	; (c574 <IziPlus_Module_GetDim+0x1dc>)
    c3d2:	882b      	ldrh	r3, [r5, #0]
    c3d4:	b29b      	uxth	r3, r3
    c3d6:	2b00      	cmp	r3, #0
    c3d8:	d04d      	beq.n	c476 <IziPlus_Module_GetDim+0xde>
    c3da:	4b67      	ldr	r3, [pc, #412]	; (c578 <IziPlus_Module_GetDim+0x1e0>)
    c3dc:	5ddc      	ldrb	r4, [r3, r7]
    c3de:	8828      	ldrh	r0, [r5, #0]
    c3e0:	b280      	uxth	r0, r0
    c3e2:	2800      	cmp	r0, #0
    c3e4:	d059      	beq.n	c49a <IziPlus_Module_GetDim+0x102>
    c3e6:	2cff      	cmp	r4, #255	; 0xff
    c3e8:	d054      	beq.n	c494 <IziPlus_Module_GetDim+0xfc>
    c3ea:	20ff      	movs	r0, #255	; 0xff
    c3ec:	fb10 f004 	smulbb	r0, r0, r4
    c3f0:	b280      	uxth	r0, r0
    c3f2:	eb05 0546 	add.w	r5, r5, r6, lsl #1
    c3f6:	8428      	strh	r0, [r5, #32]
    c3f8:	e8bd 83f8 	ldmia.w	sp!, {r3, r4, r5, r6, r7, r8, r9, pc}
    c3fc:	495c      	ldr	r1, [pc, #368]	; (c570 <IziPlus_Module_GetDim+0x1d8>)
    c3fe:	f240 2212 	movw	r2, #530	; 0x212
    c402:	fb02 1200 	mla	r2, r2, r0, r1
    c406:	4618      	mov	r0, r3
    c408:	f882 31f7 	strb.w	r3, [r2, #503]	; 0x1f7
    c40c:	4d59      	ldr	r5, [pc, #356]	; (c574 <IziPlus_Module_GetDim+0x1dc>)
    c40e:	882b      	ldrh	r3, [r5, #0]
    c410:	b29b      	uxth	r3, r3
    c412:	2b00      	cmp	r3, #0
    c414:	d034      	beq.n	c480 <IziPlus_Module_GetDim+0xe8>
    c416:	4b58      	ldr	r3, [pc, #352]	; (c578 <IziPlus_Module_GetDim+0x1e0>)
    c418:	5c18      	ldrb	r0, [r3, r0]
    c41a:	eb05 0546 	add.w	r5, r5, r6, lsl #1
    c41e:	ea40 2000 	orr.w	r0, r0, r0, lsl #8
    c422:	b280      	uxth	r0, r0
    c424:	8428      	strh	r0, [r5, #32]
    c426:	e8bd 83f8 	ldmia.w	sp!, {r3, r4, r5, r6, r7, r8, r9, pc}
    c42a:	2b03      	cmp	r3, #3
    c42c:	d00c      	beq.n	c448 <IziPlus_Module_GetDim+0xb0>
    c42e:	d9ed      	bls.n	c40c <IziPlus_Module_GetDim+0x74>
    c430:	f013 0201 	ands.w	r2, r3, #1
    c434:	d137      	bne.n	c4a6 <IziPlus_Module_GetDim+0x10e>
    c436:	2b07      	cmp	r3, #7
    c438:	d95a      	bls.n	c4f0 <IziPlus_Module_GetDim+0x158>
    c43a:	f003 0303 	and.w	r3, r3, #3
    c43e:	2b01      	cmp	r3, #1
    c440:	d8e4      	bhi.n	c40c <IziPlus_Module_GetDim+0x74>
    c442:	f000 00fd 	and.w	r0, r0, #253	; 0xfd
    c446:	e7e1      	b.n	c40c <IziPlus_Module_GetDim+0x74>
    c448:	4d4a      	ldr	r5, [pc, #296]	; (c574 <IziPlus_Module_GetDim+0x1dc>)
    c44a:	882b      	ldrh	r3, [r5, #0]
    c44c:	b23f      	sxth	r7, r7
    c44e:	b29b      	uxth	r3, r3
    c450:	ea4f 0947 	mov.w	r9, r7, lsl #1
    c454:	b1c3      	cbz	r3, c488 <IziPlus_Module_GetDim+0xf0>
    c456:	4b48      	ldr	r3, [pc, #288]	; (c578 <IziPlus_Module_GetDim+0x1e0>)
    c458:	f8df 8120 	ldr.w	r8, [pc, #288]	; c57c <IziPlus_Module_GetDim+0x1e4>
    c45c:	f813 4017 	ldrb.w	r4, [r3, r7, lsl #1]
    c460:	f109 0001 	add.w	r0, r9, #1
    c464:	47c0      	blx	r8
    c466:	eb05 0546 	add.w	r5, r5, r6, lsl #1
    c46a:	ea40 2004 	orr.w	r0, r0, r4, lsl #8
    c46e:	b280      	uxth	r0, r0
    c470:	8428      	strh	r0, [r5, #32]
    c472:	e8bd 83f8 	ldmia.w	sp!, {r3, r4, r5, r6, r7, r8, r9, pc}
    c476:	1c78      	adds	r0, r7, #1
    c478:	4b40      	ldr	r3, [pc, #256]	; (c57c <IziPlus_Module_GetDim+0x1e4>)
    c47a:	4798      	blx	r3
    c47c:	b284      	uxth	r4, r0
    c47e:	e7ae      	b.n	c3de <IziPlus_Module_GetDim+0x46>
    c480:	4b3e      	ldr	r3, [pc, #248]	; (c57c <IziPlus_Module_GetDim+0x1e4>)
    c482:	4798      	blx	r3
    c484:	b280      	uxth	r0, r0
    c486:	e7c8      	b.n	c41a <IziPlus_Module_GetDim+0x82>
    c488:	4648      	mov	r0, r9
    c48a:	f8df 80f0 	ldr.w	r8, [pc, #240]	; c57c <IziPlus_Module_GetDim+0x1e4>
    c48e:	47c0      	blx	r8
    c490:	b284      	uxth	r4, r0
    c492:	e7e5      	b.n	c460 <IziPlus_Module_GetDim+0xc8>
    c494:	f64f 70ff 	movw	r0, #65535	; 0xffff
    c498:	e7ab      	b.n	c3f2 <IziPlus_Module_GetDim+0x5a>
    c49a:	4b38      	ldr	r3, [pc, #224]	; (c57c <IziPlus_Module_GetDim+0x1e4>)
    c49c:	4798      	blx	r3
    c49e:	b280      	uxth	r0, r0
    c4a0:	28ff      	cmp	r0, #255	; 0xff
    c4a2:	d1a3      	bne.n	c3ec <IziPlus_Module_GetDim+0x54>
    c4a4:	e79f      	b.n	c3e6 <IziPlus_Module_GetDim+0x4e>
    c4a6:	2b07      	cmp	r3, #7
    c4a8:	d019      	beq.n	c4de <IziPlus_Module_GetDim+0x146>
    c4aa:	2b0b      	cmp	r3, #11
    c4ac:	d017      	beq.n	c4de <IziPlus_Module_GetDim+0x146>
    c4ae:	2000      	movs	r0, #0
    c4b0:	4d30      	ldr	r5, [pc, #192]	; (c574 <IziPlus_Module_GetDim+0x1dc>)
    c4b2:	882b      	ldrh	r3, [r5, #0]
    c4b4:	b29b      	uxth	r3, r3
    c4b6:	b1bb      	cbz	r3, c4e8 <IziPlus_Module_GetDim+0x150>
    c4b8:	4b2f      	ldr	r3, [pc, #188]	; (c578 <IziPlus_Module_GetDim+0x1e0>)
    c4ba:	5c18      	ldrb	r0, [r3, r0]
    c4bc:	07fb      	lsls	r3, r7, #31
    c4be:	d5ac      	bpl.n	c41a <IziPlus_Module_GetDim+0x82>
    c4c0:	8aab      	ldrh	r3, [r5, #20]
    c4c2:	2b00      	cmp	r3, #0
    c4c4:	d1a9      	bne.n	c41a <IziPlus_Module_GetDim+0x82>
    c4c6:	f1a0 033f 	sub.w	r3, r0, #63	; 0x3f
    c4ca:	b29a      	uxth	r2, r3
    c4cc:	2abf      	cmp	r2, #191	; 0xbf
    c4ce:	d931      	bls.n	c534 <IziPlus_Module_GetDim+0x19c>
    c4d0:	28ff      	cmp	r0, #255	; 0xff
    c4d2:	f04f 30ff 	mov.w	r0, #4294967295
    c4d6:	bf18      	it	ne
    c4d8:	2000      	movne	r0, #0
    c4da:	b280      	uxth	r0, r0
    c4dc:	e789      	b.n	c3f2 <IziPlus_Module_GetDim+0x5a>
    c4de:	2f01      	cmp	r7, #1
    c4e0:	bfd4      	ite	le
    c4e2:	2000      	movle	r0, #0
    c4e4:	2001      	movgt	r0, #1
    c4e6:	e7e3      	b.n	c4b0 <IziPlus_Module_GetDim+0x118>
    c4e8:	4b24      	ldr	r3, [pc, #144]	; (c57c <IziPlus_Module_GetDim+0x1e4>)
    c4ea:	4798      	blx	r3
    c4ec:	b280      	uxth	r0, r0
    c4ee:	e7e5      	b.n	c4bc <IziPlus_Module_GetDim+0x124>
    c4f0:	2b04      	cmp	r3, #4
    c4f2:	d031      	beq.n	c558 <IziPlus_Module_GetDim+0x1c0>
    c4f4:	2b06      	cmp	r3, #6
    c4f6:	bf15      	itete	ne
    c4f8:	f007 0901 	andne.w	r9, r7, #1
    c4fc:	f007 0202 	andeq.w	r2, r7, #2
    c500:	2701      	movne	r7, #1
    c502:	f007 0901 	andeq.w	r9, r7, #1
    c506:	4d1b      	ldr	r5, [pc, #108]	; (c574 <IziPlus_Module_GetDim+0x1dc>)
    c508:	882b      	ldrh	r3, [r5, #0]
    c50a:	b29b      	uxth	r3, r3
    c50c:	b1fb      	cbz	r3, c54e <IziPlus_Module_GetDim+0x1b6>
    c50e:	4b1a      	ldr	r3, [pc, #104]	; (c578 <IziPlus_Module_GetDim+0x1e0>)
    c510:	5c9c      	ldrb	r4, [r3, r2]
    c512:	f1b9 0f00 	cmp.w	r9, #0
    c516:	d016      	beq.n	c546 <IziPlus_Module_GetDim+0x1ae>
    c518:	882b      	ldrh	r3, [r5, #0]
    c51a:	b29b      	uxth	r3, r3
    c51c:	b303      	cbz	r3, c560 <IziPlus_Module_GetDim+0x1c8>
    c51e:	4b16      	ldr	r3, [pc, #88]	; (c578 <IziPlus_Module_GetDim+0x1e0>)
    c520:	5dd8      	ldrb	r0, [r3, r7]
    c522:	4480      	add	r8, r0
    c524:	2cff      	cmp	r4, #255	; 0xff
    c526:	f898 0448 	ldrb.w	r0, [r8, #1096]	; 0x448
    c52a:	f47f af5f 	bne.w	c3ec <IziPlus_Module_GetDim+0x54>
    c52e:	ea40 2000 	orr.w	r0, r0, r0, lsl #8
    c532:	e75e      	b.n	c3f2 <IziPlus_Module_GetDim+0x5a>
    c534:	eb03 02c3 	add.w	r2, r3, r3, lsl #3
    c538:	eb03 0342 	add.w	r3, r3, r2, lsl #1
    c53c:	eb03 03c3 	add.w	r3, r3, r3, lsl #3
    c540:	0058      	lsls	r0, r3, #1
    c542:	b280      	uxth	r0, r0
    c544:	e755      	b.n	c3f2 <IziPlus_Module_GetDim+0x5a>
    c546:	ea44 2004 	orr.w	r0, r4, r4, lsl #8
    c54a:	b280      	uxth	r0, r0
    c54c:	e751      	b.n	c3f2 <IziPlus_Module_GetDim+0x5a>
    c54e:	4610      	mov	r0, r2
    c550:	4b0a      	ldr	r3, [pc, #40]	; (c57c <IziPlus_Module_GetDim+0x1e4>)
    c552:	4798      	blx	r3
    c554:	b284      	uxth	r4, r0
    c556:	e7dc      	b.n	c512 <IziPlus_Module_GetDim+0x17a>
    c558:	f007 0701 	and.w	r7, r7, #1
    c55c:	46b9      	mov	r9, r7
    c55e:	e7d2      	b.n	c506 <IziPlus_Module_GetDim+0x16e>
    c560:	4638      	mov	r0, r7
    c562:	4b06      	ldr	r3, [pc, #24]	; (c57c <IziPlus_Module_GetDim+0x1e4>)
    c564:	4798      	blx	r3
    c566:	b280      	uxth	r0, r0
    c568:	e7db      	b.n	c522 <IziPlus_Module_GetDim+0x18a>
    c56a:	bf00      	nop
    c56c:	2000eed4 	.word	0x2000eed4
    c570:	20002204 	.word	0x20002204
    c574:	20005834 	.word	0x20005834
    c578:	2000f310 	.word	0x2000f310
    c57c:	00004725 	.word	0x00004725
    c580:	000113e4 	.word	0x000113e4

0000c584 <IziPlus_Module_GetChannelAmount>:
    c584:	4b01      	ldr	r3, [pc, #4]	; (c58c <IziPlus_Module_GetChannelAmount+0x8>)
    c586:	78d8      	ldrb	r0, [r3, #3]
    c588:	4770      	bx	lr
    c58a:	bf00      	nop
    c58c:	20005834 	.word	0x20005834

0000c590 <IziPlus_Module_GetChannelAmountTemp>:
    c590:	4b08      	ldr	r3, [pc, #32]	; (c5b4 <IziPlus_Module_GetChannelAmountTemp+0x24>)
    c592:	4a09      	ldr	r2, [pc, #36]	; (c5b8 <IziPlus_Module_GetChannelAmountTemp+0x28>)
    c594:	681b      	ldr	r3, [r3, #0]
    c596:	7811      	ldrb	r1, [r2, #0]
    c598:	f893 303c 	ldrb.w	r3, [r3, #60]	; 0x3c
    c59c:	4299      	cmp	r1, r3
    c59e:	d802      	bhi.n	c5a6 <IziPlus_Module_GetChannelAmountTemp+0x16>
    c5a0:	4b06      	ldr	r3, [pc, #24]	; (c5bc <IziPlus_Module_GetChannelAmountTemp+0x2c>)
    c5a2:	78d8      	ldrb	r0, [r3, #3]
    c5a4:	4770      	bx	lr
    c5a6:	eb03 03c3 	add.w	r3, r3, r3, lsl #3
    c5aa:	eb02 0383 	add.w	r3, r2, r3, lsl #2
    c5ae:	7918      	ldrb	r0, [r3, #4]
    c5b0:	4770      	bx	lr
    c5b2:	bf00      	nop
    c5b4:	2000eed4 	.word	0x2000eed4
    c5b8:	2000f330 	.word	0x2000f330
    c5bc:	20005834 	.word	0x20005834

0000c5c0 <IziPlus_Module_GetHwRevision>:
    c5c0:	4b00      	ldr	r3, [pc, #0]	; (c5c4 <IziPlus_Module_GetHwRevision+0x4>)
    c5c2:	4718      	bx	r3
    c5c4:	00008991 	.word	0x00008991

0000c5c8 <IziPlus_Module_GetVariant>:
    c5c8:	4b00      	ldr	r3, [pc, #0]	; (c5cc <IziPlus_Module_GetVariant+0x4>)
    c5ca:	4718      	bx	r3
    c5cc:	00008a59 	.word	0x00008a59

0000c5d0 <IziPlus_Module_GetAppVersion>:
    c5d0:	4b05      	ldr	r3, [pc, #20]	; (c5e8 <IziPlus_Module_GetAppVersion+0x18>)
    c5d2:	8859      	ldrh	r1, [r3, #2]
    c5d4:	785a      	ldrb	r2, [r3, #1]
    c5d6:	781b      	ldrb	r3, [r3, #0]
    c5d8:	2000      	movs	r0, #0
    c5da:	f361 000f 	bfi	r0, r1, #0, #16
    c5de:	f362 4017 	bfi	r0, r2, #16, #8
    c5e2:	f363 601f 	bfi	r0, r3, #24, #8
    c5e6:	4770      	bx	lr
    c5e8:	0001ff00 	.word	0x0001ff00

0000c5ec <IziPlus_Module_GetBootVersion>:
    c5ec:	f643 73fc 	movw	r3, #16380	; 0x3ffc
    c5f0:	2000      	movs	r0, #0
    c5f2:	8859      	ldrh	r1, [r3, #2]
    c5f4:	785a      	ldrb	r2, [r3, #1]
    c5f6:	781b      	ldrb	r3, [r3, #0]
    c5f8:	f361 000f 	bfi	r0, r1, #0, #16
    c5fc:	f362 4017 	bfi	r0, r2, #16, #8
    c600:	f363 601f 	bfi	r0, r3, #24, #8
    c604:	4770      	bx	lr
    c606:	bf00      	nop

0000c608 <IziPlus_Module_GetImageVersion>:
    c608:	4b05      	ldr	r3, [pc, #20]	; (c620 <IziPlus_Module_GetImageVersion+0x18>)
    c60a:	8859      	ldrh	r1, [r3, #2]
    c60c:	785a      	ldrb	r2, [r3, #1]
    c60e:	781b      	ldrb	r3, [r3, #0]
    c610:	2000      	movs	r0, #0
    c612:	f361 000f 	bfi	r0, r1, #0, #16
    c616:	f362 4017 	bfi	r0, r2, #16, #8
    c61a:	f363 601f 	bfi	r0, r3, #24, #8
    c61e:	4770      	bx	lr
    c620:	00037f00 	.word	0x00037f00

0000c624 <IziPlus_Module_GetTypedefVersion>:
    c624:	2314      	movs	r3, #20
    c626:	f04f 0000 	mov.w	r0, #0
    c62a:	f363 0007 	bfi	r0, r3, #0, #8
    c62e:	2302      	movs	r3, #2
    c630:	f363 200f 	bfi	r0, r3, #8, #8
    c634:	4770      	bx	lr
    c636:	bf00      	nop

0000c638 <IziPlus_Module_GetLedtableVersion>:
    c638:	f04f 0000 	mov.w	r0, #0
    c63c:	4770      	bx	lr
    c63e:	bf00      	nop

0000c640 <IziPlus_Module_GetMemoryVersion>:
    c640:	2007      	movs	r0, #7
    c642:	4770      	bx	lr

0000c644 <IziPlus_Module_IsOverruled>:
    c644:	4b03      	ldr	r3, [pc, #12]	; (c654 <IziPlus_Module_IsOverruled+0x10>)
    c646:	8818      	ldrh	r0, [r3, #0]
    c648:	b280      	uxth	r0, r0
    c64a:	3000      	adds	r0, #0
    c64c:	bf18      	it	ne
    c64e:	2001      	movne	r0, #1
    c650:	4770      	bx	lr
    c652:	bf00      	nop
    c654:	20005834 	.word	0x20005834

0000c658 <IziPlus_Module_Test>:
    c658:	2803      	cmp	r0, #3
    c65a:	b510      	push	{r4, lr}
    c65c:	4b10      	ldr	r3, [pc, #64]	; (c6a0 <IziPlus_Module_Test+0x48>)
    c65e:	d90c      	bls.n	c67a <IziPlus_Module_Test+0x22>
    c660:	7e18      	ldrb	r0, [r3, #24]
    c662:	4282      	cmp	r2, r0
    c664:	d202      	bcs.n	c66c <IziPlus_Module_Test+0x14>
    c666:	8818      	ldrh	r0, [r3, #0]
    c668:	b280      	uxth	r0, r0
    c66a:	b9a8      	cbnz	r0, c698 <IziPlus_Module_Test+0x40>
    c66c:	f04f 30ff 	mov.w	r0, #4294967295
    c670:	4c0c      	ldr	r4, [pc, #48]	; (c6a4 <IziPlus_Module_Test+0x4c>)
    c672:	761a      	strb	r2, [r3, #24]
    c674:	47a0      	blx	r4
    c676:	2001      	movs	r0, #1
    c678:	bd10      	pop	{r4, pc}
    c67a:	7e1c      	ldrb	r4, [r3, #24]
    c67c:	42a2      	cmp	r2, r4
    c67e:	d202      	bcs.n	c686 <IziPlus_Module_Test+0x2e>
    c680:	881c      	ldrh	r4, [r3, #0]
    c682:	b2a4      	uxth	r4, r4
    c684:	b954      	cbnz	r4, c69c <IziPlus_Module_Test+0x44>
    c686:	24ff      	movs	r4, #255	; 0xff
    c688:	00c0      	lsls	r0, r0, #3
    c68a:	fa04 f000 	lsl.w	r0, r4, r0
    c68e:	4c05      	ldr	r4, [pc, #20]	; (c6a4 <IziPlus_Module_Test+0x4c>)
    c690:	761a      	strb	r2, [r3, #24]
    c692:	47a0      	blx	r4
    c694:	2000      	movs	r0, #0
    c696:	bd10      	pop	{r4, pc}
    c698:	2001      	movs	r0, #1
    c69a:	bd10      	pop	{r4, pc}
    c69c:	2000      	movs	r0, #0
    c69e:	bd10      	pop	{r4, pc}
    c6a0:	20005834 	.word	0x20005834
    c6a4:	0000b439 	.word	0x0000b439

0000c6a8 <IziPlus_Module_Overrule_Chx>:
    c6a8:	b470      	push	{r4, r5, r6}
    c6aa:	4c09      	ldr	r4, [pc, #36]	; (c6d0 <IziPlus_Module_Overrule_Chx+0x28>)
    c6ac:	7e25      	ldrb	r5, [r4, #24]
    c6ae:	429d      	cmp	r5, r3
    c6b0:	d902      	bls.n	c6b8 <IziPlus_Module_Overrule_Chx+0x10>
    c6b2:	8825      	ldrh	r5, [r4, #0]
    c6b4:	b2ad      	uxth	r5, r5
    c6b6:	b945      	cbnz	r5, c6ca <IziPlus_Module_Overrule_Chx+0x22>
    c6b8:	4e06      	ldr	r6, [pc, #24]	; (c6d4 <IziPlus_Module_Overrule_Chx+0x2c>)
    c6ba:	7623      	strb	r3, [r4, #24]
    c6bc:	4d06      	ldr	r5, [pc, #24]	; (c6d8 <IziPlus_Module_Overrule_Chx+0x30>)
    c6be:	fba6 3202 	umull	r3, r2, r6, r2
    c6c2:	f3c2 124f 	ubfx	r2, r2, #5, #16
    c6c6:	5429      	strb	r1, [r5, r0]
    c6c8:	8022      	strh	r2, [r4, #0]
    c6ca:	bc70      	pop	{r4, r5, r6}
    c6cc:	4770      	bx	lr
    c6ce:	bf00      	nop
    c6d0:	20005834 	.word	0x20005834
    c6d4:	51eb851f 	.word	0x51eb851f
    c6d8:	2000f310 	.word	0x2000f310

0000c6dc <IziPlus_Module_Overrule_Ch1234>:
    c6dc:	b410      	push	{r4}
    c6de:	4b08      	ldr	r3, [pc, #32]	; (c700 <IziPlus_Module_Overrule_Ch1234+0x24>)
    c6e0:	7e1c      	ldrb	r4, [r3, #24]
    c6e2:	4294      	cmp	r4, r2
    c6e4:	d902      	bls.n	c6ec <IziPlus_Module_Overrule_Ch1234+0x10>
    c6e6:	881c      	ldrh	r4, [r3, #0]
    c6e8:	b2a4      	uxth	r4, r4
    c6ea:	b92c      	cbnz	r4, c6f8 <IziPlus_Module_Overrule_Ch1234+0x1c>
    c6ec:	4c05      	ldr	r4, [pc, #20]	; (c704 <IziPlus_Module_Overrule_Ch1234+0x28>)
    c6ee:	761a      	strb	r2, [r3, #24]
    c6f0:	4623      	mov	r3, r4
    c6f2:	f85d 4b04 	ldr.w	r4, [sp], #4
    c6f6:	4718      	bx	r3
    c6f8:	f85d 4b04 	ldr.w	r4, [sp], #4
    c6fc:	4770      	bx	lr
    c6fe:	bf00      	nop
    c700:	20005834 	.word	0x20005834
    c704:	0000b439 	.word	0x0000b439

0000c708 <IziPlus_NoComCheck>:
    c708:	b5f8      	push	{r3, r4, r5, r6, r7, lr}
    c70a:	4b30      	ldr	r3, [pc, #192]	; (c7cc <IziPlus_NoComCheck+0xc4>)
    c70c:	4798      	blx	r3
    c70e:	b120      	cbz	r0, c71a <IziPlus_NoComCheck+0x12>
    c710:	4b2f      	ldr	r3, [pc, #188]	; (c7d0 <IziPlus_NoComCheck+0xc8>)
    c712:	2201      	movs	r2, #1
    c714:	f883 202c 	strb.w	r2, [r3, #44]	; 0x2c
    c718:	bdf8      	pop	{r3, r4, r5, r6, r7, pc}
    c71a:	4b2e      	ldr	r3, [pc, #184]	; (c7d4 <IziPlus_NoComCheck+0xcc>)
    c71c:	4798      	blx	r3
    c71e:	f241 736f 	movw	r3, #5999	; 0x176f
    c722:	4298      	cmp	r0, r3
    c724:	d927      	bls.n	c776 <IziPlus_NoComCheck+0x6e>
    c726:	4d2a      	ldr	r5, [pc, #168]	; (c7d0 <IziPlus_NoComCheck+0xc8>)
    c728:	f895 302c 	ldrb.w	r3, [r5, #44]	; 0x2c
    c72c:	bb23      	cbnz	r3, c778 <IziPlus_NoComCheck+0x70>
    c72e:	4b2a      	ldr	r3, [pc, #168]	; (c7d8 <IziPlus_NoComCheck+0xd0>)
    c730:	681b      	ldr	r3, [r3, #0]
    c732:	f893 303d 	ldrb.w	r3, [r3, #61]	; 0x3d
    c736:	f003 030f 	and.w	r3, r3, #15
    c73a:	2b02      	cmp	r3, #2
    c73c:	d023      	beq.n	c786 <IziPlus_NoComCheck+0x7e>
    c73e:	2b00      	cmp	r3, #0
    c740:	d138      	bne.n	c7b4 <IziPlus_NoComCheck+0xac>
    c742:	f895 402d 	ldrb.w	r4, [r5, #45]	; 0x2d
    c746:	2c00      	cmp	r4, #0
    c748:	d136      	bne.n	c7b8 <IziPlus_NoComCheck+0xb0>
    c74a:	78eb      	ldrb	r3, [r5, #3]
    c74c:	b183      	cbz	r3, c770 <IziPlus_NoComCheck+0x68>
    c74e:	4e23      	ldr	r6, [pc, #140]	; (c7dc <IziPlus_NoComCheck+0xd4>)
    c750:	4f23      	ldr	r7, [pc, #140]	; (c7e0 <IziPlus_NoComCheck+0xd8>)
    c752:	e003      	b.n	c75c <IziPlus_NoComCheck+0x54>
    c754:	78eb      	ldrb	r3, [r5, #3]
    c756:	3401      	adds	r4, #1
    c758:	42a3      	cmp	r3, r4
    c75a:	dd2b      	ble.n	c7b4 <IziPlus_NoComCheck+0xac>
    c75c:	4620      	mov	r0, r4
    c75e:	47b0      	blx	r6
    c760:	2800      	cmp	r0, #0
    c762:	d0f7      	beq.n	c754 <IziPlus_NoComCheck+0x4c>
    c764:	1e42      	subs	r2, r0, #1
    c766:	b2d2      	uxtb	r2, r2
    c768:	4621      	mov	r1, r4
    c76a:	2000      	movs	r0, #0
    c76c:	47b8      	blx	r7
    c76e:	e7f1      	b.n	c754 <IziPlus_NoComCheck+0x4c>
    c770:	2301      	movs	r3, #1
    c772:	f885 302d 	strb.w	r3, [r5, #45]	; 0x2d
    c776:	bdf8      	pop	{r3, r4, r5, r6, r7, pc}
    c778:	4b17      	ldr	r3, [pc, #92]	; (c7d8 <IziPlus_NoComCheck+0xd0>)
    c77a:	681b      	ldr	r3, [r3, #0]
    c77c:	f893 303d 	ldrb.w	r3, [r3, #61]	; 0x3d
    c780:	091b      	lsrs	r3, r3, #4
    c782:	2b02      	cmp	r3, #2
    c784:	d1db      	bne.n	c73e <IziPlus_NoComCheck+0x36>
    c786:	f895 402d 	ldrb.w	r4, [r5, #45]	; 0x2d
    c78a:	b9ac      	cbnz	r4, c7b8 <IziPlus_NoComCheck+0xb0>
    c78c:	78eb      	ldrb	r3, [r5, #3]
    c78e:	2b00      	cmp	r3, #0
    c790:	d0ee      	beq.n	c770 <IziPlus_NoComCheck+0x68>
    c792:	4e12      	ldr	r6, [pc, #72]	; (c7dc <IziPlus_NoComCheck+0xd4>)
    c794:	4f13      	ldr	r7, [pc, #76]	; (c7e4 <IziPlus_NoComCheck+0xdc>)
    c796:	4620      	mov	r0, r4
    c798:	47b0      	blx	r6
    c79a:	1c42      	adds	r2, r0, #1
    c79c:	28ff      	cmp	r0, #255	; 0xff
    c79e:	4621      	mov	r1, r4
    c7a0:	b2d2      	uxtb	r2, r2
    c7a2:	f104 0401 	add.w	r4, r4, #1
    c7a6:	f04f 0000 	mov.w	r0, #0
    c7aa:	d000      	beq.n	c7ae <IziPlus_NoComCheck+0xa6>
    c7ac:	47b8      	blx	r7
    c7ae:	78eb      	ldrb	r3, [r5, #3]
    c7b0:	42a3      	cmp	r3, r4
    c7b2:	dcf0      	bgt.n	c796 <IziPlus_NoComCheck+0x8e>
    c7b4:	f895 402d 	ldrb.w	r4, [r5, #45]	; 0x2d
    c7b8:	3401      	adds	r4, #1
    c7ba:	b2e4      	uxtb	r4, r4
    c7bc:	2c01      	cmp	r4, #1
    c7be:	bf8a      	itet	hi
    c7c0:	2300      	movhi	r3, #0
    c7c2:	f885 402d 	strbls.w	r4, [r5, #45]	; 0x2d
    c7c6:	f885 302d 	strbhi.w	r3, [r5, #45]	; 0x2d
    c7ca:	bdf8      	pop	{r3, r4, r5, r6, r7, pc}
    c7cc:	00009e01 	.word	0x00009e01
    c7d0:	20005834 	.word	0x20005834
    c7d4:	0000f455 	.word	0x0000f455
    c7d8:	2000eed4 	.word	0x2000eed4
    c7dc:	00004725 	.word	0x00004725
    c7e0:	0000467d 	.word	0x0000467d
    c7e4:	00004639 	.word	0x00004639

0000c7e8 <IziInput_Init>:
    c7e8:	4770      	bx	lr
    c7ea:	bf00      	nop

0000c7ec <IziInput_10ms>:
    c7ec:	e92d 43f0 	stmdb	sp!, {r4, r5, r6, r7, r8, r9, lr}
    c7f0:	4db2      	ldr	r5, [pc, #712]	; (cabc <IziInput_10ms+0x2d0>)
    c7f2:	782b      	ldrb	r3, [r5, #0]
    c7f4:	b083      	sub	sp, #12
    c7f6:	b10b      	cbz	r3, c7fc <IziInput_10ms+0x10>
    c7f8:	3b01      	subs	r3, #1
    c7fa:	702b      	strb	r3, [r5, #0]
    c7fc:	4668      	mov	r0, sp
    c7fe:	4fb0      	ldr	r7, [pc, #704]	; (cac0 <IziInput_10ms+0x2d4>)
    c800:	4eb0      	ldr	r6, [pc, #704]	; (cac4 <IziInput_10ms+0x2d8>)
    c802:	47b8      	blx	r7
    c804:	4bb0      	ldr	r3, [pc, #704]	; (cac8 <IziInput_10ms+0x2dc>)
    c806:	f8d3 1080 	ldr.w	r1, [r3, #128]	; 0x80
    c80a:	f8d3 20a0 	ldr.w	r2, [r3, #160]	; 0xa0
    c80e:	f8d3 4090 	ldr.w	r4, [r3, #144]	; 0x90
    c812:	4054      	eors	r4, r2
    c814:	400c      	ands	r4, r1
    c816:	4054      	eors	r4, r2
    c818:	4668      	mov	r0, sp
    c81a:	47b0      	blx	r6
    c81c:	0563      	lsls	r3, r4, #21
    c81e:	d42d      	bmi.n	c87c <IziInput_10ms+0x90>
    c820:	886b      	ldrh	r3, [r5, #2]
    c822:	f5b3 6f16 	cmp.w	r3, #2400	; 0x960
    c826:	d341      	bcc.n	c8ac <IziInput_10ms+0xc0>
    c828:	2b64      	cmp	r3, #100	; 0x64
    c82a:	f000 80de 	beq.w	c9ea <IziInput_10ms+0x1fe>
    c82e:	f5b3 7f7a 	cmp.w	r3, #1000	; 0x3e8
    c832:	f000 80e1 	beq.w	c9f8 <IziInput_10ms+0x20c>
    c836:	f5b3 7ffa 	cmp.w	r3, #500	; 0x1f4
    c83a:	f000 80ea 	beq.w	ca12 <IziInput_10ms+0x226>
    c83e:	2300      	movs	r3, #0
    c840:	80eb      	strh	r3, [r5, #6]
    c842:	a801      	add	r0, sp, #4
    c844:	47b8      	blx	r7
    c846:	4ba0      	ldr	r3, [pc, #640]	; (cac8 <IziInput_10ms+0x2dc>)
    c848:	f8d3 1080 	ldr.w	r1, [r3, #128]	; 0x80
    c84c:	f8d3 20a0 	ldr.w	r2, [r3, #160]	; 0xa0
    c850:	f8d3 4090 	ldr.w	r4, [r3, #144]	; 0x90
    c854:	4054      	eors	r4, r2
    c856:	400c      	ands	r4, r1
    c858:	4054      	eors	r4, r2
    c85a:	a801      	add	r0, sp, #4
    c85c:	47b0      	blx	r6
    c85e:	f414 6400 	ands.w	r4, r4, #2048	; 0x800
    c862:	d12b      	bne.n	c8bc <IziInput_10ms+0xd0>
    c864:	8feb      	ldrh	r3, [r5, #62]	; 0x3e
    c866:	f5b3 6f16 	cmp.w	r3, #2400	; 0x960
    c86a:	d204      	bcs.n	c876 <IziInput_10ms+0x8a>
    c86c:	3301      	adds	r3, #1
    c86e:	b29b      	uxth	r3, r3
    c870:	2b04      	cmp	r3, #4
    c872:	87eb      	strh	r3, [r5, #62]	; 0x3e
    c874:	d073      	beq.n	c95e <IziInput_10ms+0x172>
    c876:	b003      	add	sp, #12
    c878:	e8bd 83f0 	ldmia.w	sp!, {r4, r5, r6, r7, r8, r9, pc}
    c87c:	88ea      	ldrh	r2, [r5, #6]
    c87e:	1c53      	adds	r3, r2, #1
    c880:	b29b      	uxth	r3, r3
    c882:	2b01      	cmp	r3, #1
    c884:	80eb      	strh	r3, [r5, #6]
    c886:	d964      	bls.n	c952 <IziInput_10ms+0x166>
    c888:	7929      	ldrb	r1, [r5, #4]
    c88a:	b341      	cbz	r1, c8de <IziInput_10ms+0xf2>
    c88c:	886c      	ldrh	r4, [r5, #2]
    c88e:	2c32      	cmp	r4, #50	; 0x32
    c890:	d979      	bls.n	c986 <IziInput_10ms+0x19a>
    c892:	f5b4 6f16 	cmp.w	r4, #2400	; 0x960
    c896:	f200 8094 	bhi.w	c9c2 <IziInput_10ms+0x1d6>
    c89a:	eb04 0484 	add.w	r4, r4, r4, lsl #2
    c89e:	0062      	lsls	r2, r4, #1
    c8a0:	498a      	ldr	r1, [pc, #552]	; (cacc <IziInput_10ms+0x2e0>)
    c8a2:	488b      	ldr	r0, [pc, #556]	; (cad0 <IziInput_10ms+0x2e4>)
    c8a4:	4b8b      	ldr	r3, [pc, #556]	; (cad4 <IziInput_10ms+0x2e8>)
    c8a6:	4798      	blx	r3
    c8a8:	886c      	ldrh	r4, [r5, #2]
    c8aa:	e06f      	b.n	c98c <IziInput_10ms+0x1a0>
    c8ac:	3301      	adds	r3, #1
    c8ae:	b29b      	uxth	r3, r3
    c8b0:	2b0a      	cmp	r3, #10
    c8b2:	806b      	strh	r3, [r5, #2]
    c8b4:	d1b8      	bne.n	c828 <IziInput_10ms+0x3c>
    c8b6:	2301      	movs	r3, #1
    c8b8:	712b      	strb	r3, [r5, #4]
    c8ba:	e7c0      	b.n	c83e <IziInput_10ms+0x52>
    c8bc:	f8b5 3042 	ldrh.w	r3, [r5, #66]	; 0x42
    c8c0:	3301      	adds	r3, #1
    c8c2:	b29b      	uxth	r3, r3
    c8c4:	2b01      	cmp	r3, #1
    c8c6:	f8a5 3042 	strh.w	r3, [r5, #66]	; 0x42
    c8ca:	f895 3040 	ldrb.w	r3, [r5, #64]	; 0x40
    c8ce:	d955      	bls.n	c97c <IziInput_10ms+0x190>
    c8d0:	2b00      	cmp	r3, #0
    c8d2:	d16b      	bne.n	c9ac <IziInput_10ms+0x1c0>
    c8d4:	2300      	movs	r3, #0
    c8d6:	87eb      	strh	r3, [r5, #62]	; 0x3e
    c8d8:	b003      	add	sp, #12
    c8da:	e8bd 83f0 	ldmia.w	sp!, {r4, r5, r6, r7, r8, r9, pc}
    c8de:	f241 706f 	movw	r0, #5999	; 0x176f
    c8e2:	4283      	cmp	r3, r0
    c8e4:	8069      	strh	r1, [r5, #2]
    c8e6:	d804      	bhi.n	c8f2 <IziInput_10ms+0x106>
    c8e8:	3202      	adds	r2, #2
    c8ea:	b292      	uxth	r2, r2
    c8ec:	2a32      	cmp	r2, #50	; 0x32
    c8ee:	80ea      	strh	r2, [r5, #6]
    c8f0:	d9a7      	bls.n	c842 <IziInput_10ms+0x56>
    c8f2:	8f2b      	ldrh	r3, [r5, #56]	; 0x38
    c8f4:	2b00      	cmp	r3, #0
    c8f6:	d0a4      	beq.n	c842 <IziInput_10ms+0x56>
    c8f8:	4b77      	ldr	r3, [pc, #476]	; (cad8 <IziInput_10ms+0x2ec>)
    c8fa:	4798      	blx	r3
    c8fc:	8f2c      	ldrh	r4, [r5, #56]	; 0x38
    c8fe:	2c03      	cmp	r4, #3
    c900:	f000 80bc 	beq.w	ca7c <IziInput_10ms+0x290>
    c904:	2c02      	cmp	r4, #2
    c906:	f000 80a3 	beq.w	ca50 <IziInput_10ms+0x264>
    c90a:	7829      	ldrb	r1, [r5, #0]
    c90c:	2900      	cmp	r1, #0
    c90e:	f040 80b0 	bne.w	ca72 <IziInput_10ms+0x286>
    c912:	f895 403a 	ldrb.w	r4, [r5, #58]	; 0x3a
    c916:	2c00      	cmp	r4, #0
    c918:	f000 8088 	beq.w	ca2c <IziInput_10ms+0x240>
    c91c:	f895 303b 	ldrb.w	r3, [r5, #59]	; 0x3b
    c920:	2bff      	cmp	r3, #255	; 0xff
    c922:	d004      	beq.n	c92e <IziInput_10ms+0x142>
    c924:	3319      	adds	r3, #25
    c926:	b2d9      	uxtb	r1, r3
    c928:	29fa      	cmp	r1, #250	; 0xfa
    c92a:	bf08      	it	eq
    c92c:	21ff      	moveq	r1, #255	; 0xff
    c92e:	f8df 91d0 	ldr.w	r9, [pc, #464]	; cb00 <IziInput_10ms+0x314>
    c932:	f8df 81c8 	ldr.w	r8, [pc, #456]	; cafc <IziInput_10ms+0x310>
    c936:	f885 103b 	strb.w	r1, [r5, #59]	; 0x3b
    c93a:	2400      	movs	r4, #0
    c93c:	b2e0      	uxtb	r0, r4
    c93e:	2304      	movs	r3, #4
    c940:	4642      	mov	r2, r8
    c942:	3401      	adds	r4, #1
    c944:	47c8      	blx	r9
    c946:	2c04      	cmp	r4, #4
    c948:	f000 808a 	beq.w	ca60 <IziInput_10ms+0x274>
    c94c:	f895 103b 	ldrb.w	r1, [r5, #59]	; 0x3b
    c950:	e7f4      	b.n	c93c <IziInput_10ms+0x150>
    c952:	792b      	ldrb	r3, [r5, #4]
    c954:	2b00      	cmp	r3, #0
    c956:	f47f af74 	bne.w	c842 <IziInput_10ms+0x56>
    c95a:	806b      	strh	r3, [r5, #2]
    c95c:	e7c4      	b.n	c8e8 <IziInput_10ms+0xfc>
    c95e:	2001      	movs	r0, #1
    c960:	4b5e      	ldr	r3, [pc, #376]	; (cadc <IziInput_10ms+0x2f0>)
    c962:	4f5f      	ldr	r7, [pc, #380]	; (cae0 <IziInput_10ms+0x2f4>)
    c964:	4798      	blx	r3
    c966:	2601      	movs	r6, #1
    c968:	2302      	movs	r3, #2
    c96a:	4630      	mov	r0, r6
    c96c:	461a      	mov	r2, r3
    c96e:	4619      	mov	r1, r3
    c970:	f8a5 4042 	strh.w	r4, [r5, #66]	; 0x42
    c974:	f885 6040 	strb.w	r6, [r5, #64]	; 0x40
    c978:	47b8      	blx	r7
    c97a:	e77c      	b.n	c876 <IziInput_10ms+0x8a>
    c97c:	2b00      	cmp	r3, #0
    c97e:	d0a9      	beq.n	c8d4 <IziInput_10ms+0xe8>
    c980:	b003      	add	sp, #12
    c982:	e8bd 83f0 	ldmia.w	sp!, {r4, r5, r6, r7, r8, r9, pc}
    c986:	8f2b      	ldrh	r3, [r5, #56]	; 0x38
    c988:	3301      	adds	r3, #1
    c98a:	872b      	strh	r3, [r5, #56]	; 0x38
    c98c:	f1a4 0364 	sub.w	r3, r4, #100	; 0x64
    c990:	2bc8      	cmp	r3, #200	; 0xc8
    c992:	d913      	bls.n	c9bc <IziInput_10ms+0x1d0>
    c994:	f5a4 73fa 	sub.w	r3, r4, #500	; 0x1f4
    c998:	2bc8      	cmp	r3, #200	; 0xc8
    c99a:	d934      	bls.n	ca06 <IziInput_10ms+0x21a>
    c99c:	f5a4 747a 	sub.w	r4, r4, #1000	; 0x3e8
    c9a0:	2cc8      	cmp	r4, #200	; 0xc8
    c9a2:	d93d      	bls.n	ca20 <IziInput_10ms+0x234>
    c9a4:	2300      	movs	r3, #0
    c9a6:	712b      	strb	r3, [r5, #4]
    c9a8:	806b      	strh	r3, [r5, #2]
    c9aa:	e74a      	b.n	c842 <IziInput_10ms+0x56>
    c9ac:	2300      	movs	r3, #0
    c9ae:	4618      	mov	r0, r3
    c9b0:	4a4a      	ldr	r2, [pc, #296]	; (cadc <IziInput_10ms+0x2f0>)
    c9b2:	87eb      	strh	r3, [r5, #62]	; 0x3e
    c9b4:	f885 3040 	strb.w	r3, [r5, #64]	; 0x40
    c9b8:	4790      	blx	r2
    c9ba:	e75c      	b.n	c876 <IziInput_10ms+0x8a>
    c9bc:	4b49      	ldr	r3, [pc, #292]	; (cae4 <IziInput_10ms+0x2f8>)
    c9be:	4798      	blx	r3
    c9c0:	e7f0      	b.n	c9a4 <IziInput_10ms+0x1b8>
    c9c2:	f8df c140 	ldr.w	ip, [pc, #320]	; cb04 <IziInput_10ms+0x318>
    c9c6:	f8df e108 	ldr.w	lr, [pc, #264]	; cad0 <IziInput_10ms+0x2e4>
    c9ca:	e8bc 000f 	ldmia.w	ip!, {r0, r1, r2, r3}
    c9ce:	e8ae 000f 	stmia.w	lr!, {r0, r1, r2, r3}
    c9d2:	e8bc 000f 	ldmia.w	ip!, {r0, r1, r2, r3}
    c9d6:	e8ae 000f 	stmia.w	lr!, {r0, r1, r2, r3}
    c9da:	f8dc 3000 	ldr.w	r3, [ip]
    c9de:	f82e 3b02 	strh.w	r3, [lr], #2
    c9e2:	0c1b      	lsrs	r3, r3, #16
    c9e4:	f88e 3000 	strb.w	r3, [lr]
    c9e8:	e7d0      	b.n	c98c <IziInput_10ms+0x1a0>
    c9ea:	2302      	movs	r3, #2
    c9ec:	461a      	mov	r2, r3
    c9ee:	4619      	mov	r1, r3
    c9f0:	2004      	movs	r0, #4
    c9f2:	4c3b      	ldr	r4, [pc, #236]	; (cae0 <IziInput_10ms+0x2f4>)
    c9f4:	47a0      	blx	r4
    c9f6:	e722      	b.n	c83e <IziInput_10ms+0x52>
    c9f8:	2302      	movs	r3, #2
    c9fa:	461a      	mov	r2, r3
    c9fc:	2100      	movs	r1, #0
    c9fe:	2006      	movs	r0, #6
    ca00:	4c37      	ldr	r4, [pc, #220]	; (cae0 <IziInput_10ms+0x2f4>)
    ca02:	47a0      	blx	r4
    ca04:	e71b      	b.n	c83e <IziInput_10ms+0x52>
    ca06:	4b38      	ldr	r3, [pc, #224]	; (cae8 <IziInput_10ms+0x2fc>)
    ca08:	2000      	movs	r0, #0
    ca0a:	4798      	blx	r3
    ca0c:	2396      	movs	r3, #150	; 0x96
    ca0e:	702b      	strb	r3, [r5, #0]
    ca10:	e7c8      	b.n	c9a4 <IziInput_10ms+0x1b8>
    ca12:	2302      	movs	r3, #2
    ca14:	461a      	mov	r2, r3
    ca16:	2104      	movs	r1, #4
    ca18:	2001      	movs	r0, #1
    ca1a:	4c31      	ldr	r4, [pc, #196]	; (cae0 <IziInput_10ms+0x2f4>)
    ca1c:	47a0      	blx	r4
    ca1e:	e70e      	b.n	c83e <IziInput_10ms+0x52>
    ca20:	4b32      	ldr	r3, [pc, #200]	; (caec <IziInput_10ms+0x300>)
    ca22:	4798      	blx	r3
    ca24:	2000      	movs	r0, #0
    ca26:	4b30      	ldr	r3, [pc, #192]	; (cae8 <IziInput_10ms+0x2fc>)
    ca28:	4798      	blx	r3
    ca2a:	e7bb      	b.n	c9a4 <IziInput_10ms+0x1b8>
    ca2c:	4b30      	ldr	r3, [pc, #192]	; (caf0 <IziInput_10ms+0x304>)
    ca2e:	4798      	blx	r3
    ca30:	2800      	cmp	r0, #0
    ca32:	d06b      	beq.n	cb0c <IziInput_10ms+0x320>
    ca34:	f895 403c 	ldrb.w	r4, [r5, #60]	; 0x3c
    ca38:	4b2e      	ldr	r3, [pc, #184]	; (caf4 <IziInput_10ms+0x308>)
    ca3a:	4620      	mov	r0, r4
    ca3c:	2204      	movs	r2, #4
    ca3e:	f241 3188 	movw	r1, #5000	; 0x1388
    ca42:	4798      	blx	r3
    ca44:	2800      	cmp	r0, #0
    ca46:	d064      	beq.n	cb12 <IziInput_10ms+0x326>
    ca48:	2300      	movs	r3, #0
    ca4a:	8f2c      	ldrh	r4, [r5, #56]	; 0x38
    ca4c:	f885 303c 	strb.w	r3, [r5, #60]	; 0x3c
    ca50:	4b20      	ldr	r3, [pc, #128]	; (cad4 <IziInput_10ms+0x2e8>)
    ca52:	4929      	ldr	r1, [pc, #164]	; (caf8 <IziInput_10ms+0x30c>)
    ca54:	481e      	ldr	r0, [pc, #120]	; (cad0 <IziInput_10ms+0x2e4>)
    ca56:	4622      	mov	r2, r4
    ca58:	4798      	blx	r3
    ca5a:	2300      	movs	r3, #0
    ca5c:	872b      	strh	r3, [r5, #56]	; 0x38
    ca5e:	e6f0      	b.n	c842 <IziInput_10ms+0x56>
    ca60:	4c1f      	ldr	r4, [pc, #124]	; (cae0 <IziInput_10ms+0x2f4>)
    ca62:	2302      	movs	r3, #2
    ca64:	f44f 7216 	mov.w	r2, #600	; 0x258
    ca68:	2103      	movs	r1, #3
    ca6a:	2006      	movs	r0, #6
    ca6c:	47a0      	blx	r4
    ca6e:	8f2c      	ldrh	r4, [r5, #56]	; 0x38
    ca70:	e7ee      	b.n	ca50 <IziInput_10ms+0x264>
    ca72:	2001      	movs	r0, #1
    ca74:	4b1c      	ldr	r3, [pc, #112]	; (cae8 <IziInput_10ms+0x2fc>)
    ca76:	4798      	blx	r3
    ca78:	8f2c      	ldrh	r4, [r5, #56]	; 0x38
    ca7a:	e7e9      	b.n	ca50 <IziInput_10ms+0x264>
    ca7c:	f895 e03a 	ldrb.w	lr, [r5, #58]	; 0x3a
    ca80:	f8df 805c 	ldr.w	r8, [pc, #92]	; cae0 <IziInput_10ms+0x2f4>
    ca84:	f8df 9080 	ldr.w	r9, [pc, #128]	; cb08 <IziInput_10ms+0x31c>
    ca88:	fabe fe8e 	clz	lr, lr
    ca8c:	ea4f 1e5e 	mov.w	lr, lr, lsr #5
    ca90:	4621      	mov	r1, r4
    ca92:	2302      	movs	r3, #2
    ca94:	2204      	movs	r2, #4
    ca96:	2006      	movs	r0, #6
    ca98:	f885 e03a 	strb.w	lr, [r5, #58]	; 0x3a
    ca9c:	47c0      	blx	r8
    ca9e:	2300      	movs	r3, #0
    caa0:	4618      	mov	r0, r3
    caa2:	2204      	movs	r2, #4
    caa4:	4915      	ldr	r1, [pc, #84]	; (cafc <IziInput_10ms+0x310>)
    caa6:	f885 303b 	strb.w	r3, [r5, #59]	; 0x3b
    caaa:	47c8      	blx	r9
    caac:	4621      	mov	r1, r4
    caae:	2302      	movs	r3, #2
    cab0:	f44f 7216 	mov.w	r2, #600	; 0x258
    cab4:	2006      	movs	r0, #6
    cab6:	47c0      	blx	r8
    cab8:	8f2c      	ldrh	r4, [r5, #56]	; 0x38
    caba:	e7c9      	b.n	ca50 <IziInput_10ms+0x264>
    cabc:	20005864 	.word	0x20005864
    cac0:	00008dd5 	.word	0x00008dd5
    cac4:	00008de5 	.word	0x00008de5
    cac8:	41008000 	.word	0x41008000
    cacc:	0001193c 	.word	0x0001193c
    cad0:	2000586c 	.word	0x2000586c
    cad4:	000103fd 	.word	0x000103fd
    cad8:	0000e105 	.word	0x0000e105
    cadc:	00009e35 	.word	0x00009e35
    cae0:	0000d8c1 	.word	0x0000d8c1
    cae4:	0000af59 	.word	0x0000af59
    cae8:	0000611d 	.word	0x0000611d
    caec:	00005f69 	.word	0x00005f69
    caf0:	0000c645 	.word	0x0000c645
    caf4:	0000c659 	.word	0x0000c659
    caf8:	00011984 	.word	0x00011984
    cafc:	000927c0 	.word	0x000927c0
    cb00:	0000c6a9 	.word	0x0000c6a9
    cb04:	00011960 	.word	0x00011960
    cb08:	0000c6dd 	.word	0x0000c6dd
    cb0c:	f885 403c 	strb.w	r4, [r5, #60]	; 0x3c
    cb10:	e792      	b.n	ca38 <IziInput_10ms+0x24c>
    cb12:	f895 303c 	ldrb.w	r3, [r5, #60]	; 0x3c
    cb16:	8f2c      	ldrh	r4, [r5, #56]	; 0x38
    cb18:	3301      	adds	r3, #1
    cb1a:	f885 303c 	strb.w	r3, [r5, #60]	; 0x3c
    cb1e:	e797      	b.n	ca50 <IziInput_10ms+0x264>

0000cb20 <IziInput_GetExtInput>:
    cb20:	4b01      	ldr	r3, [pc, #4]	; (cb28 <IziInput_GetExtInput+0x8>)
    cb22:	f893 0040 	ldrb.w	r0, [r3, #64]	; 0x40
    cb26:	4770      	bx	lr
    cb28:	20005864 	.word	0x20005864

0000cb2c <__NVIC_SystemReset>:
    cb2c:	f3bf 8f4f 	dsb	sy
    cb30:	4905      	ldr	r1, [pc, #20]	; (cb48 <__NVIC_SystemReset+0x1c>)
    cb32:	4b06      	ldr	r3, [pc, #24]	; (cb4c <__NVIC_SystemReset+0x20>)
    cb34:	68ca      	ldr	r2, [r1, #12]
    cb36:	f402 62e0 	and.w	r2, r2, #1792	; 0x700
    cb3a:	4313      	orrs	r3, r2
    cb3c:	60cb      	str	r3, [r1, #12]
    cb3e:	f3bf 8f4f 	dsb	sy
    cb42:	bf00      	nop
    cb44:	e7fd      	b.n	cb42 <__NVIC_SystemReset+0x16>
    cb46:	bf00      	nop
    cb48:	e000ed00 	.word	0xe000ed00
    cb4c:	05fa0004 	.word	0x05fa0004

0000cb50 <vApplicationStackOverflowHook>:
    cb50:	4b01      	ldr	r3, [pc, #4]	; (cb58 <vApplicationStackOverflowHook+0x8>)
    cb52:	222a      	movs	r2, #42	; 0x2a
    cb54:	745a      	strb	r2, [r3, #17]
    cb56:	e7fe      	b.n	cb56 <vApplicationStackOverflowHook+0x6>
    cb58:	2001ff00 	.word	0x2001ff00

0000cb5c <vApplicationIdleHook>:
    cb5c:	b538      	push	{r3, r4, r5, lr}
    cb5e:	4b10      	ldr	r3, [pc, #64]	; (cba0 <vApplicationIdleHook+0x44>)
    cb60:	4c10      	ldr	r4, [pc, #64]	; (cba4 <vApplicationIdleHook+0x48>)
    cb62:	4798      	blx	r3
    cb64:	2249      	movs	r2, #73	; 0x49
    cb66:	4b10      	ldr	r3, [pc, #64]	; (cba8 <vApplicationIdleHook+0x4c>)
    cb68:	7462      	strb	r2, [r4, #17]
    cb6a:	4605      	mov	r5, r0
    cb6c:	4798      	blx	r3
    cb6e:	4b0f      	ldr	r3, [pc, #60]	; (cbac <vApplicationIdleHook+0x50>)
    cb70:	781a      	ldrb	r2, [r3, #0]
    cb72:	b182      	cbz	r2, cb96 <vApplicationIdleHook+0x3a>
    cb74:	f241 3288 	movw	r2, #5000	; 0x1388
    cb78:	4295      	cmp	r5, r2
    cb7a:	d90c      	bls.n	cb96 <vApplicationIdleHook+0x3a>
    cb7c:	2200      	movs	r2, #0
    cb7e:	701a      	strb	r2, [r3, #0]
    cb80:	4b0b      	ldr	r3, [pc, #44]	; (cbb0 <vApplicationIdleHook+0x54>)
    cb82:	60e2      	str	r2, [r4, #12]
    cb84:	4c0b      	ldr	r4, [pc, #44]	; (cbb4 <vApplicationIdleHook+0x58>)
    cb86:	490c      	ldr	r1, [pc, #48]	; (cbb8 <vApplicationIdleHook+0x5c>)
    cb88:	251f      	movs	r5, #31
    cb8a:	2001      	movs	r0, #1
    cb8c:	2200      	movs	r2, #0
    cb8e:	6025      	str	r5, [r4, #0]
    cb90:	7008      	strb	r0, [r1, #0]
    cb92:	701a      	strb	r2, [r3, #0]
    cb94:	bd38      	pop	{r3, r4, r5, pc}
    cb96:	4b06      	ldr	r3, [pc, #24]	; (cbb0 <vApplicationIdleHook+0x54>)
    cb98:	781a      	ldrb	r2, [r3, #0]
    cb9a:	2a00      	cmp	r2, #0
    cb9c:	d1f2      	bne.n	cb84 <vApplicationIdleHook+0x28>
    cb9e:	bd38      	pop	{r3, r4, r5, pc}
    cba0:	0000f455 	.word	0x0000f455
    cba4:	2001ff00 	.word	0x2001ff00
    cba8:	00008931 	.word	0x00008931
    cbac:	20002a5e 	.word	0x20002a5e
    cbb0:	200058ac 	.word	0x200058ac
    cbb4:	2000f89c 	.word	0x2000f89c
    cbb8:	2000f8a0 	.word	0x2000f8a0

0000cbbc <print_resetcause>:
    cbbc:	b5f0      	push	{r4, r5, r6, r7, lr}
    cbbe:	4c27      	ldr	r4, [pc, #156]	; (cc5c <print_resetcause+0xa0>)
    cbc0:	4b27      	ldr	r3, [pc, #156]	; (cc60 <print_resetcause+0xa4>)
    cbc2:	6822      	ldr	r2, [r4, #0]
    cbc4:	429a      	cmp	r2, r3
    cbc6:	b085      	sub	sp, #20
    cbc8:	d01e      	beq.n	cc08 <print_resetcause+0x4c>
    cbca:	4d26      	ldr	r5, [pc, #152]	; (cc64 <print_resetcause+0xa8>)
    cbcc:	4c26      	ldr	r4, [pc, #152]	; (cc68 <print_resetcause+0xac>)
    cbce:	4f27      	ldr	r7, [pc, #156]	; (cc6c <print_resetcause+0xb0>)
    cbd0:	4e27      	ldr	r6, [pc, #156]	; (cc70 <print_resetcause+0xb4>)
    cbd2:	cd0f      	ldmia	r5!, {r0, r1, r2, r3}
    cbd4:	c40f      	stmia	r4!, {r0, r1, r2, r3}
    cbd6:	e895 0003 	ldmia.w	r5, {r0, r1}
    cbda:	f844 0b04 	str.w	r0, [r4], #4
    cbde:	2304      	movs	r3, #4
    cbe0:	7021      	strb	r1, [r4, #0]
    cbe2:	703b      	strb	r3, [r7, #0]
    cbe4:	f643 70fc 	movw	r0, #16380	; 0x3ffc
    cbe8:	4922      	ldr	r1, [pc, #136]	; (cc74 <print_resetcause+0xb8>)
    cbea:	8843      	ldrh	r3, [r0, #2]
    cbec:	9303      	str	r3, [sp, #12]
    cbee:	7843      	ldrb	r3, [r0, #1]
    cbf0:	9302      	str	r3, [sp, #8]
    cbf2:	7800      	ldrb	r0, [r0, #0]
    cbf4:	784b      	ldrb	r3, [r1, #1]
    cbf6:	780a      	ldrb	r2, [r1, #0]
    cbf8:	8849      	ldrh	r1, [r1, #2]
    cbfa:	9001      	str	r0, [sp, #4]
    cbfc:	9100      	str	r1, [sp, #0]
    cbfe:	481a      	ldr	r0, [pc, #104]	; (cc68 <print_resetcause+0xac>)
    cc00:	491d      	ldr	r1, [pc, #116]	; (cc78 <print_resetcause+0xbc>)
    cc02:	47b0      	blx	r6
    cc04:	b005      	add	sp, #20
    cc06:	bdf0      	pop	{r4, r5, r6, r7, pc}
    cc08:	7c23      	ldrb	r3, [r4, #16]
    cc0a:	2b01      	cmp	r3, #1
    cc0c:	d010      	beq.n	cc30 <print_resetcause+0x74>
    cc0e:	2b02      	cmp	r3, #2
    cc10:	d015      	beq.n	cc3e <print_resetcause+0x82>
    cc12:	2b05      	cmp	r3, #5
    cc14:	d01a      	beq.n	cc4c <print_resetcause+0x90>
    cc16:	2b03      	cmp	r3, #3
    cc18:	68a2      	ldr	r2, [r4, #8]
    cc1a:	68e3      	ldr	r3, [r4, #12]
    cc1c:	bf0c      	ite	eq
    cc1e:	4917      	ldreq	r1, [pc, #92]	; (cc7c <print_resetcause+0xc0>)
    cc20:	4917      	ldrne	r1, [pc, #92]	; (cc80 <print_resetcause+0xc4>)
    cc22:	4811      	ldr	r0, [pc, #68]	; (cc68 <print_resetcause+0xac>)
    cc24:	4e12      	ldr	r6, [pc, #72]	; (cc70 <print_resetcause+0xb4>)
    cc26:	47b0      	blx	r6
    cc28:	4b10      	ldr	r3, [pc, #64]	; (cc6c <print_resetcause+0xb0>)
    cc2a:	7c22      	ldrb	r2, [r4, #16]
    cc2c:	701a      	strb	r2, [r3, #0]
    cc2e:	e7d9      	b.n	cbe4 <print_resetcause+0x28>
    cc30:	68e3      	ldr	r3, [r4, #12]
    cc32:	68a2      	ldr	r2, [r4, #8]
    cc34:	4913      	ldr	r1, [pc, #76]	; (cc84 <print_resetcause+0xc8>)
    cc36:	4e0e      	ldr	r6, [pc, #56]	; (cc70 <print_resetcause+0xb4>)
    cc38:	480b      	ldr	r0, [pc, #44]	; (cc68 <print_resetcause+0xac>)
    cc3a:	47b0      	blx	r6
    cc3c:	e7f4      	b.n	cc28 <print_resetcause+0x6c>
    cc3e:	68e3      	ldr	r3, [r4, #12]
    cc40:	68a2      	ldr	r2, [r4, #8]
    cc42:	4911      	ldr	r1, [pc, #68]	; (cc88 <print_resetcause+0xcc>)
    cc44:	4e0a      	ldr	r6, [pc, #40]	; (cc70 <print_resetcause+0xb4>)
    cc46:	4808      	ldr	r0, [pc, #32]	; (cc68 <print_resetcause+0xac>)
    cc48:	47b0      	blx	r6
    cc4a:	e7ed      	b.n	cc28 <print_resetcause+0x6c>
    cc4c:	68e3      	ldr	r3, [r4, #12]
    cc4e:	68a2      	ldr	r2, [r4, #8]
    cc50:	490e      	ldr	r1, [pc, #56]	; (cc8c <print_resetcause+0xd0>)
    cc52:	4e07      	ldr	r6, [pc, #28]	; (cc70 <print_resetcause+0xb4>)
    cc54:	4804      	ldr	r0, [pc, #16]	; (cc68 <print_resetcause+0xac>)
    cc56:	47b0      	blx	r6
    cc58:	e7e6      	b.n	cc28 <print_resetcause+0x6c>
    cc5a:	bf00      	nop
    cc5c:	2001ff00 	.word	0x2001ff00
    cc60:	abbaacdc 	.word	0xabbaacdc
    cc64:	00011a2c 	.word	0x00011a2c
    cc68:	200058b0 	.word	0x200058b0
    cc6c:	2000f898 	.word	0x2000f898
    cc70:	000103fd 	.word	0x000103fd
    cc74:	0001ff00 	.word	0x0001ff00
    cc78:	00011a44 	.word	0x00011a44
    cc7c:	000119f4 	.word	0x000119f4
    cc80:	00011a10 	.word	0x00011a10
    cc84:	0001199c 	.word	0x0001199c
    cc88:	000119b8 	.word	0x000119b8
    cc8c:	000119d8 	.word	0x000119d8

0000cc90 <ReportStackSize>:
    cc90:	b510      	push	{r4, lr}
    cc92:	4c08      	ldr	r4, [pc, #32]	; (ccb4 <ReportStackSize+0x24>)
    cc94:	7823      	ldrb	r3, [r4, #0]
    cc96:	b08a      	sub	sp, #40	; 0x28
    cc98:	b11b      	cbz	r3, cca2 <ReportStackSize+0x12>
    cc9a:	4b07      	ldr	r3, [pc, #28]	; (ccb8 <ReportStackSize+0x28>)
    cc9c:	4798      	blx	r3
    cc9e:	2300      	movs	r3, #0
    cca0:	7023      	strb	r3, [r4, #0]
    cca2:	2305      	movs	r3, #5
    cca4:	2201      	movs	r2, #1
    cca6:	a901      	add	r1, sp, #4
    cca8:	2000      	movs	r0, #0
    ccaa:	4c04      	ldr	r4, [pc, #16]	; (ccbc <ReportStackSize+0x2c>)
    ccac:	47a0      	blx	r4
    ccae:	b00a      	add	sp, #40	; 0x28
    ccb0:	bd10      	pop	{r4, pc}
    ccb2:	bf00      	nop
    ccb4:	2000f8a0 	.word	0x2000f8a0
    ccb8:	0000e6a5 	.word	0x0000e6a5
    ccbc:	0000f94d 	.word	0x0000f94d

0000ccc0 <main>:
    ccc0:	b500      	push	{lr}
    ccc2:	4b21      	ldr	r3, [pc, #132]	; (cd48 <main+0x88>)
    ccc4:	4a21      	ldr	r2, [pc, #132]	; (cd4c <main+0x8c>)
    ccc6:	8e19      	ldrh	r1, [r3, #48]	; 0x30
    ccc8:	8d98      	ldrh	r0, [r3, #44]	; 0x2c
    ccca:	7c5c      	ldrb	r4, [r3, #17]
    cccc:	8659      	strh	r1, [r3, #50]	; 0x32
    ccce:	b083      	sub	sp, #12
    ccd0:	85d8      	strh	r0, [r3, #46]	; 0x2e
    ccd2:	749c      	strb	r4, [r3, #18]
    ccd4:	4790      	blx	r2
    ccd6:	4b1e      	ldr	r3, [pc, #120]	; (cd50 <main+0x90>)
    ccd8:	4798      	blx	r3
    ccda:	2201      	movs	r2, #1
    ccdc:	4611      	mov	r1, r2
    ccde:	b120      	cbz	r0, ccea <main+0x2a>
    cce0:	4b1c      	ldr	r3, [pc, #112]	; (cd54 <main+0x94>)
    cce2:	20d9      	movs	r0, #217	; 0xd9
    cce4:	4798      	blx	r3
    cce6:	4b1c      	ldr	r3, [pc, #112]	; (cd58 <main+0x98>)
    cce8:	4798      	blx	r3
    ccea:	20d9      	movs	r0, #217	; 0xd9
    ccec:	4b19      	ldr	r3, [pc, #100]	; (cd54 <main+0x94>)
    ccee:	4798      	blx	r3
    ccf0:	4604      	mov	r4, r0
    ccf2:	b9b0      	cbnz	r0, cd22 <main+0x62>
    ccf4:	4b19      	ldr	r3, [pc, #100]	; (cd5c <main+0x9c>)
    ccf6:	4798      	blx	r3
    ccf8:	4b19      	ldr	r3, [pc, #100]	; (cd60 <main+0xa0>)
    ccfa:	4798      	blx	r3
    ccfc:	4b19      	ldr	r3, [pc, #100]	; (cd64 <main+0xa4>)
    ccfe:	681b      	ldr	r3, [r3, #0]
    cd00:	3301      	adds	r3, #1
    cd02:	d010      	beq.n	cd26 <main+0x66>
    cd04:	4b18      	ldr	r3, [pc, #96]	; (cd68 <main+0xa8>)
    cd06:	4798      	blx	r3
    cd08:	4b18      	ldr	r3, [pc, #96]	; (cd6c <main+0xac>)
    cd0a:	4798      	blx	r3
    cd0c:	4b18      	ldr	r3, [pc, #96]	; (cd70 <main+0xb0>)
    cd0e:	4798      	blx	r3
    cd10:	4b18      	ldr	r3, [pc, #96]	; (cd74 <main+0xb4>)
    cd12:	4798      	blx	r3
    cd14:	4b18      	ldr	r3, [pc, #96]	; (cd78 <main+0xb8>)
    cd16:	4798      	blx	r3
    cd18:	4b18      	ldr	r3, [pc, #96]	; (cd7c <main+0xbc>)
    cd1a:	4798      	blx	r3
    cd1c:	4b18      	ldr	r3, [pc, #96]	; (cd80 <main+0xc0>)
    cd1e:	4798      	blx	r3
    cd20:	e7fe      	b.n	cd20 <main+0x60>
    cd22:	4b0d      	ldr	r3, [pc, #52]	; (cd58 <main+0x98>)
    cd24:	4798      	blx	r3
    cd26:	4b17      	ldr	r3, [pc, #92]	; (cd84 <main+0xc4>)
    cd28:	4817      	ldr	r0, [pc, #92]	; (cd88 <main+0xc8>)
    cd2a:	4798      	blx	r3
    cd2c:	b280      	uxth	r0, r0
    cd2e:	4b17      	ldr	r3, [pc, #92]	; (cd8c <main+0xcc>)
    cd30:	9300      	str	r3, [sp, #0]
    cd32:	f100 603c 	add.w	r0, r0, #197132288	; 0xbc00000
    cd36:	4623      	mov	r3, r4
    cd38:	2254      	movs	r2, #84	; 0x54
    cd3a:	4915      	ldr	r1, [pc, #84]	; (cd90 <main+0xd0>)
    cd3c:	4c15      	ldr	r4, [pc, #84]	; (cd94 <main+0xd4>)
    cd3e:	f500 2050 	add.w	r0, r0, #851968	; 0xd0000
    cd42:	47a0      	blx	r4
    cd44:	e7de      	b.n	cd04 <main+0x44>
    cd46:	bf00      	nop
    cd48:	2001ff00 	.word	0x2001ff00
    cd4c:	0000640d 	.word	0x0000640d
    cd50:	00005321 	.word	0x00005321
    cd54:	0000524d 	.word	0x0000524d
    cd58:	0000cb2d 	.word	0x0000cb2d
    cd5c:	0000b4e5 	.word	0x0000b4e5
    cd60:	00006295 	.word	0x00006295
    cd64:	00804020 	.word	0x00804020
    cd68:	000042d1 	.word	0x000042d1
    cd6c:	0000e17d 	.word	0x0000e17d
    cd70:	0000df05 	.word	0x0000df05
    cd74:	0000c7e9 	.word	0x0000c7e9
    cd78:	00009d49 	.word	0x00009d49
    cd7c:	00007775 	.word	0x00007775
    cd80:	0000f3bd 	.word	0x0000f3bd
    cd84:	0000901d 	.word	0x0000901d
    cd88:	2000f178 	.word	0x2000f178
    cd8c:	00011a78 	.word	0x00011a78
    cd90:	00011a6c 	.word	0x00011a6c
    cd94:	00005a5d 	.word	0x00005a5d

0000cd98 <Analog_125ms>:
    cd98:	b5f8      	push	{r3, r4, r5, r6, r7, lr}
    cd9a:	4b35      	ldr	r3, [pc, #212]	; (ce70 <Analog_125ms+0xd8>)
    cd9c:	4c35      	ldr	r4, [pc, #212]	; (ce74 <Analog_125ms+0xdc>)
    cd9e:	4798      	blx	r3
    cda0:	f5b0 7f7a 	cmp.w	r0, #1000	; 0x3e8
    cda4:	d946      	bls.n	ce34 <Analog_125ms+0x9c>
    cda6:	2301      	movs	r3, #1
    cda8:	4d33      	ldr	r5, [pc, #204]	; (ce78 <Analog_125ms+0xe0>)
    cdaa:	7023      	strb	r3, [r4, #0]
    cdac:	882b      	ldrh	r3, [r5, #0]
    cdae:	4833      	ldr	r0, [pc, #204]	; (ce7c <Analog_125ms+0xe4>)
    cdb0:	f3c3 03c8 	ubfx	r3, r3, #3, #9
    cdb4:	5cc1      	ldrb	r1, [r0, r3]
    cdb6:	4b32      	ldr	r3, [pc, #200]	; (ce80 <Analog_125ms+0xe8>)
    cdb8:	2910      	cmp	r1, #16
    cdba:	681b      	ldr	r3, [r3, #0]
    cdbc:	d945      	bls.n	ce4a <Analog_125ms+0xb2>
    cdbe:	8ada      	ldrh	r2, [r3, #22]
    cdc0:	b289      	uxth	r1, r1
    cdc2:	428a      	cmp	r2, r1
    cdc4:	d243      	bcs.n	ce4e <Analog_125ms+0xb6>
    cdc6:	8b9a      	ldrh	r2, [r3, #28]
    cdc8:	82d9      	strh	r1, [r3, #22]
    cdca:	3201      	adds	r2, #1
    cdcc:	839a      	strh	r2, [r3, #28]
    cdce:	4a2d      	ldr	r2, [pc, #180]	; (ce84 <Analog_125ms+0xec>)
    cdd0:	f8b3 e014 	ldrh.w	lr, [r3, #20]
    cdd4:	8911      	ldrh	r1, [r2, #8]
    cdd6:	8952      	ldrh	r2, [r2, #10]
    cdd8:	f3c1 01c8 	ubfx	r1, r1, #3, #9
    cddc:	f3c2 02c8 	ubfx	r2, r2, #3, #9
    cde0:	4402      	add	r2, r0
    cde2:	4401      	add	r1, r0
    cde4:	f892 7200 	ldrb.w	r7, [r2, #512]	; 0x200
    cde8:	f891 6200 	ldrb.w	r6, [r1, #512]	; 0x200
    cdec:	42b7      	cmp	r7, r6
    cdee:	463a      	mov	r2, r7
    cdf0:	bf38      	it	cc
    cdf2:	4632      	movcc	r2, r6
    cdf4:	4596      	cmp	lr, r2
    cdf6:	d332      	bcc.n	ce5e <Analog_125ms+0xc6>
    cdf8:	f1be 0fff 	cmp.w	lr, #255	; 0xff
    cdfc:	d02f      	beq.n	ce5e <Analog_125ms+0xc6>
    cdfe:	8869      	ldrh	r1, [r5, #2]
    ce00:	4a21      	ldr	r2, [pc, #132]	; (ce88 <Analog_125ms+0xf0>)
    ce02:	8b5d      	ldrh	r5, [r3, #26]
    ce04:	b288      	uxth	r0, r1
    ce06:	f24d 414c 	movw	r1, #54348	; 0xd44c
    ce0a:	fb01 f100 	mul.w	r1, r1, r0
    ce0e:	fba2 0201 	umull	r0, r2, r2, r1
    ce12:	1a89      	subs	r1, r1, r2
    ce14:	eb02 0251 	add.w	r2, r2, r1, lsr #1
    ce18:	f3c2 22cf 	ubfx	r2, r2, #11, #16
    ce1c:	42aa      	cmp	r2, r5
    ce1e:	d319      	bcc.n	ce54 <Analog_125ms+0xbc>
    ce20:	2dff      	cmp	r5, #255	; 0xff
    ce22:	d017      	beq.n	ce54 <Analog_125ms+0xbc>
    ce24:	2eff      	cmp	r6, #255	; 0xff
    ce26:	f04f 0009 	mov.w	r0, #9
    ce2a:	d01d      	beq.n	ce68 <Analog_125ms+0xd0>
    ce2c:	2fff      	cmp	r7, #255	; 0xff
    ce2e:	d01b      	beq.n	ce68 <Analog_125ms+0xd0>
    ce30:	4b16      	ldr	r3, [pc, #88]	; (ce8c <Analog_125ms+0xf4>)
    ce32:	4798      	blx	r3
    ce34:	7863      	ldrb	r3, [r4, #1]
    ce36:	b13b      	cbz	r3, ce48 <Analog_125ms+0xb0>
    ce38:	4a15      	ldr	r2, [pc, #84]	; (ce90 <Analog_125ms+0xf8>)
    ce3a:	7813      	ldrb	r3, [r2, #0]
    ce3c:	b123      	cbz	r3, ce48 <Analog_125ms+0xb0>
    ce3e:	7813      	ldrb	r3, [r2, #0]
    ce40:	3b01      	subs	r3, #1
    ce42:	b2db      	uxtb	r3, r3
    ce44:	7013      	strb	r3, [r2, #0]
    ce46:	bdf8      	pop	{r3, r4, r5, r6, r7, pc}
    ce48:	bdf8      	pop	{r3, r4, r5, r6, r7, pc}
    ce4a:	8ada      	ldrh	r2, [r3, #22]
    ce4c:	2100      	movs	r1, #0
    ce4e:	2aff      	cmp	r2, #255	; 0xff
    ce50:	d1bd      	bne.n	cdce <Analog_125ms+0x36>
    ce52:	e7b8      	b.n	cdc6 <Analog_125ms+0x2e>
    ce54:	8b99      	ldrh	r1, [r3, #28]
    ce56:	835a      	strh	r2, [r3, #26]
    ce58:	1c4a      	adds	r2, r1, #1
    ce5a:	839a      	strh	r2, [r3, #28]
    ce5c:	e7e2      	b.n	ce24 <Analog_125ms+0x8c>
    ce5e:	8b99      	ldrh	r1, [r3, #28]
    ce60:	829a      	strh	r2, [r3, #20]
    ce62:	1c4a      	adds	r2, r1, #1
    ce64:	839a      	strh	r2, [r3, #28]
    ce66:	e7ca      	b.n	cdfe <Analog_125ms+0x66>
    ce68:	4b0a      	ldr	r3, [pc, #40]	; (ce94 <Analog_125ms+0xfc>)
    ce6a:	4798      	blx	r3
    ce6c:	e7e2      	b.n	ce34 <Analog_125ms+0x9c>
    ce6e:	bf00      	nop
    ce70:	0000f455 	.word	0x0000f455
    ce74:	200058e0 	.word	0x200058e0
    ce78:	2000f8d4 	.word	0x2000f8d4
    ce7c:	00011a7c 	.word	0x00011a7c
    ce80:	2000eed0 	.word	0x2000eed0
    ce84:	2000f8c4 	.word	0x2000f8c4
    ce88:	00100101 	.word	0x00100101
    ce8c:	0000d79d 	.word	0x0000d79d
    ce90:	20002a60 	.word	0x20002a60
    ce94:	0000d78d 	.word	0x0000d78d

0000ce98 <Analog_Apply_Gain_Correction.part.0>:
    ce98:	0843      	lsrs	r3, r0, #1
    ce9a:	f640 71ff 	movw	r1, #4095	; 0xfff
    ce9e:	f503 03da 	add.w	r3, r3, #7143424	; 0x6d0000
    cea2:	f503 43b0 	add.w	r3, r3, #22528	; 0x5800
    cea6:	fbb3 f3f0 	udiv	r3, r3, r0
    ceaa:	428b      	cmp	r3, r1
    ceac:	4a05      	ldr	r2, [pc, #20]	; (cec4 <Analog_Apply_Gain_Correction.part.0+0x2c>)
    ceae:	bf28      	it	cs
    ceb0:	460b      	movcs	r3, r1
    ceb2:	b29b      	uxth	r3, r3
    ceb4:	2100      	movs	r1, #0
    ceb6:	8213      	strh	r3, [r2, #16]
    ceb8:	8251      	strh	r1, [r2, #18]
    ceba:	88d3      	ldrh	r3, [r2, #6]
    cebc:	f043 0304 	orr.w	r3, r3, #4
    cec0:	80d3      	strh	r3, [r2, #6]
    cec2:	4770      	bx	lr
    cec4:	43002000 	.word	0x43002000

0000cec8 <Analog_Apply_Gain_Correction2.part.1>:
    cec8:	0843      	lsrs	r3, r0, #1
    ceca:	f640 71ff 	movw	r1, #4095	; 0xfff
    cece:	f503 03da 	add.w	r3, r3, #7143424	; 0x6d0000
    ced2:	f503 43b0 	add.w	r3, r3, #22528	; 0x5800
    ced6:	fbb3 f3f0 	udiv	r3, r3, r0
    ceda:	428b      	cmp	r3, r1
    cedc:	4a05      	ldr	r2, [pc, #20]	; (cef4 <Analog_Apply_Gain_Correction2.part.1+0x2c>)
    cede:	bf28      	it	cs
    cee0:	460b      	movcs	r3, r1
    cee2:	b29b      	uxth	r3, r3
    cee4:	2100      	movs	r1, #0
    cee6:	8213      	strh	r3, [r2, #16]
    cee8:	8251      	strh	r1, [r2, #18]
    ceea:	88d3      	ldrh	r3, [r2, #6]
    ceec:	f043 0304 	orr.w	r3, r3, #4
    cef0:	80d3      	strh	r3, [r2, #6]
    cef2:	4770      	bx	lr
    cef4:	43001c00 	.word	0x43001c00

0000cef8 <Analog_Init>:
    cef8:	e92d 43f0 	stmdb	sp!, {r4, r5, r6, r7, r8, r9, lr}
    cefc:	4ada      	ldr	r2, [pc, #872]	; (d268 <Analog_Init+0x370>)
    cefe:	49db      	ldr	r1, [pc, #876]	; (d26c <Analog_Init+0x374>)
    cf00:	6a13      	ldr	r3, [r2, #32]
    cf02:	4edb      	ldr	r6, [pc, #876]	; (d270 <Analog_Init+0x378>)
    cf04:	f443 7380 	orr.w	r3, r3, #256	; 0x100
    cf08:	2041      	movs	r0, #65	; 0x41
    cf0a:	6213      	str	r3, [r2, #32]
    cf0c:	f8c1 0124 	str.w	r0, [r1, #292]	; 0x124
    cf10:	8833      	ldrh	r3, [r6, #0]
    cf12:	f043 0301 	orr.w	r3, r3, #1
    cf16:	b083      	sub	sp, #12
    cf18:	8033      	strh	r3, [r6, #0]
    cf1a:	6b34      	ldr	r4, [r6, #48]	; 0x30
    cf1c:	f014 0401 	ands.w	r4, r4, #1
    cf20:	d1fb      	bne.n	cf1a <Analog_Init+0x22>
    cf22:	4bd4      	ldr	r3, [pc, #848]	; (d274 <Analog_Init+0x37c>)
    cf24:	4fd4      	ldr	r7, [pc, #848]	; (d278 <Analog_Init+0x380>)
    cf26:	681a      	ldr	r2, [r3, #0]
    cf28:	49d4      	ldr	r1, [pc, #848]	; (d27c <Analog_Init+0x384>)
    cf2a:	0153      	lsls	r3, r2, #5
    cf2c:	0190      	lsls	r0, r2, #6
    cf2e:	f400 40e0 	and.w	r0, r0, #28672	; 0x7000
    cf32:	f403 63e0 	and.w	r3, r3, #1792	; 0x700
    cf36:	4303      	orrs	r3, r0
    cf38:	f002 0207 	and.w	r2, r2, #7
    cf3c:	f04f 0801 	mov.w	r8, #1
    cf40:	4313      	orrs	r3, r2
    cf42:	2280      	movs	r2, #128	; 0x80
    cf44:	f886 802d 	strb.w	r8, [r6, #45]	; 0x2d
    cf48:	f44f 7500 	mov.w	r5, #512	; 0x200
    cf4c:	f8a6 8004 	strh.w	r8, [r6, #4]
    cf50:	2026      	movs	r0, #38	; 0x26
    cf52:	80f4      	strh	r4, [r6, #6]
    cf54:	7232      	strb	r2, [r6, #8]
    cf56:	2222      	movs	r2, #34	; 0x22
    cf58:	61fc      	str	r4, [r7, #28]
    cf5a:	8035      	strh	r5, [r6, #0]
    cf5c:	72f0      	strb	r0, [r6, #11]
    cf5e:	72b2      	strb	r2, [r6, #10]
    cf60:	f8a6 3048 	strh.w	r3, [r6, #72]	; 0x48
    cf64:	8833      	ldrh	r3, [r6, #0]
    cf66:	f04f 7000 	mov.w	r0, #33554432	; 0x2000000
    cf6a:	f043 0302 	orr.w	r3, r3, #2
    cf6e:	8033      	strh	r3, [r6, #0]
    cf70:	f8c1 008c 	str.w	r0, [r1, #140]	; 0x8c
    cf74:	f3bf 8f4f 	dsb	sy
    cf78:	f3bf 8f6f 	isb	sy
    cf7c:	4bc0      	ldr	r3, [pc, #768]	; (d280 <Analog_Init+0x388>)
    cf7e:	f8c1 018c 	str.w	r0, [r1, #396]	; 0x18c
    cf82:	22c0      	movs	r2, #192	; 0xc0
    cf84:	f881 2379 	strb.w	r2, [r1, #889]	; 0x379
    cf88:	f5a7 57b0 	sub.w	r7, r7, #5632	; 0x1600
    cf8c:	f04f 4240 	mov.w	r2, #3221225472	; 0xc0000000
    cf90:	60c8      	str	r0, [r1, #12]
    cf92:	f8c3 5084 	str.w	r5, [r3, #132]	; 0x84
    cf96:	f8c3 70a8 	str.w	r7, [r3, #168]	; 0xa8
    cf9a:	f8c3 20a8 	str.w	r2, [r3, #168]	; 0xa8
    cf9e:	f893 10c9 	ldrb.w	r1, [r3, #201]	; 0xc9
    cfa2:	48b8      	ldr	r0, [pc, #736]	; (d284 <Analog_Init+0x38c>)
    cfa4:	f001 01fe 	and.w	r1, r1, #254	; 0xfe
    cfa8:	ea41 0108 	orr.w	r1, r1, r8
    cfac:	f883 10c9 	strb.w	r1, [r3, #201]	; 0xc9
    cfb0:	f893 10b4 	ldrb.w	r1, [r3, #180]	; 0xb4
    cfb4:	f001 010f 	and.w	r1, r1, #15
    cfb8:	f041 0110 	orr.w	r1, r1, #16
    cfbc:	f883 10b4 	strb.w	r1, [r3, #180]	; 0xb4
    cfc0:	605d      	str	r5, [r3, #4]
    cfc2:	629f      	str	r7, [r3, #40]	; 0x28
    cfc4:	629a      	str	r2, [r3, #40]	; 0x28
    cfc6:	f893 1049 	ldrb.w	r1, [r3, #73]	; 0x49
    cfca:	4daf      	ldr	r5, [pc, #700]	; (d288 <Analog_Init+0x390>)
    cfcc:	f001 01fe 	and.w	r1, r1, #254	; 0xfe
    cfd0:	ea41 0108 	orr.w	r1, r1, r8
    cfd4:	f883 1049 	strb.w	r1, [r3, #73]	; 0x49
    cfd8:	f893 1034 	ldrb.w	r1, [r3, #52]	; 0x34
    cfdc:	f001 010f 	and.w	r1, r1, #15
    cfe0:	f44f 7780 	mov.w	r7, #256	; 0x100
    cfe4:	f041 0110 	orr.w	r1, r1, #16
    cfe8:	f883 1034 	strb.w	r1, [r3, #52]	; 0x34
    cfec:	605f      	str	r7, [r3, #4]
    cfee:	6298      	str	r0, [r3, #40]	; 0x28
    cff0:	629a      	str	r2, [r3, #40]	; 0x28
    cff2:	f893 1048 	ldrb.w	r1, [r3, #72]	; 0x48
    cff6:	f001 01fe 	and.w	r1, r1, #254	; 0xfe
    cffa:	ea41 0108 	orr.w	r1, r1, r8
    cffe:	f883 1048 	strb.w	r1, [r3, #72]	; 0x48
    d002:	f893 1034 	ldrb.w	r1, [r3, #52]	; 0x34
    d006:	f001 01f0 	and.w	r1, r1, #240	; 0xf0
    d00a:	ea41 0108 	orr.w	r1, r1, r8
    d00e:	f883 1034 	strb.w	r1, [r3, #52]	; 0x34
    d012:	2108      	movs	r1, #8
    d014:	f8c3 1084 	str.w	r1, [r3, #132]	; 0x84
    d018:	f8c3 50a8 	str.w	r5, [r3, #168]	; 0xa8
    d01c:	f8c3 20a8 	str.w	r2, [r3, #168]	; 0xa8
    d020:	f893 10c3 	ldrb.w	r1, [r3, #195]	; 0xc3
    d024:	f001 01fe 	and.w	r1, r1, #254	; 0xfe
    d028:	ea41 0108 	orr.w	r1, r1, r8
    d02c:	f883 10c3 	strb.w	r1, [r3, #195]	; 0xc3
    d030:	f893 10b1 	ldrb.w	r1, [r3, #177]	; 0xb1
    d034:	f001 010f 	and.w	r1, r1, #15
    d038:	f041 0110 	orr.w	r1, r1, #16
    d03c:	f883 10b1 	strb.w	r1, [r3, #177]	; 0xb1
    d040:	f505 757e 	add.w	r5, r5, #1016	; 0x3f8
    d044:	f44f 6180 	mov.w	r1, #1024	; 0x400
    d048:	6059      	str	r1, [r3, #4]
    d04a:	629d      	str	r5, [r3, #40]	; 0x28
    d04c:	629a      	str	r2, [r3, #40]	; 0x28
    d04e:	f893 104a 	ldrb.w	r1, [r3, #74]	; 0x4a
    d052:	f001 01fe 	and.w	r1, r1, #254	; 0xfe
    d056:	ea41 0108 	orr.w	r1, r1, r8
    d05a:	f883 104a 	strb.w	r1, [r3, #74]	; 0x4a
    d05e:	f893 1035 	ldrb.w	r1, [r3, #53]	; 0x35
    d062:	f001 01f0 	and.w	r1, r1, #240	; 0xf0
    d066:	ea41 0108 	orr.w	r1, r1, r8
    d06a:	f883 1035 	strb.w	r1, [r3, #53]	; 0x35
    d06e:	f8c3 7084 	str.w	r7, [r3, #132]	; 0x84
    d072:	f8c3 00a8 	str.w	r0, [r3, #168]	; 0xa8
    d076:	f8c3 20a8 	str.w	r2, [r3, #168]	; 0xa8
    d07a:	f893 10c8 	ldrb.w	r1, [r3, #200]	; 0xc8
    d07e:	4f83      	ldr	r7, [pc, #524]	; (d28c <Analog_Init+0x394>)
    d080:	f001 01fe 	and.w	r1, r1, #254	; 0xfe
    d084:	ea41 0108 	orr.w	r1, r1, r8
    d088:	f883 10c8 	strb.w	r1, [r3, #200]	; 0xc8
    d08c:	f893 10b4 	ldrb.w	r1, [r3, #180]	; 0xb4
    d090:	f001 01f0 	and.w	r1, r1, #240	; 0xf0
    d094:	ea41 0108 	orr.w	r1, r1, r8
    d098:	f883 10b4 	strb.w	r1, [r3, #180]	; 0xb4
    d09c:	f5a5 7570 	sub.w	r5, r5, #960	; 0x3c0
    d0a0:	2140      	movs	r1, #64	; 0x40
    d0a2:	f8c3 1084 	str.w	r1, [r3, #132]	; 0x84
    d0a6:	f8c3 50a8 	str.w	r5, [r3, #168]	; 0xa8
    d0aa:	f8c3 20a8 	str.w	r2, [r3, #168]	; 0xa8
    d0ae:	f893 10c6 	ldrb.w	r1, [r3, #198]	; 0xc6
    d0b2:	4d77      	ldr	r5, [pc, #476]	; (d290 <Analog_Init+0x398>)
    d0b4:	f001 01fe 	and.w	r1, r1, #254	; 0xfe
    d0b8:	ea41 0108 	orr.w	r1, r1, r8
    d0bc:	f883 10c6 	strb.w	r1, [r3, #198]	; 0xc6
    d0c0:	f893 10b3 	ldrb.w	r1, [r3, #179]	; 0xb3
    d0c4:	f001 01f0 	and.w	r1, r1, #240	; 0xf0
    d0c8:	f04f 0910 	mov.w	r9, #16
    d0cc:	ea41 0108 	orr.w	r1, r1, r8
    d0d0:	f883 10b3 	strb.w	r1, [r3, #179]	; 0xb3
    d0d4:	f8c3 9084 	str.w	r9, [r3, #132]	; 0x84
    d0d8:	f8c3 70a8 	str.w	r7, [r3, #168]	; 0xa8
    d0dc:	f8c3 20a8 	str.w	r2, [r3, #168]	; 0xa8
    d0e0:	f893 10c4 	ldrb.w	r1, [r3, #196]	; 0xc4
    d0e4:	4f6b      	ldr	r7, [pc, #428]	; (d294 <Analog_Init+0x39c>)
    d0e6:	f001 01fe 	and.w	r1, r1, #254	; 0xfe
    d0ea:	ea41 0108 	orr.w	r1, r1, r8
    d0ee:	f883 10c4 	strb.w	r1, [r3, #196]	; 0xc4
    d0f2:	f893 10b2 	ldrb.w	r1, [r3, #178]	; 0xb2
    d0f6:	f001 01f0 	and.w	r1, r1, #240	; 0xf0
    d0fa:	ea41 0108 	orr.w	r1, r1, r8
    d0fe:	f883 10b2 	strb.w	r1, [r3, #178]	; 0xb2
    d102:	38e0      	subs	r0, #224	; 0xe0
    d104:	2120      	movs	r1, #32
    d106:	f8c3 1084 	str.w	r1, [r3, #132]	; 0x84
    d10a:	f8c3 00a8 	str.w	r0, [r3, #168]	; 0xa8
    d10e:	f8c3 20a8 	str.w	r2, [r3, #168]	; 0xa8
    d112:	f893 20c5 	ldrb.w	r2, [r3, #197]	; 0xc5
    d116:	f002 02fe 	and.w	r2, r2, #254	; 0xfe
    d11a:	ea42 0208 	orr.w	r2, r2, r8
    d11e:	f883 20c5 	strb.w	r2, [r3, #197]	; 0xc5
    d122:	f893 20b2 	ldrb.w	r2, [r3, #178]	; 0xb2
    d126:	f002 020f 	and.w	r2, r2, #15
    d12a:	ea42 0209 	orr.w	r2, r2, r9
    d12e:	2002      	movs	r0, #2
    d130:	f883 20b2 	strb.w	r2, [r3, #178]	; 0xb2
    d134:	47b8      	blx	r7
    d136:	606c      	str	r4, [r5, #4]
    d138:	f885 9008 	strb.w	r9, [r5, #8]
    d13c:	f885 8009 	strb.w	r8, [r5, #9]
    d140:	7d33      	ldrb	r3, [r6, #20]
    d142:	f043 0302 	orr.w	r3, r3, #2
    d146:	7533      	strb	r3, [r6, #20]
    d148:	7a2b      	ldrb	r3, [r5, #8]
    d14a:	b123      	cbz	r3, d156 <Analog_Init+0x25e>
    d14c:	2002      	movs	r0, #2
    d14e:	47b8      	blx	r7
    d150:	7a2b      	ldrb	r3, [r5, #8]
    d152:	2b00      	cmp	r3, #0
    d154:	d1fa      	bne.n	d14c <Analog_Init+0x254>
    d156:	686b      	ldr	r3, [r5, #4]
    d158:	4a43      	ldr	r2, [pc, #268]	; (d268 <Analog_Init+0x370>)
    d15a:	4844      	ldr	r0, [pc, #272]	; (d26c <Analog_Init+0x374>)
    d15c:	4e4e      	ldr	r6, [pc, #312]	; (d298 <Analog_Init+0x3a0>)
    d15e:	2100      	movs	r1, #0
    d160:	091b      	lsrs	r3, r3, #4
    d162:	60eb      	str	r3, [r5, #12]
    d164:	6069      	str	r1, [r5, #4]
    d166:	7269      	strb	r1, [r5, #9]
    d168:	6a13      	ldr	r3, [r2, #32]
    d16a:	2141      	movs	r1, #65	; 0x41
    d16c:	f043 0380 	orr.w	r3, r3, #128	; 0x80
    d170:	6213      	str	r3, [r2, #32]
    d172:	f8c0 1120 	str.w	r1, [r0, #288]	; 0x120
    d176:	8833      	ldrh	r3, [r6, #0]
    d178:	f043 0301 	orr.w	r3, r3, #1
    d17c:	8033      	strh	r3, [r6, #0]
    d17e:	6b34      	ldr	r4, [r6, #48]	; 0x30
    d180:	f014 0401 	ands.w	r4, r4, #1
    d184:	d1fb      	bne.n	d17e <Analog_Init+0x286>
    d186:	4b45      	ldr	r3, [pc, #276]	; (d29c <Analog_Init+0x3a4>)
    d188:	493c      	ldr	r1, [pc, #240]	; (d27c <Analog_Init+0x384>)
    d18a:	681a      	ldr	r2, [r3, #0]
    d18c:	0153      	lsls	r3, r2, #5
    d18e:	0190      	lsls	r0, r2, #6
    d190:	f400 40e0 	and.w	r0, r0, #28672	; 0x7000
    d194:	f403 63e0 	and.w	r3, r3, #1792	; 0x700
    d198:	4303      	orrs	r3, r0
    d19a:	f002 0207 	and.w	r2, r2, #7
    d19e:	4313      	orrs	r3, r2
    d1a0:	f04f 0801 	mov.w	r8, #1
    d1a4:	f04f 0e03 	mov.w	lr, #3
    d1a8:	2080      	movs	r0, #128	; 0x80
    d1aa:	f44f 62a0 	mov.w	r2, #1280	; 0x500
    d1ae:	f886 802d 	strb.w	r8, [r6, #45]	; 0x2d
    d1b2:	f8a6 e004 	strh.w	lr, [r6, #4]
    d1b6:	80f4      	strh	r4, [r6, #6]
    d1b8:	7230      	strb	r0, [r6, #8]
    d1ba:	8032      	strh	r2, [r6, #0]
    d1bc:	2026      	movs	r0, #38	; 0x26
    d1be:	2222      	movs	r2, #34	; 0x22
    d1c0:	72f0      	strb	r0, [r6, #11]
    d1c2:	72b2      	strb	r2, [r6, #10]
    d1c4:	f8a6 3048 	strh.w	r3, [r6, #72]	; 0x48
    d1c8:	8833      	ldrh	r3, [r6, #0]
    d1ca:	f44f 0200 	mov.w	r2, #8388608	; 0x800000
    d1ce:	f043 0302 	orr.w	r3, r3, #2
    d1d2:	8033      	strh	r3, [r6, #0]
    d1d4:	f8c1 208c 	str.w	r2, [r1, #140]	; 0x8c
    d1d8:	f3bf 8f4f 	dsb	sy
    d1dc:	f3bf 8f6f 	isb	sy
    d1e0:	4b27      	ldr	r3, [pc, #156]	; (d280 <Analog_Init+0x388>)
    d1e2:	f8c1 218c 	str.w	r2, [r1, #396]	; 0x18c
    d1e6:	20c0      	movs	r0, #192	; 0xc0
    d1e8:	f881 0377 	strb.w	r0, [r1, #887]	; 0x377
    d1ec:	60ca      	str	r2, [r1, #12]
    d1ee:	f44f 7000 	mov.w	r0, #512	; 0x200
    d1f2:	f04f 4140 	mov.w	r1, #3221225472	; 0xc0000000
    d1f6:	4a2a      	ldr	r2, [pc, #168]	; (d2a0 <Analog_Init+0x3a8>)
    d1f8:	f8c3 0084 	str.w	r0, [r3, #132]	; 0x84
    d1fc:	f8c3 20a8 	str.w	r2, [r3, #168]	; 0xa8
    d200:	f8c3 10a8 	str.w	r1, [r3, #168]	; 0xa8
    d204:	f893 20c9 	ldrb.w	r2, [r3, #201]	; 0xc9
    d208:	481f      	ldr	r0, [pc, #124]	; (d288 <Analog_Init+0x390>)
    d20a:	f002 02fe 	and.w	r2, r2, #254	; 0xfe
    d20e:	ea42 0208 	orr.w	r2, r2, r8
    d212:	f883 20c9 	strb.w	r2, [r3, #201]	; 0xc9
    d216:	f893 20b4 	ldrb.w	r2, [r3, #180]	; 0xb4
    d21a:	f002 020f 	and.w	r2, r2, #15
    d21e:	f042 0210 	orr.w	r2, r2, #16
    d222:	f883 20b4 	strb.w	r2, [r3, #180]	; 0xb4
    d226:	2208      	movs	r2, #8
    d228:	f8c3 2084 	str.w	r2, [r3, #132]	; 0x84
    d22c:	f8c3 00a8 	str.w	r0, [r3, #168]	; 0xa8
    d230:	f8c3 10a8 	str.w	r1, [r3, #168]	; 0xa8
    d234:	f893 20c3 	ldrb.w	r2, [r3, #195]	; 0xc3
    d238:	f002 02fe 	and.w	r2, r2, #254	; 0xfe
    d23c:	ea42 0208 	orr.w	r2, r2, r8
    d240:	f883 20c3 	strb.w	r2, [r3, #195]	; 0xc3
    d244:	f893 20b1 	ldrb.w	r2, [r3, #177]	; 0xb1
    d248:	f002 020f 	and.w	r2, r2, #15
    d24c:	f042 0210 	orr.w	r2, r2, #16
    d250:	f883 20b1 	strb.w	r2, [r3, #177]	; 0xb1
    d254:	2002      	movs	r0, #2
    d256:	47b8      	blx	r7
    d258:	2310      	movs	r3, #16
    d25a:	612c      	str	r4, [r5, #16]
    d25c:	752b      	strb	r3, [r5, #20]
    d25e:	f885 8009 	strb.w	r8, [r5, #9]
    d262:	7d33      	ldrb	r3, [r6, #20]
    d264:	e01e      	b.n	d2a4 <Analog_Init+0x3ac>
    d266:	bf00      	nop
    d268:	40000800 	.word	0x40000800
    d26c:	40001c00 	.word	0x40001c00
    d270:	43002000 	.word	0x43002000
    d274:	00800088 	.word	0x00800088
    d278:	40001800 	.word	0x40001800
    d27c:	e000e100 	.word	0xe000e100
    d280:	41008000 	.word	0x41008000
    d284:	40000100 	.word	0x40000100
    d288:	40000008 	.word	0x40000008
    d28c:	40000010 	.word	0x40000010
    d290:	200058e0 	.word	0x200058e0
    d294:	0000f6a1 	.word	0x0000f6a1
    d298:	43001c00 	.word	0x43001c00
    d29c:	00800084 	.word	0x00800084
    d2a0:	40000200 	.word	0x40000200
    d2a4:	f043 0302 	orr.w	r3, r3, #2
    d2a8:	7533      	strb	r3, [r6, #20]
    d2aa:	7d2b      	ldrb	r3, [r5, #20]
    d2ac:	b123      	cbz	r3, d2b8 <Analog_Init+0x3c0>
    d2ae:	2002      	movs	r0, #2
    d2b0:	47b8      	blx	r7
    d2b2:	7d2b      	ldrb	r3, [r5, #20]
    d2b4:	2b00      	cmp	r3, #0
    d2b6:	d1fa      	bne.n	d2ae <Analog_Init+0x3b6>
    d2b8:	692a      	ldr	r2, [r5, #16]
    d2ba:	4916      	ldr	r1, [pc, #88]	; (d314 <Analog_Init+0x41c>)
    d2bc:	4b16      	ldr	r3, [pc, #88]	; (d318 <Analog_Init+0x420>)
    d2be:	69ec      	ldr	r4, [r5, #28]
    d2c0:	0912      	lsrs	r2, r2, #4
    d2c2:	2000      	movs	r0, #0
    d2c4:	61aa      	str	r2, [r5, #24]
    d2c6:	6128      	str	r0, [r5, #16]
    d2c8:	7268      	strb	r0, [r5, #9]
    d2ca:	7d0a      	ldrb	r2, [r1, #20]
    d2cc:	f042 0202 	orr.w	r2, r2, #2
    d2d0:	750a      	strb	r2, [r1, #20]
    d2d2:	7d1a      	ldrb	r2, [r3, #20]
    d2d4:	f042 0202 	orr.w	r2, r2, #2
    d2d8:	751a      	strb	r2, [r3, #20]
    d2da:	b16c      	cbz	r4, d2f8 <Analog_Init+0x400>
    d2dc:	4b0f      	ldr	r3, [pc, #60]	; (d31c <Analog_Init+0x424>)
    d2de:	4798      	blx	r3
    d2e0:	2300      	movs	r3, #0
    d2e2:	4602      	mov	r2, r0
    d2e4:	9300      	str	r3, [sp, #0]
    d2e6:	4620      	mov	r0, r4
    d2e8:	2101      	movs	r1, #1
    d2ea:	4c0d      	ldr	r4, [pc, #52]	; (d320 <Analog_Init+0x428>)
    d2ec:	47a0      	blx	r4
    d2ee:	2301      	movs	r3, #1
    d2f0:	706b      	strb	r3, [r5, #1]
    d2f2:	b003      	add	sp, #12
    d2f4:	e8bd 83f0 	ldmia.w	sp!, {r4, r5, r6, r7, r8, r9, pc}
    d2f8:	4b0a      	ldr	r3, [pc, #40]	; (d324 <Analog_Init+0x42c>)
    d2fa:	9300      	str	r3, [sp, #0]
    d2fc:	2201      	movs	r2, #1
    d2fe:	4623      	mov	r3, r4
    d300:	217d      	movs	r1, #125	; 0x7d
    d302:	4c09      	ldr	r4, [pc, #36]	; (d328 <Analog_Init+0x430>)
    d304:	4809      	ldr	r0, [pc, #36]	; (d32c <Analog_Init+0x434>)
    d306:	47a0      	blx	r4
    d308:	4604      	mov	r4, r0
    d30a:	61e8      	str	r0, [r5, #28]
    d30c:	2800      	cmp	r0, #0
    d30e:	d0ee      	beq.n	d2ee <Analog_Init+0x3f6>
    d310:	e7e4      	b.n	d2dc <Analog_Init+0x3e4>
    d312:	bf00      	nop
    d314:	43002000 	.word	0x43002000
    d318:	43001c00 	.word	0x43001c00
    d31c:	0000f455 	.word	0x0000f455
    d320:	0000fd21 	.word	0x0000fd21
    d324:	0000cd99 	.word	0x0000cd99
    d328:	0000fccd 	.word	0x0000fccd
    d32c:	00011e98 	.word	0x00011e98

0000d330 <Analog_Ready>:
    d330:	4b02      	ldr	r3, [pc, #8]	; (d33c <Analog_Ready+0xc>)
    d332:	7818      	ldrb	r0, [r3, #0]
    d334:	fab0 f080 	clz	r0, r0
    d338:	0940      	lsrs	r0, r0, #5
    d33a:	4770      	bx	lr
    d33c:	20002a60 	.word	0x20002a60

0000d340 <ADC1_1_Handler>:
    d340:	b570      	push	{r4, r5, r6, lr}
    d342:	4c44      	ldr	r4, [pc, #272]	; (d454 <ADC1_1_Handler+0x114>)
    d344:	7a62      	ldrb	r2, [r4, #9]
    d346:	2a00      	cmp	r2, #0
    d348:	d145      	bne.n	d3d6 <ADC1_1_Handler+0x96>
    d34a:	8c21      	ldrh	r1, [r4, #32]
    d34c:	4d42      	ldr	r5, [pc, #264]	; (d458 <ADC1_1_Handler+0x118>)
    d34e:	b289      	uxth	r1, r1
    d350:	f002 03ff 	and.w	r3, r2, #255	; 0xff
    d354:	4a41      	ldr	r2, [pc, #260]	; (d45c <ADC1_1_Handler+0x11c>)
    d356:	f832 0011 	ldrh.w	r0, [r2, r1, lsl #1]
    d35a:	f8b5 1040 	ldrh.w	r1, [r5, #64]	; 0x40
    d35e:	68e5      	ldr	r5, [r4, #12]
    d360:	b289      	uxth	r1, r1
    d362:	42a9      	cmp	r1, r5
    d364:	b280      	uxth	r0, r0
    d366:	d34f      	bcc.n	d408 <ADC1_1_Handler+0xc8>
    d368:	68e3      	ldr	r3, [r4, #12]
    d36a:	1ac9      	subs	r1, r1, r3
    d36c:	b289      	uxth	r1, r1
    d36e:	4288      	cmp	r0, r1
    d370:	d05c      	beq.n	d42c <ADC1_1_Handler+0xec>
    d372:	d26d      	bcs.n	d450 <ADC1_1_Handler+0x110>
    d374:	8c26      	ldrh	r6, [r4, #32]
    d376:	4d3a      	ldr	r5, [pc, #232]	; (d460 <ADC1_1_Handler+0x120>)
    d378:	fa15 f686 	uxtah	r6, r5, r6
    d37c:	1a0b      	subs	r3, r1, r0
    d37e:	f896 6400 	ldrb.w	r6, [r6, #1024]	; 0x400
    d382:	4133      	asrs	r3, r6
    d384:	4403      	add	r3, r0
    d386:	b29b      	uxth	r3, r3
    d388:	4298      	cmp	r0, r3
    d38a:	d05e      	beq.n	d44a <ADC1_1_Handler+0x10a>
    d38c:	8c20      	ldrh	r0, [r4, #32]
    d38e:	4e35      	ldr	r6, [pc, #212]	; (d464 <ADC1_1_Handler+0x124>)
    d390:	b280      	uxth	r0, r0
    d392:	f822 3010 	strh.w	r3, [r2, r0, lsl #1]
    d396:	8c23      	ldrh	r3, [r4, #32]
    d398:	b29b      	uxth	r3, r3
    d39a:	f826 1013 	strh.w	r1, [r6, r3, lsl #1]
    d39e:	8c23      	ldrh	r3, [r4, #32]
    d3a0:	b29b      	uxth	r3, r3
    d3a2:	2b06      	cmp	r3, #6
    d3a4:	d047      	beq.n	d436 <ADC1_1_Handler+0xf6>
    d3a6:	8c23      	ldrh	r3, [r4, #32]
    d3a8:	3301      	adds	r3, #1
    d3aa:	b29b      	uxth	r3, r3
    d3ac:	2b07      	cmp	r3, #7
    d3ae:	8423      	strh	r3, [r4, #32]
    d3b0:	bf84      	itt	hi
    d3b2:	2300      	movhi	r3, #0
    d3b4:	8423      	strhhi	r3, [r4, #32]
    d3b6:	8c22      	ldrh	r2, [r4, #32]
    d3b8:	4b27      	ldr	r3, [pc, #156]	; (d458 <ADC1_1_Handler+0x118>)
    d3ba:	fa15 f582 	uxtah	r5, r5, r2
    d3be:	f895 2408 	ldrb.w	r2, [r5, #1032]	; 0x408
    d3c2:	809a      	strh	r2, [r3, #4]
    d3c4:	7d1a      	ldrb	r2, [r3, #20]
    d3c6:	f042 0202 	orr.w	r2, r2, #2
    d3ca:	751a      	strb	r2, [r3, #20]
    d3cc:	4b22      	ldr	r3, [pc, #136]	; (d458 <ADC1_1_Handler+0x118>)
    d3ce:	2201      	movs	r2, #1
    d3d0:	f883 202e 	strb.w	r2, [r3, #46]	; 0x2e
    d3d4:	bd70      	pop	{r4, r5, r6, pc}
    d3d6:	7a23      	ldrb	r3, [r4, #8]
    d3d8:	2b00      	cmp	r3, #0
    d3da:	d0f7      	beq.n	d3cc <ADC1_1_Handler+0x8c>
    d3dc:	4a1e      	ldr	r2, [pc, #120]	; (d458 <ADC1_1_Handler+0x118>)
    d3de:	f8b2 3040 	ldrh.w	r3, [r2, #64]	; 0x40
    d3e2:	6861      	ldr	r1, [r4, #4]
    d3e4:	fa11 f383 	uxtah	r3, r1, r3
    d3e8:	6063      	str	r3, [r4, #4]
    d3ea:	7a23      	ldrb	r3, [r4, #8]
    d3ec:	3b01      	subs	r3, #1
    d3ee:	b2db      	uxtb	r3, r3
    d3f0:	7223      	strb	r3, [r4, #8]
    d3f2:	2b00      	cmp	r3, #0
    d3f4:	d0ea      	beq.n	d3cc <ADC1_1_Handler+0x8c>
    d3f6:	7d13      	ldrb	r3, [r2, #20]
    d3f8:	f043 0302 	orr.w	r3, r3, #2
    d3fc:	7513      	strb	r3, [r2, #20]
    d3fe:	4b16      	ldr	r3, [pc, #88]	; (d458 <ADC1_1_Handler+0x118>)
    d400:	2201      	movs	r2, #1
    d402:	f883 202e 	strb.w	r2, [r3, #46]	; 0x2e
    d406:	bd70      	pop	{r4, r5, r6, pc}
    d408:	b180      	cbz	r0, d42c <ADC1_1_Handler+0xec>
    d40a:	4619      	mov	r1, r3
    d40c:	8c26      	ldrh	r6, [r4, #32]
    d40e:	4d14      	ldr	r5, [pc, #80]	; (d460 <ADC1_1_Handler+0x120>)
    d410:	fa15 f686 	uxtah	r6, r5, r6
    d414:	1ac3      	subs	r3, r0, r3
    d416:	f896 6400 	ldrb.w	r6, [r6, #1024]	; 0x400
    d41a:	4133      	asrs	r3, r6
    d41c:	1ac3      	subs	r3, r0, r3
    d41e:	b29b      	uxth	r3, r3
    d420:	4298      	cmp	r0, r3
    d422:	bf04      	itt	eq
    d424:	f103 33ff 	addeq.w	r3, r3, #4294967295
    d428:	b29b      	uxtheq	r3, r3
    d42a:	e7af      	b.n	d38c <ADC1_1_Handler+0x4c>
    d42c:	8c23      	ldrh	r3, [r4, #32]
    d42e:	4d0c      	ldr	r5, [pc, #48]	; (d460 <ADC1_1_Handler+0x120>)
    d430:	b29b      	uxth	r3, r3
    d432:	2b06      	cmp	r3, #6
    d434:	d1b7      	bne.n	d3a6 <ADC1_1_Handler+0x66>
    d436:	7823      	ldrb	r3, [r4, #0]
    d438:	2b00      	cmp	r3, #0
    d43a:	d0b4      	beq.n	d3a6 <ADC1_1_Handler+0x66>
    d43c:	8990      	ldrh	r0, [r2, #12]
    d43e:	b280      	uxth	r0, r0
    d440:	2800      	cmp	r0, #0
    d442:	d0b0      	beq.n	d3a6 <ADC1_1_Handler+0x66>
    d444:	4b08      	ldr	r3, [pc, #32]	; (d468 <ADC1_1_Handler+0x128>)
    d446:	4798      	blx	r3
    d448:	e7ad      	b.n	d3a6 <ADC1_1_Handler+0x66>
    d44a:	3301      	adds	r3, #1
    d44c:	b29b      	uxth	r3, r3
    d44e:	e79d      	b.n	d38c <ADC1_1_Handler+0x4c>
    d450:	460b      	mov	r3, r1
    d452:	e7db      	b.n	d40c <ADC1_1_Handler+0xcc>
    d454:	200058e0 	.word	0x200058e0
    d458:	43002000 	.word	0x43002000
    d45c:	2000f8c4 	.word	0x2000f8c4
    d460:	00011a7c 	.word	0x00011a7c
    d464:	2000f8dc 	.word	0x2000f8dc
    d468:	0000ce99 	.word	0x0000ce99

0000d46c <ADC0_1_Handler>:
    d46c:	b570      	push	{r4, r5, r6, lr}
    d46e:	4c44      	ldr	r4, [pc, #272]	; (d580 <ADC0_1_Handler+0x114>)
    d470:	7a62      	ldrb	r2, [r4, #9]
    d472:	2a00      	cmp	r2, #0
    d474:	d145      	bne.n	d502 <ADC0_1_Handler+0x96>
    d476:	8c61      	ldrh	r1, [r4, #34]	; 0x22
    d478:	4d42      	ldr	r5, [pc, #264]	; (d584 <ADC0_1_Handler+0x118>)
    d47a:	b289      	uxth	r1, r1
    d47c:	f002 03ff 	and.w	r3, r2, #255	; 0xff
    d480:	4a41      	ldr	r2, [pc, #260]	; (d588 <ADC0_1_Handler+0x11c>)
    d482:	f832 0011 	ldrh.w	r0, [r2, r1, lsl #1]
    d486:	f8b5 1040 	ldrh.w	r1, [r5, #64]	; 0x40
    d48a:	69a5      	ldr	r5, [r4, #24]
    d48c:	b289      	uxth	r1, r1
    d48e:	42a9      	cmp	r1, r5
    d490:	b280      	uxth	r0, r0
    d492:	d34f      	bcc.n	d534 <ADC0_1_Handler+0xc8>
    d494:	69a3      	ldr	r3, [r4, #24]
    d496:	1ac9      	subs	r1, r1, r3
    d498:	b289      	uxth	r1, r1
    d49a:	4288      	cmp	r0, r1
    d49c:	d05c      	beq.n	d558 <ADC0_1_Handler+0xec>
    d49e:	d26d      	bcs.n	d57c <ADC0_1_Handler+0x110>
    d4a0:	8c66      	ldrh	r6, [r4, #34]	; 0x22
    d4a2:	4d3a      	ldr	r5, [pc, #232]	; (d58c <ADC0_1_Handler+0x120>)
    d4a4:	fa15 f686 	uxtah	r6, r5, r6
    d4a8:	1a0b      	subs	r3, r1, r0
    d4aa:	f896 6410 	ldrb.w	r6, [r6, #1040]	; 0x410
    d4ae:	4133      	asrs	r3, r6
    d4b0:	4403      	add	r3, r0
    d4b2:	b29b      	uxth	r3, r3
    d4b4:	4298      	cmp	r0, r3
    d4b6:	d05e      	beq.n	d576 <ADC0_1_Handler+0x10a>
    d4b8:	8c60      	ldrh	r0, [r4, #34]	; 0x22
    d4ba:	4e35      	ldr	r6, [pc, #212]	; (d590 <ADC0_1_Handler+0x124>)
    d4bc:	b280      	uxth	r0, r0
    d4be:	f822 3010 	strh.w	r3, [r2, r0, lsl #1]
    d4c2:	8c63      	ldrh	r3, [r4, #34]	; 0x22
    d4c4:	b29b      	uxth	r3, r3
    d4c6:	f826 1013 	strh.w	r1, [r6, r3, lsl #1]
    d4ca:	8c63      	ldrh	r3, [r4, #34]	; 0x22
    d4cc:	b29b      	uxth	r3, r3
    d4ce:	2b06      	cmp	r3, #6
    d4d0:	d047      	beq.n	d562 <ADC0_1_Handler+0xf6>
    d4d2:	8c63      	ldrh	r3, [r4, #34]	; 0x22
    d4d4:	3301      	adds	r3, #1
    d4d6:	b29b      	uxth	r3, r3
    d4d8:	2b02      	cmp	r3, #2
    d4da:	8463      	strh	r3, [r4, #34]	; 0x22
    d4dc:	bf84      	itt	hi
    d4de:	2300      	movhi	r3, #0
    d4e0:	8463      	strhhi	r3, [r4, #34]	; 0x22
    d4e2:	8c62      	ldrh	r2, [r4, #34]	; 0x22
    d4e4:	4b27      	ldr	r3, [pc, #156]	; (d584 <ADC0_1_Handler+0x118>)
    d4e6:	fa15 f582 	uxtah	r5, r5, r2
    d4ea:	f895 2414 	ldrb.w	r2, [r5, #1044]	; 0x414
    d4ee:	809a      	strh	r2, [r3, #4]
    d4f0:	7d1a      	ldrb	r2, [r3, #20]
    d4f2:	f042 0202 	orr.w	r2, r2, #2
    d4f6:	751a      	strb	r2, [r3, #20]
    d4f8:	4b22      	ldr	r3, [pc, #136]	; (d584 <ADC0_1_Handler+0x118>)
    d4fa:	2201      	movs	r2, #1
    d4fc:	f883 202e 	strb.w	r2, [r3, #46]	; 0x2e
    d500:	bd70      	pop	{r4, r5, r6, pc}
    d502:	7d23      	ldrb	r3, [r4, #20]
    d504:	2b00      	cmp	r3, #0
    d506:	d0f7      	beq.n	d4f8 <ADC0_1_Handler+0x8c>
    d508:	4a1e      	ldr	r2, [pc, #120]	; (d584 <ADC0_1_Handler+0x118>)
    d50a:	f8b2 3040 	ldrh.w	r3, [r2, #64]	; 0x40
    d50e:	6921      	ldr	r1, [r4, #16]
    d510:	fa11 f383 	uxtah	r3, r1, r3
    d514:	6123      	str	r3, [r4, #16]
    d516:	7d23      	ldrb	r3, [r4, #20]
    d518:	3b01      	subs	r3, #1
    d51a:	b2db      	uxtb	r3, r3
    d51c:	7523      	strb	r3, [r4, #20]
    d51e:	2b00      	cmp	r3, #0
    d520:	d0ea      	beq.n	d4f8 <ADC0_1_Handler+0x8c>
    d522:	7d13      	ldrb	r3, [r2, #20]
    d524:	f043 0302 	orr.w	r3, r3, #2
    d528:	7513      	strb	r3, [r2, #20]
    d52a:	4b16      	ldr	r3, [pc, #88]	; (d584 <ADC0_1_Handler+0x118>)
    d52c:	2201      	movs	r2, #1
    d52e:	f883 202e 	strb.w	r2, [r3, #46]	; 0x2e
    d532:	bd70      	pop	{r4, r5, r6, pc}
    d534:	b180      	cbz	r0, d558 <ADC0_1_Handler+0xec>
    d536:	4619      	mov	r1, r3
    d538:	8c66      	ldrh	r6, [r4, #34]	; 0x22
    d53a:	4d14      	ldr	r5, [pc, #80]	; (d58c <ADC0_1_Handler+0x120>)
    d53c:	fa15 f686 	uxtah	r6, r5, r6
    d540:	1ac3      	subs	r3, r0, r3
    d542:	f896 6410 	ldrb.w	r6, [r6, #1040]	; 0x410
    d546:	4133      	asrs	r3, r6
    d548:	1ac3      	subs	r3, r0, r3
    d54a:	b29b      	uxth	r3, r3
    d54c:	4298      	cmp	r0, r3
    d54e:	bf04      	itt	eq
    d550:	f103 33ff 	addeq.w	r3, r3, #4294967295
    d554:	b29b      	uxtheq	r3, r3
    d556:	e7af      	b.n	d4b8 <ADC0_1_Handler+0x4c>
    d558:	8c63      	ldrh	r3, [r4, #34]	; 0x22
    d55a:	4d0c      	ldr	r5, [pc, #48]	; (d58c <ADC0_1_Handler+0x120>)
    d55c:	b29b      	uxth	r3, r3
    d55e:	2b06      	cmp	r3, #6
    d560:	d1b7      	bne.n	d4d2 <ADC0_1_Handler+0x66>
    d562:	7823      	ldrb	r3, [r4, #0]
    d564:	2b00      	cmp	r3, #0
    d566:	d0b4      	beq.n	d4d2 <ADC0_1_Handler+0x66>
    d568:	8890      	ldrh	r0, [r2, #4]
    d56a:	b280      	uxth	r0, r0
    d56c:	2800      	cmp	r0, #0
    d56e:	d0b0      	beq.n	d4d2 <ADC0_1_Handler+0x66>
    d570:	4b08      	ldr	r3, [pc, #32]	; (d594 <ADC0_1_Handler+0x128>)
    d572:	4798      	blx	r3
    d574:	e7ad      	b.n	d4d2 <ADC0_1_Handler+0x66>
    d576:	3301      	adds	r3, #1
    d578:	b29b      	uxth	r3, r3
    d57a:	e79d      	b.n	d4b8 <ADC0_1_Handler+0x4c>
    d57c:	460b      	mov	r3, r1
    d57e:	e7db      	b.n	d538 <ADC0_1_Handler+0xcc>
    d580:	200058e0 	.word	0x200058e0
    d584:	43001c00 	.word	0x43001c00
    d588:	2000f8d4 	.word	0x2000f8d4
    d58c:	00011a7c 	.word	0x00011a7c
    d590:	2000f8bc 	.word	0x2000f8bc
    d594:	0000cec9 	.word	0x0000cec9

0000d598 <Analog_GetSupplyVoltage>:
    d598:	4b07      	ldr	r3, [pc, #28]	; (d5b8 <Analog_GetSupplyVoltage+0x20>)
    d59a:	4808      	ldr	r0, [pc, #32]	; (d5bc <Analog_GetSupplyVoltage+0x24>)
    d59c:	885a      	ldrh	r2, [r3, #2]
    d59e:	f24d 434c 	movw	r3, #54348	; 0xd44c
    d5a2:	b292      	uxth	r2, r2
    d5a4:	fb03 f302 	mul.w	r3, r3, r2
    d5a8:	fba0 2003 	umull	r2, r0, r0, r3
    d5ac:	1a1b      	subs	r3, r3, r0
    d5ae:	eb00 0053 	add.w	r0, r0, r3, lsr #1
    d5b2:	0ac0      	lsrs	r0, r0, #11
    d5b4:	4770      	bx	lr
    d5b6:	bf00      	nop
    d5b8:	2000f8d4 	.word	0x2000f8d4
    d5bc:	00100101 	.word	0x00100101

0000d5c0 <Analog_GetSupplyVoltageRaw>:
    d5c0:	4b01      	ldr	r3, [pc, #4]	; (d5c8 <Analog_GetSupplyVoltageRaw+0x8>)
    d5c2:	8858      	ldrh	r0, [r3, #2]
    d5c4:	b280      	uxth	r0, r0
    d5c6:	4770      	bx	lr
    d5c8:	2000f8d4 	.word	0x2000f8d4

0000d5cc <Adc_GetTemperature>:
    d5cc:	4b08      	ldr	r3, [pc, #32]	; (d5f0 <Adc_GetTemperature+0x24>)
    d5ce:	4a09      	ldr	r2, [pc, #36]	; (d5f4 <Adc_GetTemperature+0x28>)
    d5d0:	8919      	ldrh	r1, [r3, #8]
    d5d2:	895b      	ldrh	r3, [r3, #10]
    d5d4:	f3c1 01c8 	ubfx	r1, r1, #3, #9
    d5d8:	f3c3 03c8 	ubfx	r3, r3, #3, #9
    d5dc:	4413      	add	r3, r2
    d5de:	440a      	add	r2, r1
    d5e0:	f893 0200 	ldrb.w	r0, [r3, #512]	; 0x200
    d5e4:	f892 3200 	ldrb.w	r3, [r2, #512]	; 0x200
    d5e8:	4298      	cmp	r0, r3
    d5ea:	bf38      	it	cc
    d5ec:	4618      	movcc	r0, r3
    d5ee:	4770      	bx	lr
    d5f0:	2000f8c4 	.word	0x2000f8c4
    d5f4:	00011a7c 	.word	0x00011a7c

0000d5f8 <Adc_GetTemperatureRaw>:
    d5f8:	4b05      	ldr	r3, [pc, #20]	; (d610 <Adc_GetTemperatureRaw+0x18>)
    d5fa:	8919      	ldrh	r1, [r3, #8]
    d5fc:	895a      	ldrh	r2, [r3, #10]
    d5fe:	b289      	uxth	r1, r1
    d600:	b292      	uxth	r2, r2
    d602:	4291      	cmp	r1, r2
    d604:	bf34      	ite	cc
    d606:	8918      	ldrhcc	r0, [r3, #8]
    d608:	8958      	ldrhcs	r0, [r3, #10]
    d60a:	b280      	uxth	r0, r0
    d60c:	4770      	bx	lr
    d60e:	bf00      	nop
    d610:	2000f8c4 	.word	0x2000f8c4

0000d614 <Adc_GetTemperatureMax>:
    d614:	4b01      	ldr	r3, [pc, #4]	; (d61c <Adc_GetTemperatureMax+0x8>)
    d616:	681b      	ldr	r3, [r3, #0]
    d618:	7d18      	ldrb	r0, [r3, #20]
    d61a:	4770      	bx	lr
    d61c:	2000eed0 	.word	0x2000eed0

0000d620 <Adc_GetNtc>:
    d620:	4b03      	ldr	r3, [pc, #12]	; (d630 <Adc_GetNtc+0x10>)
    d622:	4a04      	ldr	r2, [pc, #16]	; (d634 <Adc_GetNtc+0x14>)
    d624:	881b      	ldrh	r3, [r3, #0]
    d626:	f3c3 03c8 	ubfx	r3, r3, #3, #9
    d62a:	5cd0      	ldrb	r0, [r2, r3]
    d62c:	4770      	bx	lr
    d62e:	bf00      	nop
    d630:	2000f8d4 	.word	0x2000f8d4
    d634:	00011a7c 	.word	0x00011a7c

0000d638 <Adc_GetNtcMax>:
    d638:	4b01      	ldr	r3, [pc, #4]	; (d640 <Adc_GetNtcMax+0x8>)
    d63a:	681b      	ldr	r3, [r3, #0]
    d63c:	7d98      	ldrb	r0, [r3, #22]
    d63e:	4770      	bx	lr
    d640:	2000eed0 	.word	0x2000eed0

0000d644 <Adc_GetNtcRaw>:
    d644:	4b01      	ldr	r3, [pc, #4]	; (d64c <Adc_GetNtcRaw+0x8>)
    d646:	8818      	ldrh	r0, [r3, #0]
    d648:	b280      	uxth	r0, r0
    d64a:	4770      	bx	lr
    d64c:	2000f8d4 	.word	0x2000f8d4

0000d650 <Adc_GetVled1Raw>:
    d650:	4b01      	ldr	r3, [pc, #4]	; (d658 <Adc_GetVled1Raw+0x8>)
    d652:	8818      	ldrh	r0, [r3, #0]
    d654:	b280      	uxth	r0, r0
    d656:	4770      	bx	lr
    d658:	2000f8c4 	.word	0x2000f8c4

0000d65c <Adc_GetVled1>:
    d65c:	4b07      	ldr	r3, [pc, #28]	; (d67c <Adc_GetVled1+0x20>)
    d65e:	4808      	ldr	r0, [pc, #32]	; (d680 <Adc_GetVled1+0x24>)
    d660:	881a      	ldrh	r2, [r3, #0]
    d662:	f24d 434c 	movw	r3, #54348	; 0xd44c
    d666:	b292      	uxth	r2, r2
    d668:	fb03 f302 	mul.w	r3, r3, r2
    d66c:	fba0 2003 	umull	r2, r0, r0, r3
    d670:	1a1b      	subs	r3, r3, r0
    d672:	eb00 0053 	add.w	r0, r0, r3, lsr #1
    d676:	f3c0 20cf 	ubfx	r0, r0, #11, #16
    d67a:	4770      	bx	lr
    d67c:	2000f8c4 	.word	0x2000f8c4
    d680:	00100101 	.word	0x00100101

0000d684 <Adc_GetVled1LastRaw>:
    d684:	4b01      	ldr	r3, [pc, #4]	; (d68c <Adc_GetVled1LastRaw+0x8>)
    d686:	8818      	ldrh	r0, [r3, #0]
    d688:	b280      	uxth	r0, r0
    d68a:	4770      	bx	lr
    d68c:	2000f8dc 	.word	0x2000f8dc

0000d690 <Adc_GetVled2Raw>:
    d690:	4b01      	ldr	r3, [pc, #4]	; (d698 <Adc_GetVled2Raw+0x8>)
    d692:	8858      	ldrh	r0, [r3, #2]
    d694:	b280      	uxth	r0, r0
    d696:	4770      	bx	lr
    d698:	2000f8c4 	.word	0x2000f8c4

0000d69c <Adc_GetVled2>:
    d69c:	4b07      	ldr	r3, [pc, #28]	; (d6bc <Adc_GetVled2+0x20>)
    d69e:	4808      	ldr	r0, [pc, #32]	; (d6c0 <Adc_GetVled2+0x24>)
    d6a0:	885a      	ldrh	r2, [r3, #2]
    d6a2:	f24d 434c 	movw	r3, #54348	; 0xd44c
    d6a6:	b292      	uxth	r2, r2
    d6a8:	fb03 f302 	mul.w	r3, r3, r2
    d6ac:	fba0 2003 	umull	r2, r0, r0, r3
    d6b0:	1a1b      	subs	r3, r3, r0
    d6b2:	eb00 0053 	add.w	r0, r0, r3, lsr #1
    d6b6:	f3c0 20cf 	ubfx	r0, r0, #11, #16
    d6ba:	4770      	bx	lr
    d6bc:	2000f8c4 	.word	0x2000f8c4
    d6c0:	00100101 	.word	0x00100101

0000d6c4 <Adc_GetVled2LastRaw>:
    d6c4:	4b01      	ldr	r3, [pc, #4]	; (d6cc <Adc_GetVled2LastRaw+0x8>)
    d6c6:	8858      	ldrh	r0, [r3, #2]
    d6c8:	b280      	uxth	r0, r0
    d6ca:	4770      	bx	lr
    d6cc:	2000f8dc 	.word	0x2000f8dc

0000d6d0 <Adc_GetVled3Raw>:
    d6d0:	4b01      	ldr	r3, [pc, #4]	; (d6d8 <Adc_GetVled3Raw+0x8>)
    d6d2:	8898      	ldrh	r0, [r3, #4]
    d6d4:	b280      	uxth	r0, r0
    d6d6:	4770      	bx	lr
    d6d8:	2000f8c4 	.word	0x2000f8c4

0000d6dc <Adc_GetVled3>:
    d6dc:	4b07      	ldr	r3, [pc, #28]	; (d6fc <Adc_GetVled3+0x20>)
    d6de:	4808      	ldr	r0, [pc, #32]	; (d700 <Adc_GetVled3+0x24>)
    d6e0:	889a      	ldrh	r2, [r3, #4]
    d6e2:	f24d 434c 	movw	r3, #54348	; 0xd44c
    d6e6:	b292      	uxth	r2, r2
    d6e8:	fb03 f302 	mul.w	r3, r3, r2
    d6ec:	fba0 2003 	umull	r2, r0, r0, r3
    d6f0:	1a1b      	subs	r3, r3, r0
    d6f2:	eb00 0053 	add.w	r0, r0, r3, lsr #1
    d6f6:	f3c0 20cf 	ubfx	r0, r0, #11, #16
    d6fa:	4770      	bx	lr
    d6fc:	2000f8c4 	.word	0x2000f8c4
    d700:	00100101 	.word	0x00100101

0000d704 <Adc_GetVled3LastRaw>:
    d704:	4b01      	ldr	r3, [pc, #4]	; (d70c <Adc_GetVled3LastRaw+0x8>)
    d706:	8898      	ldrh	r0, [r3, #4]
    d708:	b280      	uxth	r0, r0
    d70a:	4770      	bx	lr
    d70c:	2000f8dc 	.word	0x2000f8dc

0000d710 <Adc_GetVled4Raw>:
    d710:	4b01      	ldr	r3, [pc, #4]	; (d718 <Adc_GetVled4Raw+0x8>)
    d712:	88d8      	ldrh	r0, [r3, #6]
    d714:	b280      	uxth	r0, r0
    d716:	4770      	bx	lr
    d718:	2000f8c4 	.word	0x2000f8c4

0000d71c <Adc_GetVled4>:
    d71c:	4b07      	ldr	r3, [pc, #28]	; (d73c <Adc_GetVled4+0x20>)
    d71e:	4808      	ldr	r0, [pc, #32]	; (d740 <Adc_GetVled4+0x24>)
    d720:	88da      	ldrh	r2, [r3, #6]
    d722:	f24d 434c 	movw	r3, #54348	; 0xd44c
    d726:	b292      	uxth	r2, r2
    d728:	fb03 f302 	mul.w	r3, r3, r2
    d72c:	fba0 2003 	umull	r2, r0, r0, r3
    d730:	1a1b      	subs	r3, r3, r0
    d732:	eb00 0053 	add.w	r0, r0, r3, lsr #1
    d736:	f3c0 20cf 	ubfx	r0, r0, #11, #16
    d73a:	4770      	bx	lr
    d73c:	2000f8c4 	.word	0x2000f8c4
    d740:	00100101 	.word	0x00100101

0000d744 <Adc_GetVled4LastRaw>:
    d744:	4b01      	ldr	r3, [pc, #4]	; (d74c <Adc_GetVled4LastRaw+0x8>)
    d746:	88d8      	ldrh	r0, [r3, #6]
    d748:	b280      	uxth	r0, r0
    d74a:	4770      	bx	lr
    d74c:	2000f8dc 	.word	0x2000f8dc

0000d750 <State_SetError.part.0>:
    d750:	4a05      	ldr	r2, [pc, #20]	; (d768 <State_SetError.part.0+0x18>)
    d752:	6813      	ldr	r3, [r2, #0]
    d754:	b903      	cbnz	r3, d758 <State_SetError.part.0+0x8>
    d756:	8093      	strh	r3, [r2, #4]
    d758:	6811      	ldr	r1, [r2, #0]
    d75a:	2301      	movs	r3, #1
    d75c:	fa03 f000 	lsl.w	r0, r3, r0
    d760:	4308      	orrs	r0, r1
    d762:	6010      	str	r0, [r2, #0]
    d764:	4770      	bx	lr
    d766:	bf00      	nop
    d768:	20005914 	.word	0x20005914

0000d76c <State_SetWarning.part.2>:
    d76c:	4a06      	ldr	r2, [pc, #24]	; (d788 <State_SetWarning.part.2+0x1c>)
    d76e:	6813      	ldr	r3, [r2, #0]
    d770:	b91b      	cbnz	r3, d77a <State_SetWarning.part.2+0xe>
    d772:	6893      	ldr	r3, [r2, #8]
    d774:	b90b      	cbnz	r3, d77a <State_SetWarning.part.2+0xe>
    d776:	8093      	strh	r3, [r2, #4]
    d778:	8193      	strh	r3, [r2, #12]
    d77a:	6891      	ldr	r1, [r2, #8]
    d77c:	2301      	movs	r3, #1
    d77e:	fa03 f000 	lsl.w	r0, r3, r0
    d782:	4308      	orrs	r0, r1
    d784:	6090      	str	r0, [r2, #8]
    d786:	4770      	bx	lr
    d788:	20005914 	.word	0x20005914

0000d78c <State_SetError>:
    d78c:	281f      	cmp	r0, #31
    d78e:	d801      	bhi.n	d794 <State_SetError+0x8>
    d790:	4b01      	ldr	r3, [pc, #4]	; (d798 <State_SetError+0xc>)
    d792:	4718      	bx	r3
    d794:	4770      	bx	lr
    d796:	bf00      	nop
    d798:	0000d751 	.word	0x0000d751

0000d79c <State_ClearError>:
    d79c:	281f      	cmp	r0, #31
    d79e:	d807      	bhi.n	d7b0 <State_ClearError+0x14>
    d7a0:	4904      	ldr	r1, [pc, #16]	; (d7b4 <State_ClearError+0x18>)
    d7a2:	2201      	movs	r2, #1
    d7a4:	680b      	ldr	r3, [r1, #0]
    d7a6:	fa02 f000 	lsl.w	r0, r2, r0
    d7aa:	ea23 0000 	bic.w	r0, r3, r0
    d7ae:	6008      	str	r0, [r1, #0]
    d7b0:	4770      	bx	lr
    d7b2:	bf00      	nop
    d7b4:	20005914 	.word	0x20005914

0000d7b8 <State_IsErrorActive>:
    d7b8:	4a04      	ldr	r2, [pc, #16]	; (d7cc <State_IsErrorActive+0x14>)
    d7ba:	2301      	movs	r3, #1
    d7bc:	6812      	ldr	r2, [r2, #0]
    d7be:	fa03 f000 	lsl.w	r0, r3, r0
    d7c2:	4210      	tst	r0, r2
    d7c4:	bf14      	ite	ne
    d7c6:	4618      	movne	r0, r3
    d7c8:	2000      	moveq	r0, #0
    d7ca:	4770      	bx	lr
    d7cc:	20005914 	.word	0x20005914

0000d7d0 <State_GetHighestError>:
    d7d0:	b410      	push	{r4}
    d7d2:	2300      	movs	r3, #0
    d7d4:	4c07      	ldr	r4, [pc, #28]	; (d7f4 <State_GetHighestError+0x24>)
    d7d6:	2101      	movs	r1, #1
    d7d8:	e002      	b.n	d7e0 <State_GetHighestError+0x10>
    d7da:	3301      	adds	r3, #1
    d7dc:	2b20      	cmp	r3, #32
    d7de:	d005      	beq.n	d7ec <State_GetHighestError+0x1c>
    d7e0:	6822      	ldr	r2, [r4, #0]
    d7e2:	fa01 f003 	lsl.w	r0, r1, r3
    d7e6:	4010      	ands	r0, r2
    d7e8:	d0f7      	beq.n	d7da <State_GetHighestError+0xa>
    d7ea:	b258      	sxtb	r0, r3
    d7ec:	f85d 4b04 	ldr.w	r4, [sp], #4
    d7f0:	4770      	bx	lr
    d7f2:	bf00      	nop
    d7f4:	20005914 	.word	0x20005914

0000d7f8 <State_SetWarning>:
    d7f8:	281f      	cmp	r0, #31
    d7fa:	d801      	bhi.n	d800 <State_SetWarning+0x8>
    d7fc:	4b01      	ldr	r3, [pc, #4]	; (d804 <State_SetWarning+0xc>)
    d7fe:	4718      	bx	r3
    d800:	4770      	bx	lr
    d802:	bf00      	nop
    d804:	0000d76d 	.word	0x0000d76d

0000d808 <State_ClearWarning>:
    d808:	281f      	cmp	r0, #31
    d80a:	d810      	bhi.n	d82e <State_ClearWarning+0x26>
    d80c:	4b08      	ldr	r3, [pc, #32]	; (d830 <State_ClearWarning+0x28>)
    d80e:	b410      	push	{r4}
    d810:	2101      	movs	r1, #1
    d812:	689c      	ldr	r4, [r3, #8]
    d814:	689a      	ldr	r2, [r3, #8]
    d816:	fa01 f000 	lsl.w	r0, r1, r0
    d81a:	ea22 0000 	bic.w	r0, r2, r0
    d81e:	6098      	str	r0, [r3, #8]
    d820:	b11c      	cbz	r4, d82a <State_ClearWarning+0x22>
    d822:	689a      	ldr	r2, [r3, #8]
    d824:	b90a      	cbnz	r2, d82a <State_ClearWarning+0x22>
    d826:	2219      	movs	r2, #25
    d828:	81da      	strh	r2, [r3, #14]
    d82a:	f85d 4b04 	ldr.w	r4, [sp], #4
    d82e:	4770      	bx	lr
    d830:	20005914 	.word	0x20005914

0000d834 <State_IsWarningActive>:
    d834:	4a04      	ldr	r2, [pc, #16]	; (d848 <State_IsWarningActive+0x14>)
    d836:	2301      	movs	r3, #1
    d838:	6892      	ldr	r2, [r2, #8]
    d83a:	fa03 f000 	lsl.w	r0, r3, r0
    d83e:	4210      	tst	r0, r2
    d840:	bf14      	ite	ne
    d842:	4618      	movne	r0, r3
    d844:	2000      	moveq	r0, #0
    d846:	4770      	bx	lr
    d848:	20005914 	.word	0x20005914

0000d84c <State_GetHighestWarning>:
    d84c:	b410      	push	{r4}
    d84e:	2000      	movs	r0, #0
    d850:	4c09      	ldr	r4, [pc, #36]	; (d878 <State_GetHighestWarning+0x2c>)
    d852:	2101      	movs	r1, #1
    d854:	e002      	b.n	d85c <State_GetHighestWarning+0x10>
    d856:	3001      	adds	r0, #1
    d858:	2820      	cmp	r0, #32
    d85a:	d008      	beq.n	d86e <State_GetHighestWarning+0x22>
    d85c:	68a3      	ldr	r3, [r4, #8]
    d85e:	fa01 f200 	lsl.w	r2, r1, r0
    d862:	421a      	tst	r2, r3
    d864:	d0f7      	beq.n	d856 <State_GetHighestWarning+0xa>
    d866:	b240      	sxtb	r0, r0
    d868:	f85d 4b04 	ldr.w	r4, [sp], #4
    d86c:	4770      	bx	lr
    d86e:	f04f 30ff 	mov.w	r0, #4294967295
    d872:	f85d 4b04 	ldr.w	r4, [sp], #4
    d876:	4770      	bx	lr
    d878:	20005914 	.word	0x20005914

0000d87c <State_SetStartInfo>:
    d87c:	281f      	cmp	r0, #31
    d87e:	d806      	bhi.n	d88e <State_SetStartInfo+0x12>
    d880:	4a03      	ldr	r2, [pc, #12]	; (d890 <State_SetStartInfo+0x14>)
    d882:	2301      	movs	r3, #1
    d884:	6911      	ldr	r1, [r2, #16]
    d886:	fa03 f000 	lsl.w	r0, r3, r0
    d88a:	4308      	orrs	r0, r1
    d88c:	6110      	str	r0, [r2, #16]
    d88e:	4770      	bx	lr
    d890:	20005914 	.word	0x20005914

0000d894 <State_ClearStartInfo>:
    d894:	281f      	cmp	r0, #31
    d896:	d810      	bhi.n	d8ba <State_ClearStartInfo+0x26>
    d898:	4b08      	ldr	r3, [pc, #32]	; (d8bc <State_ClearStartInfo+0x28>)
    d89a:	b410      	push	{r4}
    d89c:	2101      	movs	r1, #1
    d89e:	691c      	ldr	r4, [r3, #16]
    d8a0:	691a      	ldr	r2, [r3, #16]
    d8a2:	fa01 f000 	lsl.w	r0, r1, r0
    d8a6:	ea22 0000 	bic.w	r0, r2, r0
    d8aa:	6118      	str	r0, [r3, #16]
    d8ac:	b11c      	cbz	r4, d8b6 <State_ClearStartInfo+0x22>
    d8ae:	691a      	ldr	r2, [r3, #16]
    d8b0:	b90a      	cbnz	r2, d8b6 <State_ClearStartInfo+0x22>
    d8b2:	2219      	movs	r2, #25
    d8b4:	81da      	strh	r2, [r3, #14]
    d8b6:	f85d 4b04 	ldr.w	r4, [sp], #4
    d8ba:	4770      	bx	lr
    d8bc:	20005914 	.word	0x20005914

0000d8c0 <State_SetAttentionInfo>:
    d8c0:	b410      	push	{r4}
    d8c2:	eb02 0282 	add.w	r2, r2, r2, lsl #2
    d8c6:	4c07      	ldr	r4, [pc, #28]	; (d8e4 <State_SetAttentionInfo+0x24>)
    d8c8:	b292      	uxth	r2, r2
    d8ca:	7620      	strb	r0, [r4, #24]
    d8cc:	7661      	strb	r1, [r4, #25]
    d8ce:	8362      	strh	r2, [r4, #26]
    d8d0:	7723      	strb	r3, [r4, #28]
    d8d2:	8b63      	ldrh	r3, [r4, #26]
    d8d4:	b29b      	uxth	r3, r3
    d8d6:	b913      	cbnz	r3, d8de <State_SetAttentionInfo+0x1e>
    d8d8:	83e3      	strh	r3, [r4, #30]
    d8da:	f884 3020 	strb.w	r3, [r4, #32]
    d8de:	f85d 4b04 	ldr.w	r4, [sp], #4
    d8e2:	4770      	bx	lr
    d8e4:	20005914 	.word	0x20005914

0000d8e8 <State_ClearAttentionInfo>:
    d8e8:	4b01      	ldr	r3, [pc, #4]	; (d8f0 <State_ClearAttentionInfo+0x8>)
    d8ea:	2200      	movs	r2, #0
    d8ec:	835a      	strh	r2, [r3, #26]
    d8ee:	4770      	bx	lr
    d8f0:	20005914 	.word	0x20005914

0000d8f4 <State_SetLed>:
    d8f4:	b5f0      	push	{r4, r5, r6, r7, lr}
    d8f6:	2900      	cmp	r1, #0
    d8f8:	d06b      	beq.n	d9d2 <State_SetLed+0xde>
    d8fa:	ea4f 0e40 	mov.w	lr, r0, lsl #1
    d8fe:	eb0e 0300 	add.w	r3, lr, r0
    d902:	4f3c      	ldr	r7, [pc, #240]	; (d9f4 <State_SetLed+0x100>)
    d904:	4d3c      	ldr	r5, [pc, #240]	; (d9f8 <State_SetLed+0x104>)
    d906:	5cfc      	ldrb	r4, [r7, r3]
    d908:	8cab      	ldrh	r3, [r5, #36]	; 0x24
    d90a:	4e3c      	ldr	r6, [pc, #240]	; (d9fc <State_SetLed+0x108>)
    d90c:	eb04 0284 	add.w	r2, r4, r4, lsl #2
    d910:	eb02 0282 	add.w	r2, r2, r2, lsl #2
    d914:	b21b      	sxth	r3, r3
    d916:	ebc3 0382 	rsb	r3, r3, r2, lsl #2
    d91a:	2b00      	cmp	r3, #0
    d91c:	ea4f 0151 	mov.w	r1, r1, lsr #1
    d920:	bfb8      	it	lt
    d922:	425b      	neglt	r3, r3
    d924:	fb93 f3f1 	sdiv	r3, r3, r1
    d928:	b29b      	uxth	r3, r3
    d92a:	f8a6 3088 	strh.w	r3, [r6, #136]	; 0x88
    d92e:	f8b6 3088 	ldrh.w	r3, [r6, #136]	; 0x88
    d932:	b29b      	uxth	r3, r3
    d934:	b913      	cbnz	r3, d93c <State_SetLed+0x48>
    d936:	2301      	movs	r3, #1
    d938:	f8a6 3088 	strh.w	r3, [r6, #136]	; 0x88
    d93c:	eb0e 0200 	add.w	r2, lr, r0
    d940:	443a      	add	r2, r7
    d942:	8ceb      	ldrh	r3, [r5, #38]	; 0x26
    d944:	7852      	ldrb	r2, [r2, #1]
    d946:	eb02 0c82 	add.w	ip, r2, r2, lsl #2
    d94a:	eb0c 0c8c 	add.w	ip, ip, ip, lsl #2
    d94e:	b21b      	sxth	r3, r3
    d950:	ebc3 038c 	rsb	r3, r3, ip, lsl #2
    d954:	2b00      	cmp	r3, #0
    d956:	bfb8      	it	lt
    d958:	425b      	neglt	r3, r3
    d95a:	fb93 f3f1 	sdiv	r3, r3, r1
    d95e:	b29b      	uxth	r3, r3
    d960:	f8a6 308a 	strh.w	r3, [r6, #138]	; 0x8a
    d964:	f8b6 308a 	ldrh.w	r3, [r6, #138]	; 0x8a
    d968:	b29b      	uxth	r3, r3
    d96a:	b913      	cbnz	r3, d972 <State_SetLed+0x7e>
    d96c:	2301      	movs	r3, #1
    d96e:	f8a6 308a 	strh.w	r3, [r6, #138]	; 0x8a
    d972:	4470      	add	r0, lr
    d974:	4407      	add	r7, r0
    d976:	8d28      	ldrh	r0, [r5, #40]	; 0x28
    d978:	78bb      	ldrb	r3, [r7, #2]
    d97a:	eb03 0783 	add.w	r7, r3, r3, lsl #2
    d97e:	eb07 0787 	add.w	r7, r7, r7, lsl #2
    d982:	b200      	sxth	r0, r0
    d984:	ebc0 0087 	rsb	r0, r0, r7, lsl #2
    d988:	2800      	cmp	r0, #0
    d98a:	bfb8      	it	lt
    d98c:	4240      	neglt	r0, r0
    d98e:	fb90 f1f1 	sdiv	r1, r0, r1
    d992:	b289      	uxth	r1, r1
    d994:	f8a6 108c 	strh.w	r1, [r6, #140]	; 0x8c
    d998:	f8b6 108c 	ldrh.w	r1, [r6, #140]	; 0x8c
    d99c:	b289      	uxth	r1, r1
    d99e:	b911      	cbnz	r1, d9a6 <State_SetLed+0xb2>
    d9a0:	2101      	movs	r1, #1
    d9a2:	f8a6 108c 	strh.w	r1, [r6, #140]	; 0x8c
    d9a6:	eb04 0484 	add.w	r4, r4, r4, lsl #2
    d9aa:	eb02 0282 	add.w	r2, r2, r2, lsl #2
    d9ae:	eb03 0383 	add.w	r3, r3, r3, lsl #2
    d9b2:	eb04 0484 	add.w	r4, r4, r4, lsl #2
    d9b6:	eb02 0282 	add.w	r2, r2, r2, lsl #2
    d9ba:	eb03 0383 	add.w	r3, r3, r3, lsl #2
    d9be:	00a4      	lsls	r4, r4, #2
    d9c0:	0092      	lsls	r2, r2, #2
    d9c2:	009b      	lsls	r3, r3, #2
    d9c4:	b2a4      	uxth	r4, r4
    d9c6:	b292      	uxth	r2, r2
    d9c8:	b29b      	uxth	r3, r3
    d9ca:	85ac      	strh	r4, [r5, #44]	; 0x2c
    d9cc:	85ea      	strh	r2, [r5, #46]	; 0x2e
    d9ce:	862b      	strh	r3, [r5, #48]	; 0x30
    d9d0:	bdf0      	pop	{r4, r5, r6, r7, pc}
    d9d2:	4a08      	ldr	r2, [pc, #32]	; (d9f4 <State_SetLed+0x100>)
    d9d4:	4e09      	ldr	r6, [pc, #36]	; (d9fc <State_SetLed+0x108>)
    d9d6:	4d08      	ldr	r5, [pc, #32]	; (d9f8 <State_SetLed+0x104>)
    d9d8:	f8a6 1088 	strh.w	r1, [r6, #136]	; 0x88
    d9dc:	eb00 0040 	add.w	r0, r0, r0, lsl #1
    d9e0:	1813      	adds	r3, r2, r0
    d9e2:	5c14      	ldrb	r4, [r2, r0]
    d9e4:	f8a6 108a 	strh.w	r1, [r6, #138]	; 0x8a
    d9e8:	785a      	ldrb	r2, [r3, #1]
    d9ea:	f8a6 108c 	strh.w	r1, [r6, #140]	; 0x8c
    d9ee:	789b      	ldrb	r3, [r3, #2]
    d9f0:	e7d9      	b.n	d9a6 <State_SetLed+0xb2>
    d9f2:	bf00      	nop
    d9f4:	00011ea8 	.word	0x00011ea8
    d9f8:	20005914 	.word	0x20005914
    d9fc:	20002a68 	.word	0x20002a68

0000da00 <State_Blink>:
    da00:	b570      	push	{r4, r5, r6, lr}
    da02:	4d2b      	ldr	r5, [pc, #172]	; (dab0 <State_Blink+0xb0>)
    da04:	88ab      	ldrh	r3, [r5, #4]
    da06:	b29b      	uxth	r3, r3
    da08:	b9bb      	cbnz	r3, da3a <State_Blink+0x3a>
    da0a:	2401      	movs	r4, #1
    da0c:	e001      	b.n	da12 <State_Blink+0x12>
    da0e:	2b20      	cmp	r3, #32
    da10:	d008      	beq.n	da24 <State_Blink+0x24>
    da12:	fa04 f203 	lsl.w	r2, r4, r3
    da16:	420a      	tst	r2, r1
    da18:	b2d8      	uxtb	r0, r3
    da1a:	f103 0301 	add.w	r3, r3, #1
    da1e:	d0f6      	beq.n	da0e <State_Blink+0xe>
    da20:	3001      	adds	r0, #1
    da22:	8668      	strh	r0, [r5, #50]	; 0x32
    da24:	2401      	movs	r4, #1
    da26:	2300      	movs	r3, #0
    da28:	80ac      	strh	r4, [r5, #4]
    da2a:	2132      	movs	r1, #50	; 0x32
    da2c:	86ab      	strh	r3, [r5, #52]	; 0x34
    da2e:	2009      	movs	r0, #9
    da30:	86eb      	strh	r3, [r5, #54]	; 0x36
    da32:	4a20      	ldr	r2, [pc, #128]	; (dab4 <State_Blink+0xb4>)
    da34:	e8bd 4070 	ldmia.w	sp!, {r4, r5, r6, lr}
    da38:	4710      	bx	r2
    da3a:	88ab      	ldrh	r3, [r5, #4]
    da3c:	b29b      	uxth	r3, r3
    da3e:	2b01      	cmp	r3, #1
    da40:	d00a      	beq.n	da58 <State_Blink+0x58>
    da42:	88ab      	ldrh	r3, [r5, #4]
    da44:	b29b      	uxth	r3, r3
    da46:	2b02      	cmp	r3, #2
    da48:	d009      	beq.n	da5e <State_Blink+0x5e>
    da4a:	88ab      	ldrh	r3, [r5, #4]
    da4c:	b29b      	uxth	r3, r3
    da4e:	2b04      	cmp	r3, #4
    da50:	d022      	beq.n	da98 <State_Blink+0x98>
    da52:	2300      	movs	r3, #0
    da54:	80ab      	strh	r3, [r5, #4]
    da56:	bd70      	pop	{r4, r5, r6, pc}
    da58:	2302      	movs	r3, #2
    da5a:	80ab      	strh	r3, [r5, #4]
    da5c:	bd70      	pop	{r4, r5, r6, pc}
    da5e:	8eab      	ldrh	r3, [r5, #52]	; 0x34
    da60:	3301      	adds	r3, #1
    da62:	b29b      	uxth	r3, r3
    da64:	86ab      	strh	r3, [r5, #52]	; 0x34
    da66:	07db      	lsls	r3, r3, #31
    da68:	f04f 0132 	mov.w	r1, #50	; 0x32
    da6c:	d510      	bpl.n	da90 <State_Blink+0x90>
    da6e:	4b11      	ldr	r3, [pc, #68]	; (dab4 <State_Blink+0xb4>)
    da70:	2009      	movs	r0, #9
    da72:	4798      	blx	r3
    da74:	8eeb      	ldrh	r3, [r5, #54]	; 0x36
    da76:	b29b      	uxth	r3, r3
    da78:	1c5a      	adds	r2, r3, #1
    da7a:	b292      	uxth	r2, r2
    da7c:	86ea      	strh	r2, [r5, #54]	; 0x36
    da7e:	8e6a      	ldrh	r2, [r5, #50]	; 0x32
    da80:	b292      	uxth	r2, r2
    da82:	4293      	cmp	r3, r2
    da84:	d3e7      	bcc.n	da56 <State_Blink+0x56>
    da86:	2203      	movs	r2, #3
    da88:	2300      	movs	r3, #0
    da8a:	80aa      	strh	r2, [r5, #4]
    da8c:	86ab      	strh	r3, [r5, #52]	; 0x34
    da8e:	bd70      	pop	{r4, r5, r6, pc}
    da90:	4b08      	ldr	r3, [pc, #32]	; (dab4 <State_Blink+0xb4>)
    da92:	e8bd 4070 	ldmia.w	sp!, {r4, r5, r6, lr}
    da96:	4718      	bx	r3
    da98:	4b06      	ldr	r3, [pc, #24]	; (dab4 <State_Blink+0xb4>)
    da9a:	2132      	movs	r1, #50	; 0x32
    da9c:	2009      	movs	r0, #9
    da9e:	4798      	blx	r3
    daa0:	8eab      	ldrh	r3, [r5, #52]	; 0x34
    daa2:	3301      	adds	r3, #1
    daa4:	b29b      	uxth	r3, r3
    daa6:	2b03      	cmp	r3, #3
    daa8:	86ab      	strh	r3, [r5, #52]	; 0x34
    daaa:	d9d4      	bls.n	da56 <State_Blink+0x56>
    daac:	e7d1      	b.n	da52 <State_Blink+0x52>
    daae:	bf00      	nop
    dab0:	20005914 	.word	0x20005914
    dab4:	0000d8f5 	.word	0x0000d8f5

0000dab8 <State_Timer200ms>:
    dab8:	b510      	push	{r4, lr}
    daba:	4c89      	ldr	r4, [pc, #548]	; (dce0 <State_Timer200ms+0x228>)
    dabc:	8f23      	ldrh	r3, [r4, #56]	; 0x38
    dabe:	3301      	adds	r3, #1
    dac0:	b29b      	uxth	r3, r3
    dac2:	2b13      	cmp	r3, #19
    dac4:	8723      	strh	r3, [r4, #56]	; 0x38
    dac6:	bf84      	itt	hi
    dac8:	2300      	movhi	r3, #0
    daca:	8723      	strhhi	r3, [r4, #56]	; 0x38
    dacc:	8f23      	ldrh	r3, [r4, #56]	; 0x38
    dace:	b29b      	uxth	r3, r3
    dad0:	b92b      	cbnz	r3, dade <State_Timer200ms+0x26>
    dad2:	89a2      	ldrh	r2, [r4, #12]
    dad4:	b292      	uxth	r2, r2
    dad6:	2a01      	cmp	r2, #1
    dad8:	bf04      	itt	eq
    dada:	81a3      	strheq	r3, [r4, #12]
    dadc:	80a3      	strheq	r3, [r4, #4]
    dade:	4a81      	ldr	r2, [pc, #516]	; (dce4 <State_Timer200ms+0x22c>)
    dae0:	f8b2 3090 	ldrh.w	r3, [r2, #144]	; 0x90
    dae4:	b29b      	uxth	r3, r3
    dae6:	b143      	cbz	r3, dafa <State_Timer200ms+0x42>
    dae8:	f8b2 3090 	ldrh.w	r3, [r2, #144]	; 0x90
    daec:	3b01      	subs	r3, #1
    daee:	b29b      	uxth	r3, r3
    daf0:	f8a2 3090 	strh.w	r3, [r2, #144]	; 0x90
    daf4:	2b00      	cmp	r3, #0
    daf6:	f000 8087 	beq.w	dc08 <State_Timer200ms+0x150>
    dafa:	2300      	movs	r3, #0
    dafc:	f884 303a 	strb.w	r3, [r4, #58]	; 0x3a
    db00:	8b63      	ldrh	r3, [r4, #26]
    db02:	b29b      	uxth	r3, r3
    db04:	2b00      	cmp	r3, #0
    db06:	d02b      	beq.n	db60 <State_Timer200ms+0xa8>
    db08:	68a3      	ldr	r3, [r4, #8]
    db0a:	bb2b      	cbnz	r3, db58 <State_Timer200ms+0xa0>
    db0c:	6823      	ldr	r3, [r4, #0]
    db0e:	bb1b      	cbnz	r3, db58 <State_Timer200ms+0xa0>
    db10:	8be3      	ldrh	r3, [r4, #30]
    db12:	3301      	adds	r3, #1
    db14:	b29b      	uxth	r3, r3
    db16:	83e3      	strh	r3, [r4, #30]
    db18:	7f22      	ldrb	r2, [r4, #28]
    db1a:	4293      	cmp	r3, r2
    db1c:	d30d      	bcc.n	db3a <State_Timer200ms+0x82>
    db1e:	f894 3020 	ldrb.w	r3, [r4, #32]
    db22:	2b00      	cmp	r3, #0
    db24:	f040 80d4 	bne.w	dcd0 <State_Timer200ms+0x218>
    db28:	4b6f      	ldr	r3, [pc, #444]	; (dce8 <State_Timer200ms+0x230>)
    db2a:	7e20      	ldrb	r0, [r4, #24]
    db2c:	2132      	movs	r1, #50	; 0x32
    db2e:	4798      	blx	r3
    db30:	2301      	movs	r3, #1
    db32:	f884 3020 	strb.w	r3, [r4, #32]
    db36:	2300      	movs	r3, #0
    db38:	83e3      	strh	r3, [r4, #30]
    db3a:	8b63      	ldrh	r3, [r4, #26]
    db3c:	3b01      	subs	r3, #1
    db3e:	b29b      	uxth	r3, r3
    db40:	2200      	movs	r2, #0
    db42:	8363      	strh	r3, [r4, #26]
    db44:	80a2      	strh	r2, [r4, #4]
    db46:	89a3      	ldrh	r3, [r4, #12]
    db48:	b29b      	uxth	r3, r3
    db4a:	2b01      	cmp	r3, #1
    db4c:	d93f      	bls.n	dbce <State_Timer200ms+0x116>
    db4e:	89a3      	ldrh	r3, [r4, #12]
    db50:	3b01      	subs	r3, #1
    db52:	b29b      	uxth	r3, r3
    db54:	81a3      	strh	r3, [r4, #12]
    db56:	bd10      	pop	{r4, pc}
    db58:	89a3      	ldrh	r3, [r4, #12]
    db5a:	b29b      	uxth	r3, r3
    db5c:	2b00      	cmp	r3, #0
    db5e:	d1d7      	bne.n	db10 <State_Timer200ms+0x58>
    db60:	6823      	ldr	r3, [r4, #0]
    db62:	2b00      	cmp	r3, #0
    db64:	d034      	beq.n	dbd0 <State_Timer200ms+0x118>
    db66:	89a3      	ldrh	r3, [r4, #12]
    db68:	b29b      	uxth	r3, r3
    db6a:	2b00      	cmp	r3, #0
    db6c:	d037      	beq.n	dbde <State_Timer200ms+0x126>
    db6e:	68a3      	ldr	r3, [r4, #8]
    db70:	b913      	cbnz	r3, db78 <State_Timer200ms+0xc0>
    db72:	6c23      	ldr	r3, [r4, #64]	; 0x40
    db74:	2b00      	cmp	r3, #0
    db76:	d056      	beq.n	dc26 <State_Timer200ms+0x16e>
    db78:	89a3      	ldrh	r3, [r4, #12]
    db7a:	b29b      	uxth	r3, r3
    db7c:	2b00      	cmp	r3, #0
    db7e:	d152      	bne.n	dc26 <State_Timer200ms+0x16e>
    db80:	6c23      	ldr	r3, [r4, #64]	; 0x40
    db82:	b90b      	cbnz	r3, db88 <State_Timer200ms+0xd0>
    db84:	68a3      	ldr	r3, [r4, #8]
    db86:	6423      	str	r3, [r4, #64]	; 0x40
    db88:	4b58      	ldr	r3, [pc, #352]	; (dcec <State_Timer200ms+0x234>)
    db8a:	6c21      	ldr	r1, [r4, #64]	; 0x40
    db8c:	2003      	movs	r0, #3
    db8e:	4798      	blx	r3
    db90:	88a3      	ldrh	r3, [r4, #4]
    db92:	b29b      	uxth	r3, r3
    db94:	b93b      	cbnz	r3, dba6 <State_Timer200ms+0xee>
    db96:	8b62      	ldrh	r2, [r4, #26]
    db98:	b292      	uxth	r2, r2
    db9a:	2a0a      	cmp	r2, #10
    db9c:	bf8c      	ite	hi
    db9e:	2215      	movhi	r2, #21
    dba0:	2201      	movls	r2, #1
    dba2:	81a2      	strh	r2, [r4, #12]
    dba4:	6423      	str	r3, [r4, #64]	; 0x40
    dba6:	89a3      	ldrh	r3, [r4, #12]
    dba8:	b29b      	uxth	r3, r3
    dbaa:	2b01      	cmp	r3, #1
    dbac:	d903      	bls.n	dbb6 <State_Timer200ms+0xfe>
    dbae:	89a3      	ldrh	r3, [r4, #12]
    dbb0:	3b01      	subs	r3, #1
    dbb2:	b29b      	uxth	r3, r3
    dbb4:	81a3      	strh	r3, [r4, #12]
    dbb6:	f8b4 3044 	ldrh.w	r3, [r4, #68]	; 0x44
    dbba:	b29b      	uxth	r3, r3
    dbbc:	b13b      	cbz	r3, dbce <State_Timer200ms+0x116>
    dbbe:	f8b4 3044 	ldrh.w	r3, [r4, #68]	; 0x44
    dbc2:	3b01      	subs	r3, #1
    dbc4:	b29b      	uxth	r3, r3
    dbc6:	f8a4 3044 	strh.w	r3, [r4, #68]	; 0x44
    dbca:	2b00      	cmp	r3, #0
    dbcc:	d07a      	beq.n	dcc4 <State_Timer200ms+0x20c>
    dbce:	bd10      	pop	{r4, pc}
    dbd0:	6be3      	ldr	r3, [r4, #60]	; 0x3c
    dbd2:	2b00      	cmp	r3, #0
    dbd4:	d0cb      	beq.n	db6e <State_Timer200ms+0xb6>
    dbd6:	89a3      	ldrh	r3, [r4, #12]
    dbd8:	b29b      	uxth	r3, r3
    dbda:	2b00      	cmp	r3, #0
    dbdc:	d1c7      	bne.n	db6e <State_Timer200ms+0xb6>
    dbde:	6be3      	ldr	r3, [r4, #60]	; 0x3c
    dbe0:	b90b      	cbnz	r3, dbe6 <State_Timer200ms+0x12e>
    dbe2:	6823      	ldr	r3, [r4, #0]
    dbe4:	63e3      	str	r3, [r4, #60]	; 0x3c
    dbe6:	4b41      	ldr	r3, [pc, #260]	; (dcec <State_Timer200ms+0x234>)
    dbe8:	6be1      	ldr	r1, [r4, #60]	; 0x3c
    dbea:	2000      	movs	r0, #0
    dbec:	4798      	blx	r3
    dbee:	88a3      	ldrh	r3, [r4, #4]
    dbf0:	b29b      	uxth	r3, r3
    dbf2:	2b00      	cmp	r3, #0
    dbf4:	d1d7      	bne.n	dba6 <State_Timer200ms+0xee>
    dbf6:	8b62      	ldrh	r2, [r4, #26]
    dbf8:	b292      	uxth	r2, r2
    dbfa:	2a0a      	cmp	r2, #10
    dbfc:	bf8c      	ite	hi
    dbfe:	2215      	movhi	r2, #21
    dc00:	2201      	movls	r2, #1
    dc02:	81a2      	strh	r2, [r4, #12]
    dc04:	63e3      	str	r3, [r4, #60]	; 0x3c
    dc06:	e7ce      	b.n	dba6 <State_Timer200ms+0xee>
    dc08:	f894 103a 	ldrb.w	r1, [r4, #58]	; 0x3a
    dc0c:	2900      	cmp	r1, #0
    dc0e:	f43f af74 	beq.w	dafa <State_Timer200ms+0x42>
    dc12:	f8a2 3088 	strh.w	r3, [r2, #136]	; 0x88
    dc16:	f8a2 308a 	strh.w	r3, [r2, #138]	; 0x8a
    dc1a:	f8a2 308c 	strh.w	r3, [r2, #140]	; 0x8c
    dc1e:	85a3      	strh	r3, [r4, #44]	; 0x2c
    dc20:	85e3      	strh	r3, [r4, #46]	; 0x2e
    dc22:	8623      	strh	r3, [r4, #48]	; 0x30
    dc24:	e769      	b.n	dafa <State_Timer200ms+0x42>
    dc26:	6923      	ldr	r3, [r4, #16]
    dc28:	2b00      	cmp	r3, #0
    dc2a:	d131      	bne.n	dc90 <State_Timer200ms+0x1d8>
    dc2c:	89e3      	ldrh	r3, [r4, #14]
    dc2e:	b29b      	uxth	r3, r3
    dc30:	2b00      	cmp	r3, #0
    dc32:	d12d      	bne.n	dc90 <State_Timer200ms+0x1d8>
    dc34:	6963      	ldr	r3, [r4, #20]
    dc36:	2b00      	cmp	r3, #0
    dc38:	d05a      	beq.n	dcf0 <State_Timer200ms+0x238>
    dc3a:	88a3      	ldrh	r3, [r4, #4]
    dc3c:	b29b      	uxth	r3, r3
    dc3e:	2b01      	cmp	r3, #1
    dc40:	d067      	beq.n	dd12 <State_Timer200ms+0x25a>
    dc42:	88a3      	ldrh	r3, [r4, #4]
    dc44:	b29b      	uxth	r3, r3
    dc46:	2b02      	cmp	r3, #2
    dc48:	d063      	beq.n	dd12 <State_Timer200ms+0x25a>
    dc4a:	88a3      	ldrh	r3, [r4, #4]
    dc4c:	b29b      	uxth	r3, r3
    dc4e:	2b04      	cmp	r3, #4
    dc50:	d05f      	beq.n	dd12 <State_Timer200ms+0x25a>
    dc52:	88a3      	ldrh	r3, [r4, #4]
    dc54:	b29b      	uxth	r3, r3
    dc56:	2b05      	cmp	r3, #5
    dc58:	d05b      	beq.n	dd12 <State_Timer200ms+0x25a>
    dc5a:	88a3      	ldrh	r3, [r4, #4]
    dc5c:	b29b      	uxth	r3, r3
    dc5e:	2b07      	cmp	r3, #7
    dc60:	d060      	beq.n	dd24 <State_Timer200ms+0x26c>
    dc62:	88a3      	ldrh	r3, [r4, #4]
    dc64:	b29b      	uxth	r3, r3
    dc66:	2b08      	cmp	r3, #8
    dc68:	d05c      	beq.n	dd24 <State_Timer200ms+0x26c>
    dc6a:	88a3      	ldrh	r3, [r4, #4]
    dc6c:	b29b      	uxth	r3, r3
    dc6e:	2b0a      	cmp	r3, #10
    dc70:	d058      	beq.n	dd24 <State_Timer200ms+0x26c>
    dc72:	88a3      	ldrh	r3, [r4, #4]
    dc74:	b29b      	uxth	r3, r3
    dc76:	2b0b      	cmp	r3, #11
    dc78:	d054      	beq.n	dd24 <State_Timer200ms+0x26c>
    dc7a:	21c8      	movs	r1, #200	; 0xc8
    dc7c:	200c      	movs	r0, #12
    dc7e:	4b1a      	ldr	r3, [pc, #104]	; (dce8 <State_Timer200ms+0x230>)
    dc80:	4798      	blx	r3
    dc82:	88a3      	ldrh	r3, [r4, #4]
    dc84:	3301      	adds	r3, #1
    dc86:	b29b      	uxth	r3, r3
    dc88:	2b13      	cmp	r3, #19
    dc8a:	80a3      	strh	r3, [r4, #4]
    dc8c:	d98b      	bls.n	dba6 <State_Timer200ms+0xee>
    dc8e:	e03d      	b.n	dd0c <State_Timer200ms+0x254>
    dc90:	88a3      	ldrh	r3, [r4, #4]
    dc92:	b29b      	uxth	r3, r3
    dc94:	b97b      	cbnz	r3, dcb6 <State_Timer200ms+0x1fe>
    dc96:	2201      	movs	r2, #1
    dc98:	2132      	movs	r1, #50	; 0x32
    dc9a:	2009      	movs	r0, #9
    dc9c:	4b12      	ldr	r3, [pc, #72]	; (dce8 <State_Timer200ms+0x230>)
    dc9e:	80a2      	strh	r2, [r4, #4]
    dca0:	4798      	blx	r3
    dca2:	89e3      	ldrh	r3, [r4, #14]
    dca4:	b29b      	uxth	r3, r3
    dca6:	2b00      	cmp	r3, #0
    dca8:	f43f af7d 	beq.w	dba6 <State_Timer200ms+0xee>
    dcac:	89e3      	ldrh	r3, [r4, #14]
    dcae:	3b01      	subs	r3, #1
    dcb0:	b29b      	uxth	r3, r3
    dcb2:	81e3      	strh	r3, [r4, #14]
    dcb4:	e777      	b.n	dba6 <State_Timer200ms+0xee>
    dcb6:	2200      	movs	r2, #0
    dcb8:	2132      	movs	r1, #50	; 0x32
    dcba:	2002      	movs	r0, #2
    dcbc:	4b0a      	ldr	r3, [pc, #40]	; (dce8 <State_Timer200ms+0x230>)
    dcbe:	80a2      	strh	r2, [r4, #4]
    dcc0:	4798      	blx	r3
    dcc2:	e7ee      	b.n	dca2 <State_Timer200ms+0x1ea>
    dcc4:	21c8      	movs	r1, #200	; 0xc8
    dcc6:	2009      	movs	r0, #9
    dcc8:	4b07      	ldr	r3, [pc, #28]	; (dce8 <State_Timer200ms+0x230>)
    dcca:	e8bd 4010 	ldmia.w	sp!, {r4, lr}
    dcce:	4718      	bx	r3
    dcd0:	4b05      	ldr	r3, [pc, #20]	; (dce8 <State_Timer200ms+0x230>)
    dcd2:	7e60      	ldrb	r0, [r4, #25]
    dcd4:	2132      	movs	r1, #50	; 0x32
    dcd6:	4798      	blx	r3
    dcd8:	2300      	movs	r3, #0
    dcda:	f884 3020 	strb.w	r3, [r4, #32]
    dcde:	e72a      	b.n	db36 <State_Timer200ms+0x7e>
    dce0:	20005914 	.word	0x20005914
    dce4:	20002a68 	.word	0x20002a68
    dce8:	0000d8f5 	.word	0x0000d8f5
    dcec:	0000da01 	.word	0x0000da01
    dcf0:	2301      	movs	r3, #1
    dcf2:	f884 303a 	strb.w	r3, [r4, #58]	; 0x3a
    dcf6:	f8b4 3044 	ldrh.w	r3, [r4, #68]	; 0x44
    dcfa:	b29b      	uxth	r3, r3
    dcfc:	b133      	cbz	r3, dd0c <State_Timer200ms+0x254>
    dcfe:	f8b4 3044 	ldrh.w	r3, [r4, #68]	; 0x44
    dd02:	3b01      	subs	r3, #1
    dd04:	b29b      	uxth	r3, r3
    dd06:	f8a4 3044 	strh.w	r3, [r4, #68]	; 0x44
    dd0a:	b1a3      	cbz	r3, dd36 <State_Timer200ms+0x27e>
    dd0c:	2300      	movs	r3, #0
    dd0e:	80a3      	strh	r3, [r4, #4]
    dd10:	e749      	b.n	dba6 <State_Timer200ms+0xee>
    dd12:	6963      	ldr	r3, [r4, #20]
    dd14:	07da      	lsls	r2, r3, #31
    dd16:	d5a0      	bpl.n	dc5a <State_Timer200ms+0x1a2>
    dd18:	f44f 71c8 	mov.w	r1, #400	; 0x190
    dd1c:	200f      	movs	r0, #15
    dd1e:	4b08      	ldr	r3, [pc, #32]	; (dd40 <State_Timer200ms+0x288>)
    dd20:	4798      	blx	r3
    dd22:	e7ae      	b.n	dc82 <State_Timer200ms+0x1ca>
    dd24:	6963      	ldr	r3, [r4, #20]
    dd26:	079b      	lsls	r3, r3, #30
    dd28:	d5a7      	bpl.n	dc7a <State_Timer200ms+0x1c2>
    dd2a:	f44f 71c8 	mov.w	r1, #400	; 0x190
    dd2e:	2005      	movs	r0, #5
    dd30:	4b03      	ldr	r3, [pc, #12]	; (dd40 <State_Timer200ms+0x288>)
    dd32:	4798      	blx	r3
    dd34:	e7a5      	b.n	dc82 <State_Timer200ms+0x1ca>
    dd36:	21c8      	movs	r1, #200	; 0xc8
    dd38:	2009      	movs	r0, #9
    dd3a:	4b01      	ldr	r3, [pc, #4]	; (dd40 <State_Timer200ms+0x288>)
    dd3c:	4798      	blx	r3
    dd3e:	e7e5      	b.n	dd0c <State_Timer200ms+0x254>
    dd40:	0000d8f5 	.word	0x0000d8f5

0000dd44 <TC4_Handler>:
    dd44:	e92d 4ff8 	stmdb	sp!, {r3, r4, r5, r6, r7, r8, r9, sl, fp, lr}
    dd48:	4b44      	ldr	r3, [pc, #272]	; (de5c <TC4_Handler+0x118>)
    dd4a:	4e45      	ldr	r6, [pc, #276]	; (de60 <TC4_Handler+0x11c>)
    dd4c:	2210      	movs	r2, #16
    dd4e:	729a      	strb	r2, [r3, #10]
    dd50:	f8b6 3046 	ldrh.w	r3, [r6, #70]	; 0x46
    dd54:	3301      	adds	r3, #1
    dd56:	b29b      	uxth	r3, r3
    dd58:	2b63      	cmp	r3, #99	; 0x63
    dd5a:	f8a6 3046 	strh.w	r3, [r6, #70]	; 0x46
    dd5e:	d864      	bhi.n	de2a <TC4_Handler+0xe6>
    dd60:	2001      	movs	r0, #1
    dd62:	4f40      	ldr	r7, [pc, #256]	; (de64 <TC4_Handler+0x120>)
    dd64:	f8df c104 	ldr.w	ip, [pc, #260]	; de6c <TC4_Handler+0x128>
    dd68:	4686      	mov	lr, r0
    dd6a:	2100      	movs	r1, #0
    dd6c:	f04f 0904 	mov.w	r9, #4
    dd70:	f04f 0802 	mov.w	r8, #2
    dd74:	004a      	lsls	r2, r1, #1
    dd76:	18b3      	adds	r3, r6, r2
    dd78:	8c9d      	ldrh	r5, [r3, #36]	; 0x24
    dd7a:	8d9c      	ldrh	r4, [r3, #44]	; 0x2c
    dd7c:	b2ad      	uxth	r5, r5
    dd7e:	b2a4      	uxth	r4, r4
    dd80:	42a5      	cmp	r5, r4
    dd82:	d921      	bls.n	ddc8 <TC4_Handler+0x84>
    dd84:	eb0c 0a02 	add.w	sl, ip, r2
    dd88:	f8ba 5088 	ldrh.w	r5, [sl, #136]	; 0x88
    dd8c:	8c9c      	ldrh	r4, [r3, #36]	; 0x24
    dd8e:	b2ad      	uxth	r5, r5
    dd90:	b2a4      	uxth	r4, r4
    dd92:	42a5      	cmp	r5, r4
    dd94:	d204      	bcs.n	dda0 <TC4_Handler+0x5c>
    dd96:	f8ba 4088 	ldrh.w	r4, [sl, #136]	; 0x88
    dd9a:	b2a4      	uxth	r4, r4
    dd9c:	2c00      	cmp	r4, #0
    dd9e:	d13d      	bne.n	de1c <TC4_Handler+0xd8>
    dda0:	4432      	add	r2, r6
    dda2:	8d93      	ldrh	r3, [r2, #44]	; 0x2c
    dda4:	b29b      	uxth	r3, r3
    dda6:	8493      	strh	r3, [r2, #36]	; 0x24
    dda8:	b2cb      	uxtb	r3, r1
    ddaa:	2900      	cmp	r1, #0
    ddac:	d043      	beq.n	de36 <TC4_Handler+0xf2>
    ddae:	2b01      	cmp	r3, #1
    ddb0:	d047      	beq.n	de42 <TC4_Handler+0xfe>
    ddb2:	8d33      	ldrh	r3, [r6, #40]	; 0x28
    ddb4:	b29b      	uxth	r3, r3
    ddb6:	bb33      	cbnz	r3, de06 <TC4_Handler+0xc2>
    ddb8:	f8c7 e098 	str.w	lr, [r7, #152]	; 0x98
    ddbc:	2803      	cmp	r0, #3
    ddbe:	d026      	beq.n	de0e <TC4_Handler+0xca>
    ddc0:	3001      	adds	r0, #1
    ddc2:	b2c0      	uxtb	r0, r0
    ddc4:	3101      	adds	r1, #1
    ddc6:	e7d5      	b.n	dd74 <TC4_Handler+0x30>
    ddc8:	8c9d      	ldrh	r5, [r3, #36]	; 0x24
    ddca:	8d9c      	ldrh	r4, [r3, #44]	; 0x2c
    ddcc:	b2ad      	uxth	r5, r5
    ddce:	b2a4      	uxth	r4, r4
    ddd0:	42a5      	cmp	r5, r4
    ddd2:	d21e      	bcs.n	de12 <TC4_Handler+0xce>
    ddd4:	eb0c 0a02 	add.w	sl, ip, r2
    ddd8:	8c9d      	ldrh	r5, [r3, #36]	; 0x24
    ddda:	f8ba b088 	ldrh.w	fp, [sl, #136]	; 0x88
    ddde:	8d9c      	ldrh	r4, [r3, #44]	; 0x2c
    dde0:	fa1f fb8b 	uxth.w	fp, fp
    dde4:	fa1b f585 	uxtah	r5, fp, r5
    dde8:	b2a4      	uxth	r4, r4
    ddea:	42a5      	cmp	r5, r4
    ddec:	dcd8      	bgt.n	dda0 <TC4_Handler+0x5c>
    ddee:	f8ba 4088 	ldrh.w	r4, [sl, #136]	; 0x88
    ddf2:	b2a4      	uxth	r4, r4
    ddf4:	2c00      	cmp	r4, #0
    ddf6:	d0d3      	beq.n	dda0 <TC4_Handler+0x5c>
    ddf8:	f8ba 4088 	ldrh.w	r4, [sl, #136]	; 0x88
    ddfc:	8c9a      	ldrh	r2, [r3, #36]	; 0x24
    ddfe:	4422      	add	r2, r4
    de00:	b292      	uxth	r2, r2
    de02:	849a      	strh	r2, [r3, #36]	; 0x24
    de04:	e7d0      	b.n	dda8 <TC4_Handler+0x64>
    de06:	2803      	cmp	r0, #3
    de08:	f8c7 e094 	str.w	lr, [r7, #148]	; 0x94
    de0c:	d1d8      	bne.n	ddc0 <TC4_Handler+0x7c>
    de0e:	e8bd 8ff8 	ldmia.w	sp!, {r3, r4, r5, r6, r7, r8, r9, sl, fp, pc}
    de12:	f896 3048 	ldrb.w	r3, [r6, #72]	; 0x48
    de16:	2b00      	cmp	r3, #0
    de18:	d0d0      	beq.n	ddbc <TC4_Handler+0x78>
    de1a:	e7c5      	b.n	dda8 <TC4_Handler+0x64>
    de1c:	f8ba 4088 	ldrh.w	r4, [sl, #136]	; 0x88
    de20:	8c9a      	ldrh	r2, [r3, #36]	; 0x24
    de22:	1b12      	subs	r2, r2, r4
    de24:	b292      	uxth	r2, r2
    de26:	849a      	strh	r2, [r3, #36]	; 0x24
    de28:	e7be      	b.n	dda8 <TC4_Handler+0x64>
    de2a:	4b0f      	ldr	r3, [pc, #60]	; (de68 <TC4_Handler+0x124>)
    de2c:	4798      	blx	r3
    de2e:	2300      	movs	r3, #0
    de30:	f8a6 3046 	strh.w	r3, [r6, #70]	; 0x46
    de34:	e794      	b.n	dd60 <TC4_Handler+0x1c>
    de36:	8cb3      	ldrh	r3, [r6, #36]	; 0x24
    de38:	b29b      	uxth	r3, r3
    de3a:	b943      	cbnz	r3, de4e <TC4_Handler+0x10a>
    de3c:	f8c7 8098 	str.w	r8, [r7, #152]	; 0x98
    de40:	e7be      	b.n	ddc0 <TC4_Handler+0x7c>
    de42:	8cf3      	ldrh	r3, [r6, #38]	; 0x26
    de44:	b29b      	uxth	r3, r3
    de46:	b92b      	cbnz	r3, de54 <TC4_Handler+0x110>
    de48:	f8c7 9098 	str.w	r9, [r7, #152]	; 0x98
    de4c:	e7b8      	b.n	ddc0 <TC4_Handler+0x7c>
    de4e:	f8c7 8094 	str.w	r8, [r7, #148]	; 0x94
    de52:	e7b5      	b.n	ddc0 <TC4_Handler+0x7c>
    de54:	f8c7 9094 	str.w	r9, [r7, #148]	; 0x94
    de58:	e7b2      	b.n	ddc0 <TC4_Handler+0x7c>
    de5a:	bf00      	nop
    de5c:	42001400 	.word	0x42001400
    de60:	20005914 	.word	0x20005914
    de64:	41008000 	.word	0x41008000
    de68:	0000dab9 	.word	0x0000dab9
    de6c:	20002a68 	.word	0x20002a68

0000de70 <State_TimerSync>:
    de70:	4b22      	ldr	r3, [pc, #136]	; (defc <State_TimerSync+0x8c>)
    de72:	8b5a      	ldrh	r2, [r3, #26]
    de74:	b292      	uxth	r2, r2
    de76:	b410      	push	{r4}
    de78:	b96a      	cbnz	r2, de96 <State_TimerSync+0x26>
    de7a:	681a      	ldr	r2, [r3, #0]
    de7c:	b95a      	cbnz	r2, de96 <State_TimerSync+0x26>
    de7e:	689a      	ldr	r2, [r3, #8]
    de80:	b1c2      	cbz	r2, deb4 <State_TimerSync+0x44>
    de82:	899a      	ldrh	r2, [r3, #12]
    de84:	b292      	uxth	r2, r2
    de86:	b132      	cbz	r2, de96 <State_TimerSync+0x26>
    de88:	889a      	ldrh	r2, [r3, #4]
    de8a:	b292      	uxth	r2, r2
    de8c:	2a04      	cmp	r2, #4
    de8e:	d902      	bls.n	de96 <State_TimerSync+0x26>
    de90:	4a1b      	ldr	r2, [pc, #108]	; (df00 <State_TimerSync+0x90>)
    de92:	2120      	movs	r1, #32
    de94:	7151      	strb	r1, [r2, #5]
    de96:	481a      	ldr	r0, [pc, #104]	; (df00 <State_TimerSync+0x90>)
    de98:	2420      	movs	r4, #32
    de9a:	2200      	movs	r2, #0
    de9c:	f640 71ff 	movw	r1, #4095	; 0xfff
    dea0:	7144      	strb	r4, [r0, #5]
    dea2:	f8a3 2046 	strh.w	r2, [r3, #70]	; 0x46
    dea6:	8719      	strh	r1, [r3, #56]	; 0x38
    dea8:	83d9      	strh	r1, [r3, #30]
    deaa:	f883 2020 	strb.w	r2, [r3, #32]
    deae:	f85d 4b04 	ldr.w	r4, [sp], #4
    deb2:	4770      	bx	lr
    deb4:	691a      	ldr	r2, [r3, #16]
    deb6:	2a00      	cmp	r2, #0
    deb8:	d1ed      	bne.n	de96 <State_TimerSync+0x26>
    deba:	695a      	ldr	r2, [r3, #20]
    debc:	2a00      	cmp	r2, #0
    debe:	d1ea      	bne.n	de96 <State_TimerSync+0x26>
    dec0:	89da      	ldrh	r2, [r3, #14]
    dec2:	b292      	uxth	r2, r2
    dec4:	b962      	cbnz	r2, dee0 <State_TimerSync+0x70>
    dec6:	889a      	ldrh	r2, [r3, #4]
    dec8:	b292      	uxth	r2, r2
    deca:	2a03      	cmp	r2, #3
    decc:	d808      	bhi.n	dee0 <State_TimerSync+0x70>
    dece:	889a      	ldrh	r2, [r3, #4]
    ded0:	b292      	uxth	r2, r2
    ded2:	b972      	cbnz	r2, def2 <State_TimerSync+0x82>
    ded4:	490a      	ldr	r1, [pc, #40]	; (df00 <State_TimerSync+0x90>)
    ded6:	2020      	movs	r0, #32
    ded8:	7148      	strb	r0, [r1, #5]
    deda:	f8a3 2046 	strh.w	r2, [r3, #70]	; 0x46
    dede:	e7da      	b.n	de96 <State_TimerSync+0x26>
    dee0:	4907      	ldr	r1, [pc, #28]	; (df00 <State_TimerSync+0x90>)
    dee2:	2200      	movs	r2, #0
    dee4:	2020      	movs	r0, #32
    dee6:	7148      	strb	r0, [r1, #5]
    dee8:	809a      	strh	r2, [r3, #4]
    deea:	81da      	strh	r2, [r3, #14]
    deec:	f8a3 2046 	strh.w	r2, [r3, #70]	; 0x46
    def0:	e7d1      	b.n	de96 <State_TimerSync+0x26>
    def2:	2201      	movs	r2, #1
    def4:	f883 2049 	strb.w	r2, [r3, #73]	; 0x49
    def8:	e7cd      	b.n	de96 <State_TimerSync+0x26>
    defa:	bf00      	nop
    defc:	20005914 	.word	0x20005914
    df00:	42001400 	.word	0x42001400

0000df04 <State_Init>:
    df04:	b5f0      	push	{r4, r5, r6, r7, lr}
    df06:	4b29      	ldr	r3, [pc, #164]	; (dfac <State_Init+0xa8>)
    df08:	4a29      	ldr	r2, [pc, #164]	; (dfb0 <State_Init+0xac>)
    df0a:	4c2a      	ldr	r4, [pc, #168]	; (dfb4 <State_Init+0xb0>)
    df0c:	f8df e0bc 	ldr.w	lr, [pc, #188]	; dfcc <State_Init+0xc8>
    df10:	4f29      	ldr	r7, [pc, #164]	; (dfb8 <State_Init+0xb4>)
    df12:	482a      	ldr	r0, [pc, #168]	; (dfbc <State_Init+0xb8>)
    df14:	4e2a      	ldr	r6, [pc, #168]	; (dfc0 <State_Init+0xbc>)
    df16:	2102      	movs	r1, #2
    df18:	f8c3 1088 	str.w	r1, [r3, #136]	; 0x88
    df1c:	f8c3 20a8 	str.w	r2, [r3, #168]	; 0xa8
    df20:	f04f 4240 	mov.w	r2, #3221225472	; 0xc0000000
    df24:	f8c3 20a8 	str.w	r2, [r3, #168]	; 0xa8
    df28:	2504      	movs	r5, #4
    df2a:	f8c3 1098 	str.w	r1, [r3, #152]	; 0x98
    df2e:	2101      	movs	r1, #1
    df30:	f8c3 5088 	str.w	r5, [r3, #136]	; 0x88
    df34:	f8c3 e0a8 	str.w	lr, [r3, #168]	; 0xa8
    df38:	f8c3 20a8 	str.w	r2, [r3, #168]	; 0xa8
    df3c:	f8c3 5098 	str.w	r5, [r3, #152]	; 0x98
    df40:	f8c3 1088 	str.w	r1, [r3, #136]	; 0x88
    df44:	f8c3 70a8 	str.w	r7, [r3, #168]	; 0xa8
    df48:	f8c3 20a8 	str.w	r2, [r3, #168]	; 0xa8
    df4c:	f8c3 1098 	str.w	r1, [r3, #152]	; 0x98
    df50:	69e3      	ldr	r3, [r4, #28]
    df52:	2540      	movs	r5, #64	; 0x40
    df54:	f043 0320 	orr.w	r3, r3, #32
    df58:	61e3      	str	r3, [r4, #28]
    df5a:	4602      	mov	r2, r0
    df5c:	f8c6 50f8 	str.w	r5, [r6, #248]	; 0xf8
    df60:	6001      	str	r1, [r0, #0]
    df62:	6913      	ldr	r3, [r2, #16]
    df64:	07db      	lsls	r3, r3, #31
    df66:	d4fc      	bmi.n	df62 <State_Init+0x5e>
    df68:	f44f 6480 	mov.w	r4, #1024	; 0x400
    df6c:	2010      	movs	r0, #16
    df6e:	2101      	movs	r1, #1
    df70:	f642 63e0 	movw	r3, #12000	; 0x2ee0
    df74:	6014      	str	r4, [r2, #0]
    df76:	7250      	strb	r0, [r2, #9]
    df78:	7311      	strb	r1, [r2, #12]
    df7a:	8393      	strh	r3, [r2, #28]
    df7c:	6810      	ldr	r0, [r2, #0]
    df7e:	4b11      	ldr	r3, [pc, #68]	; (dfc4 <State_Init+0xc0>)
    df80:	f040 0002 	orr.w	r0, r0, #2
    df84:	f44f 4100 	mov.w	r1, #32768	; 0x8000
    df88:	6010      	str	r0, [r2, #0]
    df8a:	f8c3 108c 	str.w	r1, [r3, #140]	; 0x8c
    df8e:	f3bf 8f4f 	dsb	sy
    df92:	f3bf 8f6f 	isb	sy
    df96:	4a0c      	ldr	r2, [pc, #48]	; (dfc8 <State_Init+0xc4>)
    df98:	f8c3 118c 	str.w	r1, [r3, #396]	; 0x18c
    df9c:	24c0      	movs	r4, #192	; 0xc0
    df9e:	2003      	movs	r0, #3
    dfa0:	f883 436f 	strb.w	r4, [r3, #879]	; 0x36f
    dfa4:	60d9      	str	r1, [r3, #12]
    dfa6:	f882 0048 	strb.w	r0, [r2, #72]	; 0x48
    dfaa:	bdf0      	pop	{r4, r5, r6, r7, pc}
    dfac:	41008000 	.word	0x41008000
    dfb0:	40000002 	.word	0x40000002
    dfb4:	40000800 	.word	0x40000800
    dfb8:	40000001 	.word	0x40000001
    dfbc:	42001400 	.word	0x42001400
    dfc0:	40001c00 	.word	0x40001c00
    dfc4:	e000e100 	.word	0xe000e100
    dfc8:	20005914 	.word	0x20005914
    dfcc:	40000004 	.word	0x40000004

0000dfd0 <State_ComToggle>:
    dfd0:	4b16      	ldr	r3, [pc, #88]	; (e02c <State_ComToggle+0x5c>)
    dfd2:	f893 203a 	ldrb.w	r2, [r3, #58]	; 0x3a
    dfd6:	b1ea      	cbz	r2, e014 <State_ComToggle+0x44>
    dfd8:	f893 204a 	ldrb.w	r2, [r3, #74]	; 0x4a
    dfdc:	4914      	ldr	r1, [pc, #80]	; (e030 <State_ComToggle+0x60>)
    dfde:	2a01      	cmp	r2, #1
    dfe0:	f04f 0200 	mov.w	r2, #0
    dfe4:	d017      	beq.n	e016 <State_ComToggle+0x46>
    dfe6:	f242 7010 	movw	r0, #10000	; 0x2710
    dfea:	f8a1 2088 	strh.w	r2, [r1, #136]	; 0x88
    dfee:	f8a1 208a 	strh.w	r2, [r1, #138]	; 0x8a
    dff2:	f8a1 208c 	strh.w	r2, [r1, #140]	; 0x8c
    dff6:	859a      	strh	r2, [r3, #44]	; 0x2c
    dff8:	85da      	strh	r2, [r3, #46]	; 0x2e
    dffa:	8618      	strh	r0, [r3, #48]	; 0x30
    dffc:	f893 204a 	ldrb.w	r2, [r3, #74]	; 0x4a
    e000:	f112 32ff 	adds.w	r2, r2, #4294967295
    e004:	f04f 01c8 	mov.w	r1, #200	; 0xc8
    e008:	bf18      	it	ne
    e00a:	2201      	movne	r2, #1
    e00c:	f883 204a 	strb.w	r2, [r3, #74]	; 0x4a
    e010:	f8a3 1044 	strh.w	r1, [r3, #68]	; 0x44
    e014:	4770      	bx	lr
    e016:	f8a1 2088 	strh.w	r2, [r1, #136]	; 0x88
    e01a:	f8a1 208a 	strh.w	r2, [r1, #138]	; 0x8a
    e01e:	f8a1 208c 	strh.w	r2, [r1, #140]	; 0x8c
    e022:	859a      	strh	r2, [r3, #44]	; 0x2c
    e024:	85da      	strh	r2, [r3, #46]	; 0x2e
    e026:	861a      	strh	r2, [r3, #48]	; 0x30
    e028:	e7e8      	b.n	dffc <State_ComToggle+0x2c>
    e02a:	bf00      	nop
    e02c:	20005914 	.word	0x20005914
    e030:	20002a68 	.word	0x20002a68

0000e034 <State_ComToggleNoData>:
    e034:	4b18      	ldr	r3, [pc, #96]	; (e098 <State_ComToggleNoData+0x64>)
    e036:	f893 203a 	ldrb.w	r2, [r3, #58]	; 0x3a
    e03a:	b1da      	cbz	r2, e074 <State_ComToggleNoData+0x40>
    e03c:	b410      	push	{r4}
    e03e:	f893 104a 	ldrb.w	r1, [r3, #74]	; 0x4a
    e042:	f001 02ff 	and.w	r2, r1, #255	; 0xff
    e046:	b9b1      	cbnz	r1, e076 <State_ComToggleNoData+0x42>
    e048:	4914      	ldr	r1, [pc, #80]	; (e09c <State_ComToggleNoData+0x68>)
    e04a:	f8a1 2088 	strh.w	r2, [r1, #136]	; 0x88
    e04e:	f8a1 208a 	strh.w	r2, [r1, #138]	; 0x8a
    e052:	f8a1 208c 	strh.w	r2, [r1, #140]	; 0x8c
    e056:	859a      	strh	r2, [r3, #44]	; 0x2c
    e058:	85da      	strh	r2, [r3, #46]	; 0x2e
    e05a:	861a      	strh	r2, [r3, #48]	; 0x30
    e05c:	f893 204a 	ldrb.w	r2, [r3, #74]	; 0x4a
    e060:	fab2 f282 	clz	r2, r2
    e064:	0952      	lsrs	r2, r2, #5
    e066:	f883 204a 	strb.w	r2, [r3, #74]	; 0x4a
    e06a:	21c8      	movs	r1, #200	; 0xc8
    e06c:	f85d 4b04 	ldr.w	r4, [sp], #4
    e070:	f8a3 1044 	strh.w	r1, [r3, #68]	; 0x44
    e074:	4770      	bx	lr
    e076:	4909      	ldr	r1, [pc, #36]	; (e09c <State_ComToggleNoData+0x68>)
    e078:	2200      	movs	r2, #0
    e07a:	f242 7410 	movw	r4, #10000	; 0x2710
    e07e:	f241 7070 	movw	r0, #6000	; 0x1770
    e082:	f8a1 2088 	strh.w	r2, [r1, #136]	; 0x88
    e086:	f8a1 208a 	strh.w	r2, [r1, #138]	; 0x8a
    e08a:	f8a1 208c 	strh.w	r2, [r1, #140]	; 0x8c
    e08e:	859c      	strh	r4, [r3, #44]	; 0x2c
    e090:	85d8      	strh	r0, [r3, #46]	; 0x2e
    e092:	861a      	strh	r2, [r3, #48]	; 0x30
    e094:	e7e2      	b.n	e05c <State_ComToggleNoData+0x28>
    e096:	bf00      	nop
    e098:	20005914 	.word	0x20005914
    e09c:	20002a68 	.word	0x20002a68

0000e0a0 <State_ComToggleTempNetwork>:
    e0a0:	4b16      	ldr	r3, [pc, #88]	; (e0fc <State_ComToggleTempNetwork+0x5c>)
    e0a2:	f893 203a 	ldrb.w	r2, [r3, #58]	; 0x3a
    e0a6:	b1d2      	cbz	r2, e0de <State_ComToggleTempNetwork+0x3e>
    e0a8:	f893 104a 	ldrb.w	r1, [r3, #74]	; 0x4a
    e0ac:	f001 02ff 	and.w	r2, r1, #255	; 0xff
    e0b0:	b9b1      	cbnz	r1, e0e0 <State_ComToggleTempNetwork+0x40>
    e0b2:	4913      	ldr	r1, [pc, #76]	; (e100 <State_ComToggleTempNetwork+0x60>)
    e0b4:	f8a1 2088 	strh.w	r2, [r1, #136]	; 0x88
    e0b8:	f8a1 208a 	strh.w	r2, [r1, #138]	; 0x8a
    e0bc:	f8a1 208c 	strh.w	r2, [r1, #140]	; 0x8c
    e0c0:	859a      	strh	r2, [r3, #44]	; 0x2c
    e0c2:	85da      	strh	r2, [r3, #46]	; 0x2e
    e0c4:	861a      	strh	r2, [r3, #48]	; 0x30
    e0c6:	f893 204a 	ldrb.w	r2, [r3, #74]	; 0x4a
    e0ca:	f112 32ff 	adds.w	r2, r2, #4294967295
    e0ce:	f04f 01c8 	mov.w	r1, #200	; 0xc8
    e0d2:	bf18      	it	ne
    e0d4:	2201      	movne	r2, #1
    e0d6:	f883 204a 	strb.w	r2, [r3, #74]	; 0x4a
    e0da:	f8a3 1044 	strh.w	r1, [r3, #68]	; 0x44
    e0de:	4770      	bx	lr
    e0e0:	4907      	ldr	r1, [pc, #28]	; (e100 <State_ComToggleTempNetwork+0x60>)
    e0e2:	2200      	movs	r2, #0
    e0e4:	f242 7010 	movw	r0, #10000	; 0x2710
    e0e8:	f8a1 2088 	strh.w	r2, [r1, #136]	; 0x88
    e0ec:	f8a1 208a 	strh.w	r2, [r1, #138]	; 0x8a
    e0f0:	f8a1 208c 	strh.w	r2, [r1, #140]	; 0x8c
    e0f4:	859a      	strh	r2, [r3, #44]	; 0x2c
    e0f6:	85d8      	strh	r0, [r3, #46]	; 0x2e
    e0f8:	861a      	strh	r2, [r3, #48]	; 0x30
    e0fa:	e7e4      	b.n	e0c6 <State_ComToggleTempNetwork+0x26>
    e0fc:	20005914 	.word	0x20005914
    e100:	20002a68 	.word	0x20002a68

0000e104 <State_ResetToggleData_Show>:
    e104:	4b02      	ldr	r3, [pc, #8]	; (e110 <State_ResetToggleData_Show+0xc>)
    e106:	f44f 7296 	mov.w	r2, #300	; 0x12c
    e10a:	f8a3 2090 	strh.w	r2, [r3, #144]	; 0x90
    e10e:	4770      	bx	lr
    e110:	20002a68 	.word	0x20002a68

0000e114 <TCC4_1_Handler>:
    e114:	b538      	push	{r3, r4, r5, lr}
    e116:	4c0a      	ldr	r4, [pc, #40]	; (e140 <TCC4_1_Handler+0x2c>)
    e118:	6ae3      	ldr	r3, [r4, #44]	; 0x2c
    e11a:	03db      	lsls	r3, r3, #15
    e11c:	d50a      	bpl.n	e134 <TCC4_1_Handler+0x20>
    e11e:	4d09      	ldr	r5, [pc, #36]	; (e144 <TCC4_1_Handler+0x30>)
    e120:	682b      	ldr	r3, [r5, #0]
    e122:	b13b      	cbz	r3, e134 <TCC4_1_Handler+0x20>
    e124:	4798      	blx	r3
    e126:	f44f 3380 	mov.w	r3, #65536	; 0x10000
    e12a:	2200      	movs	r2, #0
    e12c:	602a      	str	r2, [r5, #0]
    e12e:	62e3      	str	r3, [r4, #44]	; 0x2c
    e130:	6263      	str	r3, [r4, #36]	; 0x24
    e132:	bd38      	pop	{r3, r4, r5, pc}
    e134:	4b02      	ldr	r3, [pc, #8]	; (e140 <TCC4_1_Handler+0x2c>)
    e136:	f44f 3280 	mov.w	r2, #65536	; 0x10000
    e13a:	62da      	str	r2, [r3, #44]	; 0x2c
    e13c:	bd38      	pop	{r3, r4, r5, pc}
    e13e:	bf00      	nop
    e140:	43001000 	.word	0x43001000
    e144:	20005960 	.word	0x20005960

0000e148 <TCC4_2_Handler>:
    e148:	b538      	push	{r3, r4, r5, lr}
    e14a:	4c0a      	ldr	r4, [pc, #40]	; (e174 <TCC4_2_Handler+0x2c>)
    e14c:	6ae3      	ldr	r3, [r4, #44]	; 0x2c
    e14e:	039b      	lsls	r3, r3, #14
    e150:	d50a      	bpl.n	e168 <TCC4_2_Handler+0x20>
    e152:	4d09      	ldr	r5, [pc, #36]	; (e178 <TCC4_2_Handler+0x30>)
    e154:	686b      	ldr	r3, [r5, #4]
    e156:	b13b      	cbz	r3, e168 <TCC4_2_Handler+0x20>
    e158:	4798      	blx	r3
    e15a:	f44f 3300 	mov.w	r3, #131072	; 0x20000
    e15e:	2200      	movs	r2, #0
    e160:	62e3      	str	r3, [r4, #44]	; 0x2c
    e162:	606a      	str	r2, [r5, #4]
    e164:	6263      	str	r3, [r4, #36]	; 0x24
    e166:	bd38      	pop	{r3, r4, r5, pc}
    e168:	4b02      	ldr	r3, [pc, #8]	; (e174 <TCC4_2_Handler+0x2c>)
    e16a:	f44f 3200 	mov.w	r2, #131072	; 0x20000
    e16e:	62da      	str	r2, [r3, #44]	; 0x2c
    e170:	bd38      	pop	{r3, r4, r5, pc}
    e172:	bf00      	nop
    e174:	43001000 	.word	0x43001000
    e178:	20005960 	.word	0x20005960

0000e17c <timing_init>:
    e17c:	b410      	push	{r4}
    e17e:	4922      	ldr	r1, [pc, #136]	; (e208 <timing_init+0x8c>)
    e180:	4822      	ldr	r0, [pc, #136]	; (e20c <timing_init+0x90>)
    e182:	6a0b      	ldr	r3, [r1, #32]
    e184:	4a22      	ldr	r2, [pc, #136]	; (e210 <timing_init+0x94>)
    e186:	f043 0310 	orr.w	r3, r3, #16
    e18a:	2440      	movs	r4, #64	; 0x40
    e18c:	620b      	str	r3, [r1, #32]
    e18e:	f8c0 4118 	str.w	r4, [r0, #280]	; 0x118
    e192:	6813      	ldr	r3, [r2, #0]
    e194:	f043 0301 	orr.w	r3, r3, #1
    e198:	6013      	str	r3, [r2, #0]
    e19a:	6893      	ldr	r3, [r2, #8]
    e19c:	f013 0301 	ands.w	r3, r3, #1
    e1a0:	d1fb      	bne.n	e19a <timing_init+0x1e>
    e1a2:	f44f 6180 	mov.w	r1, #1024	; 0x400
    e1a6:	6011      	str	r1, [r2, #0]
    e1a8:	63d3      	str	r3, [r2, #60]	; 0x3c
    e1aa:	6c13      	ldr	r3, [r2, #64]	; 0x40
    e1ac:	4918      	ldr	r1, [pc, #96]	; (e210 <timing_init+0x94>)
    e1ae:	f64f 70ff 	movw	r0, #65535	; 0xffff
    e1b2:	f360 0317 	bfi	r3, r0, #0, #24
    e1b6:	6413      	str	r3, [r2, #64]	; 0x40
    e1b8:	6813      	ldr	r3, [r2, #0]
    e1ba:	f043 0302 	orr.w	r3, r3, #2
    e1be:	6013      	str	r3, [r2, #0]
    e1c0:	688b      	ldr	r3, [r1, #8]
    e1c2:	079b      	lsls	r3, r3, #30
    e1c4:	d4fc      	bmi.n	e1c0 <timing_init+0x44>
    e1c6:	4b13      	ldr	r3, [pc, #76]	; (e214 <timing_init+0x98>)
    e1c8:	2220      	movs	r2, #32
    e1ca:	f44f 7000 	mov.w	r0, #512	; 0x200
    e1ce:	714a      	strb	r2, [r1, #5]
    e1d0:	f8c3 008c 	str.w	r0, [r3, #140]	; 0x8c
    e1d4:	f3bf 8f4f 	dsb	sy
    e1d8:	f3bf 8f6f 	isb	sy
    e1dc:	2160      	movs	r1, #96	; 0x60
    e1de:	f44f 6280 	mov.w	r2, #1024	; 0x400
    e1e2:	f8c3 018c 	str.w	r0, [r3, #396]	; 0x18c
    e1e6:	f883 1369 	strb.w	r1, [r3, #873]	; 0x369
    e1ea:	60d8      	str	r0, [r3, #12]
    e1ec:	f8c3 208c 	str.w	r2, [r3, #140]	; 0x8c
    e1f0:	f3bf 8f4f 	dsb	sy
    e1f4:	f3bf 8f6f 	isb	sy
    e1f8:	f8c3 218c 	str.w	r2, [r3, #396]	; 0x18c
    e1fc:	f883 136a 	strb.w	r1, [r3, #874]	; 0x36a
    e200:	f85d 4b04 	ldr.w	r4, [sp], #4
    e204:	60da      	str	r2, [r3, #12]
    e206:	4770      	bx	lr
    e208:	40000800 	.word	0x40000800
    e20c:	40001c00 	.word	0x40001c00
    e210:	43001000 	.word	0x43001000
    e214:	e000e100 	.word	0xe000e100

0000e218 <vListInitialise>:
    e218:	f100 0308 	add.w	r3, r0, #8
    e21c:	f04f 31ff 	mov.w	r1, #4294967295
    e220:	2200      	movs	r2, #0
    e222:	6081      	str	r1, [r0, #8]
    e224:	6002      	str	r2, [r0, #0]
    e226:	6043      	str	r3, [r0, #4]
    e228:	60c3      	str	r3, [r0, #12]
    e22a:	6103      	str	r3, [r0, #16]
    e22c:	4770      	bx	lr
    e22e:	bf00      	nop

0000e230 <vListInitialiseItem>:
    e230:	2300      	movs	r3, #0
    e232:	6103      	str	r3, [r0, #16]
    e234:	4770      	bx	lr
    e236:	bf00      	nop

0000e238 <vListInsertEnd>:
    e238:	6843      	ldr	r3, [r0, #4]
    e23a:	6802      	ldr	r2, [r0, #0]
    e23c:	b410      	push	{r4}
    e23e:	689c      	ldr	r4, [r3, #8]
    e240:	608c      	str	r4, [r1, #8]
    e242:	689c      	ldr	r4, [r3, #8]
    e244:	604b      	str	r3, [r1, #4]
    e246:	3201      	adds	r2, #1
    e248:	6061      	str	r1, [r4, #4]
    e24a:	6099      	str	r1, [r3, #8]
    e24c:	f85d 4b04 	ldr.w	r4, [sp], #4
    e250:	6108      	str	r0, [r1, #16]
    e252:	6002      	str	r2, [r0, #0]
    e254:	4770      	bx	lr
    e256:	bf00      	nop

0000e258 <vListInsert>:
    e258:	b430      	push	{r4, r5}
    e25a:	680d      	ldr	r5, [r1, #0]
    e25c:	1c6b      	adds	r3, r5, #1
    e25e:	d011      	beq.n	e284 <vListInsert+0x2c>
    e260:	f100 0208 	add.w	r2, r0, #8
    e264:	e000      	b.n	e268 <vListInsert+0x10>
    e266:	461a      	mov	r2, r3
    e268:	6853      	ldr	r3, [r2, #4]
    e26a:	681c      	ldr	r4, [r3, #0]
    e26c:	42a5      	cmp	r5, r4
    e26e:	d2fa      	bcs.n	e266 <vListInsert+0xe>
    e270:	6804      	ldr	r4, [r0, #0]
    e272:	604b      	str	r3, [r1, #4]
    e274:	3401      	adds	r4, #1
    e276:	6099      	str	r1, [r3, #8]
    e278:	608a      	str	r2, [r1, #8]
    e27a:	6051      	str	r1, [r2, #4]
    e27c:	6108      	str	r0, [r1, #16]
    e27e:	6004      	str	r4, [r0, #0]
    e280:	bc30      	pop	{r4, r5}
    e282:	4770      	bx	lr
    e284:	6902      	ldr	r2, [r0, #16]
    e286:	6853      	ldr	r3, [r2, #4]
    e288:	e7f2      	b.n	e270 <vListInsert+0x18>
    e28a:	bf00      	nop

0000e28c <uxListRemove>:
    e28c:	6842      	ldr	r2, [r0, #4]
    e28e:	6881      	ldr	r1, [r0, #8]
    e290:	6903      	ldr	r3, [r0, #16]
    e292:	b410      	push	{r4}
    e294:	6091      	str	r1, [r2, #8]
    e296:	6881      	ldr	r1, [r0, #8]
    e298:	685c      	ldr	r4, [r3, #4]
    e29a:	604a      	str	r2, [r1, #4]
    e29c:	681a      	ldr	r2, [r3, #0]
    e29e:	42a0      	cmp	r0, r4
    e2a0:	bf08      	it	eq
    e2a2:	6059      	streq	r1, [r3, #4]
    e2a4:	3a01      	subs	r2, #1
    e2a6:	2100      	movs	r1, #0
    e2a8:	6101      	str	r1, [r0, #16]
    e2aa:	601a      	str	r2, [r3, #0]
    e2ac:	6818      	ldr	r0, [r3, #0]
    e2ae:	f85d 4b04 	ldr.w	r4, [sp], #4
    e2b2:	4770      	bx	lr

0000e2b4 <prvTaskExitError>:
    e2b4:	4b0e      	ldr	r3, [pc, #56]	; (e2f0 <prvTaskExitError+0x3c>)
    e2b6:	681b      	ldr	r3, [r3, #0]
    e2b8:	b082      	sub	sp, #8
    e2ba:	2200      	movs	r2, #0
    e2bc:	3301      	adds	r3, #1
    e2be:	9201      	str	r2, [sp, #4]
    e2c0:	d008      	beq.n	e2d4 <prvTaskExitError+0x20>
    e2c2:	f04f 0380 	mov.w	r3, #128	; 0x80
    e2c6:	f383 8811 	msr	BASEPRI, r3
    e2ca:	f3bf 8f6f 	isb	sy
    e2ce:	f3bf 8f4f 	dsb	sy
    e2d2:	e7fe      	b.n	e2d2 <prvTaskExitError+0x1e>
    e2d4:	f04f 0380 	mov.w	r3, #128	; 0x80
    e2d8:	f383 8811 	msr	BASEPRI, r3
    e2dc:	f3bf 8f6f 	isb	sy
    e2e0:	f3bf 8f4f 	dsb	sy
    e2e4:	9b01      	ldr	r3, [sp, #4]
    e2e6:	2b00      	cmp	r3, #0
    e2e8:	d0fc      	beq.n	e2e4 <prvTaskExitError+0x30>
    e2ea:	b002      	add	sp, #8
    e2ec:	4770      	bx	lr
    e2ee:	bf00      	nop
    e2f0:	20002afc 	.word	0x20002afc

0000e2f4 <prvPortStartFirstTask>:
    e2f4:	4808      	ldr	r0, [pc, #32]	; (e318 <prvPortStartFirstTask+0x24>)
    e2f6:	6800      	ldr	r0, [r0, #0]
    e2f8:	6800      	ldr	r0, [r0, #0]
    e2fa:	f380 8808 	msr	MSP, r0
    e2fe:	f04f 0000 	mov.w	r0, #0
    e302:	f380 8814 	msr	CONTROL, r0
    e306:	b662      	cpsie	i
    e308:	b661      	cpsie	f
    e30a:	f3bf 8f4f 	dsb	sy
    e30e:	f3bf 8f6f 	isb	sy
    e312:	df00      	svc	0
    e314:	bf00      	nop
    e316:	0000      	.short	0x0000
    e318:	e000ed08 	.word	0xe000ed08

0000e31c <vPortEnableVFP>:
    e31c:	f8df 000c 	ldr.w	r0, [pc, #12]	; e32c <vPortEnableVFP+0x10>
    e320:	6801      	ldr	r1, [r0, #0]
    e322:	f441 0170 	orr.w	r1, r1, #15728640	; 0xf00000
    e326:	6001      	str	r1, [r0, #0]
    e328:	4770      	bx	lr
    e32a:	0000      	.short	0x0000
    e32c:	e000ed88 	.word	0xe000ed88

0000e330 <pxPortInitialiseStack>:
    e330:	b430      	push	{r4, r5}
    e332:	f021 0101 	bic.w	r1, r1, #1
    e336:	f04f 7580 	mov.w	r5, #16777216	; 0x1000000
    e33a:	4c07      	ldr	r4, [pc, #28]	; (e358 <pxPortInitialiseStack+0x28>)
    e33c:	f840 4c0c 	str.w	r4, [r0, #-12]
    e340:	f06f 0302 	mvn.w	r3, #2
    e344:	f840 2c20 	str.w	r2, [r0, #-32]
    e348:	e900 0022 	stmdb	r0, {r1, r5}
    e34c:	f840 3c24 	str.w	r3, [r0, #-36]
    e350:	bc30      	pop	{r4, r5}
    e352:	3844      	subs	r0, #68	; 0x44
    e354:	4770      	bx	lr
    e356:	bf00      	nop
    e358:	0000e2b5 	.word	0x0000e2b5
    e35c:	00000000 	.word	0x00000000

0000e360 <SVCall_Handler>:
    e360:	4b07      	ldr	r3, [pc, #28]	; (e380 <pxCurrentTCBConst2>)
    e362:	6819      	ldr	r1, [r3, #0]
    e364:	6808      	ldr	r0, [r1, #0]
    e366:	e8b0 4ff0 	ldmia.w	r0!, {r4, r5, r6, r7, r8, r9, sl, fp, lr}
    e36a:	f380 8809 	msr	PSP, r0
    e36e:	f3bf 8f6f 	isb	sy
    e372:	f04f 0000 	mov.w	r0, #0
    e376:	f380 8811 	msr	BASEPRI, r0
    e37a:	4770      	bx	lr
    e37c:	f3af 8000 	nop.w

0000e380 <pxCurrentTCBConst2>:
    e380:	2000dac4 	.word	0x2000dac4

0000e384 <vPortEnterCritical>:
    e384:	f04f 0380 	mov.w	r3, #128	; 0x80
    e388:	f383 8811 	msr	BASEPRI, r3
    e38c:	f3bf 8f6f 	isb	sy
    e390:	f3bf 8f4f 	dsb	sy
    e394:	4a0a      	ldr	r2, [pc, #40]	; (e3c0 <vPortEnterCritical+0x3c>)
    e396:	6813      	ldr	r3, [r2, #0]
    e398:	3301      	adds	r3, #1
    e39a:	2b01      	cmp	r3, #1
    e39c:	6013      	str	r3, [r2, #0]
    e39e:	d000      	beq.n	e3a2 <vPortEnterCritical+0x1e>
    e3a0:	4770      	bx	lr
    e3a2:	4b08      	ldr	r3, [pc, #32]	; (e3c4 <vPortEnterCritical+0x40>)
    e3a4:	681b      	ldr	r3, [r3, #0]
    e3a6:	f013 0fff 	tst.w	r3, #255	; 0xff
    e3aa:	d0f9      	beq.n	e3a0 <vPortEnterCritical+0x1c>
    e3ac:	f04f 0380 	mov.w	r3, #128	; 0x80
    e3b0:	f383 8811 	msr	BASEPRI, r3
    e3b4:	f3bf 8f6f 	isb	sy
    e3b8:	f3bf 8f4f 	dsb	sy
    e3bc:	e7fe      	b.n	e3bc <vPortEnterCritical+0x38>
    e3be:	bf00      	nop
    e3c0:	20002afc 	.word	0x20002afc
    e3c4:	e000ed04 	.word	0xe000ed04

0000e3c8 <vPortExitCritical>:
    e3c8:	4a08      	ldr	r2, [pc, #32]	; (e3ec <vPortExitCritical+0x24>)
    e3ca:	6813      	ldr	r3, [r2, #0]
    e3cc:	b943      	cbnz	r3, e3e0 <vPortExitCritical+0x18>
    e3ce:	f04f 0380 	mov.w	r3, #128	; 0x80
    e3d2:	f383 8811 	msr	BASEPRI, r3
    e3d6:	f3bf 8f6f 	isb	sy
    e3da:	f3bf 8f4f 	dsb	sy
    e3de:	e7fe      	b.n	e3de <vPortExitCritical+0x16>
    e3e0:	3b01      	subs	r3, #1
    e3e2:	6013      	str	r3, [r2, #0]
    e3e4:	b90b      	cbnz	r3, e3ea <vPortExitCritical+0x22>
    e3e6:	f383 8811 	msr	BASEPRI, r3
    e3ea:	4770      	bx	lr
    e3ec:	20002afc 	.word	0x20002afc

0000e3f0 <PendSV_Handler>:
    e3f0:	f3ef 8009 	mrs	r0, PSP
    e3f4:	f3bf 8f6f 	isb	sy
    e3f8:	4b15      	ldr	r3, [pc, #84]	; (e450 <pxCurrentTCBConst>)
    e3fa:	681a      	ldr	r2, [r3, #0]
    e3fc:	f01e 0f10 	tst.w	lr, #16
    e400:	bf08      	it	eq
    e402:	ed20 8a10 	vstmdbeq	r0!, {s16-s31}
    e406:	e920 4ff0 	stmdb	r0!, {r4, r5, r6, r7, r8, r9, sl, fp, lr}
    e40a:	6010      	str	r0, [r2, #0]
    e40c:	e92d 0009 	stmdb	sp!, {r0, r3}
    e410:	f04f 0080 	mov.w	r0, #128	; 0x80
    e414:	f380 8811 	msr	BASEPRI, r0
    e418:	f3bf 8f4f 	dsb	sy
    e41c:	f3bf 8f6f 	isb	sy
    e420:	f001 f96a 	bl	f6f8 <vTaskSwitchContext>
    e424:	f04f 0000 	mov.w	r0, #0
    e428:	f380 8811 	msr	BASEPRI, r0
    e42c:	bc09      	pop	{r0, r3}
    e42e:	6819      	ldr	r1, [r3, #0]
    e430:	6808      	ldr	r0, [r1, #0]
    e432:	e8b0 4ff0 	ldmia.w	r0!, {r4, r5, r6, r7, r8, r9, sl, fp, lr}
    e436:	f01e 0f10 	tst.w	lr, #16
    e43a:	bf08      	it	eq
    e43c:	ecb0 8a10 	vldmiaeq	r0!, {s16-s31}
    e440:	f380 8809 	msr	PSP, r0
    e444:	f3bf 8f6f 	isb	sy
    e448:	4770      	bx	lr
    e44a:	bf00      	nop
    e44c:	f3af 8000 	nop.w

0000e450 <pxCurrentTCBConst>:
    e450:	2000dac4 	.word	0x2000dac4

0000e454 <SysTick_Handler>:
    e454:	b508      	push	{r3, lr}
    e456:	f04f 0380 	mov.w	r3, #128	; 0x80
    e45a:	f383 8811 	msr	BASEPRI, r3
    e45e:	f3bf 8f6f 	isb	sy
    e462:	f3bf 8f4f 	dsb	sy
    e466:	4b05      	ldr	r3, [pc, #20]	; (e47c <SysTick_Handler+0x28>)
    e468:	4798      	blx	r3
    e46a:	b118      	cbz	r0, e474 <SysTick_Handler+0x20>
    e46c:	4b04      	ldr	r3, [pc, #16]	; (e480 <SysTick_Handler+0x2c>)
    e46e:	f04f 5280 	mov.w	r2, #268435456	; 0x10000000
    e472:	601a      	str	r2, [r3, #0]
    e474:	2300      	movs	r3, #0
    e476:	f383 8811 	msr	BASEPRI, r3
    e47a:	bd08      	pop	{r3, pc}
    e47c:	0000f479 	.word	0x0000f479
    e480:	e000ed04 	.word	0xe000ed04

0000e484 <vPortSetupTimerInterrupt>:
    e484:	b430      	push	{r4, r5}
    e486:	4b06      	ldr	r3, [pc, #24]	; (e4a0 <vPortSetupTimerInterrupt+0x1c>)
    e488:	4d06      	ldr	r5, [pc, #24]	; (e4a4 <vPortSetupTimerInterrupt+0x20>)
    e48a:	4807      	ldr	r0, [pc, #28]	; (e4a8 <vPortSetupTimerInterrupt+0x24>)
    e48c:	4c07      	ldr	r4, [pc, #28]	; (e4ac <vPortSetupTimerInterrupt+0x28>)
    e48e:	2200      	movs	r2, #0
    e490:	2107      	movs	r1, #7
    e492:	601a      	str	r2, [r3, #0]
    e494:	602a      	str	r2, [r5, #0]
    e496:	6004      	str	r4, [r0, #0]
    e498:	6019      	str	r1, [r3, #0]
    e49a:	bc30      	pop	{r4, r5}
    e49c:	4770      	bx	lr
    e49e:	bf00      	nop
    e4a0:	e000e010 	.word	0xe000e010
    e4a4:	e000e018 	.word	0xe000e018
    e4a8:	e000e014 	.word	0xe000e014
    e4ac:	000176ff 	.word	0x000176ff

0000e4b0 <xPortStartScheduler>:
    e4b0:	4b3a      	ldr	r3, [pc, #232]	; (e59c <xPortStartScheduler+0xec>)
    e4b2:	4a3b      	ldr	r2, [pc, #236]	; (e5a0 <xPortStartScheduler+0xf0>)
    e4b4:	6819      	ldr	r1, [r3, #0]
    e4b6:	4291      	cmp	r1, r2
    e4b8:	d037      	beq.n	e52a <xPortStartScheduler+0x7a>
    e4ba:	681a      	ldr	r2, [r3, #0]
    e4bc:	4b39      	ldr	r3, [pc, #228]	; (e5a4 <xPortStartScheduler+0xf4>)
    e4be:	429a      	cmp	r2, r3
    e4c0:	d03c      	beq.n	e53c <xPortStartScheduler+0x8c>
    e4c2:	b530      	push	{r4, r5, lr}
    e4c4:	4b38      	ldr	r3, [pc, #224]	; (e5a8 <xPortStartScheduler+0xf8>)
    e4c6:	4939      	ldr	r1, [pc, #228]	; (e5ac <xPortStartScheduler+0xfc>)
    e4c8:	781a      	ldrb	r2, [r3, #0]
    e4ca:	b083      	sub	sp, #12
    e4cc:	20ff      	movs	r0, #255	; 0xff
    e4ce:	b2d2      	uxtb	r2, r2
    e4d0:	9201      	str	r2, [sp, #4]
    e4d2:	7018      	strb	r0, [r3, #0]
    e4d4:	781b      	ldrb	r3, [r3, #0]
    e4d6:	b2db      	uxtb	r3, r3
    e4d8:	f88d 3003 	strb.w	r3, [sp, #3]
    e4dc:	f89d 3003 	ldrb.w	r3, [sp, #3]
    e4e0:	f89d 2003 	ldrb.w	r2, [sp, #3]
    e4e4:	2007      	movs	r0, #7
    e4e6:	f003 0380 	and.w	r3, r3, #128	; 0x80
    e4ea:	6048      	str	r0, [r1, #4]
    e4ec:	0610      	lsls	r0, r2, #24
    e4ee:	700b      	strb	r3, [r1, #0]
    e4f0:	bf48      	it	mi
    e4f2:	2306      	movmi	r3, #6
    e4f4:	d401      	bmi.n	e4fa <xPortStartScheduler+0x4a>
    e4f6:	e00f      	b.n	e518 <xPortStartScheduler+0x68>
    e4f8:	4603      	mov	r3, r0
    e4fa:	f89d 2003 	ldrb.w	r2, [sp, #3]
    e4fe:	0052      	lsls	r2, r2, #1
    e500:	b2d2      	uxtb	r2, r2
    e502:	f88d 2003 	strb.w	r2, [sp, #3]
    e506:	f89d 2003 	ldrb.w	r2, [sp, #3]
    e50a:	0612      	lsls	r2, r2, #24
    e50c:	f103 30ff 	add.w	r0, r3, #4294967295
    e510:	d4f2      	bmi.n	e4f8 <xPortStartScheduler+0x48>
    e512:	2b04      	cmp	r3, #4
    e514:	604b      	str	r3, [r1, #4]
    e516:	d01a      	beq.n	e54e <xPortStartScheduler+0x9e>
    e518:	f04f 0380 	mov.w	r3, #128	; 0x80
    e51c:	f383 8811 	msr	BASEPRI, r3
    e520:	f3bf 8f6f 	isb	sy
    e524:	f3bf 8f4f 	dsb	sy
    e528:	e7fe      	b.n	e528 <xPortStartScheduler+0x78>
    e52a:	f04f 0380 	mov.w	r3, #128	; 0x80
    e52e:	f383 8811 	msr	BASEPRI, r3
    e532:	f3bf 8f6f 	isb	sy
    e536:	f3bf 8f4f 	dsb	sy
    e53a:	e7fe      	b.n	e53a <xPortStartScheduler+0x8a>
    e53c:	f04f 0380 	mov.w	r3, #128	; 0x80
    e540:	f383 8811 	msr	BASEPRI, r3
    e544:	f3bf 8f6f 	isb	sy
    e548:	f3bf 8f4f 	dsb	sy
    e54c:	e7fe      	b.n	e54c <xPortStartScheduler+0x9c>
    e54e:	9801      	ldr	r0, [sp, #4]
    e550:	4d15      	ldr	r5, [pc, #84]	; (e5a8 <xPortStartScheduler+0xf8>)
    e552:	4a17      	ldr	r2, [pc, #92]	; (e5b0 <xPortStartScheduler+0x100>)
    e554:	4c17      	ldr	r4, [pc, #92]	; (e5b4 <xPortStartScheduler+0x104>)
    e556:	b2c0      	uxtb	r0, r0
    e558:	7028      	strb	r0, [r5, #0]
    e55a:	6810      	ldr	r0, [r2, #0]
    e55c:	f440 0060 	orr.w	r0, r0, #14680064	; 0xe00000
    e560:	6010      	str	r0, [r2, #0]
    e562:	6810      	ldr	r0, [r2, #0]
    e564:	021b      	lsls	r3, r3, #8
    e566:	f040 4060 	orr.w	r0, r0, #3758096384	; 0xe0000000
    e56a:	6010      	str	r0, [r2, #0]
    e56c:	f403 63e0 	and.w	r3, r3, #1792	; 0x700
    e570:	604b      	str	r3, [r1, #4]
    e572:	47a0      	blx	r4
    e574:	4a10      	ldr	r2, [pc, #64]	; (e5b8 <xPortStartScheduler+0x108>)
    e576:	4b11      	ldr	r3, [pc, #68]	; (e5bc <xPortStartScheduler+0x10c>)
    e578:	2400      	movs	r4, #0
    e57a:	6014      	str	r4, [r2, #0]
    e57c:	4798      	blx	r3
    e57e:	4a10      	ldr	r2, [pc, #64]	; (e5c0 <xPortStartScheduler+0x110>)
    e580:	4910      	ldr	r1, [pc, #64]	; (e5c4 <xPortStartScheduler+0x114>)
    e582:	6813      	ldr	r3, [r2, #0]
    e584:	f043 4340 	orr.w	r3, r3, #3221225472	; 0xc0000000
    e588:	6013      	str	r3, [r2, #0]
    e58a:	4788      	blx	r1
    e58c:	4b0e      	ldr	r3, [pc, #56]	; (e5c8 <xPortStartScheduler+0x118>)
    e58e:	4798      	blx	r3
    e590:	4b0e      	ldr	r3, [pc, #56]	; (e5cc <xPortStartScheduler+0x11c>)
    e592:	4798      	blx	r3
    e594:	4620      	mov	r0, r4
    e596:	b003      	add	sp, #12
    e598:	bd30      	pop	{r4, r5, pc}
    e59a:	bf00      	nop
    e59c:	e000ed00 	.word	0xe000ed00
    e5a0:	410fc271 	.word	0x410fc271
    e5a4:	410fc270 	.word	0x410fc270
    e5a8:	e000e400 	.word	0xe000e400
    e5ac:	20005968 	.word	0x20005968
    e5b0:	e000ed20 	.word	0xe000ed20
    e5b4:	0000e485 	.word	0x0000e485
    e5b8:	20002afc 	.word	0x20002afc
    e5bc:	0000e31d 	.word	0x0000e31d
    e5c0:	e000ef34 	.word	0xe000ef34
    e5c4:	0000e2f5 	.word	0x0000e2f5
    e5c8:	0000f6f9 	.word	0x0000f6f9
    e5cc:	0000e2b5 	.word	0x0000e2b5

0000e5d0 <vPortValidateInterruptPriority>:
    e5d0:	f3ef 8205 	mrs	r2, IPSR
    e5d4:	2a0f      	cmp	r2, #15
    e5d6:	d811      	bhi.n	e5fc <vPortValidateInterruptPriority+0x2c>
    e5d8:	4b10      	ldr	r3, [pc, #64]	; (e61c <vPortValidateInterruptPriority+0x4c>)
    e5da:	4911      	ldr	r1, [pc, #68]	; (e620 <vPortValidateInterruptPriority+0x50>)
    e5dc:	685a      	ldr	r2, [r3, #4]
    e5de:	680b      	ldr	r3, [r1, #0]
    e5e0:	f403 63e0 	and.w	r3, r3, #1792	; 0x700
    e5e4:	4293      	cmp	r3, r2
    e5e6:	d908      	bls.n	e5fa <vPortValidateInterruptPriority+0x2a>
    e5e8:	f04f 0380 	mov.w	r3, #128	; 0x80
    e5ec:	f383 8811 	msr	BASEPRI, r3
    e5f0:	f3bf 8f6f 	isb	sy
    e5f4:	f3bf 8f4f 	dsb	sy
    e5f8:	e7fe      	b.n	e5f8 <vPortValidateInterruptPriority+0x28>
    e5fa:	4770      	bx	lr
    e5fc:	4909      	ldr	r1, [pc, #36]	; (e624 <vPortValidateInterruptPriority+0x54>)
    e5fe:	4b07      	ldr	r3, [pc, #28]	; (e61c <vPortValidateInterruptPriority+0x4c>)
    e600:	5c52      	ldrb	r2, [r2, r1]
    e602:	7819      	ldrb	r1, [r3, #0]
    e604:	4291      	cmp	r1, r2
    e606:	d9e8      	bls.n	e5da <vPortValidateInterruptPriority+0xa>
    e608:	f04f 0380 	mov.w	r3, #128	; 0x80
    e60c:	f383 8811 	msr	BASEPRI, r3
    e610:	f3bf 8f6f 	isb	sy
    e614:	f3bf 8f4f 	dsb	sy
    e618:	e7fe      	b.n	e618 <vPortValidateInterruptPriority+0x48>
    e61a:	bf00      	nop
    e61c:	20005968 	.word	0x20005968
    e620:	e000ed0c 	.word	0xe000ed0c
    e624:	e000e3f0 	.word	0xe000e3f0

0000e628 <pvPortMalloc>:
    e628:	0743      	lsls	r3, r0, #29
    e62a:	b510      	push	{r4, lr}
    e62c:	4b13      	ldr	r3, [pc, #76]	; (e67c <pvPortMalloc+0x54>)
    e62e:	4604      	mov	r4, r0
    e630:	bf1c      	itt	ne
    e632:	f020 0407 	bicne.w	r4, r0, #7
    e636:	3408      	addne	r4, #8
    e638:	4798      	blx	r3
    e63a:	4a11      	ldr	r2, [pc, #68]	; (e680 <pvPortMalloc+0x58>)
    e63c:	6813      	ldr	r3, [r2, #0]
    e63e:	b1b3      	cbz	r3, e66e <pvPortMalloc+0x46>
    e640:	4910      	ldr	r1, [pc, #64]	; (e684 <pvPortMalloc+0x5c>)
    e642:	f8d1 393c 	ldr.w	r3, [r1, #2364]	; 0x93c
    e646:	f647 70f7 	movw	r0, #32759	; 0x7ff7
    e64a:	441c      	add	r4, r3
    e64c:	4284      	cmp	r4, r0
    e64e:	d809      	bhi.n	e664 <pvPortMalloc+0x3c>
    e650:	42a3      	cmp	r3, r4
    e652:	d207      	bcs.n	e664 <pvPortMalloc+0x3c>
    e654:	6812      	ldr	r2, [r2, #0]
    e656:	f8c1 493c 	str.w	r4, [r1, #2364]	; 0x93c
    e65a:	18d4      	adds	r4, r2, r3
    e65c:	4b0a      	ldr	r3, [pc, #40]	; (e688 <pvPortMalloc+0x60>)
    e65e:	4798      	blx	r3
    e660:	4620      	mov	r0, r4
    e662:	bd10      	pop	{r4, pc}
    e664:	2400      	movs	r4, #0
    e666:	4b08      	ldr	r3, [pc, #32]	; (e688 <pvPortMalloc+0x60>)
    e668:	4798      	blx	r3
    e66a:	4620      	mov	r0, r4
    e66c:	bd10      	pop	{r4, pc}
    e66e:	f102 030c 	add.w	r3, r2, #12
    e672:	f023 0307 	bic.w	r3, r3, #7
    e676:	6013      	str	r3, [r2, #0]
    e678:	e7e2      	b.n	e640 <pvPortMalloc+0x18>
    e67a:	bf00      	nop
    e67c:	0000f441 	.word	0x0000f441
    e680:	20005970 	.word	0x20005970
    e684:	2000d038 	.word	0x2000d038
    e688:	0000f59d 	.word	0x0000f59d

0000e68c <vPortFree>:
    e68c:	b140      	cbz	r0, e6a0 <vPortFree+0x14>
    e68e:	f04f 0380 	mov.w	r3, #128	; 0x80
    e692:	f383 8811 	msr	BASEPRI, r3
    e696:	f3bf 8f6f 	isb	sy
    e69a:	f3bf 8f4f 	dsb	sy
    e69e:	e7fe      	b.n	e69e <vPortFree+0x12>
    e6a0:	4770      	bx	lr
    e6a2:	bf00      	nop

0000e6a4 <xPortGetFreeHeapSize>:
    e6a4:	4b03      	ldr	r3, [pc, #12]	; (e6b4 <xPortGetFreeHeapSize+0x10>)
    e6a6:	f8d3 093c 	ldr.w	r0, [r3, #2364]	; 0x93c
    e6aa:	f5c0 40ff 	rsb	r0, r0, #32640	; 0x7f80
    e6ae:	3078      	adds	r0, #120	; 0x78
    e6b0:	4770      	bx	lr
    e6b2:	bf00      	nop
    e6b4:	2000d038 	.word	0x2000d038

0000e6b8 <prvCopyDataToQueue>:
    e6b8:	b570      	push	{r4, r5, r6, lr}
    e6ba:	4615      	mov	r5, r2
    e6bc:	6c02      	ldr	r2, [r0, #64]	; 0x40
    e6be:	6b86      	ldr	r6, [r0, #56]	; 0x38
    e6c0:	4604      	mov	r4, r0
    e6c2:	b932      	cbnz	r2, e6d2 <prvCopyDataToQueue+0x1a>
    e6c4:	6805      	ldr	r5, [r0, #0]
    e6c6:	bb35      	cbnz	r5, e716 <prvCopyDataToQueue+0x5e>
    e6c8:	6840      	ldr	r0, [r0, #4]
    e6ca:	4b16      	ldr	r3, [pc, #88]	; (e724 <prvCopyDataToQueue+0x6c>)
    e6cc:	4798      	blx	r3
    e6ce:	6065      	str	r5, [r4, #4]
    e6d0:	e024      	b.n	e71c <prvCopyDataToQueue+0x64>
    e6d2:	4b15      	ldr	r3, [pc, #84]	; (e728 <prvCopyDataToQueue+0x70>)
    e6d4:	b965      	cbnz	r5, e6f0 <prvCopyDataToQueue+0x38>
    e6d6:	6880      	ldr	r0, [r0, #8]
    e6d8:	4798      	blx	r3
    e6da:	68a3      	ldr	r3, [r4, #8]
    e6dc:	6c21      	ldr	r1, [r4, #64]	; 0x40
    e6de:	6862      	ldr	r2, [r4, #4]
    e6e0:	440b      	add	r3, r1
    e6e2:	4293      	cmp	r3, r2
    e6e4:	60a3      	str	r3, [r4, #8]
    e6e6:	d316      	bcc.n	e716 <prvCopyDataToQueue+0x5e>
    e6e8:	6823      	ldr	r3, [r4, #0]
    e6ea:	60a3      	str	r3, [r4, #8]
    e6ec:	4628      	mov	r0, r5
    e6ee:	e015      	b.n	e71c <prvCopyDataToQueue+0x64>
    e6f0:	68c0      	ldr	r0, [r0, #12]
    e6f2:	4798      	blx	r3
    e6f4:	6c23      	ldr	r3, [r4, #64]	; 0x40
    e6f6:	68e2      	ldr	r2, [r4, #12]
    e6f8:	6821      	ldr	r1, [r4, #0]
    e6fa:	425b      	negs	r3, r3
    e6fc:	441a      	add	r2, r3
    e6fe:	428a      	cmp	r2, r1
    e700:	60e2      	str	r2, [r4, #12]
    e702:	d202      	bcs.n	e70a <prvCopyDataToQueue+0x52>
    e704:	6862      	ldr	r2, [r4, #4]
    e706:	4413      	add	r3, r2
    e708:	60e3      	str	r3, [r4, #12]
    e70a:	2d02      	cmp	r5, #2
    e70c:	d103      	bne.n	e716 <prvCopyDataToQueue+0x5e>
    e70e:	b126      	cbz	r6, e71a <prvCopyDataToQueue+0x62>
    e710:	3e01      	subs	r6, #1
    e712:	2000      	movs	r0, #0
    e714:	e002      	b.n	e71c <prvCopyDataToQueue+0x64>
    e716:	2000      	movs	r0, #0
    e718:	e000      	b.n	e71c <prvCopyDataToQueue+0x64>
    e71a:	4630      	mov	r0, r6
    e71c:	3601      	adds	r6, #1
    e71e:	63a6      	str	r6, [r4, #56]	; 0x38
    e720:	bd70      	pop	{r4, r5, r6, pc}
    e722:	bf00      	nop
    e724:	0000fa9d 	.word	0x0000fa9d
    e728:	000103d7 	.word	0x000103d7

0000e72c <prvCopyDataFromQueue>:
    e72c:	6c02      	ldr	r2, [r0, #64]	; 0x40
    e72e:	4603      	mov	r3, r0
    e730:	b172      	cbz	r2, e750 <prvCopyDataFromQueue+0x24>
    e732:	b410      	push	{r4}
    e734:	4608      	mov	r0, r1
    e736:	68d9      	ldr	r1, [r3, #12]
    e738:	685c      	ldr	r4, [r3, #4]
    e73a:	4411      	add	r1, r2
    e73c:	42a1      	cmp	r1, r4
    e73e:	60d9      	str	r1, [r3, #12]
    e740:	bf24      	itt	cs
    e742:	6819      	ldrcs	r1, [r3, #0]
    e744:	60d9      	strcs	r1, [r3, #12]
    e746:	68d9      	ldr	r1, [r3, #12]
    e748:	f85d 4b04 	ldr.w	r4, [sp], #4
    e74c:	4b01      	ldr	r3, [pc, #4]	; (e754 <prvCopyDataFromQueue+0x28>)
    e74e:	4718      	bx	r3
    e750:	4770      	bx	lr
    e752:	bf00      	nop
    e754:	000103d7 	.word	0x000103d7

0000e758 <prvNotifyQueueSetContainer.part.0>:
    e758:	f04f 0380 	mov.w	r3, #128	; 0x80
    e75c:	f383 8811 	msr	BASEPRI, r3
    e760:	f3bf 8f6f 	isb	sy
    e764:	f3bf 8f4f 	dsb	sy
    e768:	e7fe      	b.n	e768 <prvNotifyQueueSetContainer.part.0+0x10>
    e76a:	bf00      	nop

0000e76c <prvNotifyQueueSetContainer>:
    e76c:	b570      	push	{r4, r5, r6, lr}
    e76e:	6c84      	ldr	r4, [r0, #72]	; 0x48
    e770:	b082      	sub	sp, #8
    e772:	9001      	str	r0, [sp, #4]
    e774:	b1a4      	cbz	r4, e7a0 <prvNotifyQueueSetContainer+0x34>
    e776:	460a      	mov	r2, r1
    e778:	6be3      	ldr	r3, [r4, #60]	; 0x3c
    e77a:	6ba1      	ldr	r1, [r4, #56]	; 0x38
    e77c:	4299      	cmp	r1, r3
    e77e:	d308      	bcc.n	e792 <prvNotifyQueueSetContainer+0x26>
    e780:	f04f 0380 	mov.w	r3, #128	; 0x80
    e784:	f383 8811 	msr	BASEPRI, r3
    e788:	f3bf 8f6f 	isb	sy
    e78c:	f3bf 8f4f 	dsb	sy
    e790:	e7fe      	b.n	e790 <prvNotifyQueueSetContainer+0x24>
    e792:	6ba1      	ldr	r1, [r4, #56]	; 0x38
    e794:	428b      	cmp	r3, r1
    e796:	d805      	bhi.n	e7a4 <prvNotifyQueueSetContainer+0x38>
    e798:	2600      	movs	r6, #0
    e79a:	4630      	mov	r0, r6
    e79c:	b002      	add	sp, #8
    e79e:	bd70      	pop	{r4, r5, r6, pc}
    e7a0:	4b0f      	ldr	r3, [pc, #60]	; (e7e0 <prvNotifyQueueSetContainer+0x74>)
    e7a2:	4798      	blx	r3
    e7a4:	f894 5045 	ldrb.w	r5, [r4, #69]	; 0x45
    e7a8:	4b0e      	ldr	r3, [pc, #56]	; (e7e4 <prvNotifyQueueSetContainer+0x78>)
    e7aa:	a901      	add	r1, sp, #4
    e7ac:	4620      	mov	r0, r4
    e7ae:	4798      	blx	r3
    e7b0:	b26d      	sxtb	r5, r5
    e7b2:	1c6b      	adds	r3, r5, #1
    e7b4:	4606      	mov	r6, r0
    e7b6:	d006      	beq.n	e7c6 <prvNotifyQueueSetContainer+0x5a>
    e7b8:	1c6b      	adds	r3, r5, #1
    e7ba:	b25b      	sxtb	r3, r3
    e7bc:	4630      	mov	r0, r6
    e7be:	f884 3045 	strb.w	r3, [r4, #69]	; 0x45
    e7c2:	b002      	add	sp, #8
    e7c4:	bd70      	pop	{r4, r5, r6, pc}
    e7c6:	6a63      	ldr	r3, [r4, #36]	; 0x24
    e7c8:	2b00      	cmp	r3, #0
    e7ca:	d0e6      	beq.n	e79a <prvNotifyQueueSetContainer+0x2e>
    e7cc:	f104 0024 	add.w	r0, r4, #36	; 0x24
    e7d0:	4b05      	ldr	r3, [pc, #20]	; (e7e8 <prvNotifyQueueSetContainer+0x7c>)
    e7d2:	4798      	blx	r3
    e7d4:	2800      	cmp	r0, #0
    e7d6:	bf18      	it	ne
    e7d8:	2601      	movne	r6, #1
    e7da:	4630      	mov	r0, r6
    e7dc:	b002      	add	sp, #8
    e7de:	bd70      	pop	{r4, r5, r6, pc}
    e7e0:	0000e759 	.word	0x0000e759
    e7e4:	0000e6b9 	.word	0x0000e6b9
    e7e8:	0000f811 	.word	0x0000f811

0000e7ec <prvUnlockQueue>:
    e7ec:	e92d 47f0 	stmdb	sp!, {r4, r5, r6, r7, r8, r9, sl, lr}
    e7f0:	4604      	mov	r4, r0
    e7f2:	f8df 90a8 	ldr.w	r9, [pc, #168]	; e89c <prvUnlockQueue+0xb0>
    e7f6:	47c8      	blx	r9
    e7f8:	f894 3045 	ldrb.w	r3, [r4, #69]	; 0x45
    e7fc:	b25d      	sxtb	r5, r3
    e7fe:	2d00      	cmp	r5, #0
    e800:	dd1c      	ble.n	e83c <prvUnlockQueue+0x50>
    e802:	4f24      	ldr	r7, [pc, #144]	; (e894 <prvUnlockQueue+0xa8>)
    e804:	f8df 8098 	ldr.w	r8, [pc, #152]	; e8a0 <prvUnlockQueue+0xb4>
    e808:	4e23      	ldr	r6, [pc, #140]	; (e898 <prvUnlockQueue+0xac>)
    e80a:	e005      	b.n	e818 <prvUnlockQueue+0x2c>
    e80c:	47b0      	blx	r6
    e80e:	b978      	cbnz	r0, e830 <prvUnlockQueue+0x44>
    e810:	1e6b      	subs	r3, r5, #1
    e812:	b2db      	uxtb	r3, r3
    e814:	b25d      	sxtb	r5, r3
    e816:	b18b      	cbz	r3, e83c <prvUnlockQueue+0x50>
    e818:	6ca3      	ldr	r3, [r4, #72]	; 0x48
    e81a:	2100      	movs	r1, #0
    e81c:	4620      	mov	r0, r4
    e81e:	2b00      	cmp	r3, #0
    e820:	d1f4      	bne.n	e80c <prvUnlockQueue+0x20>
    e822:	6a63      	ldr	r3, [r4, #36]	; 0x24
    e824:	f104 0024 	add.w	r0, r4, #36	; 0x24
    e828:	b143      	cbz	r3, e83c <prvUnlockQueue+0x50>
    e82a:	47b8      	blx	r7
    e82c:	2800      	cmp	r0, #0
    e82e:	d0ef      	beq.n	e810 <prvUnlockQueue+0x24>
    e830:	47c0      	blx	r8
    e832:	1e6b      	subs	r3, r5, #1
    e834:	b2db      	uxtb	r3, r3
    e836:	b25d      	sxtb	r5, r3
    e838:	2b00      	cmp	r3, #0
    e83a:	d1ed      	bne.n	e818 <prvUnlockQueue+0x2c>
    e83c:	23ff      	movs	r3, #255	; 0xff
    e83e:	f884 3045 	strb.w	r3, [r4, #69]	; 0x45
    e842:	f8df 8060 	ldr.w	r8, [pc, #96]	; e8a4 <prvUnlockQueue+0xb8>
    e846:	47c0      	blx	r8
    e848:	47c8      	blx	r9
    e84a:	f894 3044 	ldrb.w	r3, [r4, #68]	; 0x44
    e84e:	b25d      	sxtb	r5, r3
    e850:	2d00      	cmp	r5, #0
    e852:	dd17      	ble.n	e884 <prvUnlockQueue+0x98>
    e854:	6923      	ldr	r3, [r4, #16]
    e856:	b1ab      	cbz	r3, e884 <prvUnlockQueue+0x98>
    e858:	f104 0710 	add.w	r7, r4, #16
    e85c:	4e0d      	ldr	r6, [pc, #52]	; (e894 <prvUnlockQueue+0xa8>)
    e85e:	f8df 9040 	ldr.w	r9, [pc, #64]	; e8a0 <prvUnlockQueue+0xb4>
    e862:	e005      	b.n	e870 <prvUnlockQueue+0x84>
    e864:	1e6b      	subs	r3, r5, #1
    e866:	b2db      	uxtb	r3, r3
    e868:	b25d      	sxtb	r5, r3
    e86a:	b15b      	cbz	r3, e884 <prvUnlockQueue+0x98>
    e86c:	6923      	ldr	r3, [r4, #16]
    e86e:	b14b      	cbz	r3, e884 <prvUnlockQueue+0x98>
    e870:	4638      	mov	r0, r7
    e872:	47b0      	blx	r6
    e874:	2800      	cmp	r0, #0
    e876:	d0f5      	beq.n	e864 <prvUnlockQueue+0x78>
    e878:	47c8      	blx	r9
    e87a:	1e6b      	subs	r3, r5, #1
    e87c:	b2db      	uxtb	r3, r3
    e87e:	b25d      	sxtb	r5, r3
    e880:	2b00      	cmp	r3, #0
    e882:	d1f3      	bne.n	e86c <prvUnlockQueue+0x80>
    e884:	23ff      	movs	r3, #255	; 0xff
    e886:	f884 3044 	strb.w	r3, [r4, #68]	; 0x44
    e88a:	4643      	mov	r3, r8
    e88c:	e8bd 47f0 	ldmia.w	sp!, {r4, r5, r6, r7, r8, r9, sl, lr}
    e890:	4718      	bx	r3
    e892:	bf00      	nop
    e894:	0000f811 	.word	0x0000f811
    e898:	0000e76d 	.word	0x0000e76d
    e89c:	0000e385 	.word	0x0000e385
    e8a0:	0000f93d 	.word	0x0000f93d
    e8a4:	0000e3c9 	.word	0x0000e3c9

0000e8a8 <xQueueGenericReset>:
    e8a8:	b538      	push	{r3, r4, r5, lr}
    e8aa:	b1e0      	cbz	r0, e8e6 <xQueueGenericReset+0x3e>
    e8ac:	4604      	mov	r4, r0
    e8ae:	4b1d      	ldr	r3, [pc, #116]	; (e924 <xQueueGenericReset+0x7c>)
    e8b0:	460d      	mov	r5, r1
    e8b2:	4798      	blx	r3
    e8b4:	6c23      	ldr	r3, [r4, #64]	; 0x40
    e8b6:	6be0      	ldr	r0, [r4, #60]	; 0x3c
    e8b8:	6822      	ldr	r2, [r4, #0]
    e8ba:	60a2      	str	r2, [r4, #8]
    e8bc:	fb00 f003 	mul.w	r0, r0, r3
    e8c0:	1ac3      	subs	r3, r0, r3
    e8c2:	4413      	add	r3, r2
    e8c4:	2100      	movs	r1, #0
    e8c6:	4402      	add	r2, r0
    e8c8:	20ff      	movs	r0, #255	; 0xff
    e8ca:	63a1      	str	r1, [r4, #56]	; 0x38
    e8cc:	60e3      	str	r3, [r4, #12]
    e8ce:	f884 0044 	strb.w	r0, [r4, #68]	; 0x44
    e8d2:	6062      	str	r2, [r4, #4]
    e8d4:	f884 0045 	strb.w	r0, [r4, #69]	; 0x45
    e8d8:	b9cd      	cbnz	r5, e90e <xQueueGenericReset+0x66>
    e8da:	6923      	ldr	r3, [r4, #16]
    e8dc:	b92b      	cbnz	r3, e8ea <xQueueGenericReset+0x42>
    e8de:	4b12      	ldr	r3, [pc, #72]	; (e928 <xQueueGenericReset+0x80>)
    e8e0:	4798      	blx	r3
    e8e2:	2001      	movs	r0, #1
    e8e4:	bd38      	pop	{r3, r4, r5, pc}
    e8e6:	4b11      	ldr	r3, [pc, #68]	; (e92c <xQueueGenericReset+0x84>)
    e8e8:	4798      	blx	r3
    e8ea:	f104 0010 	add.w	r0, r4, #16
    e8ee:	4b10      	ldr	r3, [pc, #64]	; (e930 <xQueueGenericReset+0x88>)
    e8f0:	4798      	blx	r3
    e8f2:	2800      	cmp	r0, #0
    e8f4:	d0f3      	beq.n	e8de <xQueueGenericReset+0x36>
    e8f6:	4b0f      	ldr	r3, [pc, #60]	; (e934 <xQueueGenericReset+0x8c>)
    e8f8:	f04f 5280 	mov.w	r2, #268435456	; 0x10000000
    e8fc:	601a      	str	r2, [r3, #0]
    e8fe:	f3bf 8f4f 	dsb	sy
    e902:	f3bf 8f6f 	isb	sy
    e906:	4b08      	ldr	r3, [pc, #32]	; (e928 <xQueueGenericReset+0x80>)
    e908:	4798      	blx	r3
    e90a:	2001      	movs	r0, #1
    e90c:	bd38      	pop	{r3, r4, r5, pc}
    e90e:	f104 0010 	add.w	r0, r4, #16
    e912:	4d09      	ldr	r5, [pc, #36]	; (e938 <xQueueGenericReset+0x90>)
    e914:	47a8      	blx	r5
    e916:	f104 0024 	add.w	r0, r4, #36	; 0x24
    e91a:	47a8      	blx	r5
    e91c:	4b02      	ldr	r3, [pc, #8]	; (e928 <xQueueGenericReset+0x80>)
    e91e:	4798      	blx	r3
    e920:	2001      	movs	r0, #1
    e922:	bd38      	pop	{r3, r4, r5, pc}
    e924:	0000e385 	.word	0x0000e385
    e928:	0000e3c9 	.word	0x0000e3c9
    e92c:	0000e759 	.word	0x0000e759
    e930:	0000f811 	.word	0x0000f811
    e934:	e000ed04 	.word	0xe000ed04
    e938:	0000e219 	.word	0x0000e219

0000e93c <xQueueGenericCreate>:
    e93c:	b5f8      	push	{r3, r4, r5, r6, r7, lr}
    e93e:	b940      	cbnz	r0, e952 <xQueueGenericCreate+0x16>
    e940:	f04f 0380 	mov.w	r3, #128	; 0x80
    e944:	f383 8811 	msr	BASEPRI, r3
    e948:	f3bf 8f6f 	isb	sy
    e94c:	f3bf 8f4f 	dsb	sy
    e950:	e7fe      	b.n	e950 <xQueueGenericCreate+0x14>
    e952:	4606      	mov	r6, r0
    e954:	fb01 f000 	mul.w	r0, r1, r0
    e958:	3054      	adds	r0, #84	; 0x54
    e95a:	4b0c      	ldr	r3, [pc, #48]	; (e98c <xQueueGenericCreate+0x50>)
    e95c:	4617      	mov	r7, r2
    e95e:	460d      	mov	r5, r1
    e960:	4798      	blx	r3
    e962:	4604      	mov	r4, r0
    e964:	b158      	cbz	r0, e97e <xQueueGenericCreate+0x42>
    e966:	b965      	cbnz	r5, e982 <xQueueGenericCreate+0x46>
    e968:	6020      	str	r0, [r4, #0]
    e96a:	4b09      	ldr	r3, [pc, #36]	; (e990 <xQueueGenericCreate+0x54>)
    e96c:	63e6      	str	r6, [r4, #60]	; 0x3c
    e96e:	6425      	str	r5, [r4, #64]	; 0x40
    e970:	2101      	movs	r1, #1
    e972:	4620      	mov	r0, r4
    e974:	4798      	blx	r3
    e976:	2300      	movs	r3, #0
    e978:	f884 7050 	strb.w	r7, [r4, #80]	; 0x50
    e97c:	64a3      	str	r3, [r4, #72]	; 0x48
    e97e:	4620      	mov	r0, r4
    e980:	bdf8      	pop	{r3, r4, r5, r6, r7, pc}
    e982:	f100 0354 	add.w	r3, r0, #84	; 0x54
    e986:	6003      	str	r3, [r0, #0]
    e988:	e7ef      	b.n	e96a <xQueueGenericCreate+0x2e>
    e98a:	bf00      	nop
    e98c:	0000e629 	.word	0x0000e629
    e990:	0000e8a9 	.word	0x0000e8a9

0000e994 <xQueueGenericSend>:
    e994:	e92d 4ff0 	stmdb	sp!, {r4, r5, r6, r7, r8, r9, sl, fp, lr}
    e998:	b085      	sub	sp, #20
    e99a:	9201      	str	r2, [sp, #4]
    e99c:	2800      	cmp	r0, #0
    e99e:	f000 80b2 	beq.w	eb06 <xQueueGenericSend+0x172>
    e9a2:	2900      	cmp	r1, #0
    e9a4:	f000 80a2 	beq.w	eaec <xQueueGenericSend+0x158>
    e9a8:	2b02      	cmp	r3, #2
    e9aa:	f000 8092 	beq.w	ead2 <xQueueGenericSend+0x13e>
    e9ae:	461e      	mov	r6, r3
    e9b0:	4b5d      	ldr	r3, [pc, #372]	; (eb28 <xQueueGenericSend+0x194>)
    e9b2:	4604      	mov	r4, r0
    e9b4:	460f      	mov	r7, r1
    e9b6:	4798      	blx	r3
    e9b8:	b950      	cbnz	r0, e9d0 <xQueueGenericSend+0x3c>
    e9ba:	9b01      	ldr	r3, [sp, #4]
    e9bc:	b14b      	cbz	r3, e9d2 <xQueueGenericSend+0x3e>
    e9be:	f04f 0380 	mov.w	r3, #128	; 0x80
    e9c2:	f383 8811 	msr	BASEPRI, r3
    e9c6:	f3bf 8f6f 	isb	sy
    e9ca:	f3bf 8f4f 	dsb	sy
    e9ce:	e7fe      	b.n	e9ce <xQueueGenericSend+0x3a>
    e9d0:	2300      	movs	r3, #0
    e9d2:	f8df 817c 	ldr.w	r8, [pc, #380]	; eb50 <xQueueGenericSend+0x1bc>
    e9d6:	4d55      	ldr	r5, [pc, #340]	; (eb2c <xQueueGenericSend+0x198>)
    e9d8:	f8df b178 	ldr.w	fp, [pc, #376]	; eb54 <xQueueGenericSend+0x1c0>
    e9dc:	f8df a178 	ldr.w	sl, [pc, #376]	; eb58 <xQueueGenericSend+0x1c4>
    e9e0:	e024      	b.n	ea2c <xQueueGenericSend+0x98>
    e9e2:	47a8      	blx	r5
    e9e4:	47d0      	blx	sl
    e9e6:	47c0      	blx	r8
    e9e8:	f894 3044 	ldrb.w	r3, [r4, #68]	; 0x44
    e9ec:	2bff      	cmp	r3, #255	; 0xff
    e9ee:	bf04      	itt	eq
    e9f0:	2300      	moveq	r3, #0
    e9f2:	f884 3044 	strbeq.w	r3, [r4, #68]	; 0x44
    e9f6:	f894 3045 	ldrb.w	r3, [r4, #69]	; 0x45
    e9fa:	2bff      	cmp	r3, #255	; 0xff
    e9fc:	bf04      	itt	eq
    e9fe:	2300      	moveq	r3, #0
    ea00:	f884 3045 	strbeq.w	r3, [r4, #69]	; 0x45
    ea04:	47a8      	blx	r5
    ea06:	4648      	mov	r0, r9
    ea08:	a901      	add	r1, sp, #4
    ea0a:	4b49      	ldr	r3, [pc, #292]	; (eb30 <xQueueGenericSend+0x19c>)
    ea0c:	4798      	blx	r3
    ea0e:	2800      	cmp	r0, #0
    ea10:	f040 8082 	bne.w	eb18 <xQueueGenericSend+0x184>
    ea14:	47c0      	blx	r8
    ea16:	6ba2      	ldr	r2, [r4, #56]	; 0x38
    ea18:	6be3      	ldr	r3, [r4, #60]	; 0x3c
    ea1a:	429a      	cmp	r2, r3
    ea1c:	d01b      	beq.n	ea56 <xQueueGenericSend+0xc2>
    ea1e:	47a8      	blx	r5
    ea20:	4b44      	ldr	r3, [pc, #272]	; (eb34 <xQueueGenericSend+0x1a0>)
    ea22:	4620      	mov	r0, r4
    ea24:	4798      	blx	r3
    ea26:	4b44      	ldr	r3, [pc, #272]	; (eb38 <xQueueGenericSend+0x1a4>)
    ea28:	4798      	blx	r3
    ea2a:	2301      	movs	r3, #1
    ea2c:	9300      	str	r3, [sp, #0]
    ea2e:	47c0      	blx	r8
    ea30:	6ba1      	ldr	r1, [r4, #56]	; 0x38
    ea32:	6be2      	ldr	r2, [r4, #60]	; 0x3c
    ea34:	4291      	cmp	r1, r2
    ea36:	d329      	bcc.n	ea8c <xQueueGenericSend+0xf8>
    ea38:	2e02      	cmp	r6, #2
    ea3a:	9b00      	ldr	r3, [sp, #0]
    ea3c:	d026      	beq.n	ea8c <xQueueGenericSend+0xf8>
    ea3e:	f8dd 9004 	ldr.w	r9, [sp, #4]
    ea42:	f1b9 0f00 	cmp.w	r9, #0
    ea46:	d01c      	beq.n	ea82 <xQueueGenericSend+0xee>
    ea48:	f10d 0908 	add.w	r9, sp, #8
    ea4c:	2b00      	cmp	r3, #0
    ea4e:	d1c8      	bne.n	e9e2 <xQueueGenericSend+0x4e>
    ea50:	4648      	mov	r0, r9
    ea52:	47d8      	blx	fp
    ea54:	e7c5      	b.n	e9e2 <xQueueGenericSend+0x4e>
    ea56:	47a8      	blx	r5
    ea58:	9901      	ldr	r1, [sp, #4]
    ea5a:	4b38      	ldr	r3, [pc, #224]	; (eb3c <xQueueGenericSend+0x1a8>)
    ea5c:	f104 0010 	add.w	r0, r4, #16
    ea60:	4798      	blx	r3
    ea62:	4b34      	ldr	r3, [pc, #208]	; (eb34 <xQueueGenericSend+0x1a0>)
    ea64:	4620      	mov	r0, r4
    ea66:	4798      	blx	r3
    ea68:	4b33      	ldr	r3, [pc, #204]	; (eb38 <xQueueGenericSend+0x1a4>)
    ea6a:	4798      	blx	r3
    ea6c:	2800      	cmp	r0, #0
    ea6e:	d1dc      	bne.n	ea2a <xQueueGenericSend+0x96>
    ea70:	4a33      	ldr	r2, [pc, #204]	; (eb40 <xQueueGenericSend+0x1ac>)
    ea72:	f04f 5380 	mov.w	r3, #268435456	; 0x10000000
    ea76:	6013      	str	r3, [r2, #0]
    ea78:	f3bf 8f4f 	dsb	sy
    ea7c:	f3bf 8f6f 	isb	sy
    ea80:	e7d3      	b.n	ea2a <xQueueGenericSend+0x96>
    ea82:	47a8      	blx	r5
    ea84:	4648      	mov	r0, r9
    ea86:	b005      	add	sp, #20
    ea88:	e8bd 8ff0 	ldmia.w	sp!, {r4, r5, r6, r7, r8, r9, sl, fp, pc}
    ea8c:	4b2d      	ldr	r3, [pc, #180]	; (eb44 <xQueueGenericSend+0x1b0>)
    ea8e:	4639      	mov	r1, r7
    ea90:	4632      	mov	r2, r6
    ea92:	4620      	mov	r0, r4
    ea94:	4798      	blx	r3
    ea96:	6ca3      	ldr	r3, [r4, #72]	; 0x48
    ea98:	b17b      	cbz	r3, eaba <xQueueGenericSend+0x126>
    ea9a:	4631      	mov	r1, r6
    ea9c:	4620      	mov	r0, r4
    ea9e:	4b2a      	ldr	r3, [pc, #168]	; (eb48 <xQueueGenericSend+0x1b4>)
    eaa0:	4798      	blx	r3
    eaa2:	b138      	cbz	r0, eab4 <xQueueGenericSend+0x120>
    eaa4:	4b26      	ldr	r3, [pc, #152]	; (eb40 <xQueueGenericSend+0x1ac>)
    eaa6:	f04f 5280 	mov.w	r2, #268435456	; 0x10000000
    eaaa:	601a      	str	r2, [r3, #0]
    eaac:	f3bf 8f4f 	dsb	sy
    eab0:	f3bf 8f6f 	isb	sy
    eab4:	47a8      	blx	r5
    eab6:	2001      	movs	r0, #1
    eab8:	e7e5      	b.n	ea86 <xQueueGenericSend+0xf2>
    eaba:	6a63      	ldr	r3, [r4, #36]	; 0x24
    eabc:	b913      	cbnz	r3, eac4 <xQueueGenericSend+0x130>
    eabe:	2800      	cmp	r0, #0
    eac0:	d1f0      	bne.n	eaa4 <xQueueGenericSend+0x110>
    eac2:	e7f7      	b.n	eab4 <xQueueGenericSend+0x120>
    eac4:	f104 0024 	add.w	r0, r4, #36	; 0x24
    eac8:	4b20      	ldr	r3, [pc, #128]	; (eb4c <xQueueGenericSend+0x1b8>)
    eaca:	4798      	blx	r3
    eacc:	2800      	cmp	r0, #0
    eace:	d1e9      	bne.n	eaa4 <xQueueGenericSend+0x110>
    ead0:	e7f0      	b.n	eab4 <xQueueGenericSend+0x120>
    ead2:	6bc2      	ldr	r2, [r0, #60]	; 0x3c
    ead4:	2a01      	cmp	r2, #1
    ead6:	f43f af6a 	beq.w	e9ae <xQueueGenericSend+0x1a>
    eada:	f04f 0380 	mov.w	r3, #128	; 0x80
    eade:	f383 8811 	msr	BASEPRI, r3
    eae2:	f3bf 8f6f 	isb	sy
    eae6:	f3bf 8f4f 	dsb	sy
    eaea:	e7fe      	b.n	eaea <xQueueGenericSend+0x156>
    eaec:	6c02      	ldr	r2, [r0, #64]	; 0x40
    eaee:	2a00      	cmp	r2, #0
    eaf0:	f43f af5a 	beq.w	e9a8 <xQueueGenericSend+0x14>
    eaf4:	f04f 0380 	mov.w	r3, #128	; 0x80
    eaf8:	f383 8811 	msr	BASEPRI, r3
    eafc:	f3bf 8f6f 	isb	sy
    eb00:	f3bf 8f4f 	dsb	sy
    eb04:	e7fe      	b.n	eb04 <xQueueGenericSend+0x170>
    eb06:	f04f 0380 	mov.w	r3, #128	; 0x80
    eb0a:	f383 8811 	msr	BASEPRI, r3
    eb0e:	f3bf 8f6f 	isb	sy
    eb12:	f3bf 8f4f 	dsb	sy
    eb16:	e7fe      	b.n	eb16 <xQueueGenericSend+0x182>
    eb18:	4620      	mov	r0, r4
    eb1a:	4b06      	ldr	r3, [pc, #24]	; (eb34 <xQueueGenericSend+0x1a0>)
    eb1c:	4798      	blx	r3
    eb1e:	4b06      	ldr	r3, [pc, #24]	; (eb38 <xQueueGenericSend+0x1a4>)
    eb20:	4798      	blx	r3
    eb22:	2000      	movs	r0, #0
    eb24:	e7af      	b.n	ea86 <xQueueGenericSend+0xf2>
    eb26:	bf00      	nop
    eb28:	0000f9ed 	.word	0x0000f9ed
    eb2c:	0000e3c9 	.word	0x0000e3c9
    eb30:	0000f8a1 	.word	0x0000f8a1
    eb34:	0000e7ed 	.word	0x0000e7ed
    eb38:	0000f59d 	.word	0x0000f59d
    eb3c:	0000f78d 	.word	0x0000f78d
    eb40:	e000ed04 	.word	0xe000ed04
    eb44:	0000e6b9 	.word	0x0000e6b9
    eb48:	0000e76d 	.word	0x0000e76d
    eb4c:	0000f811 	.word	0x0000f811
    eb50:	0000e385 	.word	0x0000e385
    eb54:	0000f88d 	.word	0x0000f88d
    eb58:	0000f441 	.word	0x0000f441

0000eb5c <xQueueGenericSendFromISR>:
    eb5c:	e92d 43f8 	stmdb	sp!, {r3, r4, r5, r6, r7, r8, r9, lr}
    eb60:	b1f0      	cbz	r0, eba0 <xQueueGenericSendFromISR+0x44>
    eb62:	2900      	cmp	r1, #0
    eb64:	d041      	beq.n	ebea <xQueueGenericSendFromISR+0x8e>
    eb66:	2b02      	cmp	r3, #2
    eb68:	d033      	beq.n	ebd2 <xQueueGenericSendFromISR+0x76>
    eb6a:	461f      	mov	r7, r3
    eb6c:	4b31      	ldr	r3, [pc, #196]	; (ec34 <xQueueGenericSendFromISR+0xd8>)
    eb6e:	4604      	mov	r4, r0
    eb70:	4690      	mov	r8, r2
    eb72:	4689      	mov	r9, r1
    eb74:	4798      	blx	r3
    eb76:	f3ef 8611 	mrs	r6, BASEPRI
    eb7a:	f04f 0380 	mov.w	r3, #128	; 0x80
    eb7e:	f383 8811 	msr	BASEPRI, r3
    eb82:	f3bf 8f6f 	isb	sy
    eb86:	f3bf 8f4f 	dsb	sy
    eb8a:	6ba2      	ldr	r2, [r4, #56]	; 0x38
    eb8c:	6be3      	ldr	r3, [r4, #60]	; 0x3c
    eb8e:	429a      	cmp	r2, r3
    eb90:	d30f      	bcc.n	ebb2 <xQueueGenericSendFromISR+0x56>
    eb92:	2f02      	cmp	r7, #2
    eb94:	d00d      	beq.n	ebb2 <xQueueGenericSendFromISR+0x56>
    eb96:	2000      	movs	r0, #0
    eb98:	f386 8811 	msr	BASEPRI, r6
    eb9c:	e8bd 83f8 	ldmia.w	sp!, {r3, r4, r5, r6, r7, r8, r9, pc}
    eba0:	f04f 0380 	mov.w	r3, #128	; 0x80
    eba4:	f383 8811 	msr	BASEPRI, r3
    eba8:	f3bf 8f6f 	isb	sy
    ebac:	f3bf 8f4f 	dsb	sy
    ebb0:	e7fe      	b.n	ebb0 <xQueueGenericSendFromISR+0x54>
    ebb2:	f894 5045 	ldrb.w	r5, [r4, #69]	; 0x45
    ebb6:	4b20      	ldr	r3, [pc, #128]	; (ec38 <xQueueGenericSendFromISR+0xdc>)
    ebb8:	4649      	mov	r1, r9
    ebba:	b26d      	sxtb	r5, r5
    ebbc:	463a      	mov	r2, r7
    ebbe:	4620      	mov	r0, r4
    ebc0:	4798      	blx	r3
    ebc2:	1c6b      	adds	r3, r5, #1
    ebc4:	d01d      	beq.n	ec02 <xQueueGenericSendFromISR+0xa6>
    ebc6:	1c6b      	adds	r3, r5, #1
    ebc8:	b25b      	sxtb	r3, r3
    ebca:	f884 3045 	strb.w	r3, [r4, #69]	; 0x45
    ebce:	2001      	movs	r0, #1
    ebd0:	e7e2      	b.n	eb98 <xQueueGenericSendFromISR+0x3c>
    ebd2:	6bc4      	ldr	r4, [r0, #60]	; 0x3c
    ebd4:	2c01      	cmp	r4, #1
    ebd6:	d0c8      	beq.n	eb6a <xQueueGenericSendFromISR+0xe>
    ebd8:	f04f 0380 	mov.w	r3, #128	; 0x80
    ebdc:	f383 8811 	msr	BASEPRI, r3
    ebe0:	f3bf 8f6f 	isb	sy
    ebe4:	f3bf 8f4f 	dsb	sy
    ebe8:	e7fe      	b.n	ebe8 <xQueueGenericSendFromISR+0x8c>
    ebea:	6c04      	ldr	r4, [r0, #64]	; 0x40
    ebec:	2c00      	cmp	r4, #0
    ebee:	d0ba      	beq.n	eb66 <xQueueGenericSendFromISR+0xa>
    ebf0:	f04f 0380 	mov.w	r3, #128	; 0x80
    ebf4:	f383 8811 	msr	BASEPRI, r3
    ebf8:	f3bf 8f6f 	isb	sy
    ebfc:	f3bf 8f4f 	dsb	sy
    ec00:	e7fe      	b.n	ec00 <xQueueGenericSendFromISR+0xa4>
    ec02:	6ca3      	ldr	r3, [r4, #72]	; 0x48
    ec04:	b163      	cbz	r3, ec20 <xQueueGenericSendFromISR+0xc4>
    ec06:	4639      	mov	r1, r7
    ec08:	4620      	mov	r0, r4
    ec0a:	4b0c      	ldr	r3, [pc, #48]	; (ec3c <xQueueGenericSendFromISR+0xe0>)
    ec0c:	4798      	blx	r3
    ec0e:	2800      	cmp	r0, #0
    ec10:	d0dd      	beq.n	ebce <xQueueGenericSendFromISR+0x72>
    ec12:	f1b8 0f00 	cmp.w	r8, #0
    ec16:	d0da      	beq.n	ebce <xQueueGenericSendFromISR+0x72>
    ec18:	2001      	movs	r0, #1
    ec1a:	f8c8 0000 	str.w	r0, [r8]
    ec1e:	e7bb      	b.n	eb98 <xQueueGenericSendFromISR+0x3c>
    ec20:	6a63      	ldr	r3, [r4, #36]	; 0x24
    ec22:	2b00      	cmp	r3, #0
    ec24:	d0d3      	beq.n	ebce <xQueueGenericSendFromISR+0x72>
    ec26:	f104 0024 	add.w	r0, r4, #36	; 0x24
    ec2a:	4b05      	ldr	r3, [pc, #20]	; (ec40 <xQueueGenericSendFromISR+0xe4>)
    ec2c:	4798      	blx	r3
    ec2e:	2800      	cmp	r0, #0
    ec30:	d1ef      	bne.n	ec12 <xQueueGenericSendFromISR+0xb6>
    ec32:	e7cc      	b.n	ebce <xQueueGenericSendFromISR+0x72>
    ec34:	0000e5d1 	.word	0x0000e5d1
    ec38:	0000e6b9 	.word	0x0000e6b9
    ec3c:	0000e76d 	.word	0x0000e76d
    ec40:	0000f811 	.word	0x0000f811

0000ec44 <xQueueGiveFromISR>:
    ec44:	2800      	cmp	r0, #0
    ec46:	d02f      	beq.n	eca8 <xQueueGiveFromISR+0x64>
    ec48:	6c03      	ldr	r3, [r0, #64]	; 0x40
    ec4a:	b143      	cbz	r3, ec5e <xQueueGiveFromISR+0x1a>
    ec4c:	f04f 0380 	mov.w	r3, #128	; 0x80
    ec50:	f383 8811 	msr	BASEPRI, r3
    ec54:	f3bf 8f6f 	isb	sy
    ec58:	f3bf 8f4f 	dsb	sy
    ec5c:	e7fe      	b.n	ec5c <xQueueGiveFromISR+0x18>
    ec5e:	6803      	ldr	r3, [r0, #0]
    ec60:	2b00      	cmp	r3, #0
    ec62:	d039      	beq.n	ecd8 <xQueueGiveFromISR+0x94>
    ec64:	b570      	push	{r4, r5, r6, lr}
    ec66:	4b27      	ldr	r3, [pc, #156]	; (ed04 <xQueueGiveFromISR+0xc0>)
    ec68:	4604      	mov	r4, r0
    ec6a:	460e      	mov	r6, r1
    ec6c:	4798      	blx	r3
    ec6e:	f3ef 8511 	mrs	r5, BASEPRI
    ec72:	f04f 0380 	mov.w	r3, #128	; 0x80
    ec76:	f383 8811 	msr	BASEPRI, r3
    ec7a:	f3bf 8f6f 	isb	sy
    ec7e:	f3bf 8f4f 	dsb	sy
    ec82:	6ba2      	ldr	r2, [r4, #56]	; 0x38
    ec84:	6be3      	ldr	r3, [r4, #60]	; 0x3c
    ec86:	429a      	cmp	r2, r3
    ec88:	d224      	bcs.n	ecd4 <xQueueGiveFromISR+0x90>
    ec8a:	f894 3045 	ldrb.w	r3, [r4, #69]	; 0x45
    ec8e:	3201      	adds	r2, #1
    ec90:	b25b      	sxtb	r3, r3
    ec92:	63a2      	str	r2, [r4, #56]	; 0x38
    ec94:	1c5a      	adds	r2, r3, #1
    ec96:	d010      	beq.n	ecba <xQueueGiveFromISR+0x76>
    ec98:	3301      	adds	r3, #1
    ec9a:	b25b      	sxtb	r3, r3
    ec9c:	f884 3045 	strb.w	r3, [r4, #69]	; 0x45
    eca0:	2001      	movs	r0, #1
    eca2:	f385 8811 	msr	BASEPRI, r5
    eca6:	bd70      	pop	{r4, r5, r6, pc}
    eca8:	f04f 0380 	mov.w	r3, #128	; 0x80
    ecac:	f383 8811 	msr	BASEPRI, r3
    ecb0:	f3bf 8f6f 	isb	sy
    ecb4:	f3bf 8f4f 	dsb	sy
    ecb8:	e7fe      	b.n	ecb8 <xQueueGiveFromISR+0x74>
    ecba:	6ca3      	ldr	r3, [r4, #72]	; 0x48
    ecbc:	b1c3      	cbz	r3, ecf0 <xQueueGiveFromISR+0xac>
    ecbe:	4620      	mov	r0, r4
    ecc0:	2100      	movs	r1, #0
    ecc2:	4b11      	ldr	r3, [pc, #68]	; (ed08 <xQueueGiveFromISR+0xc4>)
    ecc4:	4798      	blx	r3
    ecc6:	2800      	cmp	r0, #0
    ecc8:	d0ea      	beq.n	eca0 <xQueueGiveFromISR+0x5c>
    ecca:	2e00      	cmp	r6, #0
    eccc:	d0e8      	beq.n	eca0 <xQueueGiveFromISR+0x5c>
    ecce:	2001      	movs	r0, #1
    ecd0:	6030      	str	r0, [r6, #0]
    ecd2:	e7e6      	b.n	eca2 <xQueueGiveFromISR+0x5e>
    ecd4:	2000      	movs	r0, #0
    ecd6:	e7e4      	b.n	eca2 <xQueueGiveFromISR+0x5e>
    ecd8:	6843      	ldr	r3, [r0, #4]
    ecda:	2b00      	cmp	r3, #0
    ecdc:	d0c2      	beq.n	ec64 <xQueueGiveFromISR+0x20>
    ecde:	f04f 0380 	mov.w	r3, #128	; 0x80
    ece2:	f383 8811 	msr	BASEPRI, r3
    ece6:	f3bf 8f6f 	isb	sy
    ecea:	f3bf 8f4f 	dsb	sy
    ecee:	e7fe      	b.n	ecee <xQueueGiveFromISR+0xaa>
    ecf0:	6a63      	ldr	r3, [r4, #36]	; 0x24
    ecf2:	2b00      	cmp	r3, #0
    ecf4:	d0d4      	beq.n	eca0 <xQueueGiveFromISR+0x5c>
    ecf6:	f104 0024 	add.w	r0, r4, #36	; 0x24
    ecfa:	4b04      	ldr	r3, [pc, #16]	; (ed0c <xQueueGiveFromISR+0xc8>)
    ecfc:	4798      	blx	r3
    ecfe:	2800      	cmp	r0, #0
    ed00:	d1e3      	bne.n	ecca <xQueueGiveFromISR+0x86>
    ed02:	e7cd      	b.n	eca0 <xQueueGiveFromISR+0x5c>
    ed04:	0000e5d1 	.word	0x0000e5d1
    ed08:	0000e76d 	.word	0x0000e76d
    ed0c:	0000f811 	.word	0x0000f811

0000ed10 <xQueueReceive>:
    ed10:	e92d 4ff0 	stmdb	sp!, {r4, r5, r6, r7, r8, r9, sl, fp, lr}
    ed14:	b085      	sub	sp, #20
    ed16:	9201      	str	r2, [sp, #4]
    ed18:	2800      	cmp	r0, #0
    ed1a:	d07e      	beq.n	ee1a <xQueueReceive+0x10a>
    ed1c:	2900      	cmp	r1, #0
    ed1e:	f000 808a 	beq.w	ee36 <xQueueReceive+0x126>
    ed22:	4b53      	ldr	r3, [pc, #332]	; (ee70 <xQueueReceive+0x160>)
    ed24:	4604      	mov	r4, r0
    ed26:	4688      	mov	r8, r1
    ed28:	4798      	blx	r3
    ed2a:	b950      	cbnz	r0, ed42 <xQueueReceive+0x32>
    ed2c:	9e01      	ldr	r6, [sp, #4]
    ed2e:	b14e      	cbz	r6, ed44 <xQueueReceive+0x34>
    ed30:	f04f 0380 	mov.w	r3, #128	; 0x80
    ed34:	f383 8811 	msr	BASEPRI, r3
    ed38:	f3bf 8f6f 	isb	sy
    ed3c:	f3bf 8f4f 	dsb	sy
    ed40:	e7fe      	b.n	ed40 <xQueueReceive+0x30>
    ed42:	2600      	movs	r6, #0
    ed44:	4f4b      	ldr	r7, [pc, #300]	; (ee74 <xQueueReceive+0x164>)
    ed46:	4d4c      	ldr	r5, [pc, #304]	; (ee78 <xQueueReceive+0x168>)
    ed48:	f8df b14c 	ldr.w	fp, [pc, #332]	; ee98 <xQueueReceive+0x188>
    ed4c:	f8df a14c 	ldr.w	sl, [pc, #332]	; ee9c <xQueueReceive+0x18c>
    ed50:	f8df 9140 	ldr.w	r9, [pc, #320]	; ee94 <xQueueReceive+0x184>
    ed54:	47b8      	blx	r7
    ed56:	6ba3      	ldr	r3, [r4, #56]	; 0x38
    ed58:	2b00      	cmp	r3, #0
    ed5a:	d139      	bne.n	edd0 <xQueueReceive+0xc0>
    ed5c:	9b01      	ldr	r3, [sp, #4]
    ed5e:	2b00      	cmp	r3, #0
    ed60:	d064      	beq.n	ee2c <xQueueReceive+0x11c>
    ed62:	2e00      	cmp	r6, #0
    ed64:	d055      	beq.n	ee12 <xQueueReceive+0x102>
    ed66:	ae02      	add	r6, sp, #8
    ed68:	47a8      	blx	r5
    ed6a:	47d0      	blx	sl
    ed6c:	47b8      	blx	r7
    ed6e:	f894 3044 	ldrb.w	r3, [r4, #68]	; 0x44
    ed72:	2bff      	cmp	r3, #255	; 0xff
    ed74:	bf04      	itt	eq
    ed76:	2300      	moveq	r3, #0
    ed78:	f884 3044 	strbeq.w	r3, [r4, #68]	; 0x44
    ed7c:	f894 3045 	ldrb.w	r3, [r4, #69]	; 0x45
    ed80:	2bff      	cmp	r3, #255	; 0xff
    ed82:	bf04      	itt	eq
    ed84:	2300      	moveq	r3, #0
    ed86:	f884 3045 	strbeq.w	r3, [r4, #69]	; 0x45
    ed8a:	47a8      	blx	r5
    ed8c:	4630      	mov	r0, r6
    ed8e:	a901      	add	r1, sp, #4
    ed90:	4b3a      	ldr	r3, [pc, #232]	; (ee7c <xQueueReceive+0x16c>)
    ed92:	4798      	blx	r3
    ed94:	2800      	cmp	r0, #0
    ed96:	d131      	bne.n	edfc <xQueueReceive+0xec>
    ed98:	47b8      	blx	r7
    ed9a:	6ba3      	ldr	r3, [r4, #56]	; 0x38
    ed9c:	bb33      	cbnz	r3, edec <xQueueReceive+0xdc>
    ed9e:	47a8      	blx	r5
    eda0:	9901      	ldr	r1, [sp, #4]
    eda2:	4b37      	ldr	r3, [pc, #220]	; (ee80 <xQueueReceive+0x170>)
    eda4:	f104 0024 	add.w	r0, r4, #36	; 0x24
    eda8:	4798      	blx	r3
    edaa:	4b36      	ldr	r3, [pc, #216]	; (ee84 <xQueueReceive+0x174>)
    edac:	4620      	mov	r0, r4
    edae:	4798      	blx	r3
    edb0:	4b35      	ldr	r3, [pc, #212]	; (ee88 <xQueueReceive+0x178>)
    edb2:	4798      	blx	r3
    edb4:	b938      	cbnz	r0, edc6 <xQueueReceive+0xb6>
    edb6:	f04f 5380 	mov.w	r3, #268435456	; 0x10000000
    edba:	f8c9 3000 	str.w	r3, [r9]
    edbe:	f3bf 8f4f 	dsb	sy
    edc2:	f3bf 8f6f 	isb	sy
    edc6:	2601      	movs	r6, #1
    edc8:	47b8      	blx	r7
    edca:	6ba3      	ldr	r3, [r4, #56]	; 0x38
    edcc:	2b00      	cmp	r3, #0
    edce:	d0c5      	beq.n	ed5c <xQueueReceive+0x4c>
    edd0:	4641      	mov	r1, r8
    edd2:	4620      	mov	r0, r4
    edd4:	4a2d      	ldr	r2, [pc, #180]	; (ee8c <xQueueReceive+0x17c>)
    edd6:	9300      	str	r3, [sp, #0]
    edd8:	4790      	blx	r2
    edda:	9b00      	ldr	r3, [sp, #0]
    eddc:	3b01      	subs	r3, #1
    edde:	63a3      	str	r3, [r4, #56]	; 0x38
    ede0:	6923      	ldr	r3, [r4, #16]
    ede2:	2b00      	cmp	r3, #0
    ede4:	d134      	bne.n	ee50 <xQueueReceive+0x140>
    ede6:	47a8      	blx	r5
    ede8:	2001      	movs	r0, #1
    edea:	e021      	b.n	ee30 <xQueueReceive+0x120>
    edec:	47a8      	blx	r5
    edee:	4620      	mov	r0, r4
    edf0:	4b24      	ldr	r3, [pc, #144]	; (ee84 <xQueueReceive+0x174>)
    edf2:	4798      	blx	r3
    edf4:	4b24      	ldr	r3, [pc, #144]	; (ee88 <xQueueReceive+0x178>)
    edf6:	4798      	blx	r3
    edf8:	2601      	movs	r6, #1
    edfa:	e7e5      	b.n	edc8 <xQueueReceive+0xb8>
    edfc:	4620      	mov	r0, r4
    edfe:	4b21      	ldr	r3, [pc, #132]	; (ee84 <xQueueReceive+0x174>)
    ee00:	4798      	blx	r3
    ee02:	4b21      	ldr	r3, [pc, #132]	; (ee88 <xQueueReceive+0x178>)
    ee04:	4798      	blx	r3
    ee06:	47b8      	blx	r7
    ee08:	6ba3      	ldr	r3, [r4, #56]	; 0x38
    ee0a:	b17b      	cbz	r3, ee2c <xQueueReceive+0x11c>
    ee0c:	47a8      	blx	r5
    ee0e:	2601      	movs	r6, #1
    ee10:	e7da      	b.n	edc8 <xQueueReceive+0xb8>
    ee12:	ae02      	add	r6, sp, #8
    ee14:	4630      	mov	r0, r6
    ee16:	47d8      	blx	fp
    ee18:	e7a6      	b.n	ed68 <xQueueReceive+0x58>
    ee1a:	f04f 0380 	mov.w	r3, #128	; 0x80
    ee1e:	f383 8811 	msr	BASEPRI, r3
    ee22:	f3bf 8f6f 	isb	sy
    ee26:	f3bf 8f4f 	dsb	sy
    ee2a:	e7fe      	b.n	ee2a <xQueueReceive+0x11a>
    ee2c:	47a8      	blx	r5
    ee2e:	2000      	movs	r0, #0
    ee30:	b005      	add	sp, #20
    ee32:	e8bd 8ff0 	ldmia.w	sp!, {r4, r5, r6, r7, r8, r9, sl, fp, pc}
    ee36:	6c03      	ldr	r3, [r0, #64]	; 0x40
    ee38:	2b00      	cmp	r3, #0
    ee3a:	f43f af72 	beq.w	ed22 <xQueueReceive+0x12>
    ee3e:	f04f 0380 	mov.w	r3, #128	; 0x80
    ee42:	f383 8811 	msr	BASEPRI, r3
    ee46:	f3bf 8f6f 	isb	sy
    ee4a:	f3bf 8f4f 	dsb	sy
    ee4e:	e7fe      	b.n	ee4e <xQueueReceive+0x13e>
    ee50:	f104 0010 	add.w	r0, r4, #16
    ee54:	4b0e      	ldr	r3, [pc, #56]	; (ee90 <xQueueReceive+0x180>)
    ee56:	4798      	blx	r3
    ee58:	2800      	cmp	r0, #0
    ee5a:	d0c4      	beq.n	ede6 <xQueueReceive+0xd6>
    ee5c:	4b0d      	ldr	r3, [pc, #52]	; (ee94 <xQueueReceive+0x184>)
    ee5e:	f04f 5280 	mov.w	r2, #268435456	; 0x10000000
    ee62:	601a      	str	r2, [r3, #0]
    ee64:	f3bf 8f4f 	dsb	sy
    ee68:	f3bf 8f6f 	isb	sy
    ee6c:	e7bb      	b.n	ede6 <xQueueReceive+0xd6>
    ee6e:	bf00      	nop
    ee70:	0000f9ed 	.word	0x0000f9ed
    ee74:	0000e385 	.word	0x0000e385
    ee78:	0000e3c9 	.word	0x0000e3c9
    ee7c:	0000f8a1 	.word	0x0000f8a1
    ee80:	0000f78d 	.word	0x0000f78d
    ee84:	0000e7ed 	.word	0x0000e7ed
    ee88:	0000f59d 	.word	0x0000f59d
    ee8c:	0000e72d 	.word	0x0000e72d
    ee90:	0000f811 	.word	0x0000f811
    ee94:	e000ed04 	.word	0xe000ed04
    ee98:	0000f88d 	.word	0x0000f88d
    ee9c:	0000f441 	.word	0x0000f441

0000eea0 <xQueueSemaphoreTake>:
    eea0:	e92d 4ff0 	stmdb	sp!, {r4, r5, r6, r7, r8, r9, sl, fp, lr}
    eea4:	b085      	sub	sp, #20
    eea6:	9101      	str	r1, [sp, #4]
    eea8:	b150      	cbz	r0, eec0 <xQueueSemaphoreTake+0x20>
    eeaa:	6c05      	ldr	r5, [r0, #64]	; 0x40
    eeac:	b18d      	cbz	r5, eed2 <xQueueSemaphoreTake+0x32>
    eeae:	f04f 0380 	mov.w	r3, #128	; 0x80
    eeb2:	f383 8811 	msr	BASEPRI, r3
    eeb6:	f3bf 8f6f 	isb	sy
    eeba:	f3bf 8f4f 	dsb	sy
    eebe:	e7fe      	b.n	eebe <xQueueSemaphoreTake+0x1e>
    eec0:	f04f 0380 	mov.w	r3, #128	; 0x80
    eec4:	f383 8811 	msr	BASEPRI, r3
    eec8:	f3bf 8f6f 	isb	sy
    eecc:	f3bf 8f4f 	dsb	sy
    eed0:	e7fe      	b.n	eed0 <xQueueSemaphoreTake+0x30>
    eed2:	4b58      	ldr	r3, [pc, #352]	; (f034 <xQueueSemaphoreTake+0x194>)
    eed4:	4604      	mov	r4, r0
    eed6:	4798      	blx	r3
    eed8:	b918      	cbnz	r0, eee2 <xQueueSemaphoreTake+0x42>
    eeda:	9d01      	ldr	r5, [sp, #4]
    eedc:	2d00      	cmp	r5, #0
    eede:	f040 8090 	bne.w	f002 <xQueueSemaphoreTake+0x162>
    eee2:	46ab      	mov	fp, r5
    eee4:	4f54      	ldr	r7, [pc, #336]	; (f038 <xQueueSemaphoreTake+0x198>)
    eee6:	4e55      	ldr	r6, [pc, #340]	; (f03c <xQueueSemaphoreTake+0x19c>)
    eee8:	f8df a178 	ldr.w	sl, [pc, #376]	; f064 <xQueueSemaphoreTake+0x1c4>
    eeec:	f8df 9178 	ldr.w	r9, [pc, #376]	; f068 <xQueueSemaphoreTake+0x1c8>
    eef0:	f8df 816c 	ldr.w	r8, [pc, #364]	; f060 <xQueueSemaphoreTake+0x1c0>
    eef4:	e01c      	b.n	ef30 <xQueueSemaphoreTake+0x90>
    eef6:	47b8      	blx	r7
    eef8:	6ba3      	ldr	r3, [r4, #56]	; 0x38
    eefa:	2b00      	cmp	r3, #0
    eefc:	d146      	bne.n	ef8c <xQueueSemaphoreTake+0xec>
    eefe:	47b0      	blx	r6
    ef00:	6823      	ldr	r3, [r4, #0]
    ef02:	2b00      	cmp	r3, #0
    ef04:	d06a      	beq.n	efdc <xQueueSemaphoreTake+0x13c>
    ef06:	9901      	ldr	r1, [sp, #4]
    ef08:	4b4d      	ldr	r3, [pc, #308]	; (f040 <xQueueSemaphoreTake+0x1a0>)
    ef0a:	f104 0024 	add.w	r0, r4, #36	; 0x24
    ef0e:	4798      	blx	r3
    ef10:	4b4c      	ldr	r3, [pc, #304]	; (f044 <xQueueSemaphoreTake+0x1a4>)
    ef12:	4620      	mov	r0, r4
    ef14:	4798      	blx	r3
    ef16:	4b4c      	ldr	r3, [pc, #304]	; (f048 <xQueueSemaphoreTake+0x1a8>)
    ef18:	4798      	blx	r3
    ef1a:	b938      	cbnz	r0, ef2c <xQueueSemaphoreTake+0x8c>
    ef1c:	f04f 5380 	mov.w	r3, #268435456	; 0x10000000
    ef20:	f8c8 3000 	str.w	r3, [r8]
    ef24:	f3bf 8f4f 	dsb	sy
    ef28:	f3bf 8f6f 	isb	sy
    ef2c:	f04f 0b01 	mov.w	fp, #1
    ef30:	47b8      	blx	r7
    ef32:	6ba3      	ldr	r3, [r4, #56]	; 0x38
    ef34:	2b00      	cmp	r3, #0
    ef36:	d158      	bne.n	efea <xQueueSemaphoreTake+0x14a>
    ef38:	9b01      	ldr	r3, [sp, #4]
    ef3a:	2b00      	cmp	r3, #0
    ef3c:	d032      	beq.n	efa4 <xQueueSemaphoreTake+0x104>
    ef3e:	f1bb 0f00 	cmp.w	fp, #0
    ef42:	d02a      	beq.n	ef9a <xQueueSemaphoreTake+0xfa>
    ef44:	f10d 0b08 	add.w	fp, sp, #8
    ef48:	47b0      	blx	r6
    ef4a:	47c8      	blx	r9
    ef4c:	47b8      	blx	r7
    ef4e:	f894 3044 	ldrb.w	r3, [r4, #68]	; 0x44
    ef52:	2bff      	cmp	r3, #255	; 0xff
    ef54:	bf04      	itt	eq
    ef56:	2300      	moveq	r3, #0
    ef58:	f884 3044 	strbeq.w	r3, [r4, #68]	; 0x44
    ef5c:	f894 3045 	ldrb.w	r3, [r4, #69]	; 0x45
    ef60:	2bff      	cmp	r3, #255	; 0xff
    ef62:	bf04      	itt	eq
    ef64:	2300      	moveq	r3, #0
    ef66:	f884 3045 	strbeq.w	r3, [r4, #69]	; 0x45
    ef6a:	47b0      	blx	r6
    ef6c:	4658      	mov	r0, fp
    ef6e:	a901      	add	r1, sp, #4
    ef70:	4b36      	ldr	r3, [pc, #216]	; (f04c <xQueueSemaphoreTake+0x1ac>)
    ef72:	4798      	blx	r3
    ef74:	2800      	cmp	r0, #0
    ef76:	d0be      	beq.n	eef6 <xQueueSemaphoreTake+0x56>
    ef78:	4620      	mov	r0, r4
    ef7a:	4b32      	ldr	r3, [pc, #200]	; (f044 <xQueueSemaphoreTake+0x1a4>)
    ef7c:	4798      	blx	r3
    ef7e:	4b32      	ldr	r3, [pc, #200]	; (f048 <xQueueSemaphoreTake+0x1a8>)
    ef80:	4798      	blx	r3
    ef82:	47b8      	blx	r7
    ef84:	6ba3      	ldr	r3, [r4, #56]	; 0x38
    ef86:	b1bb      	cbz	r3, efb8 <xQueueSemaphoreTake+0x118>
    ef88:	47b0      	blx	r6
    ef8a:	e7cf      	b.n	ef2c <xQueueSemaphoreTake+0x8c>
    ef8c:	47b0      	blx	r6
    ef8e:	4620      	mov	r0, r4
    ef90:	4b2c      	ldr	r3, [pc, #176]	; (f044 <xQueueSemaphoreTake+0x1a4>)
    ef92:	4798      	blx	r3
    ef94:	4b2c      	ldr	r3, [pc, #176]	; (f048 <xQueueSemaphoreTake+0x1a8>)
    ef96:	4798      	blx	r3
    ef98:	e7c8      	b.n	ef2c <xQueueSemaphoreTake+0x8c>
    ef9a:	f10d 0b08 	add.w	fp, sp, #8
    ef9e:	4658      	mov	r0, fp
    efa0:	47d0      	blx	sl
    efa2:	e7d1      	b.n	ef48 <xQueueSemaphoreTake+0xa8>
    efa4:	b1ad      	cbz	r5, efd2 <xQueueSemaphoreTake+0x132>
    efa6:	f04f 0380 	mov.w	r3, #128	; 0x80
    efaa:	f383 8811 	msr	BASEPRI, r3
    efae:	f3bf 8f6f 	isb	sy
    efb2:	f3bf 8f4f 	dsb	sy
    efb6:	e7fe      	b.n	efb6 <xQueueSemaphoreTake+0x116>
    efb8:	47b0      	blx	r6
    efba:	b15d      	cbz	r5, efd4 <xQueueSemaphoreTake+0x134>
    efbc:	47b8      	blx	r7
    efbe:	6a61      	ldr	r1, [r4, #36]	; 0x24
    efc0:	b119      	cbz	r1, efca <xQueueSemaphoreTake+0x12a>
    efc2:	6b23      	ldr	r3, [r4, #48]	; 0x30
    efc4:	6819      	ldr	r1, [r3, #0]
    efc6:	f1c1 0110 	rsb	r1, r1, #16
    efca:	6860      	ldr	r0, [r4, #4]
    efcc:	4b20      	ldr	r3, [pc, #128]	; (f050 <xQueueSemaphoreTake+0x1b0>)
    efce:	4798      	blx	r3
    efd0:	2500      	movs	r5, #0
    efd2:	47b0      	blx	r6
    efd4:	4628      	mov	r0, r5
    efd6:	b005      	add	sp, #20
    efd8:	e8bd 8ff0 	ldmia.w	sp!, {r4, r5, r6, r7, r8, r9, sl, fp, pc}
    efdc:	47b8      	blx	r7
    efde:	6860      	ldr	r0, [r4, #4]
    efe0:	4b1c      	ldr	r3, [pc, #112]	; (f054 <xQueueSemaphoreTake+0x1b4>)
    efe2:	4798      	blx	r3
    efe4:	4605      	mov	r5, r0
    efe6:	47b0      	blx	r6
    efe8:	e78d      	b.n	ef06 <xQueueSemaphoreTake+0x66>
    efea:	6822      	ldr	r2, [r4, #0]
    efec:	3b01      	subs	r3, #1
    efee:	63a3      	str	r3, [r4, #56]	; 0x38
    eff0:	b912      	cbnz	r2, eff8 <xQueueSemaphoreTake+0x158>
    eff2:	4b19      	ldr	r3, [pc, #100]	; (f058 <xQueueSemaphoreTake+0x1b8>)
    eff4:	4798      	blx	r3
    eff6:	6060      	str	r0, [r4, #4]
    eff8:	6923      	ldr	r3, [r4, #16]
    effa:	b95b      	cbnz	r3, f014 <xQueueSemaphoreTake+0x174>
    effc:	47b0      	blx	r6
    effe:	2501      	movs	r5, #1
    f000:	e7e8      	b.n	efd4 <xQueueSemaphoreTake+0x134>
    f002:	f04f 0380 	mov.w	r3, #128	; 0x80
    f006:	f383 8811 	msr	BASEPRI, r3
    f00a:	f3bf 8f6f 	isb	sy
    f00e:	f3bf 8f4f 	dsb	sy
    f012:	e7fe      	b.n	f012 <xQueueSemaphoreTake+0x172>
    f014:	f104 0010 	add.w	r0, r4, #16
    f018:	4b10      	ldr	r3, [pc, #64]	; (f05c <xQueueSemaphoreTake+0x1bc>)
    f01a:	4798      	blx	r3
    f01c:	2800      	cmp	r0, #0
    f01e:	d0ed      	beq.n	effc <xQueueSemaphoreTake+0x15c>
    f020:	4b0f      	ldr	r3, [pc, #60]	; (f060 <xQueueSemaphoreTake+0x1c0>)
    f022:	f04f 5280 	mov.w	r2, #268435456	; 0x10000000
    f026:	601a      	str	r2, [r3, #0]
    f028:	f3bf 8f4f 	dsb	sy
    f02c:	f3bf 8f6f 	isb	sy
    f030:	e7e4      	b.n	effc <xQueueSemaphoreTake+0x15c>
    f032:	bf00      	nop
    f034:	0000f9ed 	.word	0x0000f9ed
    f038:	0000e385 	.word	0x0000e385
    f03c:	0000e3c9 	.word	0x0000e3c9
    f040:	0000f78d 	.word	0x0000f78d
    f044:	0000e7ed 	.word	0x0000e7ed
    f048:	0000f59d 	.word	0x0000f59d
    f04c:	0000f8a1 	.word	0x0000f8a1
    f050:	0000fb29 	.word	0x0000fb29
    f054:	0000fa0d 	.word	0x0000fa0d
    f058:	0000fbc9 	.word	0x0000fbc9
    f05c:	0000f811 	.word	0x0000f811
    f060:	e000ed04 	.word	0xe000ed04
    f064:	0000f88d 	.word	0x0000f88d
    f068:	0000f441 	.word	0x0000f441

0000f06c <vQueueWaitForMessageRestricted>:
    f06c:	b570      	push	{r4, r5, r6, lr}
    f06e:	4604      	mov	r4, r0
    f070:	4b10      	ldr	r3, [pc, #64]	; (f0b4 <vQueueWaitForMessageRestricted+0x48>)
    f072:	460d      	mov	r5, r1
    f074:	4616      	mov	r6, r2
    f076:	4798      	blx	r3
    f078:	f894 3044 	ldrb.w	r3, [r4, #68]	; 0x44
    f07c:	2bff      	cmp	r3, #255	; 0xff
    f07e:	bf04      	itt	eq
    f080:	2300      	moveq	r3, #0
    f082:	f884 3044 	strbeq.w	r3, [r4, #68]	; 0x44
    f086:	f894 3045 	ldrb.w	r3, [r4, #69]	; 0x45
    f08a:	2bff      	cmp	r3, #255	; 0xff
    f08c:	bf04      	itt	eq
    f08e:	2300      	moveq	r3, #0
    f090:	f884 3045 	strbeq.w	r3, [r4, #69]	; 0x45
    f094:	4b08      	ldr	r3, [pc, #32]	; (f0b8 <vQueueWaitForMessageRestricted+0x4c>)
    f096:	4798      	blx	r3
    f098:	6ba3      	ldr	r3, [r4, #56]	; 0x38
    f09a:	b92b      	cbnz	r3, f0a8 <vQueueWaitForMessageRestricted+0x3c>
    f09c:	4632      	mov	r2, r6
    f09e:	4629      	mov	r1, r5
    f0a0:	f104 0024 	add.w	r0, r4, #36	; 0x24
    f0a4:	4b05      	ldr	r3, [pc, #20]	; (f0bc <vQueueWaitForMessageRestricted+0x50>)
    f0a6:	4798      	blx	r3
    f0a8:	4620      	mov	r0, r4
    f0aa:	4b05      	ldr	r3, [pc, #20]	; (f0c0 <vQueueWaitForMessageRestricted+0x54>)
    f0ac:	e8bd 4070 	ldmia.w	sp!, {r4, r5, r6, lr}
    f0b0:	4718      	bx	r3
    f0b2:	bf00      	nop
    f0b4:	0000e385 	.word	0x0000e385
    f0b8:	0000e3c9 	.word	0x0000e3c9
    f0bc:	0000f7c9 	.word	0x0000f7c9
    f0c0:	0000e7ed 	.word	0x0000e7ed

0000f0c4 <prvIdleTask>:
    f0c4:	b580      	push	{r7, lr}
    f0c6:	4d07      	ldr	r5, [pc, #28]	; (f0e4 <prvIdleTask+0x20>)
    f0c8:	4c07      	ldr	r4, [pc, #28]	; (f0e8 <prvIdleTask+0x24>)
    f0ca:	4f08      	ldr	r7, [pc, #32]	; (f0ec <prvIdleTask+0x28>)
    f0cc:	f04f 5680 	mov.w	r6, #268435456	; 0x10000000
    f0d0:	682b      	ldr	r3, [r5, #0]
    f0d2:	2b01      	cmp	r3, #1
    f0d4:	d904      	bls.n	f0e0 <prvIdleTask+0x1c>
    f0d6:	603e      	str	r6, [r7, #0]
    f0d8:	f3bf 8f4f 	dsb	sy
    f0dc:	f3bf 8f6f 	isb	sy
    f0e0:	47a0      	blx	r4
    f0e2:	e7f5      	b.n	f0d0 <prvIdleTask+0xc>
    f0e4:	2000d978 	.word	0x2000d978
    f0e8:	0000cb5d 	.word	0x0000cb5d
    f0ec:	e000ed04 	.word	0xe000ed04

0000f0f0 <prvResetNextTaskUnblockTime.part.1>:
    f0f0:	4b04      	ldr	r3, [pc, #16]	; (f104 <prvResetNextTaskUnblockTime.part.1+0x14>)
    f0f2:	f8d3 2140 	ldr.w	r2, [r3, #320]	; 0x140
    f0f6:	68d2      	ldr	r2, [r2, #12]
    f0f8:	68d2      	ldr	r2, [r2, #12]
    f0fa:	6852      	ldr	r2, [r2, #4]
    f0fc:	f8c3 2144 	str.w	r2, [r3, #324]	; 0x144
    f100:	4770      	bx	lr
    f102:	bf00      	nop
    f104:	2000d978 	.word	0x2000d978

0000f108 <prvAddCurrentTaskToDelayedList>:
    f108:	e92d 41f0 	stmdb	sp!, {r4, r5, r6, r7, r8, lr}
    f10c:	4c1a      	ldr	r4, [pc, #104]	; (f178 <prvAddCurrentTaskToDelayedList+0x70>)
    f10e:	4b1b      	ldr	r3, [pc, #108]	; (f17c <prvAddCurrentTaskToDelayedList+0x74>)
    f110:	f8d4 6148 	ldr.w	r6, [r4, #328]	; 0x148
    f114:	f8d4 214c 	ldr.w	r2, [r4, #332]	; 0x14c
    f118:	4605      	mov	r5, r0
    f11a:	1d10      	adds	r0, r2, #4
    f11c:	460f      	mov	r7, r1
    f11e:	4798      	blx	r3
    f120:	1c6b      	adds	r3, r5, #1
    f122:	d01d      	beq.n	f160 <prvAddCurrentTaskToDelayedList+0x58>
    f124:	4435      	add	r5, r6
    f126:	f8d4 314c 	ldr.w	r3, [r4, #332]	; 0x14c
    f12a:	42ae      	cmp	r6, r5
    f12c:	605d      	str	r5, [r3, #4]
    f12e:	d80e      	bhi.n	f14e <prvAddCurrentTaskToDelayedList+0x46>
    f130:	f8d4 0140 	ldr.w	r0, [r4, #320]	; 0x140
    f134:	f8d4 114c 	ldr.w	r1, [r4, #332]	; 0x14c
    f138:	4b11      	ldr	r3, [pc, #68]	; (f180 <prvAddCurrentTaskToDelayedList+0x78>)
    f13a:	3104      	adds	r1, #4
    f13c:	4798      	blx	r3
    f13e:	f8d4 3144 	ldr.w	r3, [r4, #324]	; 0x144
    f142:	429d      	cmp	r5, r3
    f144:	bf38      	it	cc
    f146:	f8c4 5144 	strcc.w	r5, [r4, #324]	; 0x144
    f14a:	e8bd 81f0 	ldmia.w	sp!, {r4, r5, r6, r7, r8, pc}
    f14e:	f8d4 0164 	ldr.w	r0, [r4, #356]	; 0x164
    f152:	f8d4 114c 	ldr.w	r1, [r4, #332]	; 0x14c
    f156:	4b0a      	ldr	r3, [pc, #40]	; (f180 <prvAddCurrentTaskToDelayedList+0x78>)
    f158:	3104      	adds	r1, #4
    f15a:	e8bd 41f0 	ldmia.w	sp!, {r4, r5, r6, r7, r8, lr}
    f15e:	4718      	bx	r3
    f160:	2f00      	cmp	r7, #0
    f162:	d0df      	beq.n	f124 <prvAddCurrentTaskToDelayedList+0x1c>
    f164:	f8d4 114c 	ldr.w	r1, [r4, #332]	; 0x14c
    f168:	4b06      	ldr	r3, [pc, #24]	; (f184 <prvAddCurrentTaskToDelayedList+0x7c>)
    f16a:	f504 70a8 	add.w	r0, r4, #336	; 0x150
    f16e:	3104      	adds	r1, #4
    f170:	e8bd 41f0 	ldmia.w	sp!, {r4, r5, r6, r7, r8, lr}
    f174:	4718      	bx	r3
    f176:	bf00      	nop
    f178:	2000d978 	.word	0x2000d978
    f17c:	0000e28d 	.word	0x0000e28d
    f180:	0000e259 	.word	0x0000e259
    f184:	0000e239 	.word	0x0000e239

0000f188 <eTaskGetState.part.4>:
    f188:	f04f 0380 	mov.w	r3, #128	; 0x80
    f18c:	f383 8811 	msr	BASEPRI, r3
    f190:	f3bf 8f6f 	isb	sy
    f194:	f3bf 8f4f 	dsb	sy
    f198:	e7fe      	b.n	f198 <eTaskGetState.part.4+0x10>
    f19a:	bf00      	nop

0000f19c <xTaskCreate>:
    f19c:	e92d 4ff8 	stmdb	sp!, {r3, r4, r5, r6, r7, r8, r9, sl, fp, lr}
    f1a0:	ea4f 0882 	mov.w	r8, r2, lsl #2
    f1a4:	4606      	mov	r6, r0
    f1a6:	4c61      	ldr	r4, [pc, #388]	; (f32c <xTaskCreate+0x190>)
    f1a8:	4640      	mov	r0, r8
    f1aa:	4689      	mov	r9, r1
    f1ac:	461f      	mov	r7, r3
    f1ae:	47a0      	blx	r4
    f1b0:	2800      	cmp	r0, #0
    f1b2:	f000 808e 	beq.w	f2d2 <xTaskCreate+0x136>
    f1b6:	4605      	mov	r5, r0
    f1b8:	2054      	movs	r0, #84	; 0x54
    f1ba:	47a0      	blx	r4
    f1bc:	4604      	mov	r4, r0
    f1be:	2800      	cmp	r0, #0
    f1c0:	f000 80ad 	beq.w	f31e <xTaskCreate+0x182>
    f1c4:	4642      	mov	r2, r8
    f1c6:	6305      	str	r5, [r0, #48]	; 0x30
    f1c8:	21a5      	movs	r1, #165	; 0xa5
    f1ca:	4b59      	ldr	r3, [pc, #356]	; (f330 <xTaskCreate+0x194>)
    f1cc:	4628      	mov	r0, r5
    f1ce:	4798      	blx	r3
    f1d0:	6b23      	ldr	r3, [r4, #48]	; 0x30
    f1d2:	f1a8 0804 	sub.w	r8, r8, #4
    f1d6:	4498      	add	r8, r3
    f1d8:	f028 0807 	bic.w	r8, r8, #7
    f1dc:	f109 33ff 	add.w	r3, r9, #4294967295
    f1e0:	f109 0107 	add.w	r1, r9, #7
    f1e4:	f104 0234 	add.w	r2, r4, #52	; 0x34
    f1e8:	7858      	ldrb	r0, [r3, #1]
    f1ea:	f802 0b01 	strb.w	r0, [r2], #1
    f1ee:	f813 0f01 	ldrb.w	r0, [r3, #1]!
    f1f2:	b108      	cbz	r0, f1f8 <xTaskCreate+0x5c>
    f1f4:	428b      	cmp	r3, r1
    f1f6:	d1f7      	bne.n	f1e8 <xTaskCreate+0x4c>
    f1f8:	9b0a      	ldr	r3, [sp, #40]	; 0x28
    f1fa:	4d4e      	ldr	r5, [pc, #312]	; (f334 <xTaskCreate+0x198>)
    f1fc:	2b0f      	cmp	r3, #15
    f1fe:	bf28      	it	cs
    f200:	230f      	movcs	r3, #15
    f202:	f04f 0b00 	mov.w	fp, #0
    f206:	f104 0a04 	add.w	sl, r4, #4
    f20a:	62e3      	str	r3, [r4, #44]	; 0x2c
    f20c:	6463      	str	r3, [r4, #68]	; 0x44
    f20e:	4650      	mov	r0, sl
    f210:	f884 b03b 	strb.w	fp, [r4, #59]	; 0x3b
    f214:	f8c4 b048 	str.w	fp, [r4, #72]	; 0x48
    f218:	4699      	mov	r9, r3
    f21a:	47a8      	blx	r5
    f21c:	f104 0018 	add.w	r0, r4, #24
    f220:	47a8      	blx	r5
    f222:	f1c9 0310 	rsb	r3, r9, #16
    f226:	61a3      	str	r3, [r4, #24]
    f228:	f8c4 b04c 	str.w	fp, [r4, #76]	; 0x4c
    f22c:	4b42      	ldr	r3, [pc, #264]	; (f338 <xTaskCreate+0x19c>)
    f22e:	6124      	str	r4, [r4, #16]
    f230:	f884 b050 	strb.w	fp, [r4, #80]	; 0x50
    f234:	6264      	str	r4, [r4, #36]	; 0x24
    f236:	463a      	mov	r2, r7
    f238:	4631      	mov	r1, r6
    f23a:	4640      	mov	r0, r8
    f23c:	4798      	blx	r3
    f23e:	9b0b      	ldr	r3, [sp, #44]	; 0x2c
    f240:	6020      	str	r0, [r4, #0]
    f242:	b103      	cbz	r3, f246 <xTaskCreate+0xaa>
    f244:	601c      	str	r4, [r3, #0]
    f246:	4d3d      	ldr	r5, [pc, #244]	; (f33c <xTaskCreate+0x1a0>)
    f248:	4b3d      	ldr	r3, [pc, #244]	; (f340 <xTaskCreate+0x1a4>)
    f24a:	4798      	blx	r3
    f24c:	f8d5 317c 	ldr.w	r3, [r5, #380]	; 0x17c
    f250:	3301      	adds	r3, #1
    f252:	f8c5 317c 	str.w	r3, [r5, #380]	; 0x17c
    f256:	f8d5 314c 	ldr.w	r3, [r5, #332]	; 0x14c
    f25a:	2b00      	cmp	r3, #0
    f25c:	d03d      	beq.n	f2da <xTaskCreate+0x13e>
    f25e:	f8d5 31a8 	ldr.w	r3, [r5, #424]	; 0x1a8
    f262:	b36b      	cbz	r3, f2c0 <xTaskCreate+0x124>
    f264:	6ae0      	ldr	r0, [r4, #44]	; 0x2c
    f266:	f8d5 21b0 	ldr.w	r2, [r5, #432]	; 0x1b0
    f26a:	f8d5 31ac 	ldr.w	r3, [r5, #428]	; 0x1ac
    f26e:	4282      	cmp	r2, r0
    f270:	f103 0301 	add.w	r3, r3, #1
    f274:	bf38      	it	cc
    f276:	f8c5 01b0 	strcc.w	r0, [r5, #432]	; 0x1b0
    f27a:	eb00 0080 	add.w	r0, r0, r0, lsl #2
    f27e:	f8c5 31ac 	str.w	r3, [r5, #428]	; 0x1ac
    f282:	63e3      	str	r3, [r4, #60]	; 0x3c
    f284:	eb05 0080 	add.w	r0, r5, r0, lsl #2
    f288:	4651      	mov	r1, sl
    f28a:	4b2e      	ldr	r3, [pc, #184]	; (f344 <xTaskCreate+0x1a8>)
    f28c:	4798      	blx	r3
    f28e:	4b2e      	ldr	r3, [pc, #184]	; (f348 <xTaskCreate+0x1ac>)
    f290:	4798      	blx	r3
    f292:	f8d5 31a8 	ldr.w	r3, [r5, #424]	; 0x1a8
    f296:	b183      	cbz	r3, f2ba <xTaskCreate+0x11e>
    f298:	f8d5 214c 	ldr.w	r2, [r5, #332]	; 0x14c
    f29c:	6ae3      	ldr	r3, [r4, #44]	; 0x2c
    f29e:	6ad2      	ldr	r2, [r2, #44]	; 0x2c
    f2a0:	429a      	cmp	r2, r3
    f2a2:	d20a      	bcs.n	f2ba <xTaskCreate+0x11e>
    f2a4:	4b29      	ldr	r3, [pc, #164]	; (f34c <xTaskCreate+0x1b0>)
    f2a6:	f04f 5280 	mov.w	r2, #268435456	; 0x10000000
    f2aa:	601a      	str	r2, [r3, #0]
    f2ac:	f3bf 8f4f 	dsb	sy
    f2b0:	f3bf 8f6f 	isb	sy
    f2b4:	2001      	movs	r0, #1
    f2b6:	e8bd 8ff8 	ldmia.w	sp!, {r3, r4, r5, r6, r7, r8, r9, sl, fp, pc}
    f2ba:	2001      	movs	r0, #1
    f2bc:	e8bd 8ff8 	ldmia.w	sp!, {r3, r4, r5, r6, r7, r8, r9, sl, fp, pc}
    f2c0:	f8d5 314c 	ldr.w	r3, [r5, #332]	; 0x14c
    f2c4:	6ae0      	ldr	r0, [r4, #44]	; 0x2c
    f2c6:	6adb      	ldr	r3, [r3, #44]	; 0x2c
    f2c8:	4283      	cmp	r3, r0
    f2ca:	bf98      	it	ls
    f2cc:	f8c5 414c 	strls.w	r4, [r5, #332]	; 0x14c
    f2d0:	e7c9      	b.n	f266 <xTaskCreate+0xca>
    f2d2:	f04f 30ff 	mov.w	r0, #4294967295
    f2d6:	e8bd 8ff8 	ldmia.w	sp!, {r3, r4, r5, r6, r7, r8, r9, sl, fp, pc}
    f2da:	f8c5 414c 	str.w	r4, [r5, #332]	; 0x14c
    f2de:	f8d5 317c 	ldr.w	r3, [r5, #380]	; 0x17c
    f2e2:	2b01      	cmp	r3, #1
    f2e4:	d1be      	bne.n	f264 <xTaskCreate+0xc8>
    f2e6:	4f1a      	ldr	r7, [pc, #104]	; (f350 <xTaskCreate+0x1b4>)
    f2e8:	462e      	mov	r6, r5
    f2ea:	f505 78a0 	add.w	r8, r5, #320	; 0x140
    f2ee:	4630      	mov	r0, r6
    f2f0:	3614      	adds	r6, #20
    f2f2:	47b8      	blx	r7
    f2f4:	45b0      	cmp	r8, r6
    f2f6:	d1fa      	bne.n	f2ee <xTaskCreate+0x152>
    f2f8:	4e16      	ldr	r6, [pc, #88]	; (f354 <xTaskCreate+0x1b8>)
    f2fa:	4630      	mov	r0, r6
    f2fc:	f106 0814 	add.w	r8, r6, #20
    f300:	47b8      	blx	r7
    f302:	4640      	mov	r0, r8
    f304:	47b8      	blx	r7
    f306:	f1a6 0018 	sub.w	r0, r6, #24
    f30a:	47b8      	blx	r7
    f30c:	f1a6 0030 	sub.w	r0, r6, #48	; 0x30
    f310:	47b8      	blx	r7
    f312:	f8c5 6140 	str.w	r6, [r5, #320]	; 0x140
    f316:	6ae0      	ldr	r0, [r4, #44]	; 0x2c
    f318:	f8c5 8164 	str.w	r8, [r5, #356]	; 0x164
    f31c:	e7a3      	b.n	f266 <xTaskCreate+0xca>
    f31e:	4628      	mov	r0, r5
    f320:	4b0d      	ldr	r3, [pc, #52]	; (f358 <xTaskCreate+0x1bc>)
    f322:	4798      	blx	r3
    f324:	f04f 30ff 	mov.w	r0, #4294967295
    f328:	e8bd 8ff8 	ldmia.w	sp!, {r3, r4, r5, r6, r7, r8, r9, sl, fp, pc}
    f32c:	0000e629 	.word	0x0000e629
    f330:	000103ed 	.word	0x000103ed
    f334:	0000e231 	.word	0x0000e231
    f338:	0000e331 	.word	0x0000e331
    f33c:	2000d978 	.word	0x2000d978
    f340:	0000e385 	.word	0x0000e385
    f344:	0000e239 	.word	0x0000e239
    f348:	0000e3c9 	.word	0x0000e3c9
    f34c:	e000ed04 	.word	0xe000ed04
    f350:	0000e219 	.word	0x0000e219
    f354:	2000daf8 	.word	0x2000daf8
    f358:	0000e68d 	.word	0x0000e68d

0000f35c <eTaskGetState>:
    f35c:	b570      	push	{r4, r5, r6, lr}
    f35e:	b310      	cbz	r0, f3a6 <eTaskGetState+0x4a>
    f360:	4c12      	ldr	r4, [pc, #72]	; (f3ac <eTaskGetState+0x50>)
    f362:	f8d4 314c 	ldr.w	r3, [r4, #332]	; 0x14c
    f366:	4298      	cmp	r0, r3
    f368:	4605      	mov	r5, r0
    f36a:	d01a      	beq.n	f3a2 <eTaskGetState+0x46>
    f36c:	4b10      	ldr	r3, [pc, #64]	; (f3b0 <eTaskGetState+0x54>)
    f36e:	4798      	blx	r3
    f370:	4b10      	ldr	r3, [pc, #64]	; (f3b4 <eTaskGetState+0x58>)
    f372:	696e      	ldr	r6, [r5, #20]
    f374:	4798      	blx	r3
    f376:	f8d4 3140 	ldr.w	r3, [r4, #320]	; 0x140
    f37a:	429e      	cmp	r6, r3
    f37c:	d009      	beq.n	f392 <eTaskGetState+0x36>
    f37e:	f8d4 3164 	ldr.w	r3, [r4, #356]	; 0x164
    f382:	429e      	cmp	r6, r3
    f384:	d005      	beq.n	f392 <eTaskGetState+0x36>
    f386:	f504 74a8 	add.w	r4, r4, #336	; 0x150
    f38a:	42a6      	cmp	r6, r4
    f38c:	d003      	beq.n	f396 <eTaskGetState+0x3a>
    f38e:	2001      	movs	r0, #1
    f390:	bd70      	pop	{r4, r5, r6, pc}
    f392:	2002      	movs	r0, #2
    f394:	bd70      	pop	{r4, r5, r6, pc}
    f396:	6aab      	ldr	r3, [r5, #40]	; 0x28
    f398:	2b00      	cmp	r3, #0
    f39a:	bf14      	ite	ne
    f39c:	2002      	movne	r0, #2
    f39e:	2003      	moveq	r0, #3
    f3a0:	bd70      	pop	{r4, r5, r6, pc}
    f3a2:	2000      	movs	r0, #0
    f3a4:	bd70      	pop	{r4, r5, r6, pc}
    f3a6:	4b04      	ldr	r3, [pc, #16]	; (f3b8 <eTaskGetState+0x5c>)
    f3a8:	4798      	blx	r3
    f3aa:	bf00      	nop
    f3ac:	2000d978 	.word	0x2000d978
    f3b0:	0000e385 	.word	0x0000e385
    f3b4:	0000e3c9 	.word	0x0000e3c9
    f3b8:	0000f189 	.word	0x0000f189

0000f3bc <vTaskStartScheduler>:
    f3bc:	b570      	push	{r4, r5, r6, lr}
    f3be:	4c1a      	ldr	r4, [pc, #104]	; (f428 <vTaskStartScheduler+0x6c>)
    f3c0:	491a      	ldr	r1, [pc, #104]	; (f42c <vTaskStartScheduler+0x70>)
    f3c2:	481b      	ldr	r0, [pc, #108]	; (f430 <vTaskStartScheduler+0x74>)
    f3c4:	4e1b      	ldr	r6, [pc, #108]	; (f434 <vTaskStartScheduler+0x78>)
    f3c6:	b082      	sub	sp, #8
    f3c8:	f504 73dc 	add.w	r3, r4, #440	; 0x1b8
    f3cc:	2500      	movs	r5, #0
    f3ce:	9301      	str	r3, [sp, #4]
    f3d0:	9500      	str	r5, [sp, #0]
    f3d2:	462b      	mov	r3, r5
    f3d4:	2260      	movs	r2, #96	; 0x60
    f3d6:	47b0      	blx	r6
    f3d8:	2801      	cmp	r0, #1
    f3da:	d00c      	beq.n	f3f6 <vTaskStartScheduler+0x3a>
    f3dc:	3001      	adds	r0, #1
    f3de:	d001      	beq.n	f3e4 <vTaskStartScheduler+0x28>
    f3e0:	b002      	add	sp, #8
    f3e2:	bd70      	pop	{r4, r5, r6, pc}
    f3e4:	f04f 0380 	mov.w	r3, #128	; 0x80
    f3e8:	f383 8811 	msr	BASEPRI, r3
    f3ec:	f3bf 8f6f 	isb	sy
    f3f0:	f3bf 8f4f 	dsb	sy
    f3f4:	e7fe      	b.n	f3f4 <vTaskStartScheduler+0x38>
    f3f6:	4b10      	ldr	r3, [pc, #64]	; (f438 <vTaskStartScheduler+0x7c>)
    f3f8:	4798      	blx	r3
    f3fa:	2801      	cmp	r0, #1
    f3fc:	d1ee      	bne.n	f3dc <vTaskStartScheduler+0x20>
    f3fe:	f04f 0380 	mov.w	r3, #128	; 0x80
    f402:	f383 8811 	msr	BASEPRI, r3
    f406:	f3bf 8f6f 	isb	sy
    f40a:	f3bf 8f4f 	dsb	sy
    f40e:	4b0b      	ldr	r3, [pc, #44]	; (f43c <vTaskStartScheduler+0x80>)
    f410:	f04f 32ff 	mov.w	r2, #4294967295
    f414:	f8c4 2144 	str.w	r2, [r4, #324]	; 0x144
    f418:	f8c4 01a8 	str.w	r0, [r4, #424]	; 0x1a8
    f41c:	f8c4 5148 	str.w	r5, [r4, #328]	; 0x148
    f420:	b002      	add	sp, #8
    f422:	e8bd 4070 	ldmia.w	sp!, {r4, r5, r6, lr}
    f426:	4718      	bx	r3
    f428:	2000d978 	.word	0x2000d978
    f42c:	00012138 	.word	0x00012138
    f430:	0000f0c5 	.word	0x0000f0c5
    f434:	0000f19d 	.word	0x0000f19d
    f438:	0000fc7d 	.word	0x0000fc7d
    f43c:	0000e4b1 	.word	0x0000e4b1

0000f440 <vTaskSuspendAll>:
    f440:	4a03      	ldr	r2, [pc, #12]	; (f450 <vTaskSuspendAll+0x10>)
    f442:	f8d2 31b4 	ldr.w	r3, [r2, #436]	; 0x1b4
    f446:	3301      	adds	r3, #1
    f448:	f8c2 31b4 	str.w	r3, [r2, #436]	; 0x1b4
    f44c:	4770      	bx	lr
    f44e:	bf00      	nop
    f450:	2000d978 	.word	0x2000d978

0000f454 <xTaskGetTickCount>:
    f454:	4b01      	ldr	r3, [pc, #4]	; (f45c <xTaskGetTickCount+0x8>)
    f456:	f8d3 0148 	ldr.w	r0, [r3, #328]	; 0x148
    f45a:	4770      	bx	lr
    f45c:	2000d978 	.word	0x2000d978

0000f460 <xTaskGetTickCountFromISR>:
    f460:	b508      	push	{r3, lr}
    f462:	4b03      	ldr	r3, [pc, #12]	; (f470 <xTaskGetTickCountFromISR+0x10>)
    f464:	4798      	blx	r3
    f466:	4b03      	ldr	r3, [pc, #12]	; (f474 <xTaskGetTickCountFromISR+0x14>)
    f468:	f8d3 0148 	ldr.w	r0, [r3, #328]	; 0x148
    f46c:	bd08      	pop	{r3, pc}
    f46e:	bf00      	nop
    f470:	0000e5d1 	.word	0x0000e5d1
    f474:	2000d978 	.word	0x2000d978

0000f478 <xTaskIncrementTick>:
    f478:	e92d 47f0 	stmdb	sp!, {r4, r5, r6, r7, r8, r9, sl, lr}
    f47c:	4c43      	ldr	r4, [pc, #268]	; (f58c <xTaskIncrementTick+0x114>)
    f47e:	f8d4 31b4 	ldr.w	r3, [r4, #436]	; 0x1b4
    f482:	2b00      	cmp	r3, #0
    f484:	d148      	bne.n	f518 <xTaskIncrementTick+0xa0>
    f486:	f8d4 6148 	ldr.w	r6, [r4, #328]	; 0x148
    f48a:	3601      	adds	r6, #1
    f48c:	f8c4 6148 	str.w	r6, [r4, #328]	; 0x148
    f490:	2e00      	cmp	r6, #0
    f492:	d04f      	beq.n	f534 <xTaskIncrementTick+0xbc>
    f494:	f8d4 3144 	ldr.w	r3, [r4, #324]	; 0x144
    f498:	429e      	cmp	r6, r3
    f49a:	d358      	bcc.n	f54e <xTaskIncrementTick+0xd6>
    f49c:	f8df 80f4 	ldr.w	r8, [pc, #244]	; f594 <xTaskIncrementTick+0x11c>
    f4a0:	f8df 90f4 	ldr.w	r9, [pc, #244]	; f598 <xTaskIncrementTick+0x120>
    f4a4:	2500      	movs	r5, #0
    f4a6:	e023      	b.n	f4f0 <xTaskIncrementTick+0x78>
    f4a8:	f8d4 3140 	ldr.w	r3, [r4, #320]	; 0x140
    f4ac:	68db      	ldr	r3, [r3, #12]
    f4ae:	68df      	ldr	r7, [r3, #12]
    f4b0:	687b      	ldr	r3, [r7, #4]
    f4b2:	f107 0a04 	add.w	sl, r7, #4
    f4b6:	429e      	cmp	r6, r3
    f4b8:	4650      	mov	r0, sl
    f4ba:	d35e      	bcc.n	f57a <xTaskIncrementTick+0x102>
    f4bc:	47c0      	blx	r8
    f4be:	6abb      	ldr	r3, [r7, #40]	; 0x28
    f4c0:	f107 0018 	add.w	r0, r7, #24
    f4c4:	b103      	cbz	r3, f4c8 <xTaskIncrementTick+0x50>
    f4c6:	47c0      	blx	r8
    f4c8:	6afb      	ldr	r3, [r7, #44]	; 0x2c
    f4ca:	f8d4 21b0 	ldr.w	r2, [r4, #432]	; 0x1b0
    f4ce:	eb03 0083 	add.w	r0, r3, r3, lsl #2
    f4d2:	4293      	cmp	r3, r2
    f4d4:	4651      	mov	r1, sl
    f4d6:	eb04 0080 	add.w	r0, r4, r0, lsl #2
    f4da:	bf88      	it	hi
    f4dc:	f8c4 31b0 	strhi.w	r3, [r4, #432]	; 0x1b0
    f4e0:	47c8      	blx	r9
    f4e2:	f8d4 314c 	ldr.w	r3, [r4, #332]	; 0x14c
    f4e6:	6afa      	ldr	r2, [r7, #44]	; 0x2c
    f4e8:	6adb      	ldr	r3, [r3, #44]	; 0x2c
    f4ea:	429a      	cmp	r2, r3
    f4ec:	bf28      	it	cs
    f4ee:	2501      	movcs	r5, #1
    f4f0:	f8d4 3140 	ldr.w	r3, [r4, #320]	; 0x140
    f4f4:	681b      	ldr	r3, [r3, #0]
    f4f6:	2b00      	cmp	r3, #0
    f4f8:	d1d6      	bne.n	f4a8 <xTaskIncrementTick+0x30>
    f4fa:	f04f 33ff 	mov.w	r3, #4294967295
    f4fe:	f8c4 3144 	str.w	r3, [r4, #324]	; 0x144
    f502:	f8d4 314c 	ldr.w	r3, [r4, #332]	; 0x14c
    f506:	6adb      	ldr	r3, [r3, #44]	; 0x2c
    f508:	eb03 0383 	add.w	r3, r3, r3, lsl #2
    f50c:	009b      	lsls	r3, r3, #2
    f50e:	58e3      	ldr	r3, [r4, r3]
    f510:	2b02      	cmp	r3, #2
    f512:	bf28      	it	cs
    f514:	2501      	movcs	r5, #1
    f516:	e005      	b.n	f524 <xTaskIncrementTick+0xac>
    f518:	f8d4 31c0 	ldr.w	r3, [r4, #448]	; 0x1c0
    f51c:	3301      	adds	r3, #1
    f51e:	f8c4 31c0 	str.w	r3, [r4, #448]	; 0x1c0
    f522:	2500      	movs	r5, #0
    f524:	f8d4 31c4 	ldr.w	r3, [r4, #452]	; 0x1c4
    f528:	2b00      	cmp	r3, #0
    f52a:	bf18      	it	ne
    f52c:	2501      	movne	r5, #1
    f52e:	4628      	mov	r0, r5
    f530:	e8bd 87f0 	ldmia.w	sp!, {r4, r5, r6, r7, r8, r9, sl, pc}
    f534:	f8d4 3140 	ldr.w	r3, [r4, #320]	; 0x140
    f538:	681b      	ldr	r3, [r3, #0]
    f53a:	b153      	cbz	r3, f552 <xTaskIncrementTick+0xda>
    f53c:	f04f 0380 	mov.w	r3, #128	; 0x80
    f540:	f383 8811 	msr	BASEPRI, r3
    f544:	f3bf 8f6f 	isb	sy
    f548:	f3bf 8f4f 	dsb	sy
    f54c:	e7fe      	b.n	f54c <xTaskIncrementTick+0xd4>
    f54e:	2500      	movs	r5, #0
    f550:	e7d7      	b.n	f502 <xTaskIncrementTick+0x8a>
    f552:	f8d4 3140 	ldr.w	r3, [r4, #320]	; 0x140
    f556:	f8d4 2164 	ldr.w	r2, [r4, #356]	; 0x164
    f55a:	f8c4 2140 	str.w	r2, [r4, #320]	; 0x140
    f55e:	f8c4 3164 	str.w	r3, [r4, #356]	; 0x164
    f562:	f8d4 31bc 	ldr.w	r3, [r4, #444]	; 0x1bc
    f566:	3301      	adds	r3, #1
    f568:	f8c4 31bc 	str.w	r3, [r4, #444]	; 0x1bc
    f56c:	f8d4 3140 	ldr.w	r3, [r4, #320]	; 0x140
    f570:	681b      	ldr	r3, [r3, #0]
    f572:	b12b      	cbz	r3, f580 <xTaskIncrementTick+0x108>
    f574:	4b06      	ldr	r3, [pc, #24]	; (f590 <xTaskIncrementTick+0x118>)
    f576:	4798      	blx	r3
    f578:	e78c      	b.n	f494 <xTaskIncrementTick+0x1c>
    f57a:	f8c4 3144 	str.w	r3, [r4, #324]	; 0x144
    f57e:	e7c0      	b.n	f502 <xTaskIncrementTick+0x8a>
    f580:	f04f 33ff 	mov.w	r3, #4294967295
    f584:	f8c4 3144 	str.w	r3, [r4, #324]	; 0x144
    f588:	e784      	b.n	f494 <xTaskIncrementTick+0x1c>
    f58a:	bf00      	nop
    f58c:	2000d978 	.word	0x2000d978
    f590:	0000f0f1 	.word	0x0000f0f1
    f594:	0000e28d 	.word	0x0000e28d
    f598:	0000e239 	.word	0x0000e239

0000f59c <xTaskResumeAll>:
    f59c:	e92d 43f8 	stmdb	sp!, {r3, r4, r5, r6, r7, r8, r9, lr}
    f5a0:	4c37      	ldr	r4, [pc, #220]	; (f680 <xTaskResumeAll+0xe4>)
    f5a2:	f8d4 31b4 	ldr.w	r3, [r4, #436]	; 0x1b4
    f5a6:	b943      	cbnz	r3, f5ba <xTaskResumeAll+0x1e>
    f5a8:	f04f 0380 	mov.w	r3, #128	; 0x80
    f5ac:	f383 8811 	msr	BASEPRI, r3
    f5b0:	f3bf 8f6f 	isb	sy
    f5b4:	f3bf 8f4f 	dsb	sy
    f5b8:	e7fe      	b.n	f5b8 <xTaskResumeAll+0x1c>
    f5ba:	4b32      	ldr	r3, [pc, #200]	; (f684 <xTaskResumeAll+0xe8>)
    f5bc:	4798      	blx	r3
    f5be:	f8d4 31b4 	ldr.w	r3, [r4, #436]	; 0x1b4
    f5c2:	3b01      	subs	r3, #1
    f5c4:	f8c4 31b4 	str.w	r3, [r4, #436]	; 0x1b4
    f5c8:	f8d4 51b4 	ldr.w	r5, [r4, #436]	; 0x1b4
    f5cc:	2d00      	cmp	r5, #0
    f5ce:	d14e      	bne.n	f66e <xTaskResumeAll+0xd2>
    f5d0:	f8d4 317c 	ldr.w	r3, [r4, #380]	; 0x17c
    f5d4:	2b00      	cmp	r3, #0
    f5d6:	d04a      	beq.n	f66e <xTaskResumeAll+0xd2>
    f5d8:	4e2b      	ldr	r6, [pc, #172]	; (f688 <xTaskResumeAll+0xec>)
    f5da:	f8df 90c0 	ldr.w	r9, [pc, #192]	; f69c <xTaskResumeAll+0x100>
    f5de:	f04f 0801 	mov.w	r8, #1
    f5e2:	e01d      	b.n	f620 <xTaskResumeAll+0x84>
    f5e4:	f8d4 3174 	ldr.w	r3, [r4, #372]	; 0x174
    f5e8:	68dd      	ldr	r5, [r3, #12]
    f5ea:	1d2f      	adds	r7, r5, #4
    f5ec:	f105 0018 	add.w	r0, r5, #24
    f5f0:	47b0      	blx	r6
    f5f2:	4638      	mov	r0, r7
    f5f4:	47b0      	blx	r6
    f5f6:	6aeb      	ldr	r3, [r5, #44]	; 0x2c
    f5f8:	f8d4 21b0 	ldr.w	r2, [r4, #432]	; 0x1b0
    f5fc:	eb03 0083 	add.w	r0, r3, r3, lsl #2
    f600:	4293      	cmp	r3, r2
    f602:	4639      	mov	r1, r7
    f604:	eb04 0080 	add.w	r0, r4, r0, lsl #2
    f608:	bf88      	it	hi
    f60a:	f8c4 31b0 	strhi.w	r3, [r4, #432]	; 0x1b0
    f60e:	47c8      	blx	r9
    f610:	f8d4 314c 	ldr.w	r3, [r4, #332]	; 0x14c
    f614:	6aea      	ldr	r2, [r5, #44]	; 0x2c
    f616:	6adb      	ldr	r3, [r3, #44]	; 0x2c
    f618:	429a      	cmp	r2, r3
    f61a:	bf28      	it	cs
    f61c:	f8c4 81c4 	strcs.w	r8, [r4, #452]	; 0x1c4
    f620:	f8d4 3168 	ldr.w	r3, [r4, #360]	; 0x168
    f624:	2b00      	cmp	r3, #0
    f626:	d1dd      	bne.n	f5e4 <xTaskResumeAll+0x48>
    f628:	b13d      	cbz	r5, f63a <xTaskResumeAll+0x9e>
    f62a:	f8d4 3140 	ldr.w	r3, [r4, #320]	; 0x140
    f62e:	681b      	ldr	r3, [r3, #0]
    f630:	bb1b      	cbnz	r3, f67a <xTaskResumeAll+0xde>
    f632:	f04f 33ff 	mov.w	r3, #4294967295
    f636:	f8c4 3144 	str.w	r3, [r4, #324]	; 0x144
    f63a:	f8d4 51c0 	ldr.w	r5, [r4, #448]	; 0x1c0
    f63e:	b14d      	cbz	r5, f654 <xTaskResumeAll+0xb8>
    f640:	4f12      	ldr	r7, [pc, #72]	; (f68c <xTaskResumeAll+0xf0>)
    f642:	2601      	movs	r6, #1
    f644:	47b8      	blx	r7
    f646:	b108      	cbz	r0, f64c <xTaskResumeAll+0xb0>
    f648:	f8c4 61c4 	str.w	r6, [r4, #452]	; 0x1c4
    f64c:	3d01      	subs	r5, #1
    f64e:	d1f9      	bne.n	f644 <xTaskResumeAll+0xa8>
    f650:	f8c4 51c0 	str.w	r5, [r4, #448]	; 0x1c0
    f654:	f8d4 31c4 	ldr.w	r3, [r4, #452]	; 0x1c4
    f658:	b14b      	cbz	r3, f66e <xTaskResumeAll+0xd2>
    f65a:	4b0d      	ldr	r3, [pc, #52]	; (f690 <xTaskResumeAll+0xf4>)
    f65c:	f04f 5280 	mov.w	r2, #268435456	; 0x10000000
    f660:	601a      	str	r2, [r3, #0]
    f662:	f3bf 8f4f 	dsb	sy
    f666:	f3bf 8f6f 	isb	sy
    f66a:	2401      	movs	r4, #1
    f66c:	e000      	b.n	f670 <xTaskResumeAll+0xd4>
    f66e:	2400      	movs	r4, #0
    f670:	4b08      	ldr	r3, [pc, #32]	; (f694 <xTaskResumeAll+0xf8>)
    f672:	4798      	blx	r3
    f674:	4620      	mov	r0, r4
    f676:	e8bd 83f8 	ldmia.w	sp!, {r3, r4, r5, r6, r7, r8, r9, pc}
    f67a:	4b07      	ldr	r3, [pc, #28]	; (f698 <xTaskResumeAll+0xfc>)
    f67c:	4798      	blx	r3
    f67e:	e7dc      	b.n	f63a <xTaskResumeAll+0x9e>
    f680:	2000d978 	.word	0x2000d978
    f684:	0000e385 	.word	0x0000e385
    f688:	0000e28d 	.word	0x0000e28d
    f68c:	0000f479 	.word	0x0000f479
    f690:	e000ed04 	.word	0xe000ed04
    f694:	0000e3c9 	.word	0x0000e3c9
    f698:	0000f0f1 	.word	0x0000f0f1
    f69c:	0000e239 	.word	0x0000e239

0000f6a0 <vTaskDelay>:
    f6a0:	b510      	push	{r4, lr}
    f6a2:	b160      	cbz	r0, f6be <vTaskDelay+0x1e>
    f6a4:	4b10      	ldr	r3, [pc, #64]	; (f6e8 <vTaskDelay+0x48>)
    f6a6:	f8d3 11b4 	ldr.w	r1, [r3, #436]	; 0x1b4
    f6aa:	b189      	cbz	r1, f6d0 <vTaskDelay+0x30>
    f6ac:	f04f 0380 	mov.w	r3, #128	; 0x80
    f6b0:	f383 8811 	msr	BASEPRI, r3
    f6b4:	f3bf 8f6f 	isb	sy
    f6b8:	f3bf 8f4f 	dsb	sy
    f6bc:	e7fe      	b.n	f6bc <vTaskDelay+0x1c>
    f6be:	4b0b      	ldr	r3, [pc, #44]	; (f6ec <vTaskDelay+0x4c>)
    f6c0:	f04f 5280 	mov.w	r2, #268435456	; 0x10000000
    f6c4:	601a      	str	r2, [r3, #0]
    f6c6:	f3bf 8f4f 	dsb	sy
    f6ca:	f3bf 8f6f 	isb	sy
    f6ce:	bd10      	pop	{r4, pc}
    f6d0:	f8d3 21b4 	ldr.w	r2, [r3, #436]	; 0x1b4
    f6d4:	4c06      	ldr	r4, [pc, #24]	; (f6f0 <vTaskDelay+0x50>)
    f6d6:	3201      	adds	r2, #1
    f6d8:	f8c3 21b4 	str.w	r2, [r3, #436]	; 0x1b4
    f6dc:	47a0      	blx	r4
    f6de:	4b05      	ldr	r3, [pc, #20]	; (f6f4 <vTaskDelay+0x54>)
    f6e0:	4798      	blx	r3
    f6e2:	2800      	cmp	r0, #0
    f6e4:	d0eb      	beq.n	f6be <vTaskDelay+0x1e>
    f6e6:	bd10      	pop	{r4, pc}
    f6e8:	2000d978 	.word	0x2000d978
    f6ec:	e000ed04 	.word	0xe000ed04
    f6f0:	0000f109 	.word	0x0000f109
    f6f4:	0000f59d 	.word	0x0000f59d

0000f6f8 <vTaskSwitchContext>:
    f6f8:	b510      	push	{r4, lr}
    f6fa:	4c22      	ldr	r4, [pc, #136]	; (f784 <vTaskSwitchContext+0x8c>)
    f6fc:	f8d4 31b4 	ldr.w	r3, [r4, #436]	; 0x1b4
    f700:	2b00      	cmp	r3, #0
    f702:	d13a      	bne.n	f77a <vTaskSwitchContext+0x82>
    f704:	f8c4 31c4 	str.w	r3, [r4, #452]	; 0x1c4
    f708:	f8d4 214c 	ldr.w	r2, [r4, #332]	; 0x14c
    f70c:	f8d4 314c 	ldr.w	r3, [r4, #332]	; 0x14c
    f710:	6812      	ldr	r2, [r2, #0]
    f712:	6b1b      	ldr	r3, [r3, #48]	; 0x30
    f714:	429a      	cmp	r2, r3
    f716:	d806      	bhi.n	f726 <vTaskSwitchContext+0x2e>
    f718:	f8d4 014c 	ldr.w	r0, [r4, #332]	; 0x14c
    f71c:	f8d4 114c 	ldr.w	r1, [r4, #332]	; 0x14c
    f720:	4b19      	ldr	r3, [pc, #100]	; (f788 <vTaskSwitchContext+0x90>)
    f722:	3134      	adds	r1, #52	; 0x34
    f724:	4798      	blx	r3
    f726:	f8d4 31b0 	ldr.w	r3, [r4, #432]	; 0x1b0
    f72a:	009a      	lsls	r2, r3, #2
    f72c:	18d1      	adds	r1, r2, r3
    f72e:	0089      	lsls	r1, r1, #2
    f730:	5861      	ldr	r1, [r4, r1]
    f732:	b939      	cbnz	r1, f744 <vTaskSwitchContext+0x4c>
    f734:	b1c3      	cbz	r3, f768 <vTaskSwitchContext+0x70>
    f736:	3b01      	subs	r3, #1
    f738:	009a      	lsls	r2, r3, #2
    f73a:	18d1      	adds	r1, r2, r3
    f73c:	f854 1021 	ldr.w	r1, [r4, r1, lsl #2]
    f740:	2900      	cmp	r1, #0
    f742:	d0f7      	beq.n	f734 <vTaskSwitchContext+0x3c>
    f744:	441a      	add	r2, r3
    f746:	0092      	lsls	r2, r2, #2
    f748:	18a0      	adds	r0, r4, r2
    f74a:	3208      	adds	r2, #8
    f74c:	6841      	ldr	r1, [r0, #4]
    f74e:	6849      	ldr	r1, [r1, #4]
    f750:	6041      	str	r1, [r0, #4]
    f752:	4422      	add	r2, r4
    f754:	4291      	cmp	r1, r2
    f756:	bf04      	itt	eq
    f758:	6849      	ldreq	r1, [r1, #4]
    f75a:	6041      	streq	r1, [r0, #4]
    f75c:	68ca      	ldr	r2, [r1, #12]
    f75e:	f8c4 214c 	str.w	r2, [r4, #332]	; 0x14c
    f762:	f8c4 31b0 	str.w	r3, [r4, #432]	; 0x1b0
    f766:	bd10      	pop	{r4, pc}
    f768:	f04f 0380 	mov.w	r3, #128	; 0x80
    f76c:	f383 8811 	msr	BASEPRI, r3
    f770:	f3bf 8f6f 	isb	sy
    f774:	f3bf 8f4f 	dsb	sy
    f778:	e7fe      	b.n	f778 <vTaskSwitchContext+0x80>
    f77a:	2301      	movs	r3, #1
    f77c:	f8c4 31c4 	str.w	r3, [r4, #452]	; 0x1c4
    f780:	bd10      	pop	{r4, pc}
    f782:	bf00      	nop
    f784:	2000d978 	.word	0x2000d978
    f788:	0000cb51 	.word	0x0000cb51

0000f78c <vTaskPlaceOnEventList>:
    f78c:	b168      	cbz	r0, f7aa <vTaskPlaceOnEventList+0x1e>
    f78e:	b510      	push	{r4, lr}
    f790:	4a0a      	ldr	r2, [pc, #40]	; (f7bc <vTaskPlaceOnEventList+0x30>)
    f792:	4b0b      	ldr	r3, [pc, #44]	; (f7c0 <vTaskPlaceOnEventList+0x34>)
    f794:	460c      	mov	r4, r1
    f796:	f8d2 114c 	ldr.w	r1, [r2, #332]	; 0x14c
    f79a:	3118      	adds	r1, #24
    f79c:	4798      	blx	r3
    f79e:	4620      	mov	r0, r4
    f7a0:	2101      	movs	r1, #1
    f7a2:	4b08      	ldr	r3, [pc, #32]	; (f7c4 <vTaskPlaceOnEventList+0x38>)
    f7a4:	e8bd 4010 	ldmia.w	sp!, {r4, lr}
    f7a8:	4718      	bx	r3
    f7aa:	f04f 0380 	mov.w	r3, #128	; 0x80
    f7ae:	f383 8811 	msr	BASEPRI, r3
    f7b2:	f3bf 8f6f 	isb	sy
    f7b6:	f3bf 8f4f 	dsb	sy
    f7ba:	e7fe      	b.n	f7ba <vTaskPlaceOnEventList+0x2e>
    f7bc:	2000d978 	.word	0x2000d978
    f7c0:	0000e259 	.word	0x0000e259
    f7c4:	0000f109 	.word	0x0000f109

0000f7c8 <vTaskPlaceOnEventListRestricted>:
    f7c8:	b198      	cbz	r0, f7f2 <vTaskPlaceOnEventListRestricted+0x2a>
    f7ca:	b570      	push	{r4, r5, r6, lr}
    f7cc:	4614      	mov	r4, r2
    f7ce:	4a0d      	ldr	r2, [pc, #52]	; (f804 <vTaskPlaceOnEventListRestricted+0x3c>)
    f7d0:	4b0d      	ldr	r3, [pc, #52]	; (f808 <vTaskPlaceOnEventListRestricted+0x40>)
    f7d2:	460d      	mov	r5, r1
    f7d4:	f8d2 114c 	ldr.w	r1, [r2, #332]	; 0x14c
    f7d8:	3118      	adds	r1, #24
    f7da:	4798      	blx	r3
    f7dc:	2c00      	cmp	r4, #0
    f7de:	bf08      	it	eq
    f7e0:	4628      	moveq	r0, r5
    f7e2:	4621      	mov	r1, r4
    f7e4:	bf18      	it	ne
    f7e6:	f04f 30ff 	movne.w	r0, #4294967295
    f7ea:	4b08      	ldr	r3, [pc, #32]	; (f80c <vTaskPlaceOnEventListRestricted+0x44>)
    f7ec:	e8bd 4070 	ldmia.w	sp!, {r4, r5, r6, lr}
    f7f0:	4718      	bx	r3
    f7f2:	f04f 0380 	mov.w	r3, #128	; 0x80
    f7f6:	f383 8811 	msr	BASEPRI, r3
    f7fa:	f3bf 8f6f 	isb	sy
    f7fe:	f3bf 8f4f 	dsb	sy
    f802:	e7fe      	b.n	f802 <vTaskPlaceOnEventListRestricted+0x3a>
    f804:	2000d978 	.word	0x2000d978
    f808:	0000e239 	.word	0x0000e239
    f80c:	0000f109 	.word	0x0000f109

0000f810 <xTaskRemoveFromEventList>:
    f810:	b5f8      	push	{r3, r4, r5, r6, r7, lr}
    f812:	68c3      	ldr	r3, [r0, #12]
    f814:	68dd      	ldr	r5, [r3, #12]
    f816:	b325      	cbz	r5, f862 <xTaskRemoveFromEventList+0x52>
    f818:	f105 0618 	add.w	r6, r5, #24
    f81c:	4c18      	ldr	r4, [pc, #96]	; (f880 <xTaskRemoveFromEventList+0x70>)
    f81e:	4f19      	ldr	r7, [pc, #100]	; (f884 <xTaskRemoveFromEventList+0x74>)
    f820:	4630      	mov	r0, r6
    f822:	47b8      	blx	r7
    f824:	f8d4 31b4 	ldr.w	r3, [r4, #436]	; 0x1b4
    f828:	bb23      	cbnz	r3, f874 <xTaskRemoveFromEventList+0x64>
    f82a:	1d2e      	adds	r6, r5, #4
    f82c:	4630      	mov	r0, r6
    f82e:	47b8      	blx	r7
    f830:	6ae8      	ldr	r0, [r5, #44]	; 0x2c
    f832:	f8d4 31b0 	ldr.w	r3, [r4, #432]	; 0x1b0
    f836:	4298      	cmp	r0, r3
    f838:	bf88      	it	hi
    f83a:	f8c4 01b0 	strhi.w	r0, [r4, #432]	; 0x1b0
    f83e:	eb00 0080 	add.w	r0, r0, r0, lsl #2
    f842:	eb04 0080 	add.w	r0, r4, r0, lsl #2
    f846:	4631      	mov	r1, r6
    f848:	4b0f      	ldr	r3, [pc, #60]	; (f888 <xTaskRemoveFromEventList+0x78>)
    f84a:	4798      	blx	r3
    f84c:	f8d4 314c 	ldr.w	r3, [r4, #332]	; 0x14c
    f850:	6aea      	ldr	r2, [r5, #44]	; 0x2c
    f852:	6adb      	ldr	r3, [r3, #44]	; 0x2c
    f854:	429a      	cmp	r2, r3
    f856:	bf86      	itte	hi
    f858:	2001      	movhi	r0, #1
    f85a:	f8c4 01c4 	strhi.w	r0, [r4, #452]	; 0x1c4
    f85e:	2000      	movls	r0, #0
    f860:	bdf8      	pop	{r3, r4, r5, r6, r7, pc}
    f862:	f04f 0380 	mov.w	r3, #128	; 0x80
    f866:	f383 8811 	msr	BASEPRI, r3
    f86a:	f3bf 8f6f 	isb	sy
    f86e:	f3bf 8f4f 	dsb	sy
    f872:	e7fe      	b.n	f872 <xTaskRemoveFromEventList+0x62>
    f874:	4631      	mov	r1, r6
    f876:	f504 70b4 	add.w	r0, r4, #360	; 0x168
    f87a:	4b03      	ldr	r3, [pc, #12]	; (f888 <xTaskRemoveFromEventList+0x78>)
    f87c:	4798      	blx	r3
    f87e:	e7e5      	b.n	f84c <xTaskRemoveFromEventList+0x3c>
    f880:	2000d978 	.word	0x2000d978
    f884:	0000e28d 	.word	0x0000e28d
    f888:	0000e239 	.word	0x0000e239

0000f88c <vTaskInternalSetTimeOutState>:
    f88c:	4b03      	ldr	r3, [pc, #12]	; (f89c <vTaskInternalSetTimeOutState+0x10>)
    f88e:	f8d3 21bc 	ldr.w	r2, [r3, #444]	; 0x1bc
    f892:	f8d3 3148 	ldr.w	r3, [r3, #328]	; 0x148
    f896:	e880 000c 	stmia.w	r0, {r2, r3}
    f89a:	4770      	bx	lr
    f89c:	2000d978 	.word	0x2000d978

0000f8a0 <xTaskCheckForTimeOut>:
    f8a0:	b5f8      	push	{r3, r4, r5, r6, r7, lr}
    f8a2:	b350      	cbz	r0, f8fa <xTaskCheckForTimeOut+0x5a>
    f8a4:	b301      	cbz	r1, f8e8 <xTaskCheckForTimeOut+0x48>
    f8a6:	460d      	mov	r5, r1
    f8a8:	4b21      	ldr	r3, [pc, #132]	; (f930 <xTaskCheckForTimeOut+0x90>)
    f8aa:	4604      	mov	r4, r0
    f8ac:	4798      	blx	r3
    f8ae:	682b      	ldr	r3, [r5, #0]
    f8b0:	4920      	ldr	r1, [pc, #128]	; (f934 <xTaskCheckForTimeOut+0x94>)
    f8b2:	6860      	ldr	r0, [r4, #4]
    f8b4:	f8d1 2148 	ldr.w	r2, [r1, #328]	; 0x148
    f8b8:	1c5e      	adds	r6, r3, #1
    f8ba:	d034      	beq.n	f926 <xTaskCheckForTimeOut+0x86>
    f8bc:	f8d1 61bc 	ldr.w	r6, [r1, #444]	; 0x1bc
    f8c0:	6827      	ldr	r7, [r4, #0]
    f8c2:	42b7      	cmp	r7, r6
    f8c4:	d006      	beq.n	f8d4 <xTaskCheckForTimeOut+0x34>
    f8c6:	4282      	cmp	r2, r0
    f8c8:	d304      	bcc.n	f8d4 <xTaskCheckForTimeOut+0x34>
    f8ca:	2501      	movs	r5, #1
    f8cc:	4b1a      	ldr	r3, [pc, #104]	; (f938 <xTaskCheckForTimeOut+0x98>)
    f8ce:	4798      	blx	r3
    f8d0:	4628      	mov	r0, r5
    f8d2:	bdf8      	pop	{r3, r4, r5, r6, r7, pc}
    f8d4:	1a12      	subs	r2, r2, r0
    f8d6:	429a      	cmp	r2, r3
    f8d8:	d318      	bcc.n	f90c <xTaskCheckForTimeOut+0x6c>
    f8da:	2300      	movs	r3, #0
    f8dc:	602b      	str	r3, [r5, #0]
    f8de:	2501      	movs	r5, #1
    f8e0:	4b15      	ldr	r3, [pc, #84]	; (f938 <xTaskCheckForTimeOut+0x98>)
    f8e2:	4798      	blx	r3
    f8e4:	4628      	mov	r0, r5
    f8e6:	bdf8      	pop	{r3, r4, r5, r6, r7, pc}
    f8e8:	f04f 0380 	mov.w	r3, #128	; 0x80
    f8ec:	f383 8811 	msr	BASEPRI, r3
    f8f0:	f3bf 8f6f 	isb	sy
    f8f4:	f3bf 8f4f 	dsb	sy
    f8f8:	e7fe      	b.n	f8f8 <xTaskCheckForTimeOut+0x58>
    f8fa:	f04f 0380 	mov.w	r3, #128	; 0x80
    f8fe:	f383 8811 	msr	BASEPRI, r3
    f902:	f3bf 8f6f 	isb	sy
    f906:	f3bf 8f4f 	dsb	sy
    f90a:	e7fe      	b.n	f90a <xTaskCheckForTimeOut+0x6a>
    f90c:	f8d1 01bc 	ldr.w	r0, [r1, #444]	; 0x1bc
    f910:	1a9b      	subs	r3, r3, r2
    f912:	f8d1 2148 	ldr.w	r2, [r1, #328]	; 0x148
    f916:	602b      	str	r3, [r5, #0]
    f918:	e884 0005 	stmia.w	r4, {r0, r2}
    f91c:	2500      	movs	r5, #0
    f91e:	4b06      	ldr	r3, [pc, #24]	; (f938 <xTaskCheckForTimeOut+0x98>)
    f920:	4798      	blx	r3
    f922:	4628      	mov	r0, r5
    f924:	bdf8      	pop	{r3, r4, r5, r6, r7, pc}
    f926:	2500      	movs	r5, #0
    f928:	4b03      	ldr	r3, [pc, #12]	; (f938 <xTaskCheckForTimeOut+0x98>)
    f92a:	4798      	blx	r3
    f92c:	4628      	mov	r0, r5
    f92e:	bdf8      	pop	{r3, r4, r5, r6, r7, pc}
    f930:	0000e385 	.word	0x0000e385
    f934:	2000d978 	.word	0x2000d978
    f938:	0000e3c9 	.word	0x0000e3c9

0000f93c <vTaskMissedYield>:
    f93c:	4b02      	ldr	r3, [pc, #8]	; (f948 <vTaskMissedYield+0xc>)
    f93e:	2201      	movs	r2, #1
    f940:	f8c3 21c4 	str.w	r2, [r3, #452]	; 0x1c4
    f944:	4770      	bx	lr
    f946:	bf00      	nop
    f948:	2000d978 	.word	0x2000d978

0000f94c <vTaskGetInfo>:
    f94c:	b5f8      	push	{r3, r4, r5, r6, r7, lr}
    f94e:	460d      	mov	r5, r1
    f950:	4616      	mov	r6, r2
    f952:	2800      	cmp	r0, #0
    f954:	d036      	beq.n	f9c4 <vTaskGetInfo+0x78>
    f956:	4604      	mov	r4, r0
    f958:	6ae1      	ldr	r1, [r4, #44]	; 0x2c
    f95a:	6b27      	ldr	r7, [r4, #48]	; 0x30
    f95c:	6be0      	ldr	r0, [r4, #60]	; 0x3c
    f95e:	602c      	str	r4, [r5, #0]
    f960:	f104 0234 	add.w	r2, r4, #52	; 0x34
    f964:	606a      	str	r2, [r5, #4]
    f966:	2b05      	cmp	r3, #5
    f968:	6c62      	ldr	r2, [r4, #68]	; 0x44
    f96a:	6129      	str	r1, [r5, #16]
    f96c:	f04f 0100 	mov.w	r1, #0
    f970:	61ef      	str	r7, [r5, #28]
    f972:	60a8      	str	r0, [r5, #8]
    f974:	616a      	str	r2, [r5, #20]
    f976:	61a9      	str	r1, [r5, #24]
    f978:	d028      	beq.n	f9cc <vTaskGetInfo+0x80>
    f97a:	4a19      	ldr	r2, [pc, #100]	; (f9e0 <vTaskGetInfo+0x94>)
    f97c:	f8d2 014c 	ldr.w	r0, [r2, #332]	; 0x14c
    f980:	4284      	cmp	r4, r0
    f982:	d028      	beq.n	f9d6 <vTaskGetInfo+0x8a>
    f984:	2b03      	cmp	r3, #3
    f986:	732b      	strb	r3, [r5, #12]
    f988:	d010      	beq.n	f9ac <vTaskGetInfo+0x60>
    f98a:	b16e      	cbz	r6, f9a8 <vTaskGetInfo+0x5c>
    f98c:	6b20      	ldr	r0, [r4, #48]	; 0x30
    f98e:	7803      	ldrb	r3, [r0, #0]
    f990:	2ba5      	cmp	r3, #165	; 0xa5
    f992:	d122      	bne.n	f9da <vTaskGetInfo+0x8e>
    f994:	1c43      	adds	r3, r0, #1
    f996:	1a1c      	subs	r4, r3, r0
    f998:	f813 2b01 	ldrb.w	r2, [r3], #1
    f99c:	2aa5      	cmp	r2, #165	; 0xa5
    f99e:	d0fa      	beq.n	f996 <vTaskGetInfo+0x4a>
    f9a0:	f3c4 048f 	ubfx	r4, r4, #2, #16
    f9a4:	842c      	strh	r4, [r5, #32]
    f9a6:	bdf8      	pop	{r3, r4, r5, r6, r7, pc}
    f9a8:	842e      	strh	r6, [r5, #32]
    f9aa:	bdf8      	pop	{r3, r4, r5, r6, r7, pc}
    f9ac:	f8d2 31b4 	ldr.w	r3, [r2, #436]	; 0x1b4
    f9b0:	6aa1      	ldr	r1, [r4, #40]	; 0x28
    f9b2:	3301      	adds	r3, #1
    f9b4:	f8c2 31b4 	str.w	r3, [r2, #436]	; 0x1b4
    f9b8:	b109      	cbz	r1, f9be <vTaskGetInfo+0x72>
    f9ba:	2302      	movs	r3, #2
    f9bc:	732b      	strb	r3, [r5, #12]
    f9be:	4b09      	ldr	r3, [pc, #36]	; (f9e4 <vTaskGetInfo+0x98>)
    f9c0:	4798      	blx	r3
    f9c2:	e7e2      	b.n	f98a <vTaskGetInfo+0x3e>
    f9c4:	4a06      	ldr	r2, [pc, #24]	; (f9e0 <vTaskGetInfo+0x94>)
    f9c6:	f8d2 414c 	ldr.w	r4, [r2, #332]	; 0x14c
    f9ca:	e7c5      	b.n	f958 <vTaskGetInfo+0xc>
    f9cc:	4620      	mov	r0, r4
    f9ce:	4b06      	ldr	r3, [pc, #24]	; (f9e8 <vTaskGetInfo+0x9c>)
    f9d0:	4798      	blx	r3
    f9d2:	7328      	strb	r0, [r5, #12]
    f9d4:	e7d9      	b.n	f98a <vTaskGetInfo+0x3e>
    f9d6:	7329      	strb	r1, [r5, #12]
    f9d8:	e7d7      	b.n	f98a <vTaskGetInfo+0x3e>
    f9da:	2400      	movs	r4, #0
    f9dc:	e7e2      	b.n	f9a4 <vTaskGetInfo+0x58>
    f9de:	bf00      	nop
    f9e0:	2000d978 	.word	0x2000d978
    f9e4:	0000f59d 	.word	0x0000f59d
    f9e8:	0000f35d 	.word	0x0000f35d

0000f9ec <xTaskGetSchedulerState>:
    f9ec:	4b06      	ldr	r3, [pc, #24]	; (fa08 <xTaskGetSchedulerState+0x1c>)
    f9ee:	f8d3 21a8 	ldr.w	r2, [r3, #424]	; 0x1a8
    f9f2:	b132      	cbz	r2, fa02 <xTaskGetSchedulerState+0x16>
    f9f4:	f8d3 31b4 	ldr.w	r3, [r3, #436]	; 0x1b4
    f9f8:	2b00      	cmp	r3, #0
    f9fa:	bf0c      	ite	eq
    f9fc:	2002      	moveq	r0, #2
    f9fe:	2000      	movne	r0, #0
    fa00:	4770      	bx	lr
    fa02:	2001      	movs	r0, #1
    fa04:	4770      	bx	lr
    fa06:	bf00      	nop
    fa08:	2000d978 	.word	0x2000d978

0000fa0c <xTaskPriorityInherit>:
    fa0c:	2800      	cmp	r0, #0
    fa0e:	d03e      	beq.n	fa8e <xTaskPriorityInherit+0x82>
    fa10:	b570      	push	{r4, r5, r6, lr}
    fa12:	4c1f      	ldr	r4, [pc, #124]	; (fa90 <xTaskPriorityInherit+0x84>)
    fa14:	6ac3      	ldr	r3, [r0, #44]	; 0x2c
    fa16:	f8d4 214c 	ldr.w	r2, [r4, #332]	; 0x14c
    fa1a:	6ad2      	ldr	r2, [r2, #44]	; 0x2c
    fa1c:	4293      	cmp	r3, r2
    fa1e:	d215      	bcs.n	fa4c <xTaskPriorityInherit+0x40>
    fa20:	6982      	ldr	r2, [r0, #24]
    fa22:	2a00      	cmp	r2, #0
    fa24:	db05      	blt.n	fa32 <xTaskPriorityInherit+0x26>
    fa26:	f8d4 214c 	ldr.w	r2, [r4, #332]	; 0x14c
    fa2a:	6ad2      	ldr	r2, [r2, #44]	; 0x2c
    fa2c:	f1c2 0210 	rsb	r2, r2, #16
    fa30:	6182      	str	r2, [r0, #24]
    fa32:	eb03 0383 	add.w	r3, r3, r3, lsl #2
    fa36:	6942      	ldr	r2, [r0, #20]
    fa38:	eb04 0383 	add.w	r3, r4, r3, lsl #2
    fa3c:	429a      	cmp	r2, r3
    fa3e:	d00e      	beq.n	fa5e <xTaskPriorityInherit+0x52>
    fa40:	f8d4 314c 	ldr.w	r3, [r4, #332]	; 0x14c
    fa44:	6adb      	ldr	r3, [r3, #44]	; 0x2c
    fa46:	62c3      	str	r3, [r0, #44]	; 0x2c
    fa48:	2001      	movs	r0, #1
    fa4a:	bd70      	pop	{r4, r5, r6, pc}
    fa4c:	f8d4 314c 	ldr.w	r3, [r4, #332]	; 0x14c
    fa50:	6c40      	ldr	r0, [r0, #68]	; 0x44
    fa52:	6adb      	ldr	r3, [r3, #44]	; 0x2c
    fa54:	4298      	cmp	r0, r3
    fa56:	bf2c      	ite	cs
    fa58:	2000      	movcs	r0, #0
    fa5a:	2001      	movcc	r0, #1
    fa5c:	bd70      	pop	{r4, r5, r6, pc}
    fa5e:	1d05      	adds	r5, r0, #4
    fa60:	4606      	mov	r6, r0
    fa62:	4b0c      	ldr	r3, [pc, #48]	; (fa94 <xTaskPriorityInherit+0x88>)
    fa64:	4628      	mov	r0, r5
    fa66:	4798      	blx	r3
    fa68:	f8d4 214c 	ldr.w	r2, [r4, #332]	; 0x14c
    fa6c:	f8d4 31b0 	ldr.w	r3, [r4, #432]	; 0x1b0
    fa70:	6ad0      	ldr	r0, [r2, #44]	; 0x2c
    fa72:	62f0      	str	r0, [r6, #44]	; 0x2c
    fa74:	4298      	cmp	r0, r3
    fa76:	d901      	bls.n	fa7c <xTaskPriorityInherit+0x70>
    fa78:	f8c4 01b0 	str.w	r0, [r4, #432]	; 0x1b0
    fa7c:	eb00 0080 	add.w	r0, r0, r0, lsl #2
    fa80:	eb04 0080 	add.w	r0, r4, r0, lsl #2
    fa84:	4629      	mov	r1, r5
    fa86:	4b04      	ldr	r3, [pc, #16]	; (fa98 <xTaskPriorityInherit+0x8c>)
    fa88:	4798      	blx	r3
    fa8a:	2001      	movs	r0, #1
    fa8c:	bd70      	pop	{r4, r5, r6, pc}
    fa8e:	4770      	bx	lr
    fa90:	2000d978 	.word	0x2000d978
    fa94:	0000e28d 	.word	0x0000e28d
    fa98:	0000e239 	.word	0x0000e239

0000fa9c <xTaskPriorityDisinherit>:
    fa9c:	b310      	cbz	r0, fae4 <xTaskPriorityDisinherit+0x48>
    fa9e:	b570      	push	{r4, r5, r6, lr}
    faa0:	4d1e      	ldr	r5, [pc, #120]	; (fb1c <xTaskPriorityDisinherit+0x80>)
    faa2:	f8d5 314c 	ldr.w	r3, [r5, #332]	; 0x14c
    faa6:	4298      	cmp	r0, r3
    faa8:	d008      	beq.n	fabc <xTaskPriorityDisinherit+0x20>
    faaa:	f04f 0380 	mov.w	r3, #128	; 0x80
    faae:	f383 8811 	msr	BASEPRI, r3
    fab2:	f3bf 8f6f 	isb	sy
    fab6:	f3bf 8f4f 	dsb	sy
    faba:	e7fe      	b.n	faba <xTaskPriorityDisinherit+0x1e>
    fabc:	6c83      	ldr	r3, [r0, #72]	; 0x48
    fabe:	b943      	cbnz	r3, fad2 <xTaskPriorityDisinherit+0x36>
    fac0:	f04f 0380 	mov.w	r3, #128	; 0x80
    fac4:	f383 8811 	msr	BASEPRI, r3
    fac8:	f3bf 8f6f 	isb	sy
    facc:	f3bf 8f4f 	dsb	sy
    fad0:	e7fe      	b.n	fad0 <xTaskPriorityDisinherit+0x34>
    fad2:	6ac1      	ldr	r1, [r0, #44]	; 0x2c
    fad4:	6c42      	ldr	r2, [r0, #68]	; 0x44
    fad6:	3b01      	subs	r3, #1
    fad8:	4291      	cmp	r1, r2
    fada:	6483      	str	r3, [r0, #72]	; 0x48
    fadc:	d000      	beq.n	fae0 <xTaskPriorityDisinherit+0x44>
    fade:	b11b      	cbz	r3, fae8 <xTaskPriorityDisinherit+0x4c>
    fae0:	2000      	movs	r0, #0
    fae2:	bd70      	pop	{r4, r5, r6, pc}
    fae4:	2000      	movs	r0, #0
    fae6:	4770      	bx	lr
    fae8:	4604      	mov	r4, r0
    faea:	1d06      	adds	r6, r0, #4
    faec:	4630      	mov	r0, r6
    faee:	4b0c      	ldr	r3, [pc, #48]	; (fb20 <xTaskPriorityDisinherit+0x84>)
    faf0:	4798      	blx	r3
    faf2:	6c60      	ldr	r0, [r4, #68]	; 0x44
    faf4:	f8d5 31b0 	ldr.w	r3, [r5, #432]	; 0x1b0
    faf8:	62e0      	str	r0, [r4, #44]	; 0x2c
    fafa:	4298      	cmp	r0, r3
    fafc:	f1c0 0210 	rsb	r2, r0, #16
    fb00:	bf88      	it	hi
    fb02:	f8c5 01b0 	strhi.w	r0, [r5, #432]	; 0x1b0
    fb06:	eb00 0080 	add.w	r0, r0, r0, lsl #2
    fb0a:	eb05 0080 	add.w	r0, r5, r0, lsl #2
    fb0e:	61a2      	str	r2, [r4, #24]
    fb10:	4631      	mov	r1, r6
    fb12:	4b04      	ldr	r3, [pc, #16]	; (fb24 <xTaskPriorityDisinherit+0x88>)
    fb14:	4798      	blx	r3
    fb16:	2001      	movs	r0, #1
    fb18:	bd70      	pop	{r4, r5, r6, pc}
    fb1a:	bf00      	nop
    fb1c:	2000d978 	.word	0x2000d978
    fb20:	0000e28d 	.word	0x0000e28d
    fb24:	0000e239 	.word	0x0000e239

0000fb28 <vTaskPriorityDisinheritAfterTimeout>:
    fb28:	b1a8      	cbz	r0, fb56 <vTaskPriorityDisinheritAfterTimeout+0x2e>
    fb2a:	b570      	push	{r4, r5, r6, lr}
    fb2c:	6c84      	ldr	r4, [r0, #72]	; 0x48
    fb2e:	b944      	cbnz	r4, fb42 <vTaskPriorityDisinheritAfterTimeout+0x1a>
    fb30:	f04f 0380 	mov.w	r3, #128	; 0x80
    fb34:	f383 8811 	msr	BASEPRI, r3
    fb38:	f3bf 8f6f 	isb	sy
    fb3c:	f3bf 8f4f 	dsb	sy
    fb40:	e7fe      	b.n	fb40 <vTaskPriorityDisinheritAfterTimeout+0x18>
    fb42:	6c42      	ldr	r2, [r0, #68]	; 0x44
    fb44:	6ac3      	ldr	r3, [r0, #44]	; 0x2c
    fb46:	428a      	cmp	r2, r1
    fb48:	bf38      	it	cc
    fb4a:	460a      	movcc	r2, r1
    fb4c:	4293      	cmp	r3, r2
    fb4e:	d001      	beq.n	fb54 <vTaskPriorityDisinheritAfterTimeout+0x2c>
    fb50:	2c01      	cmp	r4, #1
    fb52:	d001      	beq.n	fb58 <vTaskPriorityDisinheritAfterTimeout+0x30>
    fb54:	bd70      	pop	{r4, r5, r6, pc}
    fb56:	4770      	bx	lr
    fb58:	4d18      	ldr	r5, [pc, #96]	; (fbbc <vTaskPriorityDisinheritAfterTimeout+0x94>)
    fb5a:	f8d5 114c 	ldr.w	r1, [r5, #332]	; 0x14c
    fb5e:	4288      	cmp	r0, r1
    fb60:	d022      	beq.n	fba8 <vTaskPriorityDisinheritAfterTimeout+0x80>
    fb62:	6981      	ldr	r1, [r0, #24]
    fb64:	62c2      	str	r2, [r0, #44]	; 0x2c
    fb66:	2900      	cmp	r1, #0
    fb68:	bfa4      	itt	ge
    fb6a:	f1c2 0210 	rsbge	r2, r2, #16
    fb6e:	6182      	strge	r2, [r0, #24]
    fb70:	eb03 0383 	add.w	r3, r3, r3, lsl #2
    fb74:	6942      	ldr	r2, [r0, #20]
    fb76:	eb05 0383 	add.w	r3, r5, r3, lsl #2
    fb7a:	429a      	cmp	r2, r3
    fb7c:	d1ea      	bne.n	fb54 <vTaskPriorityDisinheritAfterTimeout+0x2c>
    fb7e:	4604      	mov	r4, r0
    fb80:	1d06      	adds	r6, r0, #4
    fb82:	4b0f      	ldr	r3, [pc, #60]	; (fbc0 <vTaskPriorityDisinheritAfterTimeout+0x98>)
    fb84:	4630      	mov	r0, r6
    fb86:	4798      	blx	r3
    fb88:	6ae0      	ldr	r0, [r4, #44]	; 0x2c
    fb8a:	f8d5 31b0 	ldr.w	r3, [r5, #432]	; 0x1b0
    fb8e:	4298      	cmp	r0, r3
    fb90:	d901      	bls.n	fb96 <vTaskPriorityDisinheritAfterTimeout+0x6e>
    fb92:	f8c5 01b0 	str.w	r0, [r5, #432]	; 0x1b0
    fb96:	eb00 0080 	add.w	r0, r0, r0, lsl #2
    fb9a:	eb05 0080 	add.w	r0, r5, r0, lsl #2
    fb9e:	4631      	mov	r1, r6
    fba0:	4b08      	ldr	r3, [pc, #32]	; (fbc4 <vTaskPriorityDisinheritAfterTimeout+0x9c>)
    fba2:	e8bd 4070 	ldmia.w	sp!, {r4, r5, r6, lr}
    fba6:	4718      	bx	r3
    fba8:	f04f 0380 	mov.w	r3, #128	; 0x80
    fbac:	f383 8811 	msr	BASEPRI, r3
    fbb0:	f3bf 8f6f 	isb	sy
    fbb4:	f3bf 8f4f 	dsb	sy
    fbb8:	e7fe      	b.n	fbb8 <vTaskPriorityDisinheritAfterTimeout+0x90>
    fbba:	bf00      	nop
    fbbc:	2000d978 	.word	0x2000d978
    fbc0:	0000e28d 	.word	0x0000e28d
    fbc4:	0000e239 	.word	0x0000e239

0000fbc8 <pvTaskIncrementMutexHeldCount>:
    fbc8:	4b05      	ldr	r3, [pc, #20]	; (fbe0 <pvTaskIncrementMutexHeldCount+0x18>)
    fbca:	f8d3 214c 	ldr.w	r2, [r3, #332]	; 0x14c
    fbce:	b122      	cbz	r2, fbda <pvTaskIncrementMutexHeldCount+0x12>
    fbd0:	f8d3 114c 	ldr.w	r1, [r3, #332]	; 0x14c
    fbd4:	6c8a      	ldr	r2, [r1, #72]	; 0x48
    fbd6:	3201      	adds	r2, #1
    fbd8:	648a      	str	r2, [r1, #72]	; 0x48
    fbda:	f8d3 014c 	ldr.w	r0, [r3, #332]	; 0x14c
    fbde:	4770      	bx	lr
    fbe0:	2000d978 	.word	0x2000d978

0000fbe4 <prvCheckForValidListAndQueue>:
    fbe4:	e92d 41f0 	stmdb	sp!, {r4, r5, r6, r7, r8, lr}
    fbe8:	4c0e      	ldr	r4, [pc, #56]	; (fc24 <prvCheckForValidListAndQueue+0x40>)
    fbea:	4b0f      	ldr	r3, [pc, #60]	; (fc28 <prvCheckForValidListAndQueue+0x44>)
    fbec:	4798      	blx	r3
    fbee:	6825      	ldr	r5, [r4, #0]
    fbf0:	b11d      	cbz	r5, fbfa <prvCheckForValidListAndQueue+0x16>
    fbf2:	4b0e      	ldr	r3, [pc, #56]	; (fc2c <prvCheckForValidListAndQueue+0x48>)
    fbf4:	e8bd 41f0 	ldmia.w	sp!, {r4, r5, r6, r7, r8, lr}
    fbf8:	4718      	bx	r3
    fbfa:	1d27      	adds	r7, r4, #4
    fbfc:	4638      	mov	r0, r7
    fbfe:	f8df 8034 	ldr.w	r8, [pc, #52]	; fc34 <prvCheckForValidListAndQueue+0x50>
    fc02:	f104 0618 	add.w	r6, r4, #24
    fc06:	47c0      	blx	r8
    fc08:	4630      	mov	r0, r6
    fc0a:	47c0      	blx	r8
    fc0c:	462a      	mov	r2, r5
    fc0e:	4b08      	ldr	r3, [pc, #32]	; (fc30 <prvCheckForValidListAndQueue+0x4c>)
    fc10:	62e7      	str	r7, [r4, #44]	; 0x2c
    fc12:	210c      	movs	r1, #12
    fc14:	200a      	movs	r0, #10
    fc16:	6326      	str	r6, [r4, #48]	; 0x30
    fc18:	4798      	blx	r3
    fc1a:	4b04      	ldr	r3, [pc, #16]	; (fc2c <prvCheckForValidListAndQueue+0x48>)
    fc1c:	6020      	str	r0, [r4, #0]
    fc1e:	e8bd 41f0 	ldmia.w	sp!, {r4, r5, r6, r7, r8, lr}
    fc22:	4718      	bx	r3
    fc24:	2000db40 	.word	0x2000db40
    fc28:	0000e385 	.word	0x0000e385
    fc2c:	0000e3c9 	.word	0x0000e3c9
    fc30:	0000e93d 	.word	0x0000e93d
    fc34:	0000e219 	.word	0x0000e219

0000fc38 <prvInsertTimerInActiveList>:
    fc38:	4291      	cmp	r1, r2
    fc3a:	b510      	push	{r4, lr}
    fc3c:	4604      	mov	r4, r0
    fc3e:	6100      	str	r0, [r0, #16]
    fc40:	6041      	str	r1, [r0, #4]
    fc42:	d805      	bhi.n	fc50 <prvInsertTimerInActiveList+0x18>
    fc44:	6981      	ldr	r1, [r0, #24]
    fc46:	1ad2      	subs	r2, r2, r3
    fc48:	428a      	cmp	r2, r1
    fc4a:	d30c      	bcc.n	fc66 <prvInsertTimerInActiveList+0x2e>
    fc4c:	2001      	movs	r0, #1
    fc4e:	bd10      	pop	{r4, pc}
    fc50:	429a      	cmp	r2, r3
    fc52:	d201      	bcs.n	fc58 <prvInsertTimerInActiveList+0x20>
    fc54:	4299      	cmp	r1, r3
    fc56:	d2f9      	bcs.n	fc4c <prvInsertTimerInActiveList+0x14>
    fc58:	4a06      	ldr	r2, [pc, #24]	; (fc74 <prvInsertTimerInActiveList+0x3c>)
    fc5a:	4b07      	ldr	r3, [pc, #28]	; (fc78 <prvInsertTimerInActiveList+0x40>)
    fc5c:	6ad0      	ldr	r0, [r2, #44]	; 0x2c
    fc5e:	1d21      	adds	r1, r4, #4
    fc60:	4798      	blx	r3
    fc62:	2000      	movs	r0, #0
    fc64:	bd10      	pop	{r4, pc}
    fc66:	4a03      	ldr	r2, [pc, #12]	; (fc74 <prvInsertTimerInActiveList+0x3c>)
    fc68:	4b03      	ldr	r3, [pc, #12]	; (fc78 <prvInsertTimerInActiveList+0x40>)
    fc6a:	6b10      	ldr	r0, [r2, #48]	; 0x30
    fc6c:	1d21      	adds	r1, r4, #4
    fc6e:	4798      	blx	r3
    fc70:	2000      	movs	r0, #0
    fc72:	bd10      	pop	{r4, pc}
    fc74:	2000db40 	.word	0x2000db40
    fc78:	0000e259 	.word	0x0000e259

0000fc7c <xTimerCreateTimerTask>:
    fc7c:	b510      	push	{r4, lr}
    fc7e:	4b0e      	ldr	r3, [pc, #56]	; (fcb8 <xTimerCreateTimerTask+0x3c>)
    fc80:	b082      	sub	sp, #8
    fc82:	4798      	blx	r3
    fc84:	4b0d      	ldr	r3, [pc, #52]	; (fcbc <xTimerCreateTimerTask+0x40>)
    fc86:	681a      	ldr	r2, [r3, #0]
    fc88:	b162      	cbz	r2, fca4 <xTimerCreateTimerTask+0x28>
    fc8a:	3334      	adds	r3, #52	; 0x34
    fc8c:	2204      	movs	r2, #4
    fc8e:	e88d 000c 	stmia.w	sp, {r2, r3}
    fc92:	490b      	ldr	r1, [pc, #44]	; (fcc0 <xTimerCreateTimerTask+0x44>)
    fc94:	480b      	ldr	r0, [pc, #44]	; (fcc4 <xTimerCreateTimerTask+0x48>)
    fc96:	4c0c      	ldr	r4, [pc, #48]	; (fcc8 <xTimerCreateTimerTask+0x4c>)
    fc98:	2300      	movs	r3, #0
    fc9a:	22c0      	movs	r2, #192	; 0xc0
    fc9c:	47a0      	blx	r4
    fc9e:	b108      	cbz	r0, fca4 <xTimerCreateTimerTask+0x28>
    fca0:	b002      	add	sp, #8
    fca2:	bd10      	pop	{r4, pc}
    fca4:	f04f 0380 	mov.w	r3, #128	; 0x80
    fca8:	f383 8811 	msr	BASEPRI, r3
    fcac:	f3bf 8f6f 	isb	sy
    fcb0:	f3bf 8f4f 	dsb	sy
    fcb4:	e7fe      	b.n	fcb4 <xTimerCreateTimerTask+0x38>
    fcb6:	bf00      	nop
    fcb8:	0000fbe5 	.word	0x0000fbe5
    fcbc:	2000db40 	.word	0x2000db40
    fcc0:	00012150 	.word	0x00012150
    fcc4:	0000fe29 	.word	0x0000fe29
    fcc8:	0000f19d 	.word	0x0000f19d

0000fccc <xTimerCreate>:
    fccc:	e92d 42f0 	stmdb	sp!, {r4, r5, r6, r7, r9, lr}
    fcd0:	4c10      	ldr	r4, [pc, #64]	; (fd14 <xTimerCreate+0x48>)
    fcd2:	4681      	mov	r9, r0
    fcd4:	202c      	movs	r0, #44	; 0x2c
    fcd6:	460d      	mov	r5, r1
    fcd8:	4616      	mov	r6, r2
    fcda:	461f      	mov	r7, r3
    fcdc:	47a0      	blx	r4
    fcde:	4604      	mov	r4, r0
    fce0:	b1a8      	cbz	r0, fd0e <xTimerCreate+0x42>
    fce2:	b945      	cbnz	r5, fcf6 <xTimerCreate+0x2a>
    fce4:	f04f 0380 	mov.w	r3, #128	; 0x80
    fce8:	f383 8811 	msr	BASEPRI, r3
    fcec:	f3bf 8f6f 	isb	sy
    fcf0:	f3bf 8f4f 	dsb	sy
    fcf4:	e7fe      	b.n	fcf4 <xTimerCreate+0x28>
    fcf6:	4b08      	ldr	r3, [pc, #32]	; (fd18 <xTimerCreate+0x4c>)
    fcf8:	4798      	blx	r3
    fcfa:	9b06      	ldr	r3, [sp, #24]
    fcfc:	6263      	str	r3, [r4, #36]	; 0x24
    fcfe:	f8c4 9000 	str.w	r9, [r4]
    fd02:	61a5      	str	r5, [r4, #24]
    fd04:	61e6      	str	r6, [r4, #28]
    fd06:	6227      	str	r7, [r4, #32]
    fd08:	1d20      	adds	r0, r4, #4
    fd0a:	4b04      	ldr	r3, [pc, #16]	; (fd1c <xTimerCreate+0x50>)
    fd0c:	4798      	blx	r3
    fd0e:	4620      	mov	r0, r4
    fd10:	e8bd 82f0 	ldmia.w	sp!, {r4, r5, r6, r7, r9, pc}
    fd14:	0000e629 	.word	0x0000e629
    fd18:	0000fbe5 	.word	0x0000fbe5
    fd1c:	0000e231 	.word	0x0000e231

0000fd20 <xTimerGenericCommand>:
    fd20:	2800      	cmp	r0, #0
    fd22:	d026      	beq.n	fd72 <xTimerGenericCommand+0x52>
    fd24:	b570      	push	{r4, r5, r6, lr}
    fd26:	4d17      	ldr	r5, [pc, #92]	; (fd84 <xTimerGenericCommand+0x64>)
    fd28:	4604      	mov	r4, r0
    fd2a:	6828      	ldr	r0, [r5, #0]
    fd2c:	b084      	sub	sp, #16
    fd2e:	b180      	cbz	r0, fd52 <xTimerGenericCommand+0x32>
    fd30:	4616      	mov	r6, r2
    fd32:	2905      	cmp	r1, #5
    fd34:	461a      	mov	r2, r3
    fd36:	9101      	str	r1, [sp, #4]
    fd38:	9602      	str	r6, [sp, #8]
    fd3a:	9403      	str	r4, [sp, #12]
    fd3c:	dc0b      	bgt.n	fd56 <xTimerGenericCommand+0x36>
    fd3e:	4b12      	ldr	r3, [pc, #72]	; (fd88 <xTimerGenericCommand+0x68>)
    fd40:	4798      	blx	r3
    fd42:	2802      	cmp	r0, #2
    fd44:	d00d      	beq.n	fd62 <xTimerGenericCommand+0x42>
    fd46:	2300      	movs	r3, #0
    fd48:	6828      	ldr	r0, [r5, #0]
    fd4a:	4c10      	ldr	r4, [pc, #64]	; (fd8c <xTimerGenericCommand+0x6c>)
    fd4c:	461a      	mov	r2, r3
    fd4e:	a901      	add	r1, sp, #4
    fd50:	47a0      	blx	r4
    fd52:	b004      	add	sp, #16
    fd54:	bd70      	pop	{r4, r5, r6, pc}
    fd56:	2300      	movs	r3, #0
    fd58:	a901      	add	r1, sp, #4
    fd5a:	4c0d      	ldr	r4, [pc, #52]	; (fd90 <xTimerGenericCommand+0x70>)
    fd5c:	47a0      	blx	r4
    fd5e:	b004      	add	sp, #16
    fd60:	bd70      	pop	{r4, r5, r6, pc}
    fd62:	6828      	ldr	r0, [r5, #0]
    fd64:	4c09      	ldr	r4, [pc, #36]	; (fd8c <xTimerGenericCommand+0x6c>)
    fd66:	9a08      	ldr	r2, [sp, #32]
    fd68:	2300      	movs	r3, #0
    fd6a:	a901      	add	r1, sp, #4
    fd6c:	47a0      	blx	r4
    fd6e:	b004      	add	sp, #16
    fd70:	bd70      	pop	{r4, r5, r6, pc}
    fd72:	f04f 0380 	mov.w	r3, #128	; 0x80
    fd76:	f383 8811 	msr	BASEPRI, r3
    fd7a:	f3bf 8f6f 	isb	sy
    fd7e:	f3bf 8f4f 	dsb	sy
    fd82:	e7fe      	b.n	fd82 <xTimerGenericCommand+0x62>
    fd84:	2000db40 	.word	0x2000db40
    fd88:	0000f9ed 	.word	0x0000f9ed
    fd8c:	0000e995 	.word	0x0000e995
    fd90:	0000eb5d 	.word	0x0000eb5d

0000fd94 <prvSwitchTimerLists>:
    fd94:	e92d 4ff0 	stmdb	sp!, {r4, r5, r6, r7, r8, r9, sl, fp, lr}
    fd98:	4d1f      	ldr	r5, [pc, #124]	; (fe18 <prvSwitchTimerLists+0x84>)
    fd9a:	f8df a080 	ldr.w	sl, [pc, #128]	; fe1c <prvSwitchTimerLists+0x88>
    fd9e:	f8df 8080 	ldr.w	r8, [pc, #128]	; fe20 <prvSwitchTimerLists+0x8c>
    fda2:	b083      	sub	sp, #12
    fda4:	e00c      	b.n	fdc0 <prvSwitchTimerLists+0x2c>
    fda6:	68db      	ldr	r3, [r3, #12]
    fda8:	68dc      	ldr	r4, [r3, #12]
    fdaa:	681f      	ldr	r7, [r3, #0]
    fdac:	f104 0904 	add.w	r9, r4, #4
    fdb0:	4648      	mov	r0, r9
    fdb2:	47d0      	blx	sl
    fdb4:	6a63      	ldr	r3, [r4, #36]	; 0x24
    fdb6:	4620      	mov	r0, r4
    fdb8:	4798      	blx	r3
    fdba:	69e3      	ldr	r3, [r4, #28]
    fdbc:	2b01      	cmp	r3, #1
    fdbe:	d009      	beq.n	fdd4 <prvSwitchTimerLists+0x40>
    fdc0:	6aeb      	ldr	r3, [r5, #44]	; 0x2c
    fdc2:	681a      	ldr	r2, [r3, #0]
    fdc4:	2a00      	cmp	r2, #0
    fdc6:	d1ee      	bne.n	fda6 <prvSwitchTimerLists+0x12>
    fdc8:	6b2a      	ldr	r2, [r5, #48]	; 0x30
    fdca:	62ea      	str	r2, [r5, #44]	; 0x2c
    fdcc:	632b      	str	r3, [r5, #48]	; 0x30
    fdce:	b003      	add	sp, #12
    fdd0:	e8bd 8ff0 	ldmia.w	sp!, {r4, r5, r6, r7, r8, r9, sl, fp, pc}
    fdd4:	69a6      	ldr	r6, [r4, #24]
    fdd6:	f8df b04c 	ldr.w	fp, [pc, #76]	; fe24 <prvSwitchTimerLists+0x90>
    fdda:	eb07 0c06 	add.w	ip, r7, r6
    fdde:	f04f 0e00 	mov.w	lr, #0
    fde2:	4567      	cmp	r7, ip
    fde4:	4673      	mov	r3, lr
    fde6:	463a      	mov	r2, r7
    fde8:	4671      	mov	r1, lr
    fdea:	4620      	mov	r0, r4
    fdec:	d206      	bcs.n	fdfc <prvSwitchTimerLists+0x68>
    fdee:	f8c4 c004 	str.w	ip, [r4, #4]
    fdf2:	6124      	str	r4, [r4, #16]
    fdf4:	6ae8      	ldr	r0, [r5, #44]	; 0x2c
    fdf6:	4649      	mov	r1, r9
    fdf8:	47d8      	blx	fp
    fdfa:	e7e1      	b.n	fdc0 <prvSwitchTimerLists+0x2c>
    fdfc:	f8cd e000 	str.w	lr, [sp]
    fe00:	47c0      	blx	r8
    fe02:	2800      	cmp	r0, #0
    fe04:	d1dc      	bne.n	fdc0 <prvSwitchTimerLists+0x2c>
    fe06:	f04f 0380 	mov.w	r3, #128	; 0x80
    fe0a:	f383 8811 	msr	BASEPRI, r3
    fe0e:	f3bf 8f6f 	isb	sy
    fe12:	f3bf 8f4f 	dsb	sy
    fe16:	e7fe      	b.n	fe16 <prvSwitchTimerLists+0x82>
    fe18:	2000db40 	.word	0x2000db40
    fe1c:	0000e28d 	.word	0x0000e28d
    fe20:	0000fd21 	.word	0x0000fd21
    fe24:	0000e259 	.word	0x0000e259

0000fe28 <prvTimerTask>:
    fe28:	e92d 4ff0 	stmdb	sp!, {r4, r5, r6, r7, r8, r9, sl, fp, lr}
    fe2c:	4c67      	ldr	r4, [pc, #412]	; (ffcc <prvTimerTask+0x1a4>)
    fe2e:	f8df 91c0 	ldr.w	r9, [pc, #448]	; fff0 <prvTimerTask+0x1c8>
    fe32:	f8df 81c0 	ldr.w	r8, [pc, #448]	; fff4 <prvTimerTask+0x1cc>
    fe36:	f8df a1c0 	ldr.w	sl, [pc, #448]	; fff8 <prvTimerTask+0x1d0>
    fe3a:	4d65      	ldr	r5, [pc, #404]	; (ffd0 <prvTimerTask+0x1a8>)
    fe3c:	b089      	sub	sp, #36	; 0x24
    fe3e:	6ae3      	ldr	r3, [r4, #44]	; 0x2c
    fe40:	681e      	ldr	r6, [r3, #0]
    fe42:	2e00      	cmp	r6, #0
    fe44:	d041      	beq.n	feca <prvTimerTask+0xa2>
    fe46:	68db      	ldr	r3, [r3, #12]
    fe48:	681e      	ldr	r6, [r3, #0]
    fe4a:	47c8      	blx	r9
    fe4c:	4b61      	ldr	r3, [pc, #388]	; (ffd4 <prvTimerTask+0x1ac>)
    fe4e:	4798      	blx	r3
    fe50:	6ba2      	ldr	r2, [r4, #56]	; 0x38
    fe52:	4290      	cmp	r0, r2
    fe54:	4603      	mov	r3, r0
    fe56:	d346      	bcc.n	fee6 <prvTimerTask+0xbe>
    fe58:	4286      	cmp	r6, r0
    fe5a:	63a0      	str	r0, [r4, #56]	; 0x38
    fe5c:	d94f      	bls.n	fefe <prvTimerTask+0xd6>
    fe5e:	2200      	movs	r2, #0
    fe60:	1af1      	subs	r1, r6, r3
    fe62:	6820      	ldr	r0, [r4, #0]
    fe64:	47d0      	blx	sl
    fe66:	47c0      	blx	r8
    fe68:	b938      	cbnz	r0, fe7a <prvTimerTask+0x52>
    fe6a:	4a5b      	ldr	r2, [pc, #364]	; (ffd8 <prvTimerTask+0x1b0>)
    fe6c:	f04f 5380 	mov.w	r3, #268435456	; 0x10000000
    fe70:	6013      	str	r3, [r2, #0]
    fe72:	f3bf 8f4f 	dsb	sy
    fe76:	f3bf 8f6f 	isb	sy
    fe7a:	2200      	movs	r2, #0
    fe7c:	a905      	add	r1, sp, #20
    fe7e:	6820      	ldr	r0, [r4, #0]
    fe80:	47a8      	blx	r5
    fe82:	2800      	cmp	r0, #0
    fe84:	d0db      	beq.n	fe3e <prvTimerTask+0x16>
    fe86:	9b05      	ldr	r3, [sp, #20]
    fe88:	2b00      	cmp	r3, #0
    fe8a:	dbf6      	blt.n	fe7a <prvTimerTask+0x52>
    fe8c:	9e07      	ldr	r6, [sp, #28]
    fe8e:	6973      	ldr	r3, [r6, #20]
    fe90:	b113      	cbz	r3, fe98 <prvTimerTask+0x70>
    fe92:	1d30      	adds	r0, r6, #4
    fe94:	4b51      	ldr	r3, [pc, #324]	; (ffdc <prvTimerTask+0x1b4>)
    fe96:	4798      	blx	r3
    fe98:	4b4e      	ldr	r3, [pc, #312]	; (ffd4 <prvTimerTask+0x1ac>)
    fe9a:	4798      	blx	r3
    fe9c:	6ba3      	ldr	r3, [r4, #56]	; 0x38
    fe9e:	4298      	cmp	r0, r3
    fea0:	4602      	mov	r2, r0
    fea2:	d327      	bcc.n	fef4 <prvTimerTask+0xcc>
    fea4:	9b05      	ldr	r3, [sp, #20]
    fea6:	63a2      	str	r2, [r4, #56]	; 0x38
    fea8:	2b09      	cmp	r3, #9
    feaa:	d8e6      	bhi.n	fe7a <prvTimerTask+0x52>
    feac:	2101      	movs	r1, #1
    feae:	fa01 f303 	lsl.w	r3, r1, r3
    feb2:	f413 7b04 	ands.w	fp, r3, #528	; 0x210
    feb6:	d177      	bne.n	ffa8 <prvTimerTask+0x180>
    feb8:	f013 0fc7 	tst.w	r3, #199	; 0xc7
    febc:	d14f      	bne.n	ff5e <prvTimerTask+0x136>
    febe:	069b      	lsls	r3, r3, #26
    fec0:	d5db      	bpl.n	fe7a <prvTimerTask+0x52>
    fec2:	4630      	mov	r0, r6
    fec4:	4b46      	ldr	r3, [pc, #280]	; (ffe0 <prvTimerTask+0x1b8>)
    fec6:	4798      	blx	r3
    fec8:	e7d7      	b.n	fe7a <prvTimerTask+0x52>
    feca:	47c8      	blx	r9
    fecc:	4b41      	ldr	r3, [pc, #260]	; (ffd4 <prvTimerTask+0x1ac>)
    fece:	4798      	blx	r3
    fed0:	6ba2      	ldr	r2, [r4, #56]	; 0x38
    fed2:	4282      	cmp	r2, r0
    fed4:	4603      	mov	r3, r0
    fed6:	d806      	bhi.n	fee6 <prvTimerTask+0xbe>
    fed8:	6b22      	ldr	r2, [r4, #48]	; 0x30
    feda:	63a3      	str	r3, [r4, #56]	; 0x38
    fedc:	6812      	ldr	r2, [r2, #0]
    fede:	fab2 f282 	clz	r2, r2
    fee2:	0952      	lsrs	r2, r2, #5
    fee4:	e7bc      	b.n	fe60 <prvTimerTask+0x38>
    fee6:	9303      	str	r3, [sp, #12]
    fee8:	4b3e      	ldr	r3, [pc, #248]	; (ffe4 <prvTimerTask+0x1bc>)
    feea:	4798      	blx	r3
    feec:	9b03      	ldr	r3, [sp, #12]
    feee:	63a3      	str	r3, [r4, #56]	; 0x38
    fef0:	47c0      	blx	r8
    fef2:	e7c2      	b.n	fe7a <prvTimerTask+0x52>
    fef4:	4b3b      	ldr	r3, [pc, #236]	; (ffe4 <prvTimerTask+0x1bc>)
    fef6:	9003      	str	r0, [sp, #12]
    fef8:	4798      	blx	r3
    fefa:	9a03      	ldr	r2, [sp, #12]
    fefc:	e7d2      	b.n	fea4 <prvTimerTask+0x7c>
    fefe:	9303      	str	r3, [sp, #12]
    ff00:	47c0      	blx	r8
    ff02:	6ae2      	ldr	r2, [r4, #44]	; 0x2c
    ff04:	4b35      	ldr	r3, [pc, #212]	; (ffdc <prvTimerTask+0x1b4>)
    ff06:	68d2      	ldr	r2, [r2, #12]
    ff08:	f8d2 b00c 	ldr.w	fp, [r2, #12]
    ff0c:	f10b 0004 	add.w	r0, fp, #4
    ff10:	4798      	blx	r3
    ff12:	f8db 201c 	ldr.w	r2, [fp, #28]
    ff16:	9b03      	ldr	r3, [sp, #12]
    ff18:	2a01      	cmp	r2, #1
    ff1a:	d004      	beq.n	ff26 <prvTimerTask+0xfe>
    ff1c:	f8db 3024 	ldr.w	r3, [fp, #36]	; 0x24
    ff20:	4658      	mov	r0, fp
    ff22:	4798      	blx	r3
    ff24:	e7a9      	b.n	fe7a <prvTimerTask+0x52>
    ff26:	f8db 1018 	ldr.w	r1, [fp, #24]
    ff2a:	4f2f      	ldr	r7, [pc, #188]	; (ffe8 <prvTimerTask+0x1c0>)
    ff2c:	461a      	mov	r2, r3
    ff2e:	4431      	add	r1, r6
    ff30:	4633      	mov	r3, r6
    ff32:	4658      	mov	r0, fp
    ff34:	47b8      	blx	r7
    ff36:	2800      	cmp	r0, #0
    ff38:	d0f0      	beq.n	ff1c <prvTimerTask+0xf4>
    ff3a:	2300      	movs	r3, #0
    ff3c:	4632      	mov	r2, r6
    ff3e:	9300      	str	r3, [sp, #0]
    ff40:	4619      	mov	r1, r3
    ff42:	4658      	mov	r0, fp
    ff44:	4e29      	ldr	r6, [pc, #164]	; (ffec <prvTimerTask+0x1c4>)
    ff46:	47b0      	blx	r6
    ff48:	2800      	cmp	r0, #0
    ff4a:	d1e7      	bne.n	ff1c <prvTimerTask+0xf4>
    ff4c:	f04f 0380 	mov.w	r3, #128	; 0x80
    ff50:	f383 8811 	msr	BASEPRI, r3
    ff54:	f3bf 8f6f 	isb	sy
    ff58:	f3bf 8f4f 	dsb	sy
    ff5c:	e7fe      	b.n	ff5c <prvTimerTask+0x134>
    ff5e:	9b06      	ldr	r3, [sp, #24]
    ff60:	69b1      	ldr	r1, [r6, #24]
    ff62:	4f21      	ldr	r7, [pc, #132]	; (ffe8 <prvTimerTask+0x1c0>)
    ff64:	4419      	add	r1, r3
    ff66:	4630      	mov	r0, r6
    ff68:	47b8      	blx	r7
    ff6a:	2800      	cmp	r0, #0
    ff6c:	d085      	beq.n	fe7a <prvTimerTask+0x52>
    ff6e:	6a73      	ldr	r3, [r6, #36]	; 0x24
    ff70:	4630      	mov	r0, r6
    ff72:	4798      	blx	r3
    ff74:	69f3      	ldr	r3, [r6, #28]
    ff76:	2b01      	cmp	r3, #1
    ff78:	f47f af7f 	bne.w	fe7a <prvTimerTask+0x52>
    ff7c:	69b3      	ldr	r3, [r6, #24]
    ff7e:	9a06      	ldr	r2, [sp, #24]
    ff80:	f8cd b000 	str.w	fp, [sp]
    ff84:	441a      	add	r2, r3
    ff86:	4630      	mov	r0, r6
    ff88:	465b      	mov	r3, fp
    ff8a:	4659      	mov	r1, fp
    ff8c:	4e17      	ldr	r6, [pc, #92]	; (ffec <prvTimerTask+0x1c4>)
    ff8e:	47b0      	blx	r6
    ff90:	2800      	cmp	r0, #0
    ff92:	f47f af72 	bne.w	fe7a <prvTimerTask+0x52>
    ff96:	f04f 0380 	mov.w	r3, #128	; 0x80
    ff9a:	f383 8811 	msr	BASEPRI, r3
    ff9e:	f3bf 8f6f 	isb	sy
    ffa2:	f3bf 8f4f 	dsb	sy
    ffa6:	e7fe      	b.n	ffa6 <prvTimerTask+0x17e>
    ffa8:	9906      	ldr	r1, [sp, #24]
    ffaa:	61b1      	str	r1, [r6, #24]
    ffac:	b129      	cbz	r1, ffba <prvTimerTask+0x192>
    ffae:	4411      	add	r1, r2
    ffb0:	4630      	mov	r0, r6
    ffb2:	4613      	mov	r3, r2
    ffb4:	4e0c      	ldr	r6, [pc, #48]	; (ffe8 <prvTimerTask+0x1c0>)
    ffb6:	47b0      	blx	r6
    ffb8:	e75f      	b.n	fe7a <prvTimerTask+0x52>
    ffba:	f04f 0380 	mov.w	r3, #128	; 0x80
    ffbe:	f383 8811 	msr	BASEPRI, r3
    ffc2:	f3bf 8f6f 	isb	sy
    ffc6:	f3bf 8f4f 	dsb	sy
    ffca:	e7fe      	b.n	ffca <prvTimerTask+0x1a2>
    ffcc:	2000db40 	.word	0x2000db40
    ffd0:	0000ed11 	.word	0x0000ed11
    ffd4:	0000f455 	.word	0x0000f455
    ffd8:	e000ed04 	.word	0xe000ed04
    ffdc:	0000e28d 	.word	0x0000e28d
    ffe0:	0000e68d 	.word	0x0000e68d
    ffe4:	0000fd95 	.word	0x0000fd95
    ffe8:	0000fc39 	.word	0x0000fc39
    ffec:	0000fd21 	.word	0x0000fd21
    fff0:	0000f441 	.word	0x0000f441
    fff4:	0000f59d 	.word	0x0000f59d
    fff8:	0000f06d 	.word	0x0000f06d

0000fffc <Crc16>:
    fffc:	b570      	push	{r4, r5, r6, lr}
    fffe:	4605      	mov	r5, r0
   10000:	f241 0621 	movw	r6, #4129	; 0x1021
   10004:	1a2b      	subs	r3, r5, r0
   10006:	b29b      	uxth	r3, r3
   10008:	4299      	cmp	r1, r3
   1000a:	d802      	bhi.n	10012 <Crc16+0x16>
   1000c:	43d2      	mvns	r2, r2
   1000e:	b290      	uxth	r0, r2
   10010:	bd70      	pop	{r4, r5, r6, pc}
   10012:	f815 3b01 	ldrb.w	r3, [r5], #1
   10016:	ea82 2203 	eor.w	r2, r2, r3, lsl #8
   1001a:	b293      	uxth	r3, r2
   1001c:	2408      	movs	r4, #8
   1001e:	f413 4f00 	tst.w	r3, #32768	; 0x8000
   10022:	ea4f 0343 	mov.w	r3, r3, lsl #1
   10026:	bf18      	it	ne
   10028:	4073      	eorne	r3, r6
   1002a:	3c01      	subs	r4, #1
   1002c:	b29b      	uxth	r3, r3
   1002e:	b2a4      	uxth	r4, r4
   10030:	461a      	mov	r2, r3
   10032:	2c00      	cmp	r4, #0
   10034:	d1f3      	bne.n	1001e <Crc16+0x22>
   10036:	e7e5      	b.n	10004 <Crc16+0x8>

00010038 <Crc16Fast>:
   10038:	b510      	push	{r4, lr}
   1003a:	4c08      	ldr	r4, [pc, #32]	; (1005c <Crc16Fast+0x24>)
   1003c:	4401      	add	r1, r0
   1003e:	4288      	cmp	r0, r1
   10040:	d101      	bne.n	10046 <Crc16Fast+0xe>
   10042:	4610      	mov	r0, r2
   10044:	bd10      	pop	{r4, pc}
   10046:	f810 3b01 	ldrb.w	r3, [r0], #1
   1004a:	ea83 2312 	eor.w	r3, r3, r2, lsr #8
   1004e:	f834 3013 	ldrh.w	r3, [r4, r3, lsl #1]
   10052:	ea83 2202 	eor.w	r2, r3, r2, lsl #8
   10056:	b292      	uxth	r2, r2
   10058:	e7f1      	b.n	1003e <Crc16Fast+0x6>
   1005a:	bf00      	nop
   1005c:	00012158 	.word	0x00012158

00010060 <__aeabi_uldivmod>:
   10060:	b953      	cbnz	r3, 10078 <__aeabi_uldivmod+0x18>
   10062:	b94a      	cbnz	r2, 10078 <__aeabi_uldivmod+0x18>
   10064:	2900      	cmp	r1, #0
   10066:	bf08      	it	eq
   10068:	2800      	cmpeq	r0, #0
   1006a:	bf1c      	itt	ne
   1006c:	f04f 31ff 	movne.w	r1, #4294967295
   10070:	f04f 30ff 	movne.w	r0, #4294967295
   10074:	f000 b97a 	b.w	1036c <__aeabi_idiv0>
   10078:	f1ad 0c08 	sub.w	ip, sp, #8
   1007c:	e96d ce04 	strd	ip, lr, [sp, #-16]!
   10080:	f000 f806 	bl	10090 <__udivmoddi4>
   10084:	f8dd e004 	ldr.w	lr, [sp, #4]
   10088:	e9dd 2302 	ldrd	r2, r3, [sp, #8]
   1008c:	b004      	add	sp, #16
   1008e:	4770      	bx	lr

00010090 <__udivmoddi4>:
   10090:	e92d 47f0 	stmdb	sp!, {r4, r5, r6, r7, r8, r9, sl, lr}
   10094:	468c      	mov	ip, r1
   10096:	460d      	mov	r5, r1
   10098:	4604      	mov	r4, r0
   1009a:	9e08      	ldr	r6, [sp, #32]
   1009c:	2b00      	cmp	r3, #0
   1009e:	d151      	bne.n	10144 <__udivmoddi4+0xb4>
   100a0:	428a      	cmp	r2, r1
   100a2:	4617      	mov	r7, r2
   100a4:	d96d      	bls.n	10182 <__udivmoddi4+0xf2>
   100a6:	fab2 fe82 	clz	lr, r2
   100aa:	f1be 0f00 	cmp.w	lr, #0
   100ae:	d00b      	beq.n	100c8 <__udivmoddi4+0x38>
   100b0:	f1ce 0c20 	rsb	ip, lr, #32
   100b4:	fa01 f50e 	lsl.w	r5, r1, lr
   100b8:	fa20 fc0c 	lsr.w	ip, r0, ip
   100bc:	fa02 f70e 	lsl.w	r7, r2, lr
   100c0:	ea4c 0c05 	orr.w	ip, ip, r5
   100c4:	fa00 f40e 	lsl.w	r4, r0, lr
   100c8:	ea4f 4a17 	mov.w	sl, r7, lsr #16
   100cc:	0c25      	lsrs	r5, r4, #16
   100ce:	fbbc f8fa 	udiv	r8, ip, sl
   100d2:	fa1f f987 	uxth.w	r9, r7
   100d6:	fb0a cc18 	mls	ip, sl, r8, ip
   100da:	ea45 450c 	orr.w	r5, r5, ip, lsl #16
   100de:	fb08 f309 	mul.w	r3, r8, r9
   100e2:	42ab      	cmp	r3, r5
   100e4:	d90a      	bls.n	100fc <__udivmoddi4+0x6c>
   100e6:	19ed      	adds	r5, r5, r7
   100e8:	f108 32ff 	add.w	r2, r8, #4294967295
   100ec:	f080 8123 	bcs.w	10336 <__udivmoddi4+0x2a6>
   100f0:	42ab      	cmp	r3, r5
   100f2:	f240 8120 	bls.w	10336 <__udivmoddi4+0x2a6>
   100f6:	f1a8 0802 	sub.w	r8, r8, #2
   100fa:	443d      	add	r5, r7
   100fc:	1aed      	subs	r5, r5, r3
   100fe:	b2a4      	uxth	r4, r4
   10100:	fbb5 f0fa 	udiv	r0, r5, sl
   10104:	fb0a 5510 	mls	r5, sl, r0, r5
   10108:	ea44 4405 	orr.w	r4, r4, r5, lsl #16
   1010c:	fb00 f909 	mul.w	r9, r0, r9
   10110:	45a1      	cmp	r9, r4
   10112:	d909      	bls.n	10128 <__udivmoddi4+0x98>
   10114:	19e4      	adds	r4, r4, r7
   10116:	f100 33ff 	add.w	r3, r0, #4294967295
   1011a:	f080 810a 	bcs.w	10332 <__udivmoddi4+0x2a2>
   1011e:	45a1      	cmp	r9, r4
   10120:	f240 8107 	bls.w	10332 <__udivmoddi4+0x2a2>
   10124:	3802      	subs	r0, #2
   10126:	443c      	add	r4, r7
   10128:	eba4 0409 	sub.w	r4, r4, r9
   1012c:	ea40 4008 	orr.w	r0, r0, r8, lsl #16
   10130:	2100      	movs	r1, #0
   10132:	2e00      	cmp	r6, #0
   10134:	d061      	beq.n	101fa <__udivmoddi4+0x16a>
   10136:	fa24 f40e 	lsr.w	r4, r4, lr
   1013a:	2300      	movs	r3, #0
   1013c:	6034      	str	r4, [r6, #0]
   1013e:	6073      	str	r3, [r6, #4]
   10140:	e8bd 87f0 	ldmia.w	sp!, {r4, r5, r6, r7, r8, r9, sl, pc}
   10144:	428b      	cmp	r3, r1
   10146:	d907      	bls.n	10158 <__udivmoddi4+0xc8>
   10148:	2e00      	cmp	r6, #0
   1014a:	d054      	beq.n	101f6 <__udivmoddi4+0x166>
   1014c:	2100      	movs	r1, #0
   1014e:	e886 0021 	stmia.w	r6, {r0, r5}
   10152:	4608      	mov	r0, r1
   10154:	e8bd 87f0 	ldmia.w	sp!, {r4, r5, r6, r7, r8, r9, sl, pc}
   10158:	fab3 f183 	clz	r1, r3
   1015c:	2900      	cmp	r1, #0
   1015e:	f040 808e 	bne.w	1027e <__udivmoddi4+0x1ee>
   10162:	42ab      	cmp	r3, r5
   10164:	d302      	bcc.n	1016c <__udivmoddi4+0xdc>
   10166:	4282      	cmp	r2, r0
   10168:	f200 80fa 	bhi.w	10360 <__udivmoddi4+0x2d0>
   1016c:	1a84      	subs	r4, r0, r2
   1016e:	eb65 0503 	sbc.w	r5, r5, r3
   10172:	2001      	movs	r0, #1
   10174:	46ac      	mov	ip, r5
   10176:	2e00      	cmp	r6, #0
   10178:	d03f      	beq.n	101fa <__udivmoddi4+0x16a>
   1017a:	e886 1010 	stmia.w	r6, {r4, ip}
   1017e:	e8bd 87f0 	ldmia.w	sp!, {r4, r5, r6, r7, r8, r9, sl, pc}
   10182:	b912      	cbnz	r2, 1018a <__udivmoddi4+0xfa>
   10184:	2701      	movs	r7, #1
   10186:	fbb7 f7f2 	udiv	r7, r7, r2
   1018a:	fab7 fe87 	clz	lr, r7
   1018e:	f1be 0f00 	cmp.w	lr, #0
   10192:	d134      	bne.n	101fe <__udivmoddi4+0x16e>
   10194:	1beb      	subs	r3, r5, r7
   10196:	0c3a      	lsrs	r2, r7, #16
   10198:	fa1f fc87 	uxth.w	ip, r7
   1019c:	2101      	movs	r1, #1
   1019e:	fbb3 f8f2 	udiv	r8, r3, r2
   101a2:	0c25      	lsrs	r5, r4, #16
   101a4:	fb02 3318 	mls	r3, r2, r8, r3
   101a8:	ea45 4503 	orr.w	r5, r5, r3, lsl #16
   101ac:	fb0c f308 	mul.w	r3, ip, r8
   101b0:	42ab      	cmp	r3, r5
   101b2:	d907      	bls.n	101c4 <__udivmoddi4+0x134>
   101b4:	19ed      	adds	r5, r5, r7
   101b6:	f108 30ff 	add.w	r0, r8, #4294967295
   101ba:	d202      	bcs.n	101c2 <__udivmoddi4+0x132>
   101bc:	42ab      	cmp	r3, r5
   101be:	f200 80d1 	bhi.w	10364 <__udivmoddi4+0x2d4>
   101c2:	4680      	mov	r8, r0
   101c4:	1aed      	subs	r5, r5, r3
   101c6:	b2a3      	uxth	r3, r4
   101c8:	fbb5 f0f2 	udiv	r0, r5, r2
   101cc:	fb02 5510 	mls	r5, r2, r0, r5
   101d0:	ea43 4405 	orr.w	r4, r3, r5, lsl #16
   101d4:	fb0c fc00 	mul.w	ip, ip, r0
   101d8:	45a4      	cmp	ip, r4
   101da:	d907      	bls.n	101ec <__udivmoddi4+0x15c>
   101dc:	19e4      	adds	r4, r4, r7
   101de:	f100 33ff 	add.w	r3, r0, #4294967295
   101e2:	d202      	bcs.n	101ea <__udivmoddi4+0x15a>
   101e4:	45a4      	cmp	ip, r4
   101e6:	f200 80b8 	bhi.w	1035a <__udivmoddi4+0x2ca>
   101ea:	4618      	mov	r0, r3
   101ec:	eba4 040c 	sub.w	r4, r4, ip
   101f0:	ea40 4008 	orr.w	r0, r0, r8, lsl #16
   101f4:	e79d      	b.n	10132 <__udivmoddi4+0xa2>
   101f6:	4631      	mov	r1, r6
   101f8:	4630      	mov	r0, r6
   101fa:	e8bd 87f0 	ldmia.w	sp!, {r4, r5, r6, r7, r8, r9, sl, pc}
   101fe:	f1ce 0420 	rsb	r4, lr, #32
   10202:	fa05 f30e 	lsl.w	r3, r5, lr
   10206:	fa07 f70e 	lsl.w	r7, r7, lr
   1020a:	fa20 f804 	lsr.w	r8, r0, r4
   1020e:	0c3a      	lsrs	r2, r7, #16
   10210:	fa25 f404 	lsr.w	r4, r5, r4
   10214:	ea48 0803 	orr.w	r8, r8, r3
   10218:	fbb4 f1f2 	udiv	r1, r4, r2
   1021c:	ea4f 4518 	mov.w	r5, r8, lsr #16
   10220:	fb02 4411 	mls	r4, r2, r1, r4
   10224:	fa1f fc87 	uxth.w	ip, r7
   10228:	ea45 4504 	orr.w	r5, r5, r4, lsl #16
   1022c:	fb01 f30c 	mul.w	r3, r1, ip
   10230:	42ab      	cmp	r3, r5
   10232:	fa00 f40e 	lsl.w	r4, r0, lr
   10236:	d909      	bls.n	1024c <__udivmoddi4+0x1bc>
   10238:	19ed      	adds	r5, r5, r7
   1023a:	f101 30ff 	add.w	r0, r1, #4294967295
   1023e:	f080 808a 	bcs.w	10356 <__udivmoddi4+0x2c6>
   10242:	42ab      	cmp	r3, r5
   10244:	f240 8087 	bls.w	10356 <__udivmoddi4+0x2c6>
   10248:	3902      	subs	r1, #2
   1024a:	443d      	add	r5, r7
   1024c:	1aeb      	subs	r3, r5, r3
   1024e:	fa1f f588 	uxth.w	r5, r8
   10252:	fbb3 f0f2 	udiv	r0, r3, r2
   10256:	fb02 3310 	mls	r3, r2, r0, r3
   1025a:	ea45 4503 	orr.w	r5, r5, r3, lsl #16
   1025e:	fb00 f30c 	mul.w	r3, r0, ip
   10262:	42ab      	cmp	r3, r5
   10264:	d907      	bls.n	10276 <__udivmoddi4+0x1e6>
   10266:	19ed      	adds	r5, r5, r7
   10268:	f100 38ff 	add.w	r8, r0, #4294967295
   1026c:	d26f      	bcs.n	1034e <__udivmoddi4+0x2be>
   1026e:	42ab      	cmp	r3, r5
   10270:	d96d      	bls.n	1034e <__udivmoddi4+0x2be>
   10272:	3802      	subs	r0, #2
   10274:	443d      	add	r5, r7
   10276:	1aeb      	subs	r3, r5, r3
   10278:	ea40 4101 	orr.w	r1, r0, r1, lsl #16
   1027c:	e78f      	b.n	1019e <__udivmoddi4+0x10e>
   1027e:	f1c1 0720 	rsb	r7, r1, #32
   10282:	fa22 f807 	lsr.w	r8, r2, r7
   10286:	408b      	lsls	r3, r1
   10288:	fa05 f401 	lsl.w	r4, r5, r1
   1028c:	ea48 0303 	orr.w	r3, r8, r3
   10290:	fa20 fe07 	lsr.w	lr, r0, r7
   10294:	ea4f 4c13 	mov.w	ip, r3, lsr #16
   10298:	40fd      	lsrs	r5, r7
   1029a:	ea4e 0e04 	orr.w	lr, lr, r4
   1029e:	fbb5 f9fc 	udiv	r9, r5, ip
   102a2:	ea4f 441e 	mov.w	r4, lr, lsr #16
   102a6:	fb0c 5519 	mls	r5, ip, r9, r5
   102aa:	fa1f f883 	uxth.w	r8, r3
   102ae:	ea44 4505 	orr.w	r5, r4, r5, lsl #16
   102b2:	fb09 f408 	mul.w	r4, r9, r8
   102b6:	42ac      	cmp	r4, r5
   102b8:	fa02 f201 	lsl.w	r2, r2, r1
   102bc:	fa00 fa01 	lsl.w	sl, r0, r1
   102c0:	d908      	bls.n	102d4 <__udivmoddi4+0x244>
   102c2:	18ed      	adds	r5, r5, r3
   102c4:	f109 30ff 	add.w	r0, r9, #4294967295
   102c8:	d243      	bcs.n	10352 <__udivmoddi4+0x2c2>
   102ca:	42ac      	cmp	r4, r5
   102cc:	d941      	bls.n	10352 <__udivmoddi4+0x2c2>
   102ce:	f1a9 0902 	sub.w	r9, r9, #2
   102d2:	441d      	add	r5, r3
   102d4:	1b2d      	subs	r5, r5, r4
   102d6:	fa1f fe8e 	uxth.w	lr, lr
   102da:	fbb5 f0fc 	udiv	r0, r5, ip
   102de:	fb0c 5510 	mls	r5, ip, r0, r5
   102e2:	ea4e 4405 	orr.w	r4, lr, r5, lsl #16
   102e6:	fb00 f808 	mul.w	r8, r0, r8
   102ea:	45a0      	cmp	r8, r4
   102ec:	d907      	bls.n	102fe <__udivmoddi4+0x26e>
   102ee:	18e4      	adds	r4, r4, r3
   102f0:	f100 35ff 	add.w	r5, r0, #4294967295
   102f4:	d229      	bcs.n	1034a <__udivmoddi4+0x2ba>
   102f6:	45a0      	cmp	r8, r4
   102f8:	d927      	bls.n	1034a <__udivmoddi4+0x2ba>
   102fa:	3802      	subs	r0, #2
   102fc:	441c      	add	r4, r3
   102fe:	ea40 4009 	orr.w	r0, r0, r9, lsl #16
   10302:	eba4 0408 	sub.w	r4, r4, r8
   10306:	fba0 8902 	umull	r8, r9, r0, r2
   1030a:	454c      	cmp	r4, r9
   1030c:	46c6      	mov	lr, r8
   1030e:	464d      	mov	r5, r9
   10310:	d315      	bcc.n	1033e <__udivmoddi4+0x2ae>
   10312:	d012      	beq.n	1033a <__udivmoddi4+0x2aa>
   10314:	b156      	cbz	r6, 1032c <__udivmoddi4+0x29c>
   10316:	ebba 030e 	subs.w	r3, sl, lr
   1031a:	eb64 0405 	sbc.w	r4, r4, r5
   1031e:	fa04 f707 	lsl.w	r7, r4, r7
   10322:	40cb      	lsrs	r3, r1
   10324:	431f      	orrs	r7, r3
   10326:	40cc      	lsrs	r4, r1
   10328:	6037      	str	r7, [r6, #0]
   1032a:	6074      	str	r4, [r6, #4]
   1032c:	2100      	movs	r1, #0
   1032e:	e8bd 87f0 	ldmia.w	sp!, {r4, r5, r6, r7, r8, r9, sl, pc}
   10332:	4618      	mov	r0, r3
   10334:	e6f8      	b.n	10128 <__udivmoddi4+0x98>
   10336:	4690      	mov	r8, r2
   10338:	e6e0      	b.n	100fc <__udivmoddi4+0x6c>
   1033a:	45c2      	cmp	sl, r8
   1033c:	d2ea      	bcs.n	10314 <__udivmoddi4+0x284>
   1033e:	ebb8 0e02 	subs.w	lr, r8, r2
   10342:	eb69 0503 	sbc.w	r5, r9, r3
   10346:	3801      	subs	r0, #1
   10348:	e7e4      	b.n	10314 <__udivmoddi4+0x284>
   1034a:	4628      	mov	r0, r5
   1034c:	e7d7      	b.n	102fe <__udivmoddi4+0x26e>
   1034e:	4640      	mov	r0, r8
   10350:	e791      	b.n	10276 <__udivmoddi4+0x1e6>
   10352:	4681      	mov	r9, r0
   10354:	e7be      	b.n	102d4 <__udivmoddi4+0x244>
   10356:	4601      	mov	r1, r0
   10358:	e778      	b.n	1024c <__udivmoddi4+0x1bc>
   1035a:	3802      	subs	r0, #2
   1035c:	443c      	add	r4, r7
   1035e:	e745      	b.n	101ec <__udivmoddi4+0x15c>
   10360:	4608      	mov	r0, r1
   10362:	e708      	b.n	10176 <__udivmoddi4+0xe6>
   10364:	f1a8 0802 	sub.w	r8, r8, #2
   10368:	443d      	add	r5, r7
   1036a:	e72b      	b.n	101c4 <__udivmoddi4+0x134>

0001036c <__aeabi_idiv0>:
   1036c:	4770      	bx	lr
   1036e:	bf00      	nop

00010370 <__libc_init_array>:
   10370:	b570      	push	{r4, r5, r6, lr}
   10372:	4e0d      	ldr	r6, [pc, #52]	; (103a8 <__libc_init_array+0x38>)
   10374:	4c0d      	ldr	r4, [pc, #52]	; (103ac <__libc_init_array+0x3c>)
   10376:	1ba4      	subs	r4, r4, r6
   10378:	10a4      	asrs	r4, r4, #2
   1037a:	2500      	movs	r5, #0
   1037c:	42a5      	cmp	r5, r4
   1037e:	d109      	bne.n	10394 <__libc_init_array+0x24>
   10380:	4e0b      	ldr	r6, [pc, #44]	; (103b0 <__libc_init_array+0x40>)
   10382:	4c0c      	ldr	r4, [pc, #48]	; (103b4 <__libc_init_array+0x44>)
   10384:	f002 f832 	bl	123ec <_init>
   10388:	1ba4      	subs	r4, r4, r6
   1038a:	10a4      	asrs	r4, r4, #2
   1038c:	2500      	movs	r5, #0
   1038e:	42a5      	cmp	r5, r4
   10390:	d105      	bne.n	1039e <__libc_init_array+0x2e>
   10392:	bd70      	pop	{r4, r5, r6, pc}
   10394:	f856 3025 	ldr.w	r3, [r6, r5, lsl #2]
   10398:	4798      	blx	r3
   1039a:	3501      	adds	r5, #1
   1039c:	e7ee      	b.n	1037c <__libc_init_array+0xc>
   1039e:	f856 3025 	ldr.w	r3, [r6, r5, lsl #2]
   103a2:	4798      	blx	r3
   103a4:	3501      	adds	r5, #1
   103a6:	e7f2      	b.n	1038e <__libc_init_array+0x1e>
   103a8:	000123f8 	.word	0x000123f8
   103ac:	000123f8 	.word	0x000123f8
   103b0:	000123f8 	.word	0x000123f8
   103b4:	000123fc 	.word	0x000123fc

000103b8 <memcmp>:
   103b8:	b510      	push	{r4, lr}
   103ba:	3901      	subs	r1, #1
   103bc:	4402      	add	r2, r0
   103be:	4290      	cmp	r0, r2
   103c0:	d101      	bne.n	103c6 <memcmp+0xe>
   103c2:	2000      	movs	r0, #0
   103c4:	bd10      	pop	{r4, pc}
   103c6:	f810 3b01 	ldrb.w	r3, [r0], #1
   103ca:	f811 4f01 	ldrb.w	r4, [r1, #1]!
   103ce:	42a3      	cmp	r3, r4
   103d0:	d0f5      	beq.n	103be <memcmp+0x6>
   103d2:	1b18      	subs	r0, r3, r4
   103d4:	bd10      	pop	{r4, pc}

000103d6 <memcpy>:
   103d6:	b510      	push	{r4, lr}
   103d8:	1e43      	subs	r3, r0, #1
   103da:	440a      	add	r2, r1
   103dc:	4291      	cmp	r1, r2
   103de:	d100      	bne.n	103e2 <memcpy+0xc>
   103e0:	bd10      	pop	{r4, pc}
   103e2:	f811 4b01 	ldrb.w	r4, [r1], #1
   103e6:	f803 4f01 	strb.w	r4, [r3, #1]!
   103ea:	e7f7      	b.n	103dc <memcpy+0x6>

000103ec <memset>:
   103ec:	4402      	add	r2, r0
   103ee:	4603      	mov	r3, r0
   103f0:	4293      	cmp	r3, r2
   103f2:	d100      	bne.n	103f6 <memset+0xa>
   103f4:	4770      	bx	lr
   103f6:	f803 1b01 	strb.w	r1, [r3], #1
   103fa:	e7f9      	b.n	103f0 <memset+0x4>

000103fc <siprintf>:
   103fc:	b40e      	push	{r1, r2, r3}
   103fe:	b500      	push	{lr}
   10400:	b09c      	sub	sp, #112	; 0x70
   10402:	f44f 7102 	mov.w	r1, #520	; 0x208
   10406:	ab1d      	add	r3, sp, #116	; 0x74
   10408:	f8ad 1014 	strh.w	r1, [sp, #20]
   1040c:	9002      	str	r0, [sp, #8]
   1040e:	9006      	str	r0, [sp, #24]
   10410:	f06f 4100 	mvn.w	r1, #2147483648	; 0x80000000
   10414:	480a      	ldr	r0, [pc, #40]	; (10440 <siprintf+0x44>)
   10416:	9104      	str	r1, [sp, #16]
   10418:	9107      	str	r1, [sp, #28]
   1041a:	f64f 71ff 	movw	r1, #65535	; 0xffff
   1041e:	f853 2b04 	ldr.w	r2, [r3], #4
   10422:	f8ad 1016 	strh.w	r1, [sp, #22]
   10426:	6800      	ldr	r0, [r0, #0]
   10428:	9301      	str	r3, [sp, #4]
   1042a:	a902      	add	r1, sp, #8
   1042c:	f000 f8e2 	bl	105f4 <_svfiprintf_r>
   10430:	9b02      	ldr	r3, [sp, #8]
   10432:	2200      	movs	r2, #0
   10434:	701a      	strb	r2, [r3, #0]
   10436:	b01c      	add	sp, #112	; 0x70
   10438:	f85d eb04 	ldr.w	lr, [sp], #4
   1043c:	b003      	add	sp, #12
   1043e:	4770      	bx	lr
   10440:	20002b00 	.word	0x20002b00

00010444 <strlen>:
   10444:	4603      	mov	r3, r0
   10446:	f813 2b01 	ldrb.w	r2, [r3], #1
   1044a:	2a00      	cmp	r2, #0
   1044c:	d1fb      	bne.n	10446 <strlen+0x2>
   1044e:	1a18      	subs	r0, r3, r0
   10450:	3801      	subs	r0, #1
   10452:	4770      	bx	lr

00010454 <strncpy>:
   10454:	b570      	push	{r4, r5, r6, lr}
   10456:	4604      	mov	r4, r0
   10458:	b902      	cbnz	r2, 1045c <strncpy+0x8>
   1045a:	bd70      	pop	{r4, r5, r6, pc}
   1045c:	4623      	mov	r3, r4
   1045e:	f811 5b01 	ldrb.w	r5, [r1], #1
   10462:	f803 5b01 	strb.w	r5, [r3], #1
   10466:	1e56      	subs	r6, r2, #1
   10468:	b91d      	cbnz	r5, 10472 <strncpy+0x1e>
   1046a:	4414      	add	r4, r2
   1046c:	42a3      	cmp	r3, r4
   1046e:	d103      	bne.n	10478 <strncpy+0x24>
   10470:	bd70      	pop	{r4, r5, r6, pc}
   10472:	461c      	mov	r4, r3
   10474:	4632      	mov	r2, r6
   10476:	e7ef      	b.n	10458 <strncpy+0x4>
   10478:	f803 5b01 	strb.w	r5, [r3], #1
   1047c:	e7f6      	b.n	1046c <strncpy+0x18>
	...

00010480 <_malloc_r>:
   10480:	b570      	push	{r4, r5, r6, lr}
   10482:	1ccd      	adds	r5, r1, #3
   10484:	f025 0503 	bic.w	r5, r5, #3
   10488:	3508      	adds	r5, #8
   1048a:	2d0c      	cmp	r5, #12
   1048c:	bf38      	it	cc
   1048e:	250c      	movcc	r5, #12
   10490:	2d00      	cmp	r5, #0
   10492:	4606      	mov	r6, r0
   10494:	db01      	blt.n	1049a <_malloc_r+0x1a>
   10496:	42a9      	cmp	r1, r5
   10498:	d903      	bls.n	104a2 <_malloc_r+0x22>
   1049a:	230c      	movs	r3, #12
   1049c:	6033      	str	r3, [r6, #0]
   1049e:	2000      	movs	r0, #0
   104a0:	bd70      	pop	{r4, r5, r6, pc}
   104a2:	f000 fbaf 	bl	10c04 <__malloc_lock>
   104a6:	4a23      	ldr	r2, [pc, #140]	; (10534 <_malloc_r+0xb4>)
   104a8:	6814      	ldr	r4, [r2, #0]
   104aa:	4621      	mov	r1, r4
   104ac:	b991      	cbnz	r1, 104d4 <_malloc_r+0x54>
   104ae:	4c22      	ldr	r4, [pc, #136]	; (10538 <_malloc_r+0xb8>)
   104b0:	6823      	ldr	r3, [r4, #0]
   104b2:	b91b      	cbnz	r3, 104bc <_malloc_r+0x3c>
   104b4:	4630      	mov	r0, r6
   104b6:	f000 fb27 	bl	10b08 <_sbrk_r>
   104ba:	6020      	str	r0, [r4, #0]
   104bc:	4629      	mov	r1, r5
   104be:	4630      	mov	r0, r6
   104c0:	f000 fb22 	bl	10b08 <_sbrk_r>
   104c4:	1c43      	adds	r3, r0, #1
   104c6:	d126      	bne.n	10516 <_malloc_r+0x96>
   104c8:	230c      	movs	r3, #12
   104ca:	6033      	str	r3, [r6, #0]
   104cc:	4630      	mov	r0, r6
   104ce:	f000 fb9a 	bl	10c06 <__malloc_unlock>
   104d2:	e7e4      	b.n	1049e <_malloc_r+0x1e>
   104d4:	680b      	ldr	r3, [r1, #0]
   104d6:	1b5b      	subs	r3, r3, r5
   104d8:	d41a      	bmi.n	10510 <_malloc_r+0x90>
   104da:	2b0b      	cmp	r3, #11
   104dc:	d90f      	bls.n	104fe <_malloc_r+0x7e>
   104de:	600b      	str	r3, [r1, #0]
   104e0:	50cd      	str	r5, [r1, r3]
   104e2:	18cc      	adds	r4, r1, r3
   104e4:	4630      	mov	r0, r6
   104e6:	f000 fb8e 	bl	10c06 <__malloc_unlock>
   104ea:	f104 000b 	add.w	r0, r4, #11
   104ee:	1d23      	adds	r3, r4, #4
   104f0:	f020 0007 	bic.w	r0, r0, #7
   104f4:	1ac3      	subs	r3, r0, r3
   104f6:	d01b      	beq.n	10530 <_malloc_r+0xb0>
   104f8:	425a      	negs	r2, r3
   104fa:	50e2      	str	r2, [r4, r3]
   104fc:	bd70      	pop	{r4, r5, r6, pc}
   104fe:	428c      	cmp	r4, r1
   10500:	bf0d      	iteet	eq
   10502:	6863      	ldreq	r3, [r4, #4]
   10504:	684b      	ldrne	r3, [r1, #4]
   10506:	6063      	strne	r3, [r4, #4]
   10508:	6013      	streq	r3, [r2, #0]
   1050a:	bf18      	it	ne
   1050c:	460c      	movne	r4, r1
   1050e:	e7e9      	b.n	104e4 <_malloc_r+0x64>
   10510:	460c      	mov	r4, r1
   10512:	6849      	ldr	r1, [r1, #4]
   10514:	e7ca      	b.n	104ac <_malloc_r+0x2c>
   10516:	1cc4      	adds	r4, r0, #3
   10518:	f024 0403 	bic.w	r4, r4, #3
   1051c:	42a0      	cmp	r0, r4
   1051e:	d005      	beq.n	1052c <_malloc_r+0xac>
   10520:	1a21      	subs	r1, r4, r0
   10522:	4630      	mov	r0, r6
   10524:	f000 faf0 	bl	10b08 <_sbrk_r>
   10528:	3001      	adds	r0, #1
   1052a:	d0cd      	beq.n	104c8 <_malloc_r+0x48>
   1052c:	6025      	str	r5, [r4, #0]
   1052e:	e7d9      	b.n	104e4 <_malloc_r+0x64>
   10530:	bd70      	pop	{r4, r5, r6, pc}
   10532:	bf00      	nop
   10534:	2000db7c 	.word	0x2000db7c
   10538:	2000db80 	.word	0x2000db80

0001053c <__ssputs_r>:
   1053c:	e92d 47f0 	stmdb	sp!, {r4, r5, r6, r7, r8, r9, sl, lr}
   10540:	688e      	ldr	r6, [r1, #8]
   10542:	429e      	cmp	r6, r3
   10544:	4682      	mov	sl, r0
   10546:	460c      	mov	r4, r1
   10548:	4691      	mov	r9, r2
   1054a:	4698      	mov	r8, r3
   1054c:	d835      	bhi.n	105ba <__ssputs_r+0x7e>
   1054e:	898a      	ldrh	r2, [r1, #12]
   10550:	f412 6f90 	tst.w	r2, #1152	; 0x480
   10554:	d031      	beq.n	105ba <__ssputs_r+0x7e>
   10556:	6825      	ldr	r5, [r4, #0]
   10558:	6909      	ldr	r1, [r1, #16]
   1055a:	1a6f      	subs	r7, r5, r1
   1055c:	6965      	ldr	r5, [r4, #20]
   1055e:	2302      	movs	r3, #2
   10560:	eb05 0545 	add.w	r5, r5, r5, lsl #1
   10564:	fb95 f5f3 	sdiv	r5, r5, r3
   10568:	f108 0301 	add.w	r3, r8, #1
   1056c:	443b      	add	r3, r7
   1056e:	429d      	cmp	r5, r3
   10570:	bf38      	it	cc
   10572:	461d      	movcc	r5, r3
   10574:	0553      	lsls	r3, r2, #21
   10576:	d531      	bpl.n	105dc <__ssputs_r+0xa0>
   10578:	4629      	mov	r1, r5
   1057a:	f7ff ff81 	bl	10480 <_malloc_r>
   1057e:	4606      	mov	r6, r0
   10580:	b950      	cbnz	r0, 10598 <__ssputs_r+0x5c>
   10582:	230c      	movs	r3, #12
   10584:	f8ca 3000 	str.w	r3, [sl]
   10588:	89a3      	ldrh	r3, [r4, #12]
   1058a:	f043 0340 	orr.w	r3, r3, #64	; 0x40
   1058e:	81a3      	strh	r3, [r4, #12]
   10590:	f04f 30ff 	mov.w	r0, #4294967295
   10594:	e8bd 87f0 	ldmia.w	sp!, {r4, r5, r6, r7, r8, r9, sl, pc}
   10598:	463a      	mov	r2, r7
   1059a:	6921      	ldr	r1, [r4, #16]
   1059c:	f7ff ff1b 	bl	103d6 <memcpy>
   105a0:	89a3      	ldrh	r3, [r4, #12]
   105a2:	f423 6390 	bic.w	r3, r3, #1152	; 0x480
   105a6:	f043 0380 	orr.w	r3, r3, #128	; 0x80
   105aa:	81a3      	strh	r3, [r4, #12]
   105ac:	6126      	str	r6, [r4, #16]
   105ae:	6165      	str	r5, [r4, #20]
   105b0:	443e      	add	r6, r7
   105b2:	1bed      	subs	r5, r5, r7
   105b4:	6026      	str	r6, [r4, #0]
   105b6:	60a5      	str	r5, [r4, #8]
   105b8:	4646      	mov	r6, r8
   105ba:	4546      	cmp	r6, r8
   105bc:	bf28      	it	cs
   105be:	4646      	movcs	r6, r8
   105c0:	4632      	mov	r2, r6
   105c2:	4649      	mov	r1, r9
   105c4:	6820      	ldr	r0, [r4, #0]
   105c6:	f000 fb03 	bl	10bd0 <memmove>
   105ca:	68a3      	ldr	r3, [r4, #8]
   105cc:	1b9b      	subs	r3, r3, r6
   105ce:	60a3      	str	r3, [r4, #8]
   105d0:	6823      	ldr	r3, [r4, #0]
   105d2:	441e      	add	r6, r3
   105d4:	6026      	str	r6, [r4, #0]
   105d6:	2000      	movs	r0, #0
   105d8:	e8bd 87f0 	ldmia.w	sp!, {r4, r5, r6, r7, r8, r9, sl, pc}
   105dc:	462a      	mov	r2, r5
   105de:	f000 fb61 	bl	10ca4 <_realloc_r>
   105e2:	4606      	mov	r6, r0
   105e4:	2800      	cmp	r0, #0
   105e6:	d1e1      	bne.n	105ac <__ssputs_r+0x70>
   105e8:	6921      	ldr	r1, [r4, #16]
   105ea:	4650      	mov	r0, sl
   105ec:	f000 fb0c 	bl	10c08 <_free_r>
   105f0:	e7c7      	b.n	10582 <__ssputs_r+0x46>
	...

000105f4 <_svfiprintf_r>:
   105f4:	e92d 4ff0 	stmdb	sp!, {r4, r5, r6, r7, r8, r9, sl, fp, lr}
   105f8:	b09d      	sub	sp, #116	; 0x74
   105fa:	4680      	mov	r8, r0
   105fc:	9303      	str	r3, [sp, #12]
   105fe:	898b      	ldrh	r3, [r1, #12]
   10600:	061c      	lsls	r4, r3, #24
   10602:	460d      	mov	r5, r1
   10604:	4616      	mov	r6, r2
   10606:	d50f      	bpl.n	10628 <_svfiprintf_r+0x34>
   10608:	690b      	ldr	r3, [r1, #16]
   1060a:	b96b      	cbnz	r3, 10628 <_svfiprintf_r+0x34>
   1060c:	2140      	movs	r1, #64	; 0x40
   1060e:	f7ff ff37 	bl	10480 <_malloc_r>
   10612:	6028      	str	r0, [r5, #0]
   10614:	6128      	str	r0, [r5, #16]
   10616:	b928      	cbnz	r0, 10624 <_svfiprintf_r+0x30>
   10618:	230c      	movs	r3, #12
   1061a:	f8c8 3000 	str.w	r3, [r8]
   1061e:	f04f 30ff 	mov.w	r0, #4294967295
   10622:	e0c5      	b.n	107b0 <_svfiprintf_r+0x1bc>
   10624:	2340      	movs	r3, #64	; 0x40
   10626:	616b      	str	r3, [r5, #20]
   10628:	2300      	movs	r3, #0
   1062a:	9309      	str	r3, [sp, #36]	; 0x24
   1062c:	2320      	movs	r3, #32
   1062e:	f88d 3029 	strb.w	r3, [sp, #41]	; 0x29
   10632:	2330      	movs	r3, #48	; 0x30
   10634:	f88d 302a 	strb.w	r3, [sp, #42]	; 0x2a
   10638:	f04f 0b01 	mov.w	fp, #1
   1063c:	4637      	mov	r7, r6
   1063e:	463c      	mov	r4, r7
   10640:	f814 3b01 	ldrb.w	r3, [r4], #1
   10644:	2b00      	cmp	r3, #0
   10646:	d13c      	bne.n	106c2 <_svfiprintf_r+0xce>
   10648:	ebb7 0a06 	subs.w	sl, r7, r6
   1064c:	d00b      	beq.n	10666 <_svfiprintf_r+0x72>
   1064e:	4653      	mov	r3, sl
   10650:	4632      	mov	r2, r6
   10652:	4629      	mov	r1, r5
   10654:	4640      	mov	r0, r8
   10656:	f7ff ff71 	bl	1053c <__ssputs_r>
   1065a:	3001      	adds	r0, #1
   1065c:	f000 80a3 	beq.w	107a6 <_svfiprintf_r+0x1b2>
   10660:	9b09      	ldr	r3, [sp, #36]	; 0x24
   10662:	4453      	add	r3, sl
   10664:	9309      	str	r3, [sp, #36]	; 0x24
   10666:	783b      	ldrb	r3, [r7, #0]
   10668:	2b00      	cmp	r3, #0
   1066a:	f000 809c 	beq.w	107a6 <_svfiprintf_r+0x1b2>
   1066e:	2300      	movs	r3, #0
   10670:	f04f 32ff 	mov.w	r2, #4294967295
   10674:	9304      	str	r3, [sp, #16]
   10676:	9307      	str	r3, [sp, #28]
   10678:	9205      	str	r2, [sp, #20]
   1067a:	9306      	str	r3, [sp, #24]
   1067c:	f88d 3053 	strb.w	r3, [sp, #83]	; 0x53
   10680:	931a      	str	r3, [sp, #104]	; 0x68
   10682:	2205      	movs	r2, #5
   10684:	7821      	ldrb	r1, [r4, #0]
   10686:	4850      	ldr	r0, [pc, #320]	; (107c8 <_svfiprintf_r+0x1d4>)
   10688:	f000 fa52 	bl	10b30 <memchr>
   1068c:	1c67      	adds	r7, r4, #1
   1068e:	9b04      	ldr	r3, [sp, #16]
   10690:	b9d8      	cbnz	r0, 106ca <_svfiprintf_r+0xd6>
   10692:	06d9      	lsls	r1, r3, #27
   10694:	bf44      	itt	mi
   10696:	2220      	movmi	r2, #32
   10698:	f88d 2053 	strbmi.w	r2, [sp, #83]	; 0x53
   1069c:	071a      	lsls	r2, r3, #28
   1069e:	bf44      	itt	mi
   106a0:	222b      	movmi	r2, #43	; 0x2b
   106a2:	f88d 2053 	strbmi.w	r2, [sp, #83]	; 0x53
   106a6:	7822      	ldrb	r2, [r4, #0]
   106a8:	2a2a      	cmp	r2, #42	; 0x2a
   106aa:	d016      	beq.n	106da <_svfiprintf_r+0xe6>
   106ac:	9a07      	ldr	r2, [sp, #28]
   106ae:	2100      	movs	r1, #0
   106b0:	200a      	movs	r0, #10
   106b2:	4627      	mov	r7, r4
   106b4:	3401      	adds	r4, #1
   106b6:	783b      	ldrb	r3, [r7, #0]
   106b8:	3b30      	subs	r3, #48	; 0x30
   106ba:	2b09      	cmp	r3, #9
   106bc:	d951      	bls.n	10762 <_svfiprintf_r+0x16e>
   106be:	b1c9      	cbz	r1, 106f4 <_svfiprintf_r+0x100>
   106c0:	e011      	b.n	106e6 <_svfiprintf_r+0xf2>
   106c2:	2b25      	cmp	r3, #37	; 0x25
   106c4:	d0c0      	beq.n	10648 <_svfiprintf_r+0x54>
   106c6:	4627      	mov	r7, r4
   106c8:	e7b9      	b.n	1063e <_svfiprintf_r+0x4a>
   106ca:	4a3f      	ldr	r2, [pc, #252]	; (107c8 <_svfiprintf_r+0x1d4>)
   106cc:	1a80      	subs	r0, r0, r2
   106ce:	fa0b f000 	lsl.w	r0, fp, r0
   106d2:	4318      	orrs	r0, r3
   106d4:	9004      	str	r0, [sp, #16]
   106d6:	463c      	mov	r4, r7
   106d8:	e7d3      	b.n	10682 <_svfiprintf_r+0x8e>
   106da:	9a03      	ldr	r2, [sp, #12]
   106dc:	1d11      	adds	r1, r2, #4
   106de:	6812      	ldr	r2, [r2, #0]
   106e0:	9103      	str	r1, [sp, #12]
   106e2:	2a00      	cmp	r2, #0
   106e4:	db01      	blt.n	106ea <_svfiprintf_r+0xf6>
   106e6:	9207      	str	r2, [sp, #28]
   106e8:	e004      	b.n	106f4 <_svfiprintf_r+0x100>
   106ea:	4252      	negs	r2, r2
   106ec:	f043 0302 	orr.w	r3, r3, #2
   106f0:	9207      	str	r2, [sp, #28]
   106f2:	9304      	str	r3, [sp, #16]
   106f4:	783b      	ldrb	r3, [r7, #0]
   106f6:	2b2e      	cmp	r3, #46	; 0x2e
   106f8:	d10e      	bne.n	10718 <_svfiprintf_r+0x124>
   106fa:	787b      	ldrb	r3, [r7, #1]
   106fc:	2b2a      	cmp	r3, #42	; 0x2a
   106fe:	f107 0101 	add.w	r1, r7, #1
   10702:	d132      	bne.n	1076a <_svfiprintf_r+0x176>
   10704:	9b03      	ldr	r3, [sp, #12]
   10706:	1d1a      	adds	r2, r3, #4
   10708:	681b      	ldr	r3, [r3, #0]
   1070a:	9203      	str	r2, [sp, #12]
   1070c:	2b00      	cmp	r3, #0
   1070e:	bfb8      	it	lt
   10710:	f04f 33ff 	movlt.w	r3, #4294967295
   10714:	3702      	adds	r7, #2
   10716:	9305      	str	r3, [sp, #20]
   10718:	4c2c      	ldr	r4, [pc, #176]	; (107cc <_svfiprintf_r+0x1d8>)
   1071a:	7839      	ldrb	r1, [r7, #0]
   1071c:	2203      	movs	r2, #3
   1071e:	4620      	mov	r0, r4
   10720:	f000 fa06 	bl	10b30 <memchr>
   10724:	b138      	cbz	r0, 10736 <_svfiprintf_r+0x142>
   10726:	2340      	movs	r3, #64	; 0x40
   10728:	1b00      	subs	r0, r0, r4
   1072a:	fa03 f000 	lsl.w	r0, r3, r0
   1072e:	9b04      	ldr	r3, [sp, #16]
   10730:	4303      	orrs	r3, r0
   10732:	9304      	str	r3, [sp, #16]
   10734:	3701      	adds	r7, #1
   10736:	7839      	ldrb	r1, [r7, #0]
   10738:	4825      	ldr	r0, [pc, #148]	; (107d0 <_svfiprintf_r+0x1dc>)
   1073a:	f88d 1028 	strb.w	r1, [sp, #40]	; 0x28
   1073e:	2206      	movs	r2, #6
   10740:	1c7e      	adds	r6, r7, #1
   10742:	f000 f9f5 	bl	10b30 <memchr>
   10746:	2800      	cmp	r0, #0
   10748:	d035      	beq.n	107b6 <_svfiprintf_r+0x1c2>
   1074a:	4b22      	ldr	r3, [pc, #136]	; (107d4 <_svfiprintf_r+0x1e0>)
   1074c:	b9fb      	cbnz	r3, 1078e <_svfiprintf_r+0x19a>
   1074e:	9b03      	ldr	r3, [sp, #12]
   10750:	3307      	adds	r3, #7
   10752:	f023 0307 	bic.w	r3, r3, #7
   10756:	3308      	adds	r3, #8
   10758:	9303      	str	r3, [sp, #12]
   1075a:	9b09      	ldr	r3, [sp, #36]	; 0x24
   1075c:	444b      	add	r3, r9
   1075e:	9309      	str	r3, [sp, #36]	; 0x24
   10760:	e76c      	b.n	1063c <_svfiprintf_r+0x48>
   10762:	fb00 3202 	mla	r2, r0, r2, r3
   10766:	2101      	movs	r1, #1
   10768:	e7a3      	b.n	106b2 <_svfiprintf_r+0xbe>
   1076a:	2300      	movs	r3, #0
   1076c:	9305      	str	r3, [sp, #20]
   1076e:	4618      	mov	r0, r3
   10770:	240a      	movs	r4, #10
   10772:	460f      	mov	r7, r1
   10774:	3101      	adds	r1, #1
   10776:	783a      	ldrb	r2, [r7, #0]
   10778:	3a30      	subs	r2, #48	; 0x30
   1077a:	2a09      	cmp	r2, #9
   1077c:	d903      	bls.n	10786 <_svfiprintf_r+0x192>
   1077e:	2b00      	cmp	r3, #0
   10780:	d0ca      	beq.n	10718 <_svfiprintf_r+0x124>
   10782:	9005      	str	r0, [sp, #20]
   10784:	e7c8      	b.n	10718 <_svfiprintf_r+0x124>
   10786:	fb04 2000 	mla	r0, r4, r0, r2
   1078a:	2301      	movs	r3, #1
   1078c:	e7f1      	b.n	10772 <_svfiprintf_r+0x17e>
   1078e:	ab03      	add	r3, sp, #12
   10790:	9300      	str	r3, [sp, #0]
   10792:	462a      	mov	r2, r5
   10794:	4b10      	ldr	r3, [pc, #64]	; (107d8 <_svfiprintf_r+0x1e4>)
   10796:	a904      	add	r1, sp, #16
   10798:	4640      	mov	r0, r8
   1079a:	f3af 8000 	nop.w
   1079e:	f1b0 3fff 	cmp.w	r0, #4294967295
   107a2:	4681      	mov	r9, r0
   107a4:	d1d9      	bne.n	1075a <_svfiprintf_r+0x166>
   107a6:	89ab      	ldrh	r3, [r5, #12]
   107a8:	065b      	lsls	r3, r3, #25
   107aa:	f53f af38 	bmi.w	1061e <_svfiprintf_r+0x2a>
   107ae:	9809      	ldr	r0, [sp, #36]	; 0x24
   107b0:	b01d      	add	sp, #116	; 0x74
   107b2:	e8bd 8ff0 	ldmia.w	sp!, {r4, r5, r6, r7, r8, r9, sl, fp, pc}
   107b6:	ab03      	add	r3, sp, #12
   107b8:	9300      	str	r3, [sp, #0]
   107ba:	462a      	mov	r2, r5
   107bc:	4b06      	ldr	r3, [pc, #24]	; (107d8 <_svfiprintf_r+0x1e4>)
   107be:	a904      	add	r1, sp, #16
   107c0:	4640      	mov	r0, r8
   107c2:	f000 f881 	bl	108c8 <_printf_i>
   107c6:	e7ea      	b.n	1079e <_svfiprintf_r+0x1aa>
   107c8:	000123b8 	.word	0x000123b8
   107cc:	000123be 	.word	0x000123be
   107d0:	000123c2 	.word	0x000123c2
   107d4:	00000000 	.word	0x00000000
   107d8:	0001053d 	.word	0x0001053d

000107dc <_printf_common>:
   107dc:	e92d 47f0 	stmdb	sp!, {r4, r5, r6, r7, r8, r9, sl, lr}
   107e0:	4691      	mov	r9, r2
   107e2:	461f      	mov	r7, r3
   107e4:	688a      	ldr	r2, [r1, #8]
   107e6:	690b      	ldr	r3, [r1, #16]
   107e8:	f8dd 8020 	ldr.w	r8, [sp, #32]
   107ec:	4293      	cmp	r3, r2
   107ee:	bfb8      	it	lt
   107f0:	4613      	movlt	r3, r2
   107f2:	f8c9 3000 	str.w	r3, [r9]
   107f6:	f891 2043 	ldrb.w	r2, [r1, #67]	; 0x43
   107fa:	4606      	mov	r6, r0
   107fc:	460c      	mov	r4, r1
   107fe:	b112      	cbz	r2, 10806 <_printf_common+0x2a>
   10800:	3301      	adds	r3, #1
   10802:	f8c9 3000 	str.w	r3, [r9]
   10806:	6823      	ldr	r3, [r4, #0]
   10808:	0699      	lsls	r1, r3, #26
   1080a:	bf42      	ittt	mi
   1080c:	f8d9 3000 	ldrmi.w	r3, [r9]
   10810:	3302      	addmi	r3, #2
   10812:	f8c9 3000 	strmi.w	r3, [r9]
   10816:	6825      	ldr	r5, [r4, #0]
   10818:	f015 0506 	ands.w	r5, r5, #6
   1081c:	d107      	bne.n	1082e <_printf_common+0x52>
   1081e:	f104 0a19 	add.w	sl, r4, #25
   10822:	68e3      	ldr	r3, [r4, #12]
   10824:	f8d9 2000 	ldr.w	r2, [r9]
   10828:	1a9b      	subs	r3, r3, r2
   1082a:	429d      	cmp	r5, r3
   1082c:	db29      	blt.n	10882 <_printf_common+0xa6>
   1082e:	f894 3043 	ldrb.w	r3, [r4, #67]	; 0x43
   10832:	6822      	ldr	r2, [r4, #0]
   10834:	3300      	adds	r3, #0
   10836:	bf18      	it	ne
   10838:	2301      	movne	r3, #1
   1083a:	0692      	lsls	r2, r2, #26
   1083c:	d42e      	bmi.n	1089c <_printf_common+0xc0>
   1083e:	f104 0243 	add.w	r2, r4, #67	; 0x43
   10842:	4639      	mov	r1, r7
   10844:	4630      	mov	r0, r6
   10846:	47c0      	blx	r8
   10848:	3001      	adds	r0, #1
   1084a:	d021      	beq.n	10890 <_printf_common+0xb4>
   1084c:	6823      	ldr	r3, [r4, #0]
   1084e:	68e5      	ldr	r5, [r4, #12]
   10850:	f8d9 2000 	ldr.w	r2, [r9]
   10854:	f003 0306 	and.w	r3, r3, #6
   10858:	2b04      	cmp	r3, #4
   1085a:	bf08      	it	eq
   1085c:	1aad      	subeq	r5, r5, r2
   1085e:	68a3      	ldr	r3, [r4, #8]
   10860:	6922      	ldr	r2, [r4, #16]
   10862:	bf0c      	ite	eq
   10864:	ea25 75e5 	biceq.w	r5, r5, r5, asr #31
   10868:	2500      	movne	r5, #0
   1086a:	4293      	cmp	r3, r2
   1086c:	bfc4      	itt	gt
   1086e:	1a9b      	subgt	r3, r3, r2
   10870:	18ed      	addgt	r5, r5, r3
   10872:	f04f 0900 	mov.w	r9, #0
   10876:	341a      	adds	r4, #26
   10878:	454d      	cmp	r5, r9
   1087a:	d11b      	bne.n	108b4 <_printf_common+0xd8>
   1087c:	2000      	movs	r0, #0
   1087e:	e8bd 87f0 	ldmia.w	sp!, {r4, r5, r6, r7, r8, r9, sl, pc}
   10882:	2301      	movs	r3, #1
   10884:	4652      	mov	r2, sl
   10886:	4639      	mov	r1, r7
   10888:	4630      	mov	r0, r6
   1088a:	47c0      	blx	r8
   1088c:	3001      	adds	r0, #1
   1088e:	d103      	bne.n	10898 <_printf_common+0xbc>
   10890:	f04f 30ff 	mov.w	r0, #4294967295
   10894:	e8bd 87f0 	ldmia.w	sp!, {r4, r5, r6, r7, r8, r9, sl, pc}
   10898:	3501      	adds	r5, #1
   1089a:	e7c2      	b.n	10822 <_printf_common+0x46>
   1089c:	18e1      	adds	r1, r4, r3
   1089e:	1c5a      	adds	r2, r3, #1
   108a0:	2030      	movs	r0, #48	; 0x30
   108a2:	f881 0043 	strb.w	r0, [r1, #67]	; 0x43
   108a6:	4422      	add	r2, r4
   108a8:	f894 1045 	ldrb.w	r1, [r4, #69]	; 0x45
   108ac:	f882 1043 	strb.w	r1, [r2, #67]	; 0x43
   108b0:	3302      	adds	r3, #2
   108b2:	e7c4      	b.n	1083e <_printf_common+0x62>
   108b4:	2301      	movs	r3, #1
   108b6:	4622      	mov	r2, r4
   108b8:	4639      	mov	r1, r7
   108ba:	4630      	mov	r0, r6
   108bc:	47c0      	blx	r8
   108be:	3001      	adds	r0, #1
   108c0:	d0e6      	beq.n	10890 <_printf_common+0xb4>
   108c2:	f109 0901 	add.w	r9, r9, #1
   108c6:	e7d7      	b.n	10878 <_printf_common+0x9c>

000108c8 <_printf_i>:
   108c8:	e92d 43f0 	stmdb	sp!, {r4, r5, r6, r7, r8, r9, lr}
   108cc:	4617      	mov	r7, r2
   108ce:	7e0a      	ldrb	r2, [r1, #24]
   108d0:	b085      	sub	sp, #20
   108d2:	2a6e      	cmp	r2, #110	; 0x6e
   108d4:	4698      	mov	r8, r3
   108d6:	4606      	mov	r6, r0
   108d8:	460c      	mov	r4, r1
   108da:	9b0c      	ldr	r3, [sp, #48]	; 0x30
   108dc:	f101 0e43 	add.w	lr, r1, #67	; 0x43
   108e0:	f000 80bc 	beq.w	10a5c <_printf_i+0x194>
   108e4:	d81a      	bhi.n	1091c <_printf_i+0x54>
   108e6:	2a63      	cmp	r2, #99	; 0x63
   108e8:	d02e      	beq.n	10948 <_printf_i+0x80>
   108ea:	d80a      	bhi.n	10902 <_printf_i+0x3a>
   108ec:	2a00      	cmp	r2, #0
   108ee:	f000 80c8 	beq.w	10a82 <_printf_i+0x1ba>
   108f2:	2a58      	cmp	r2, #88	; 0x58
   108f4:	f000 808a 	beq.w	10a0c <_printf_i+0x144>
   108f8:	f104 0542 	add.w	r5, r4, #66	; 0x42
   108fc:	f884 2042 	strb.w	r2, [r4, #66]	; 0x42
   10900:	e02a      	b.n	10958 <_printf_i+0x90>
   10902:	2a64      	cmp	r2, #100	; 0x64
   10904:	d001      	beq.n	1090a <_printf_i+0x42>
   10906:	2a69      	cmp	r2, #105	; 0x69
   10908:	d1f6      	bne.n	108f8 <_printf_i+0x30>
   1090a:	6821      	ldr	r1, [r4, #0]
   1090c:	681a      	ldr	r2, [r3, #0]
   1090e:	f011 0f80 	tst.w	r1, #128	; 0x80
   10912:	d023      	beq.n	1095c <_printf_i+0x94>
   10914:	1d11      	adds	r1, r2, #4
   10916:	6019      	str	r1, [r3, #0]
   10918:	6813      	ldr	r3, [r2, #0]
   1091a:	e027      	b.n	1096c <_printf_i+0xa4>
   1091c:	2a73      	cmp	r2, #115	; 0x73
   1091e:	f000 80b4 	beq.w	10a8a <_printf_i+0x1c2>
   10922:	d808      	bhi.n	10936 <_printf_i+0x6e>
   10924:	2a6f      	cmp	r2, #111	; 0x6f
   10926:	d02a      	beq.n	1097e <_printf_i+0xb6>
   10928:	2a70      	cmp	r2, #112	; 0x70
   1092a:	d1e5      	bne.n	108f8 <_printf_i+0x30>
   1092c:	680a      	ldr	r2, [r1, #0]
   1092e:	f042 0220 	orr.w	r2, r2, #32
   10932:	600a      	str	r2, [r1, #0]
   10934:	e003      	b.n	1093e <_printf_i+0x76>
   10936:	2a75      	cmp	r2, #117	; 0x75
   10938:	d021      	beq.n	1097e <_printf_i+0xb6>
   1093a:	2a78      	cmp	r2, #120	; 0x78
   1093c:	d1dc      	bne.n	108f8 <_printf_i+0x30>
   1093e:	2278      	movs	r2, #120	; 0x78
   10940:	f884 2045 	strb.w	r2, [r4, #69]	; 0x45
   10944:	496e      	ldr	r1, [pc, #440]	; (10b00 <_printf_i+0x238>)
   10946:	e064      	b.n	10a12 <_printf_i+0x14a>
   10948:	681a      	ldr	r2, [r3, #0]
   1094a:	f101 0542 	add.w	r5, r1, #66	; 0x42
   1094e:	1d11      	adds	r1, r2, #4
   10950:	6019      	str	r1, [r3, #0]
   10952:	6813      	ldr	r3, [r2, #0]
   10954:	f884 3042 	strb.w	r3, [r4, #66]	; 0x42
   10958:	2301      	movs	r3, #1
   1095a:	e0a3      	b.n	10aa4 <_printf_i+0x1dc>
   1095c:	f011 0f40 	tst.w	r1, #64	; 0x40
   10960:	f102 0104 	add.w	r1, r2, #4
   10964:	6019      	str	r1, [r3, #0]
   10966:	d0d7      	beq.n	10918 <_printf_i+0x50>
   10968:	f9b2 3000 	ldrsh.w	r3, [r2]
   1096c:	2b00      	cmp	r3, #0
   1096e:	da03      	bge.n	10978 <_printf_i+0xb0>
   10970:	222d      	movs	r2, #45	; 0x2d
   10972:	425b      	negs	r3, r3
   10974:	f884 2043 	strb.w	r2, [r4, #67]	; 0x43
   10978:	4962      	ldr	r1, [pc, #392]	; (10b04 <_printf_i+0x23c>)
   1097a:	220a      	movs	r2, #10
   1097c:	e017      	b.n	109ae <_printf_i+0xe6>
   1097e:	6820      	ldr	r0, [r4, #0]
   10980:	6819      	ldr	r1, [r3, #0]
   10982:	f010 0f80 	tst.w	r0, #128	; 0x80
   10986:	d003      	beq.n	10990 <_printf_i+0xc8>
   10988:	1d08      	adds	r0, r1, #4
   1098a:	6018      	str	r0, [r3, #0]
   1098c:	680b      	ldr	r3, [r1, #0]
   1098e:	e006      	b.n	1099e <_printf_i+0xd6>
   10990:	f010 0f40 	tst.w	r0, #64	; 0x40
   10994:	f101 0004 	add.w	r0, r1, #4
   10998:	6018      	str	r0, [r3, #0]
   1099a:	d0f7      	beq.n	1098c <_printf_i+0xc4>
   1099c:	880b      	ldrh	r3, [r1, #0]
   1099e:	4959      	ldr	r1, [pc, #356]	; (10b04 <_printf_i+0x23c>)
   109a0:	2a6f      	cmp	r2, #111	; 0x6f
   109a2:	bf14      	ite	ne
   109a4:	220a      	movne	r2, #10
   109a6:	2208      	moveq	r2, #8
   109a8:	2000      	movs	r0, #0
   109aa:	f884 0043 	strb.w	r0, [r4, #67]	; 0x43
   109ae:	6865      	ldr	r5, [r4, #4]
   109b0:	60a5      	str	r5, [r4, #8]
   109b2:	2d00      	cmp	r5, #0
   109b4:	f2c0 809c 	blt.w	10af0 <_printf_i+0x228>
   109b8:	6820      	ldr	r0, [r4, #0]
   109ba:	f020 0004 	bic.w	r0, r0, #4
   109be:	6020      	str	r0, [r4, #0]
   109c0:	2b00      	cmp	r3, #0
   109c2:	d13f      	bne.n	10a44 <_printf_i+0x17c>
   109c4:	2d00      	cmp	r5, #0
   109c6:	f040 8095 	bne.w	10af4 <_printf_i+0x22c>
   109ca:	4675      	mov	r5, lr
   109cc:	2a08      	cmp	r2, #8
   109ce:	d10b      	bne.n	109e8 <_printf_i+0x120>
   109d0:	6823      	ldr	r3, [r4, #0]
   109d2:	07da      	lsls	r2, r3, #31
   109d4:	d508      	bpl.n	109e8 <_printf_i+0x120>
   109d6:	6923      	ldr	r3, [r4, #16]
   109d8:	6862      	ldr	r2, [r4, #4]
   109da:	429a      	cmp	r2, r3
   109dc:	bfde      	ittt	le
   109de:	2330      	movle	r3, #48	; 0x30
   109e0:	f805 3c01 	strble.w	r3, [r5, #-1]
   109e4:	f105 35ff 	addle.w	r5, r5, #4294967295
   109e8:	ebae 0305 	sub.w	r3, lr, r5
   109ec:	6123      	str	r3, [r4, #16]
   109ee:	f8cd 8000 	str.w	r8, [sp]
   109f2:	463b      	mov	r3, r7
   109f4:	aa03      	add	r2, sp, #12
   109f6:	4621      	mov	r1, r4
   109f8:	4630      	mov	r0, r6
   109fa:	f7ff feef 	bl	107dc <_printf_common>
   109fe:	3001      	adds	r0, #1
   10a00:	d155      	bne.n	10aae <_printf_i+0x1e6>
   10a02:	f04f 30ff 	mov.w	r0, #4294967295
   10a06:	b005      	add	sp, #20
   10a08:	e8bd 83f0 	ldmia.w	sp!, {r4, r5, r6, r7, r8, r9, pc}
   10a0c:	f881 2045 	strb.w	r2, [r1, #69]	; 0x45
   10a10:	493c      	ldr	r1, [pc, #240]	; (10b04 <_printf_i+0x23c>)
   10a12:	6822      	ldr	r2, [r4, #0]
   10a14:	6818      	ldr	r0, [r3, #0]
   10a16:	f012 0f80 	tst.w	r2, #128	; 0x80
   10a1a:	f100 0504 	add.w	r5, r0, #4
   10a1e:	601d      	str	r5, [r3, #0]
   10a20:	d001      	beq.n	10a26 <_printf_i+0x15e>
   10a22:	6803      	ldr	r3, [r0, #0]
   10a24:	e002      	b.n	10a2c <_printf_i+0x164>
   10a26:	0655      	lsls	r5, r2, #25
   10a28:	d5fb      	bpl.n	10a22 <_printf_i+0x15a>
   10a2a:	8803      	ldrh	r3, [r0, #0]
   10a2c:	07d0      	lsls	r0, r2, #31
   10a2e:	bf44      	itt	mi
   10a30:	f042 0220 	orrmi.w	r2, r2, #32
   10a34:	6022      	strmi	r2, [r4, #0]
   10a36:	b91b      	cbnz	r3, 10a40 <_printf_i+0x178>
   10a38:	6822      	ldr	r2, [r4, #0]
   10a3a:	f022 0220 	bic.w	r2, r2, #32
   10a3e:	6022      	str	r2, [r4, #0]
   10a40:	2210      	movs	r2, #16
   10a42:	e7b1      	b.n	109a8 <_printf_i+0xe0>
   10a44:	4675      	mov	r5, lr
   10a46:	fbb3 f0f2 	udiv	r0, r3, r2
   10a4a:	fb02 3310 	mls	r3, r2, r0, r3
   10a4e:	5ccb      	ldrb	r3, [r1, r3]
   10a50:	f805 3d01 	strb.w	r3, [r5, #-1]!
   10a54:	4603      	mov	r3, r0
   10a56:	2800      	cmp	r0, #0
   10a58:	d1f5      	bne.n	10a46 <_printf_i+0x17e>
   10a5a:	e7b7      	b.n	109cc <_printf_i+0x104>
   10a5c:	6808      	ldr	r0, [r1, #0]
   10a5e:	681a      	ldr	r2, [r3, #0]
   10a60:	6949      	ldr	r1, [r1, #20]
   10a62:	f010 0f80 	tst.w	r0, #128	; 0x80
   10a66:	d004      	beq.n	10a72 <_printf_i+0x1aa>
   10a68:	1d10      	adds	r0, r2, #4
   10a6a:	6018      	str	r0, [r3, #0]
   10a6c:	6813      	ldr	r3, [r2, #0]
   10a6e:	6019      	str	r1, [r3, #0]
   10a70:	e007      	b.n	10a82 <_printf_i+0x1ba>
   10a72:	f010 0f40 	tst.w	r0, #64	; 0x40
   10a76:	f102 0004 	add.w	r0, r2, #4
   10a7a:	6018      	str	r0, [r3, #0]
   10a7c:	6813      	ldr	r3, [r2, #0]
   10a7e:	d0f6      	beq.n	10a6e <_printf_i+0x1a6>
   10a80:	8019      	strh	r1, [r3, #0]
   10a82:	2300      	movs	r3, #0
   10a84:	6123      	str	r3, [r4, #16]
   10a86:	4675      	mov	r5, lr
   10a88:	e7b1      	b.n	109ee <_printf_i+0x126>
   10a8a:	681a      	ldr	r2, [r3, #0]
   10a8c:	1d11      	adds	r1, r2, #4
   10a8e:	6019      	str	r1, [r3, #0]
   10a90:	6815      	ldr	r5, [r2, #0]
   10a92:	6862      	ldr	r2, [r4, #4]
   10a94:	2100      	movs	r1, #0
   10a96:	4628      	mov	r0, r5
   10a98:	f000 f84a 	bl	10b30 <memchr>
   10a9c:	b108      	cbz	r0, 10aa2 <_printf_i+0x1da>
   10a9e:	1b40      	subs	r0, r0, r5
   10aa0:	6060      	str	r0, [r4, #4]
   10aa2:	6863      	ldr	r3, [r4, #4]
   10aa4:	6123      	str	r3, [r4, #16]
   10aa6:	2300      	movs	r3, #0
   10aa8:	f884 3043 	strb.w	r3, [r4, #67]	; 0x43
   10aac:	e79f      	b.n	109ee <_printf_i+0x126>
   10aae:	6923      	ldr	r3, [r4, #16]
   10ab0:	462a      	mov	r2, r5
   10ab2:	4639      	mov	r1, r7
   10ab4:	4630      	mov	r0, r6
   10ab6:	47c0      	blx	r8
   10ab8:	3001      	adds	r0, #1
   10aba:	d0a2      	beq.n	10a02 <_printf_i+0x13a>
   10abc:	6823      	ldr	r3, [r4, #0]
   10abe:	079b      	lsls	r3, r3, #30
   10ac0:	d507      	bpl.n	10ad2 <_printf_i+0x20a>
   10ac2:	2500      	movs	r5, #0
   10ac4:	f104 0919 	add.w	r9, r4, #25
   10ac8:	68e3      	ldr	r3, [r4, #12]
   10aca:	9a03      	ldr	r2, [sp, #12]
   10acc:	1a9b      	subs	r3, r3, r2
   10ace:	429d      	cmp	r5, r3
   10ad0:	db05      	blt.n	10ade <_printf_i+0x216>
   10ad2:	68e0      	ldr	r0, [r4, #12]
   10ad4:	9b03      	ldr	r3, [sp, #12]
   10ad6:	4298      	cmp	r0, r3
   10ad8:	bfb8      	it	lt
   10ada:	4618      	movlt	r0, r3
   10adc:	e793      	b.n	10a06 <_printf_i+0x13e>
   10ade:	2301      	movs	r3, #1
   10ae0:	464a      	mov	r2, r9
   10ae2:	4639      	mov	r1, r7
   10ae4:	4630      	mov	r0, r6
   10ae6:	47c0      	blx	r8
   10ae8:	3001      	adds	r0, #1
   10aea:	d08a      	beq.n	10a02 <_printf_i+0x13a>
   10aec:	3501      	adds	r5, #1
   10aee:	e7eb      	b.n	10ac8 <_printf_i+0x200>
   10af0:	2b00      	cmp	r3, #0
   10af2:	d1a7      	bne.n	10a44 <_printf_i+0x17c>
   10af4:	780b      	ldrb	r3, [r1, #0]
   10af6:	f884 3042 	strb.w	r3, [r4, #66]	; 0x42
   10afa:	f104 0542 	add.w	r5, r4, #66	; 0x42
   10afe:	e765      	b.n	109cc <_printf_i+0x104>
   10b00:	000123da 	.word	0x000123da
   10b04:	000123c9 	.word	0x000123c9

00010b08 <_sbrk_r>:
   10b08:	b538      	push	{r3, r4, r5, lr}
   10b0a:	4c06      	ldr	r4, [pc, #24]	; (10b24 <_sbrk_r+0x1c>)
   10b0c:	2300      	movs	r3, #0
   10b0e:	4605      	mov	r5, r0
   10b10:	4608      	mov	r0, r1
   10b12:	6023      	str	r3, [r4, #0]
   10b14:	f7f8 fa88 	bl	9028 <_sbrk>
   10b18:	1c43      	adds	r3, r0, #1
   10b1a:	d102      	bne.n	10b22 <_sbrk_r+0x1a>
   10b1c:	6823      	ldr	r3, [r4, #0]
   10b1e:	b103      	cbz	r3, 10b22 <_sbrk_r+0x1a>
   10b20:	602b      	str	r3, [r5, #0]
   10b22:	bd38      	pop	{r3, r4, r5, pc}
   10b24:	2000f8f4 	.word	0x2000f8f4
	...

00010b30 <memchr>:
   10b30:	f001 01ff 	and.w	r1, r1, #255	; 0xff
   10b34:	2a10      	cmp	r2, #16
   10b36:	db2b      	blt.n	10b90 <memchr+0x60>
   10b38:	f010 0f07 	tst.w	r0, #7
   10b3c:	d008      	beq.n	10b50 <memchr+0x20>
   10b3e:	f810 3b01 	ldrb.w	r3, [r0], #1
   10b42:	3a01      	subs	r2, #1
   10b44:	428b      	cmp	r3, r1
   10b46:	d02d      	beq.n	10ba4 <memchr+0x74>
   10b48:	f010 0f07 	tst.w	r0, #7
   10b4c:	b342      	cbz	r2, 10ba0 <memchr+0x70>
   10b4e:	d1f6      	bne.n	10b3e <memchr+0xe>
   10b50:	b4f0      	push	{r4, r5, r6, r7}
   10b52:	ea41 2101 	orr.w	r1, r1, r1, lsl #8
   10b56:	ea41 4101 	orr.w	r1, r1, r1, lsl #16
   10b5a:	f022 0407 	bic.w	r4, r2, #7
   10b5e:	f07f 0700 	mvns.w	r7, #0
   10b62:	2300      	movs	r3, #0
   10b64:	e8f0 5602 	ldrd	r5, r6, [r0], #8
   10b68:	3c08      	subs	r4, #8
   10b6a:	ea85 0501 	eor.w	r5, r5, r1
   10b6e:	ea86 0601 	eor.w	r6, r6, r1
   10b72:	fa85 f547 	uadd8	r5, r5, r7
   10b76:	faa3 f587 	sel	r5, r3, r7
   10b7a:	fa86 f647 	uadd8	r6, r6, r7
   10b7e:	faa5 f687 	sel	r6, r5, r7
   10b82:	b98e      	cbnz	r6, 10ba8 <memchr+0x78>
   10b84:	d1ee      	bne.n	10b64 <memchr+0x34>
   10b86:	bcf0      	pop	{r4, r5, r6, r7}
   10b88:	f001 01ff 	and.w	r1, r1, #255	; 0xff
   10b8c:	f002 0207 	and.w	r2, r2, #7
   10b90:	b132      	cbz	r2, 10ba0 <memchr+0x70>
   10b92:	f810 3b01 	ldrb.w	r3, [r0], #1
   10b96:	3a01      	subs	r2, #1
   10b98:	ea83 0301 	eor.w	r3, r3, r1
   10b9c:	b113      	cbz	r3, 10ba4 <memchr+0x74>
   10b9e:	d1f8      	bne.n	10b92 <memchr+0x62>
   10ba0:	2000      	movs	r0, #0
   10ba2:	4770      	bx	lr
   10ba4:	3801      	subs	r0, #1
   10ba6:	4770      	bx	lr
   10ba8:	2d00      	cmp	r5, #0
   10baa:	bf06      	itte	eq
   10bac:	4635      	moveq	r5, r6
   10bae:	3803      	subeq	r0, #3
   10bb0:	3807      	subne	r0, #7
   10bb2:	f015 0f01 	tst.w	r5, #1
   10bb6:	d107      	bne.n	10bc8 <memchr+0x98>
   10bb8:	3001      	adds	r0, #1
   10bba:	f415 7f80 	tst.w	r5, #256	; 0x100
   10bbe:	bf02      	ittt	eq
   10bc0:	3001      	addeq	r0, #1
   10bc2:	f415 3fc0 	tsteq.w	r5, #98304	; 0x18000
   10bc6:	3001      	addeq	r0, #1
   10bc8:	bcf0      	pop	{r4, r5, r6, r7}
   10bca:	3801      	subs	r0, #1
   10bcc:	4770      	bx	lr
   10bce:	bf00      	nop

00010bd0 <memmove>:
   10bd0:	4288      	cmp	r0, r1
   10bd2:	b510      	push	{r4, lr}
   10bd4:	eb01 0302 	add.w	r3, r1, r2
   10bd8:	d803      	bhi.n	10be2 <memmove+0x12>
   10bda:	1e42      	subs	r2, r0, #1
   10bdc:	4299      	cmp	r1, r3
   10bde:	d10c      	bne.n	10bfa <memmove+0x2a>
   10be0:	bd10      	pop	{r4, pc}
   10be2:	4298      	cmp	r0, r3
   10be4:	d2f9      	bcs.n	10bda <memmove+0xa>
   10be6:	1881      	adds	r1, r0, r2
   10be8:	1ad2      	subs	r2, r2, r3
   10bea:	42d3      	cmn	r3, r2
   10bec:	d100      	bne.n	10bf0 <memmove+0x20>
   10bee:	bd10      	pop	{r4, pc}
   10bf0:	f813 4d01 	ldrb.w	r4, [r3, #-1]!
   10bf4:	f801 4d01 	strb.w	r4, [r1, #-1]!
   10bf8:	e7f7      	b.n	10bea <memmove+0x1a>
   10bfa:	f811 4b01 	ldrb.w	r4, [r1], #1
   10bfe:	f802 4f01 	strb.w	r4, [r2, #1]!
   10c02:	e7eb      	b.n	10bdc <memmove+0xc>

00010c04 <__malloc_lock>:
   10c04:	4770      	bx	lr

00010c06 <__malloc_unlock>:
   10c06:	4770      	bx	lr

00010c08 <_free_r>:
   10c08:	b538      	push	{r3, r4, r5, lr}
   10c0a:	4605      	mov	r5, r0
   10c0c:	2900      	cmp	r1, #0
   10c0e:	d045      	beq.n	10c9c <_free_r+0x94>
   10c10:	f851 3c04 	ldr.w	r3, [r1, #-4]
   10c14:	1f0c      	subs	r4, r1, #4
   10c16:	2b00      	cmp	r3, #0
   10c18:	bfb8      	it	lt
   10c1a:	18e4      	addlt	r4, r4, r3
   10c1c:	f7ff fff2 	bl	10c04 <__malloc_lock>
   10c20:	4a1f      	ldr	r2, [pc, #124]	; (10ca0 <_free_r+0x98>)
   10c22:	6813      	ldr	r3, [r2, #0]
   10c24:	4610      	mov	r0, r2
   10c26:	b933      	cbnz	r3, 10c36 <_free_r+0x2e>
   10c28:	6063      	str	r3, [r4, #4]
   10c2a:	6014      	str	r4, [r2, #0]
   10c2c:	4628      	mov	r0, r5
   10c2e:	e8bd 4038 	ldmia.w	sp!, {r3, r4, r5, lr}
   10c32:	f7ff bfe8 	b.w	10c06 <__malloc_unlock>
   10c36:	42a3      	cmp	r3, r4
   10c38:	d90c      	bls.n	10c54 <_free_r+0x4c>
   10c3a:	6821      	ldr	r1, [r4, #0]
   10c3c:	1862      	adds	r2, r4, r1
   10c3e:	4293      	cmp	r3, r2
   10c40:	bf04      	itt	eq
   10c42:	681a      	ldreq	r2, [r3, #0]
   10c44:	685b      	ldreq	r3, [r3, #4]
   10c46:	6063      	str	r3, [r4, #4]
   10c48:	bf04      	itt	eq
   10c4a:	1852      	addeq	r2, r2, r1
   10c4c:	6022      	streq	r2, [r4, #0]
   10c4e:	6004      	str	r4, [r0, #0]
   10c50:	e7ec      	b.n	10c2c <_free_r+0x24>
   10c52:	4613      	mov	r3, r2
   10c54:	685a      	ldr	r2, [r3, #4]
   10c56:	b10a      	cbz	r2, 10c5c <_free_r+0x54>
   10c58:	42a2      	cmp	r2, r4
   10c5a:	d9fa      	bls.n	10c52 <_free_r+0x4a>
   10c5c:	6819      	ldr	r1, [r3, #0]
   10c5e:	1858      	adds	r0, r3, r1
   10c60:	42a0      	cmp	r0, r4
   10c62:	d10b      	bne.n	10c7c <_free_r+0x74>
   10c64:	6820      	ldr	r0, [r4, #0]
   10c66:	4401      	add	r1, r0
   10c68:	1858      	adds	r0, r3, r1
   10c6a:	4282      	cmp	r2, r0
   10c6c:	6019      	str	r1, [r3, #0]
   10c6e:	d1dd      	bne.n	10c2c <_free_r+0x24>
   10c70:	6810      	ldr	r0, [r2, #0]
   10c72:	6852      	ldr	r2, [r2, #4]
   10c74:	605a      	str	r2, [r3, #4]
   10c76:	4401      	add	r1, r0
   10c78:	6019      	str	r1, [r3, #0]
   10c7a:	e7d7      	b.n	10c2c <_free_r+0x24>
   10c7c:	d902      	bls.n	10c84 <_free_r+0x7c>
   10c7e:	230c      	movs	r3, #12
   10c80:	602b      	str	r3, [r5, #0]
   10c82:	e7d3      	b.n	10c2c <_free_r+0x24>
   10c84:	6820      	ldr	r0, [r4, #0]
   10c86:	1821      	adds	r1, r4, r0
   10c88:	428a      	cmp	r2, r1
   10c8a:	bf04      	itt	eq
   10c8c:	6811      	ldreq	r1, [r2, #0]
   10c8e:	6852      	ldreq	r2, [r2, #4]
   10c90:	6062      	str	r2, [r4, #4]
   10c92:	bf04      	itt	eq
   10c94:	1809      	addeq	r1, r1, r0
   10c96:	6021      	streq	r1, [r4, #0]
   10c98:	605c      	str	r4, [r3, #4]
   10c9a:	e7c7      	b.n	10c2c <_free_r+0x24>
   10c9c:	bd38      	pop	{r3, r4, r5, pc}
   10c9e:	bf00      	nop
   10ca0:	2000db7c 	.word	0x2000db7c

00010ca4 <_realloc_r>:
   10ca4:	b5f8      	push	{r3, r4, r5, r6, r7, lr}
   10ca6:	4607      	mov	r7, r0
   10ca8:	4614      	mov	r4, r2
   10caa:	460e      	mov	r6, r1
   10cac:	b921      	cbnz	r1, 10cb8 <_realloc_r+0x14>
   10cae:	4611      	mov	r1, r2
   10cb0:	e8bd 40f8 	ldmia.w	sp!, {r3, r4, r5, r6, r7, lr}
   10cb4:	f7ff bbe4 	b.w	10480 <_malloc_r>
   10cb8:	b922      	cbnz	r2, 10cc4 <_realloc_r+0x20>
   10cba:	f7ff ffa5 	bl	10c08 <_free_r>
   10cbe:	4625      	mov	r5, r4
   10cc0:	4628      	mov	r0, r5
   10cc2:	bdf8      	pop	{r3, r4, r5, r6, r7, pc}
   10cc4:	f000 f814 	bl	10cf0 <_malloc_usable_size_r>
   10cc8:	4284      	cmp	r4, r0
   10cca:	d90f      	bls.n	10cec <_realloc_r+0x48>
   10ccc:	4621      	mov	r1, r4
   10cce:	4638      	mov	r0, r7
   10cd0:	f7ff fbd6 	bl	10480 <_malloc_r>
   10cd4:	4605      	mov	r5, r0
   10cd6:	2800      	cmp	r0, #0
   10cd8:	d0f2      	beq.n	10cc0 <_realloc_r+0x1c>
   10cda:	4631      	mov	r1, r6
   10cdc:	4622      	mov	r2, r4
   10cde:	f7ff fb7a 	bl	103d6 <memcpy>
   10ce2:	4631      	mov	r1, r6
   10ce4:	4638      	mov	r0, r7
   10ce6:	f7ff ff8f 	bl	10c08 <_free_r>
   10cea:	e7e9      	b.n	10cc0 <_realloc_r+0x1c>
   10cec:	4635      	mov	r5, r6
   10cee:	e7e7      	b.n	10cc0 <_realloc_r+0x1c>

00010cf0 <_malloc_usable_size_r>:
   10cf0:	f851 0c04 	ldr.w	r0, [r1, #-4]
   10cf4:	2800      	cmp	r0, #0
   10cf6:	f1a0 0004 	sub.w	r0, r0, #4
   10cfa:	bfbc      	itt	lt
   10cfc:	580b      	ldrlt	r3, [r1, r0]
   10cfe:	18c0      	addlt	r0, r0, r3
   10d00:	4770      	bx	lr
   10d02:	0000      	movs	r0, r0
   10d04:	50697a49 	.word	0x50697a49
   10d08:	5273756c 	.word	0x5273756c
   10d0c:	00000078 	.word	0x00000078

00010d10 <csel_rates>:
   10d10:	00155cc0 000f4240 00077a10 00036ee8     .\..@B...z...n..

00010d20 <random_table>:
   10d20:	01f40000 05dc03e8 09c407d0 0dac0bb8     ................
   10d30:	0dac0fa0 09c40bb8 05dc07d0 01f403e8     ................

00010d40 <dmxTable>:
   10d40:	00020000 002f0012 00830056 00ef00b6     ....../.V.......
   10d50:	0170012d 020101b7 02a20250 035202f8     -.p.....P.....R.
   10d60:	040e03ae 04d60470 05a9053e 06880617     ....p...>.......
   10d70:	077106fb 086407e9 096008e1 0a6609e2     ..q...d...`...f.
   10d80:	0b740aec 0c8b0bfe 0daa0d1a 0ed20e3d     ..t.........=...
   10d90:	10010f68 1138109b 127611d6 13bc1318     h.....8...v.....
   10da0:	15091462 165d15b2 17b8170a 19191868     b.....].....h...
   10db0:	1a8219cd 1bf01b38 1d651caa 1ee11e22     ....8.....e."...
   10dc0:	20621fa1 21ea2125 237722b0 250b2440     ..b %!.!."w#@$.%
   10dd0:	26a425d6 28432773 29e72914 2b912abc     .%.&s'C(.).).*.+
   10de0:	2d412c69 2ef62e1b 30b12fd3 32703190     i,A-...../.0.1p2
   10df0:	34353352 3600351a 37cf36e7 39a338b8     R354.5.6.6.7.8.9
   10e00:	3b7d3a8f 3d5b3c6b 3f3e3e4c 41264032     .:};k<[=L>>?2@&A
   10e10:	4313421c 4505440b 46fb45ff 48f647f8     .B.C.D.E.E.F.G.H
   10e20:	4af649f5 4cfa4bf7 4f034dfe 51105009     .I.J.K.L.M.O.P.Q
   10e30:	53225219 5538542d 57535645 59725862     .R"S-T8UEVSWbXrY
   10e40:	5b955a83 5dbd5ca8 5fe95ed2 62196100     .Z.[.\.].^._.a.b
   10e50:	644d6332 66856569 68c267a3 6b0369e2     2cMdie.f.g.h.i.k
   10e60:	6d476c25 6f906e6b 71dd70b6 742e7305     %lGmkn.o.p.q.s.t
   10e70:	76837558 78db77af 7b387a09 7d997c68     Xu.v.w.x.z8{h|.}
   10e80:	7ffd7eca 82658131 84d1839b 87418609     .~..1.e.......A.
   10e90:	89b5887a 8c2c8af0 8ea78d69 91268fe6     z.....,.i.....&.
   10ea0:	93a89267 962e94eb 98b89773 9b4699fe     g.......s.....F.
   10eb0:	9dd79c8e a06b9f20 a303a1b7 a59fa451     .... .k.....Q...
   10ec0:	a83ea6ee aae1a98f ad87ac34 b031aedb     ..>.....4.....1.
   10ed0:	b2deb187 b58eb436 b842b6e8 bafab99e     ....6.....B.....
   10ee0:	bdb4bc57 c072bf13 c334c1d3 c5f9c496     W.....r...4.....
   10ef0:	c8c1c75c cb8cca26 ce5bccf3 d12dcfc4     \...&.....[...-.
   10f00:	d402d297 d6dbd56e d9b6d848 dc95db25     ....n...H...%...
   10f10:	df77de06 e25de0ea e545e3d1 e831e6bb     ..w...]...E...1.
   10f20:	eb20e9a8 ee12ec98 f107ef8c f3fff282     .. .............
   10f30:	f6faf57c f9f9f879 fcfafb79 fffffe7c     |...y...y...|...
   10f40:	0000ffff 00030002 000b0006 001b0012     ................
   10f50:	00330026 00540043 007c0067 00ad0094     &.3.C.T.g.|.....
   10f60:	00e600c9 01270106 0170014b 01c10198     ......'.K.p.....
   10f70:	021b01ed 027c024b 02e602b0 0358031e     ....K.|.......X.
   10f80:	03d20394 04540412 04de0498 05700526     ......T.....&.p.
   10f90:	060a05bc 06ad065b 07580701 080a07b0     ....[.....X.....
   10fa0:	08c50867 09880926 0a5409ed 0b270abc     g...&.....T...'.
   10fb0:	0c020b93 0ce60c73 0dd10d5b 0ec50e4a     ....s...[...J...
   10fc0:	0fc10f42 10c51042 11d1114a 12e6125a     B...B...J...Z...
   10fd0:	14021373 15271493 165315bc 178816ed     s.....'...S.....
   10fe0:	18c51825 1a0a1966 1b571aaf 1cac1c01     %...f.....W.....
   10ff0:	1e0a1d5a 1f6f1ebc 20dd2025 22532197     Z.....o.% . .!S"
   11000:	23d12311 25572493 26e5261d 287b27af     .#.#.$W%.&.&.'{(
   11010:	2a1a294a 2bc02aec 2d6f2c97 2f262e49     J).*.*.+.,o-I.&/
   11020:	30e53004 32ac31c7 347b3392 36523566     .0.0.1.2.3{4f5R6
   11030:	38323741 3a193924 3c093b10 3e013d04     A728$9.:.;.<.=.>
   11040:	40013f00 42094104 44194310 46314524     .?.@.A.B.C.D$E1F
   11050:	48524741 4a7a4965 4cab4b92 4ee44dc6     AGRHeIzJ.K.L.M.N
   11060:	51255003 536e5248 55bf5496 581856eb     .P%QHRnS.T.U.V.X
   11070:	5a7a5948 5ce45bae 5f555e1b 61cf6091     HYzZ.[.\.^U_.`.a
   11080:	6451630f 66db6595 696d6823 6c086ab9     .cQd.e.f#hmi.j.l
   11090:	6eaa6d58 71556ffe 740772ad 76c27564     Xm.n.oUq.r.tdu.v
   110a0:	79857823 7c507aea 7f247db9 81ff8090     #x.y.zP|.}$.....
   110b0:	84e28370 87ce8657 8ac28947 8dbe8c3f     p...W...G...?...
   110c0:	90c28f3f 93ce9247 96e29557 99fe986f     ?...G...W...o...
   110d0:	9d239b8f a04f9eb8 a384a1e9 a6c1a522     ..#...O....."...
   110e0:	aa06a862 ad53abab b0a8aefd b406b256     b.....S.....V...
   110f0:	b76bb5b7 bad9b921 be4fbc93 c1ccc00c     ..k.!.....O.....
   11100:	c552c38e c8e1c718 cc77caab d015ce45     ..R.......w.E...
   11110:	d3bcd1e7 d76ad592 db21d945 dee0dcff     ......j.E.!.....
   11120:	e2a7e0c2 e676e48d ea4de861 ee2dec3c     ......v.a.M.<.-.
   11130:	f214f01f f604f40b f9fcf7ff fdfcfbfb     ................
   11140:	ffffffff 00020000 00040003 00060005     ................
   11150:	00080007 000d000a 00160011 0021001b     ..............!.
   11160:	00300028 00430039 0059004d 00740066     (.0.9.C.M.Y.f.t.
   11170:	00920082 00b500a3 00dd00c9 010a00f3     ................
   11180:	013c0122 01730157 01af0190 01f101cf     ".<.W.s.........
   11190:	02390214 0286025f 02da02b0 03340306     ..9._.........4.
   111a0:	03940363 03fb03c7 04680431 04dc04a1     c.......1.h.....
   111b0:	05570519 05d90597 0662061d 06f306aa     ..W.......b.....
   111c0:	078b073e 082a07d9 08d1087c 09800927     >.....*.|...'...
   111d0:	0a3609da 0af50a95 0bbc0b57 0c8b0c22     ..6.....W..."...
   111e0:	0d620cf5 0e420dd1 0f2a0eb5 101b0fa2     ..b...B...*.....
   111f0:	11151097 12181195 1323129c 143813ac     ..........#...8.
   11200:	155614c5 167d15e8 17ad1714 18e71849     ..V...}.....I...
   11210:	1a2a1988 1b781ad0 1cce1c22 1e2f1d7e     ..*...x."...~./.
   11220:	1f9a1ee3 210e2053 228d21cd 24162350     ....S .!.!."P#.$
   11230:	25aa24df 27472677 28ef281a 2aa229c7     .$.%w&G'.(.(.).*
   11240:	2c602b7f 2e282d42 2ffb2f10 31d830e8     .+`,B-(.././.0.1
   11250:	33c132cb 35b534ba 37b436b3 39be38b8     .2.3.4.5.6.7.8.9
   11260:	3bd43ac8 3df53ce3 40213f09 4259413c     .:.;.<.=.?!@<AYB
   11270:	449d4379 46ec45c3 49474818 4bae4a79     yC.D.E.F.HGIyJ.K
   11280:	4e214ce6 50a04f5f 532b51e4 55c25475     .L!N_O.P.Q+SuT.U
   11290:	58655712 5b1559bc 5dd15c72 609a5f34     .WeX.Y.[r\.]4_.`
   112a0:	636f6203 665164de 693f67c6 6c3a6abb     .boc.dQf.g?i.j:l
   112b0:	6f426dbd 725770cb 757973e7 78a8770f     .mBo.pWr.syu.w.x
   112c0:	7be47a44 7f2d7d87 828480d7 85e88434     Dz.{.}-.....4...
   112d0:	8959879e 8cd78b16 90638e9c 93fd922f     ..Y.......c./...
   112e0:	97a495cf 9b5a997d 9f1c9d39 a2eda103     ....}.Z.9.......
   112f0:	a6cca4db aab8a8c0 aeb3acb4 b2bcb0b6     ................
   11300:	b6d3b4c6 baf8b8e4 bf2cbd10 c36dc14b     ..........,.K.m.
   11310:	c7bec594 cc1dc9eb d08ace52 d506d2c6     ........R.......
   11320:	d991d74a de2adbdc e2d2e07c e78ae52c     J.....*.|...,...
   11330:	ec50e9eb f125eeb8 f609f395 fafcf881     ..P...%.........
   11340:	fffffd7b 0000ffff                       {.......

00011348 <random_table2>:
   11348:	030006be 01a30455 030c0642 010507b7     ....U...B.......
   11358:	003e0560 02bb0664 00f60627 004f0522     `.>.d...'...".O.
   11368:	70657453 6e776f44 00000000 40003000     StepDown.....0.@
   11378:	40003400 41012000 41014000 43000000     .4.@. .A.@.A...C
   11388:	43000400                                ...C

0001138c <_i2cms>:
   1138c:	00000003 60200014 00000100 0000006e     ...... `....n...
   1139c:	00d70000 05b8d800 50697a49 0073756c     ........IziPlus.
   113ac:	50697a49 5473756c 72656d69 00000000     IziPlusTimer....
   113bc:	65776f50 6e6f2072 203e2d20 71657246     Power on -> Freq
   113cc:	6425203a 4d64252e 52207a48 3a657461     : %d.%dMHz Rate:
   113dc:	6b642520 00007a48                        %dkHz..

000113e4 <modes.81318>:
   113e4:	00000001 68432031 656e6e61 0000006c     ....1 Channel...
	...
   11408:	00000005 68432034 4d206e61 65747361     ....4 Chan Maste
   11418:	00000072 00000000 00000000 00000000     r...............
   11428:	00000000 00000004 68432034 656e6e61     ........4 Channe
   11438:	0000006c 00000000 00000000 00000000     l...............
	...
   11450:	00000008 68432034 656e6e61 3631206c     ....4 Channel 16
   11460:	00746962 00000000 00000000 00000000     bit.............
   11470:	00000000 00000002 53205754 6c676e69     ........TW Singl
   11480:	74432065 00006c72 00000000 00000000     e Ctrl..........
	...
   11498:	00000001 53204457 6c676e69 74432065     ....WD Single Ct
   114a8:	00006c72 00000000 00000000 00000000     rl..............
   114b8:	00000000 00000004 44205754 206c6175     ........TW Dual 
   114c8:	6c727443 00000000 00000000 00000000     Ctrl............
	...
   114e0:	00000002 44204457 206c6175 6c727443     ....WD Dual Ctrl
	...
   11504:	00000002 736f7243 65766f73 57542072     ....Crossover TW
   11514:	00435320 00000000 00000000 00000000      SC.............
   11524:	00000000 00000001 736f7243 65766f73     ........Crossove
   11534:	44572072 00435320 00000000 00000000     r WD SC.........
	...
   1154c:	00000004 736f7243 65766f73 57542072     ....Crossover TW
   1155c:	00434420 00000000 00000000 00000000      DC.............
   1156c:	00000000 00000002 736f7243 65766f73     ........Crossove
   1157c:	44572072 00434420 00000000 00000000     r WD DC.........
	...

00011594 <configs.81319>:
   11594:	00000101 00000000 00000012 72727543     ............Curr
   115a4:	20746e65 00746573 00000000 00000000     ent set.........
   115b4:	00012201 00000000 00000003 746c6946     ."..........Filt
   115c4:	6d207265 0065646f 00000000 00000000     er mode.........
   115d4:	00020c01 003c0046 0000005a 3143544e     ....F.<.Z...NTC1
   115e4:	6d655420 72502070 0000746f 00000000      Temp Prot......
   115f4:	00031001 00000000 00000017 6e616843     ............Chan
   11604:	206c656e 70617753 00000000 00000000     nel Swap........
   11614:	00042101 00000000 00000020 746e6f43     .!...... ...Cont
   11624:	20746361 614d2031 00000070 00000000     act 1 Map.......
   11634:	00052301 00000002 00000003 206d6944     .#..........Dim 
   11644:	76727563 00000065 00000000 00000000     curve...........

00011654 <monitors.81320>:
   11654:	00000101 00000000 00000000 00000000     ................
   11664:	00000000 1a010000 00000001 00000000     ................
	...
   11680:	00031701 00000000 00000000 00000000     ................
   11690:	00000000 04010000 00000004 00000000     ................
	...
   116ac:	00050501 00000000 00000000 00000000     ................
   116bc:	00000000 0d010000 00000006 00000000     ................
	...
   116d8:	00070e01 00000000 00000000 00000000     ................
   116e8:	00000000 13010000 00000008 00000000     ................
	...
   11704:	00091901 00000000 00000000 00000000     ................
   11714:	00000000 15010000 0000000a 00000000     ................
	...
   11730:	000b1e02 00000000 00000000 00000000     ................
   11740:	00000000 20020000 0000000d 00000000     ....... ........
	...
   1175c:	000f2102 00000000 00000000 00000000     .!..............
   1176c:	00000000 24020000 00000011 00000000     .......$........
	...
   11788:	00132202 00000000 00000000 00000000     ."..............
   11798:	00000000 1f010000 00000014 00000000     ................
	...
   117b4:	00152b02 00000000 00000000 00000000     .+..............
	...

000117cc <CfgSwap_table>:
   117cc:	03020100 02030100 03010200 01030200     ................
   117dc:	02010300 01020300 03020001 02030001     ................
   117ec:	03000201 00030201 02000301 00020301     ................
   117fc:	03010002 01030002 03000102 00030102     ................
   1180c:	01000302 00010302 02010003 01020003     ................
   1181c:	02000103 00020103 01000203 00010203     ................

0001182c <Tw_Table>:
   1182c:	68605300 7b77736e 8784827f 908e8c89     .S`hnsw{........
   1183c:	97959392 9d9b9a98 a2a19f9e a6a5a4a3     ................
   1184c:	abaaa9a8 aeadadac b2b1b0af b5b4b3b3     ................
   1185c:	b8b7b7b6 bbbab9b9 bebdbcbc c0bfbfbe     ................
   1186c:	c2c2c1c1 c5c4c4c3 c7c6c6c5 c9c8c8c7     ................
   1187c:	cbcbcaca cdcccccc cfcececd d1d0d0cf     ................
   1188c:	d2d2d2d1 d4d4d3d3 d6d5d5d4 d7d7d6d6     ................
   1189c:	d9d8d8d8 dadadad9 dcdbdbdb dddddcdc     ................
   118ac:	dfdedede e0e0dfdf e1e1e1e0 e3e2e2e2     ................
   118bc:	e4e3e3e3 e5e5e4e4 e6e6e6e5 e7e7e7e7     ................
   118cc:	e9e8e8e8 eae9e9e9 ebebeaea ececebeb     ................
   118dc:	ededecec eeeeeeed efefefee f0f0f0ef     ................
   118ec:	f1f1f1f0 f2f2f2f1 f3f3f3f2 f4f4f4f3     ................
   118fc:	f5f5f5f4 f6f6f5f5 f7f7f6f6 f8f8f7f7     ................
   1190c:	f9f8f8f8 f9f9f9f9 fafafafa fbfbfbfb     ................
   1191c:	fcfcfcfb fdfdfcfc fefdfdfd fffefefe     ................
   1192c:	2d495a49 76697244 34434365 0000002b     IZI-DriveCC4+...
   1193c:	74697753 61206863 76697463 70282065     Switch active (p
   1194c:	73736572 6d697420 64252065 29736d20     ress time %d ms)
   1195c:	00000000 74697753 61206863 76697463     ....Switch activ
   1196c:	6e612065 65722064 74726f70 68206465     e and reported h
   1197c:	6c646e61 00006465 74697753 61206863     andled..Switch a
   1198c:	76697463 64252065 696c6320 00736b63     ctive %d clicks.
   1199c:	65776f50 70752d72 7372202c 25203a74     Power-up, rst: %
   119ac:	77202c64 25203a64 00000064 63746157     d, wd: %d...Watc
   119bc:	676f6468 73657220 202c7465 3a747372     hdog reset, rst:
   119cc:	2c642520 3a647720 00642520 20444f42      %d, wd: %d.BOD 
   119dc:	65736572 72202c74 203a7473 202c6425     reset, rst: %d, 
   119ec:	203a6477 00006425 20747845 65736572     wd: %d..Ext rese
   119fc:	72202c74 203a7473 202c6425 203a6477     t, rst: %d, wd: 
   11a0c:	00006425 20737953 65736572 72202c74     %d..Sys reset, r
   11a1c:	203a7473 202c6425 203a6477 00006425     st: %d, wd: %d..
   11a2c:	61766e49 2064696c 65736572 74732074     Invalid reset st
   11a3c:	74637572 00000000 73726556 206e6f69     ruct....Version 
   11a4c:	3a707061 2e642520 252e6425 62202c64     app: %d.%d.%d, b
   11a5c:	3a746f6f 2e642520 252e6425 00000064     oot: %d.%d.%d...
   11a6c:	6f747541 6e656720 0000002e 0000002d     Auto gen....-...

00011a7c <ntc_table_ext>:
   11a7c:	bbd0f8ff 959ba3ad 83868b8f 777a7d7f     .............}zw
   11a8c:	6f717375 686a6b6d 63646667 5f606162     usqomkjhgfdcba`_
   11a9c:	5b5c5d5e 5758595a 54555657 52525354     ^]\[ZYXWWVUTTSRR
   11aac:	4f505051 4d4e4e4f 4b4b4c4d 494a4a4a     QPPOONNMMLKKJJJI
   11abc:	47484849 46464647 44444545 43434344     IHHGGFFFEEDDDCCC
   11acc:	41424242 40404141 3f3f3f40 3e3e3e3e     BBBAAA@@@???>>>>
   11adc:	3c3d3d3d 3b3c3c3c 3a3b3b3b 393a3a3a     ===<<<<;;;;::::9
   11aec:	38393939 37383838 36373737 36363636     9998888777766666
   11afc:	35353535 34343435 33333434 32333333     5555544444333332
   11b0c:	32323232 31313132 30313131 30303030     2222211111100000
   11b1c:	2f2f2f30 2e2f2f2f 2e2e2e2e 2d2d2d2e     0//////......---
   11b2c:	2d2d2d2d 2c2c2c2c 2b2c2c2c 2b2b2b2b     ----,,,,,,,+++++
   11b3c:	2a2a2b2b 2a2a2a2a 29292a2a 29292929     ++********))))))
   11b4c:	28282929 28282828 27272828 27272727     ))((((((((''''''
   11b5c:	26272727 26262626 25262626 25252525     '''&&&&&&&&%%%%%
   11b6c:	25252525 24242425 24242424 23232424     %%%%%$$$$$$$$$##
   11b7c:	23232323 23232323 22222222 22222222     ########""""""""
   11b8c:	21222222 21212121 21212121 20202021     """!!!!!!!!!!   
   11b9c:	20202020 20202020 1f1f1f20 1f1f1f1f              .......
   11bac:	1f1f1f1f 1e1e1e1e 1e1e1e1e 1e1e1e1e     ................
   11bbc:	1d1d1d1d 1d1d1d1d 1d1d1d1d 1c1c1c1d     ................
   11bcc:	1c1c1c1c 1c1c1c1c 1b1b1c1c 1b1b1b1b     ................
   11bdc:	1b1b1b1b 1a1b1b1b 1a1a1a1a 1a1a1a1a     ................
   11bec:	1a1a1a1a 1919191a 19191919 19191919     ................
   11bfc:	18191919 18181818 18181818 18181818     ................
   11c0c:	17171818 17171717 17171717 17171717     ................
   11c1c:	16161717 16161616 16161616 16161616     ................
   11c2c:	15151616 15151515 15151515 15151515     ................
   11c3c:	14141515 14141414 14141414 14141414     ................
   11c4c:	13141414 13131313 13131313 13131313     ................
   11c5c:	13131313 12121212 12121212 12121212     ................
   11c6c:	12121212 11111212 00001111 00000000     ................

00011c7c <ntc_table>:
   11c7c:	f5ffffff bcc5d1e0 a2a8adb4 92969a9e     ................
   11c8c:	878a8c8f 7e808285 77797a7c 71727475     .......~|zywutrq
   11c9c:	6c6d6e70 68696a6b 64656666 60616263     pnmlkjihffedcba`
   11cac:	5d5e5e5f 5a5b5b5c 57585959 55555657     _^^]\[[ZYYXWWVUU
   11cbc:	53535454 50515252 4e4f4f50 4d4d4e4e     TTSSRRQPPOONNNMM
   11ccc:	4b4b4c4c 494a4a4a 48484849 46464747     LLKKJJJIIHHHGGFF
   11cdc:	45454546 43444444 42424343 41414142     FEEEDDDCCCBBBAAA
   11cec:	40404040 3e3f3f3f 3d3e3e3e 3c3c3d3d     @@@@???>>>>===<<
   11cfc:	3b3b3c3c 3a3a3b3b 39393a3a 38383939     <<;;;;::::999988
   11d0c:	37383838 36373737 36363636 35353535     8887777666665555
   11d1c:	34343435 33333434 32333333 32323232     5444443333322222
   11d2c:	31313131 30303131 2f303030 2f2f2f2f     11111100000/////
   11d3c:	2e2e2e2f 2d2e2e2e 2d2d2d2d 2c2c2d2d     /......-------,,
   11d4c:	2c2c2c2c 2b2b2b2b 2a2b2b2b 2a2a2a2a     ,,,,+++++++*****
   11d5c:	29292a2a 29292929 28282829 28282828     **)))))))(((((((
   11d6c:	27272728 27272727 26262626 26262626     ('''''''&&&&&&&&
   11d7c:	25252525 25252525 24242424 24242424     %%%%%%%%$$$$$$$$
   11d8c:	23232324 23232323 22222323 22222222     $#########""""""
   11d9c:	21222222 21212121 21212121 20202020     """!!!!!!!!!    
   11dac:	20202020 1f1f2020 1f1f1f1f 1f1f1f1f           ..........
   11dbc:	1e1e1e1e 1e1e1e1e 1d1d1e1e 1d1d1d1d     ................
   11dcc:	1d1d1d1d 1c1c1c1c 1c1c1c1c 1b1c1c1c     ................
   11ddc:	1b1b1b1b 1b1b1b1b 1a1b1b1b 1a1a1a1a     ................
   11dec:	1a1a1a1a 19191a1a 19191919 19191919     ................
   11dfc:	18181919 18181818 18181818 17181818     ................
   11e0c:	17171717 17171717 16171717 16161616     ................
   11e1c:	16161616 16161616 15151515 15151515     ................
   11e2c:	15151515 14141515 14141414 14141414     ................
   11e3c:	13141414 13131313 13131313 13131313     ................
   11e4c:	12121313 12121212 12121212 12121212     ................
   11e5c:	11111111 11111111 11111111 10111111     ................
   11e6c:	10101010 10101010 00001010 00000000     ................

00011e7c <adc_filters>:
   11e7c:	03030303 06030606                       ........

00011e84 <adc_channels>:
   11e84:	07060800 091a0203                       ........

00011e8c <adc2_filters>:
   11e8c:	00030606                                ....

00011e90 <adc2_channels>:
   11e90:	001a0a0f                                ....

00011e94 <g_Adc_12bitFullRange>:
   11e94:	00001000 6c616e41 545f676f 72656d69     ....Analog_Timer
   11ea4:	00000000                                ....

00011ea8 <color_table>:
   11ea8:	00000064 00000064 003c6464 00640064     d...d...dd<.d.d.
   11eb8:	64646464 00146464 003c1e64 121e0000     dddddd..d.<.....
   11ec8:	0a000000 14001400 14140000 64282814     .............((d
   11ed8:	003c3c00 6e6b6e55 206e776f 6f727265     .<<.Unknown erro
   11ee8:	00000072 6e6b6e55 206e776f 6e726177     r...Unknown warn
   11ef8:	00676e69 6e6b6e55 206e776f 74696e69     ing.Unknown init
   11f08:	61747320 00006574 72617453 41432074      state..Start CA
   11f18:	7562204e 00000073 72617453 5a492074     N bus...Start IZ
   11f28:	62202b49 00007375 72617453 676e6974     I+ bus..Starting
   11f38:	00534f20 7074754f 31207475 65706f20      OS.Output 1 ope
   11f48:	0000006e 7074754f 32207475 65706f20     n...Output 2 ope
   11f58:	0000006e 7074754f 33207475 65706f20     n...Output 3 ope
   11f68:	0000006e 7074754f 34207475 65706f20     n...Output 4 ope
   11f78:	0000006e 6f626552 6e20746f 65646565     n...Reboot neede
   11f88:	00000064 20646142 206d6f63 6c617571     d...Bad com qual
   11f98:	00797469 70707553 7420796c 6c206f6f     ity.Supply too l
   11fa8:	0000776f 65746e49 74206e72 65706d65     ow..Intern tempe
   11fb8:	75746172 68206572 00686769 3143544e     rature high.NTC1
   11fc8:	6d657420 61726570 65727574 6f6f7420      temperature too
   11fd8:	67696820 00000068 3243544e 6d657420      high...NTC2 tem
   11fe8:	61726570 65727574 6f6f7420 67696820     perature too hig
   11ff8:	00000068 61746f54 6f70206c 20726577     h...Total power 
   12008:	206f6f74 68676968 00000000 70707553     too high....Supp
   12018:	7620796c 61746c6f 74206567 68206f6f     ly voltage too h
   12028:	00686769 696d6954 7720676e 696e7261     igh.Timing warni
   12038:	0000676e 74726155 65766f20 6f6c6672     ng..Uart overflo
   12048:	00000077 20584d44 6e726177 00676e69     w...DMX warning.
   12058:	65776f50 696c2072 2074696d 00316843     Power limit Ch1.
   12068:	65776f50 696c2072 2074696d 00326843     Power limit Ch2.
   12078:	65776f50 696c2072 2074696d 00336843     Power limit Ch3.
   12088:	65776f50 696c2072 2074696d 00346843     Power limit Ch4.
   12098:	70206f4e 75646f72 6f697463 6164206e     No production da
   120a8:	00006174 64726148 65726177 72726520     ta..Hardware err
   120b8:	0000726f 63206f4e 756d6d6f 6163696e     or..No communica
   120c8:	6e6f6974 00000000 206e6956 206f6f74     tion....Vin too 
   120d8:	00776f6c 7074754f 31207475 6f687320     low.Output 1 sho
   120e8:	00007472 7074754f 32207475 6f687320     rt..Output 2 sho
   120f8:	00007472 7074754f 33207475 6f687320     rt..Output 3 sho
   12108:	00007472 7074754f 34207475 6f687320     rt..Output 4 sho
   12118:	00007472 2043544e 6f727265 00000072     rt..NTC error...
   12128:	6f636e49 656c706d 63206574 00006d6f     Incomplete com..
   12138:	454c4449 00000000 09632509 25097525     IDLE.....%c.%u.%
   12148:	75250975 00000a0d 20726d54 00637653     u.%u....Tmr Svc.

00012158 <crc16Table>:
   12158:	10210000 30632042 50a54084 70e760c6     ..!.B c0.@.P.`.p
   12168:	91298108 b16ba14a d1adc18c f1efe1ce     ..).J.k.........
   12178:	02101231 22523273 429452b5 62d672f7     1...s2R".R.B.r.b
   12188:	83189339 a35ab37b c39cd3bd e3def3ff     9...{.Z.........
   12198:	34432462 14010420 74c764e6 548544a4     b$C4 ....d.t.D.T
   121a8:	b54ba56a 95098528 f5cfe5ee d58dc5ac     j.K.(...........
   121b8:	26723653 06301611 66f676d7 46b45695     S6r&..0..v.f.V.F
   121c8:	a77ab75b 87389719 e7fef7df c7bcd79d     [.z...8.........
   121d8:	58e548c4 78a76886 18610840 38232802     .H.X.h.x@.a..(#8
   121e8:	d9edc9cc f9afe98e 99698948 b92ba90a     ........H.i...+.
   121f8:	4ad45af5 6a967ab7 0a501a71 2a123a33     .Z.J.z.jq.P.3:.*
   12208:	cbdcdbfd eb9efbbf 8b589b79 ab1abb3b     ........y.X.;...
   12218:	7c876ca6 5cc54ce4 3c032c22 1c410c60     .l.|.L.\",.<`.A.
   12228:	fd8fedae ddcdcdec bd0bad2a 9d498d68     ........*...h.I.
   12238:	6eb67e97 4ef45ed5 2e323e13 0e701e51     .~.n.^.N.>2.Q.p.
   12248:	efbeff9f cffcdfdd af3abf1b 8f789f59     ..........:.Y.x.
   12258:	81a99188 a1ebb1ca c12dd10c e16ff14e     ..........-.N.o.
   12268:	00a11080 20e330c2 40255004 60677046     .....0. .P%@Fpg`
   12278:	939883b9 b3daa3fb d31cc33d f35ee37f     ........=.....^.
   12288:	129002b1 32d222f3 52144235 72566277     .....".25B.RwbVr
   12298:	a5cbb5ea 858995a8 e54ff56e c50dd52c     ........n.O.,...
   122a8:	24c334e2 048114a0 64477466 44055424     .4.$....ftGd$T.D
   122b8:	b7faa7db 97b88799 f77ee75f d73cc71d     ........_.~...<.
   122c8:	36f226d3 16b00691 76766657 56344615     .&.6....Wfvv.F4V
   122d8:	c96dd94c e92ff90e 89e999c8 a9abb98a     L.m.../.........
   122e8:	48655844 68277806 08e118c0 28a33882     DXeH.x'h.....8.(
   122f8:	db5ccb7d fb1eeb3f 9bd88bf9 bb9aabbb     }.\.?...........
   12308:	5a544a75 7a166a37 1ad00af1 3a922ab3     uJTZ7j.z.....*.:
   12318:	ed0ffd2e cd4ddd6c ad8bbdaa 8dc99de8     ....l.M.........
   12328:	6c077c26 4c455c64 2c833ca2 0cc11ce0     &|.ld\EL.<.,....
   12338:	ff3eef1f df7ccf5d bfbaaf9b 9ff88fd9     ..>.].|.........
   12348:	7e366e17 5e744e55 3eb22e93 1ef00ed1     .n6~UNt^...>....

00012358 <__sf_fake_stderr>:
	...

00012378 <__sf_fake_stdin>:
	...

00012398 <__sf_fake_stdout>:
	...
   123b8:	2b302d23 6c680020 6665004c 47464567     #-0+ .hlL.efgEFG
   123c8:	32313000 36353433 41393837 45444342     .0123456789ABCDE
   123d8:	31300046 35343332 39383736 64636261     F.0123456789abcd
   123e8:	00006665                                ef..

000123ec <_init>:
   123ec:	b5f8      	push	{r3, r4, r5, r6, r7, lr}
   123ee:	bf00      	nop
   123f0:	bcf8      	pop	{r3, r4, r5, r6, r7}
   123f2:	bc08      	pop	{r3}
   123f4:	469e      	mov	lr, r3
   123f6:	4770      	bx	lr

000123f8 <__init_array_start>:
   123f8:	00004289 	.word	0x00004289

000123fc <_fini>:
   123fc:	b5f8      	push	{r3, r4, r5, r6, r7, lr}
   123fe:	bf00      	nop
   12400:	bcf8      	pop	{r3, r4, r5, r6, r7}
   12402:	bc08      	pop	{r3}
   12404:	469e      	mov	lr, r3
   12406:	4770      	bx	lr

00012408 <__fini_array_start>:
   12408:	00004265 	.word	0x00004265
