S0100000495A492D4343342B2E7372656316
S214004000F80801206D640000396400004564000073
S2140040104964000055640000616400000000000070
S21400402000000000000000000000000061E3000047
S2140040302164000000000000F1E3000055E40000E9
S2140040401564000015640000156400001564000087
S2140040501564000015640000156400001564000077
S2140040601564000015640000156400001564000067
S2140040701564000015640000156400001564000057
S2140040801564000015640000156400001564000047
S2140040901564000015640000156400001564000037
S2140040A01564000015640000156400001564000027
S2140040B02D640000F5920000C59200003543000014
S2140040C01564000015640000156400001564000007
S2140040D02D6400002D6400002D6400002D64000097
S2140040E02D6400002D6400000000000000000000A9
S2140040F000000000799400001564000015640000BC
S2140041001564000015640000715D0000C95D0000C4
S214004110E95D0000095E0000395E0000915E000067
S214004120D15E0000F15E000015640000156400001A
S2140041301564000015640000156400001564000096
S2140041401564000015640000156400001564000086
S2140041501564000015640000000000000000000068
S214004160000000000000000000000000000000004A
S21400417000000000000000004590000015640000EC
S2140041801564000015640000156400001564000046
S21400419000000000E57200002164000021640000B9
S2140041A021640000216400002164000021640000F6
S2140041B0D571000021640000216400002164000025
S2140041C0216400005D72000021640000216400008C
S2140041D0216400004D7100001564000015640000A5
S2140041E01564000015E1000049E1000015640000B8
S2140041F015640000156400001564000045DD00002D
S21400420015640000000000000000000015640000B7
S2140042101564000015640000156400006DD40000ED
S2140042201564000041D3000015640000156400000A
S2140042301564000015640000156400001564000095
S2140042401564000015640000156400001564000085
S2140042501564000015640000156400001564000075
S2140042600000000010B5054C237833B9044B13B199
S2140042700448AFF300800123237010BD702B00208C
S21400428000000000000002000C4B43B10C480D4932
S21400429010B5AFF300800C48036823B910BD0A4878
S2140042A0036833B97047094B002BF7D0BDE81040C0
S2140042B01847064B002BF5D0184700BF000000003B
S2140042C000000200742B0020000002000000000026
S2140042D010B41349134A0B6943F400730B61138837
S2140042E043F0010313801388DB07FCD40E4B0F4901
S2140042F051630F4C946340F602704FF000411080FB
S214004300C3F88010BFF34F8FBFF36F8FA022C3F8A0
S214004310801183F81F235DF8044B1960704700BFB7
S2140043200008004000A0004100E100E090DB002013
S21400433010E4002010B5244B93F84E20910709D5C1
S2140043400221224A83F84E101368214A0021116088
S21400435003B198471C4B93F84E20520744BF0422E3
S21400436083F84E20184B93F84E20D40706D5174AEC
S214004370D268012183F84E1002B19047124B93F891
S2140043805E20900709D5114A114952680224002080
S21400439083F85E40486002B190470B4B93F85E206E
S2140043A0510744BF042283F85E20074B93F85E2033
S2140043B0D20708D5054A1269012183F85E1012B1AA
S2140043C0BDE81040104710BD00A000418C2B002017
S2140043D090DD0020F0B4041D0E4E0F4F2401120293
S2140043E0355945F0010535510C4D47F8203002F49B
S2140043F0FE4207EB800745F8201006EB001342F458
S21400440000120498F8600721325183F84D10F0BC72
S214004410704700BF00A000418C2B002010E6002053
S21400442002281BD8B2F5007F18D82DE9F041234C9E
S2140044304FF0004584B0C4F88050BFF34F8FBFF3F1
S2140044406F8FDFF888E05EF820704FB100201B4BBE
S2140044504FF000421A6004B0BDE8F08100207047BB
S214004460174BDFF86C80044603EB40231846012602
S21400447015464EF82460C04740F20141114AADF897
S21400448000100346ADF8025052F8242002922B4446
S2140044900397019304AB13E90F000B4D05EB0415CE
S2140044A085E80F00240104F1824404F520443046D8
S2140044B0236C43F002032364C9E700BF00E100E079
S2140044C010DE002010E6002090DB002090DD0020AB
S2140044D0D7030100F8B52B4B2B4F2C4E2C4C98478E
S2140044E02C4B2D482D4A04254FF040419D60986284
S2140044F0996293F8421001F0FB0183F8421093F89A
S2140045004200202100F0FE0083F84200C3F8145158
S21400451059609F629E62596093F84500284383F86D
S2140045204500996193F8451001F0FE0183F84510A7
S2140045302546402335F8020B13700233C0F30321DF
S214004540DBB261F07F01482B9070517002F10302DC
S214004550F0D10C221149124B60209847002809DB45
S214004560012502200F4B257298470F4B00221A7028
S2140045702846F8BD0C4A0D4B0321022011709847BF
S2140045800020F8BDB95A000020000240000002C01A
S214004590A42B0020008000410400004090E600208C
S2140045A0AD5B00009DD70000A1E600208DD700007F
S2140045B0014B187A704700BFA42B0020184B1A7ABC
S2140045C010B552B3044600686168164A03C3A31EBA
S2140045D006345988C1F30321117033F8021F517055
S2140045E0A34202F10202F4D10F4A0E490F4B0420F7
S2140045F0C2F81401082260209847044630B10C4ADD
S21400460013780133DBB2022B137001D8204610BD9D
S2140046100220084B9847204610BD6FF06304F5E76C
S214004620A42B002090E6002000800041AD5B000037
S214004630A1E600208DD70000FF2901DC012801D962
S2140046400020704710B40A4C0302E0182344405C74
S214004650084C5A549042084818BF42544FF0010381
S21400466008BF405C237018BF10465DF8044B7047C7
S214004670A4E70020B02B0020A4E60020FF2916DCCB
S21400468070B40F4B0F4C585C904200D062545A5492
S21400469058180D4D90F80001012690422E7008D053
S2140046A062541944104681F8002170BC70470020FF
S2140046B07047605C194481F8002170BC704700BFE9
S2140046C0A4E70020A4E60020B02B0020F0B503B33A
S2140046D0114E124DDFF848E001EB00240B44344441
S2140046E00127FF2901DC012809D90131994204F18B
S2140046F0010402F10102F4D101232B70F0BD1678FB
S21400470094F800C02F70B44518BF01F80E602670EC
S214004710EBE7024DF0E700BFA4E70020B02B002037
S214004720A4E60020FF28DABF014B185C0020704783
S214004730A4E6002038B5674C237813B9AB2800F000
S214004740978023782BB1BA284FF0000300F08A80B8
S21400475023702379002B7BD063889BB2B3F5037F4D
S21400476076D2A37962795C494FF40375022A05FB79
S214004770031300F089806279012A00F0A480627930
S214004780002A7CD000226271628892B2511C89B2E3
S2140047906180618898548BB20E2B00F08580638808
S2140047A09BB20D2B5DD9A27963884FF4037101FB90
S2140047B002429BB2528A0D3BC2F30B02934250DD7B
S2140047C00023237063802371A37904EB8303D3F85B
S2140047D0383823B194F84838013384F84838B4F8A8
S2140047E04A389BB243B1B4F84C3801339BB200222E
S2140047F0A4F84C38A4F84A28A579384B9847EDB267
S214004800A37904EB850504EB8303C5F83808D3F8D1
S21400481038383BB9A37904EB8303D3F83828013240
S214004820C3F83828A379D4F850080133DBB2032B39
S214004830A37184BF0023A3710021294B9847294BFD
S2140048404FF080521A60BFF34F8FBFF36F8F38BDA3
S214004850237833B9B4F84A3801339BB2A4F84A38FF
S21400486038BD38BD0122638023702271637138BD64
S214004870012323702379002B7FF46EAFE8E7AC2882
S21400488080D1012262717FE758B96188628813FA85
S21400489081F113FA82F3BA20AB2201F8010C03F877
S2140048A0022C0023637138BDA3794FF4037202FB18
S2140048B003435B8AC3F30B03B3F5007F7FF66FAF4A
S2140048C00023237138BDDC287FF459AF02226271C1
S2140048D05AE700BFB82B0020C02B002061F4000070
S2140048E045EC000004ED00E02DE9F043ADF5057D54
S2140048F01C46BDF80E30384E019064F30B031D0ABB
S21400490001203768029760F30715ADF80E30ADF852
S2140049100C108DF80F50114604A822462F4F8C9D80
S214004920B84704F10C0189B200222D4B01A8984724
S21400493004F1100601ABC0431C4480B2B6B2010AB3
S214004940AB22BA23022E607321732A706B7040DD8F
S2140049504FF0000901AC023E26444946C8460220F4
S2140049604FF0AC0C4FF0DC0E102712E0A3F1AC01B8
S214004970B1FA81F14909B9F1000F01D0BA2B16D06E
S214004980A3F1AB09B9FA89F9A6424FEA59191046BC
S2140049901BD014F8013B2B54421C92B20029E5D0E0
S2140049A0DC2BE3D10230AF54002182B2E8E7AB182B
S2140049B002304FF00009A64203F802CC03F801ECDF
S2140049C080B205F802804946E3D10DF5057DBDE8C5
S2140049D0F0830220F9E700BF20408000D7030100E3
S2140049E0FDFF000010B5114CD4F85018A4F8540878
S2140049F082B039B10E4B0F489847D4F8583843B1B7
S214004A0002B010BD032201200B4B9847C4F8500893
S214004A10F0E70A4A019205220092094909480A4C21
S214004A204FF48072A0470128EAD0FEE7B82B00209A
S214004A30C1540000354700003DE900001034002056
S214004A40040D0100A14B00009DF10000014BC3F8CE
S214004A505C087047B82B0020014BC3F8600870470D
S214004A60B82B0020014B1878704700BF00220020AA
S214004A7070B505686B1C82B004461FD0414B984742
S214004A8085421BD0637B404D03F00F020121042AB0
S214004A900BD13E4B62681B689A42637B16BF0222AC
S214004AA06FF3030362F303036373D5F85C38002BDC
S214004AB03FD0204602B0BDE870401847637B03F045
S214004AC00D01012937D021894FF6FF70814203F08E
S214004AD00F0243D02C4DB5F8543823F01F031B04A7
S214004AE047F6E0701B0C0140994226D00121207B3E
S214004AF095F8643883422BD9254E7378002B30D135
S214004B00B5F86628642303FB02F3C3F30723222BBE
S214004B10337029D91F4B019105209847637B207B72
S214004B20019903F00F020123A5F8663885F864089A
S214004B30ADE702B070BD144DB7E7144B61681B6853
S214004B4099421CD00029D2D0111F18BF0121CEE7F0
S214004B50B5F866380133A5F86638E7E700210A4D50
S214004B60C5E700237370DEE70B4B0191984744F6C8
S214004B70206398420199CDD90520084BCDE7002146
S214004B80B5E700BF1D9E0000B82B00202040800027
S214004B900022002009D8000055F40000F9D70000D4
S214004BA02DE9F04F3B4DDFF804B1DFF804A183B0E8
S214004BB04FF47A71D5F85008374B984780B195F87E
S214004BC068480426E4B20023A700EA19D2F8382879
S214004BD0DAB90134E4B2042C28BF0024013EF3D134
S214004BE095F848384A228BF8112013B1002385F82F
S214004BF04838D5F8603803B19847DAF80030DB0655
S214004C002CD44B238BF81130D2E701934FF4037367
S214004C1003FB04F805EB0809204BB9F8121098447A
S214004C20C1F30B011E4B0E314046002298474FF64B
S214004C30FF73984209F11009019B1BD085F868485C
S214004C4095F868280132D2B22F44032A85F86828DE
S214004C50C7F8383888BF85F86838BAE7114B04219A
S214004C604FF480709847DAF8003023F01003CAF843
S214004C700030C6E7B9F80220C2F30B02032ADDD9DA
S214004C8099F8032012F0F00FD8D1074B404698470A
S214004C90019BD3E7B82B0020A1EE0000C02B00201C
S214004CA0FDFF000091CC0000714A000000FF0120CB
S214004CB09CF8002010B5B3F5007F82B00AD9002416
S214004CC02146074B07489847001BB0FA80F040097A
S214004CD002B010BD034C0094034CA0470446EFE717
S214004CE0D954000024340020E9480000104BB3F8E3
S214004CF04A2892B242B1B3F84C28013292B200214F
S214004D00A3F84C28A3F84A1893F88C2A0132D2B29A
S214004D10092A83F88C2A09D9B3F84C28002192B2C4
S214004D20A3F88E2A83F88C1AA3F84C18704700BF95
S214004D30B82B0020024BB3F88E0A80B2704700BF33
S214004D40B82B002070B444789DF90C508270012670
S214004D5063F3061466F303046FF3C714017044701C
S214004D60C57070BC0420704710B4437801700224EC
S214004D7064F30613012161F303030021C2F3072441
S214004D8061F3C7130271447143708170C1705DF89E
S214004D90044B0620704700BF43780170012262F37F
S214004DA0061362F303036FF3C71300214370827088
S214004DB0C1700420704700BF30B4437801700124EE
S214004DC064F30613032503F07F03202465F303032F
S214004DD0002102718470C170437030BC052070479A
S214004DE010B443780170012464F3061364F30303DC
S214004DF06FF3C71320240021027184704370C170C2
S214004E005DF8044B05207047F0B444780170012625
S214004E1004F08F0166F303019DF810509DF81440CE
S214004E208280202700269DF8182083716FF3C71113
S214004E3087704170C670C57104724272F0BC0A2059
S214004E40704700BF43780170012262F3061362F3D5
S214004E50030322216FF3C713002281704370C270D0
S214004E600420704710B443780170012262F30613E1
S214004E70032403F07F0364F30303222100228170DE
S214004E80C27043705DF8044B0420704770B54478D8
S214004E900170012504F08F0465F3030422261D46E5
S214004EA06FF3C7140023114686704470C3702A46F9
S214004EB0024B04309847281D70BD00BFD703010081
S214004EC043780170012262F3061362F30303212183
S214004ED06FF3C713002281704370C27004207047BE
S214004EE010B443780170012262F30613032403F022
S214004EF07F0364F30303212100228170C270437094
S214004F005DF8044B0420704770B5447801700125A5
S214004F1004F08F0465F3030421261D466FF3C714BF
S214004F200023114686704470C3702A46024B043034
S214004F309847281D70BD00BFD70301002DE9F04734
S214004F4044780170012504F08F0165F303019DF894
S214004F503CE0BDF82090BDF82C809DF830C09DF850
S214004F6034709DF8386042256FF3C71100248570B1
S214004F704170C470BDF824509DF840401199BEF1B0
S214004F80000F07D090F801E04FF0020A6AF3030E14
S214004F9080F801E083600A9B4260A0F80C900361F1
S214004FA0A0F8148080F816C0C7750676C5814476CA
S214004FB0C0F81A101E20BDE8F08700BF70B4447811
S214004FC00170012565F3061465F303049DF80C6073
S214004FD0027102256FF3C714002143718570447077
S214004FE0C170867170BC0520704700BF70B54478EC
S214004FF09DF81450017004F00F0162F303011026AF
S214005000002483808670C47041702A460499024B3F
S21400501006309847A81D70BDD703010070B44478C9
S2140050200170022565F3061404F07F0400211226A1
S21400503065F303044371027186704470C170817118
S214005040C17170BC07207047F0B444780170022527
S21400505065F3061404F07F04C3F30727082665F3F8
S21400506003040021037247728670C1704470426068
S214005070F0BC0A20704700BF43780170022262F33A
S2140050800613012262F3030311216FF3C7130022F4
S21400509081704370C2700420704700BF437801706F
S2140050A0022262F3061303F07F0362F30303112167
S2140050B0002281704370C27002710520704700BFE5
S2140050C043780170012262F3061362F30303802122
S2140050D06FF3C713002281704370C27004207047BC
S2140050E010B443780170012262F30613032403F020
S2140050F07F0364F30303802100228170C270437033
S2140051005DF8044B0420704743780170012262F377
S214005110061362F3030381216FF3C7130022817025
S2140051204370C2700420704710B4437801700122A7
S21400513062F30613032403F07F0364F30303812161
S21400514000228170C27043705DF8044B04207047E3
S21400515010B443780170022464F30613012161F34E
S214005160030382246FF3C7130021426084704370E8
S214005170C1705DF8044B0820704700BF437801708B
S214005180012262F3061362F3030340216FF3C71391
S214005190002281704370C2700420704770B5447856
S2140051A001701E2B4FF0010504F08F0428BF1E234C
S2140051B065F3030440261D466FF3C714002311460B
S2140051C086704470C3702A46024B04309847281DE8
S2140051D070BD00BFD7030100F0B51A4C23686468A1
S2140051E023F4FF43490223F07F0301F4C06143EA3E
S2140051F0400083B008430AB140F480504FEA104C98
S2140052004FEA106E010A270A260C250E8DF80000BC
S2140052108DF804408DF8011008236A4600218DF8A9
S21400522002C08DF803E0084C8DF805708DF8066016
S2140052308DF807500348A047B0FA80F0400903B045
S214005240F0BD00BF004080006593000030B4294BDD
S2140052509B7813F0010F284B1C685B6822D0E5078B
S21400526036D501F00301254B1C696FF341041C6120
S2140052701C6960F317441C61186961F383001861A8
S214005280002A1A6914BF0221002161F30B221A6159
S2140052901A6942F002021A61DA68D207FCD50020C9
S2140052A030BC7047E30702D5154B30BC1847C4F333
S2140052B047039842F8D1C4F3412301F00305AB42FB
S2140052C0F2D114F4F04418BF01249442E7D0EBE77F
S2140052D0C4F34703984201F00301C4D1C4F3412349
S2140052E08B42C0D114F4F04418BF01249442D6D0A7
S2140052F0B9E700BF002000410040800000180040D1
S214005300D9510000014B1868704700BF4C3600208A
S214005310024A136801331360704700BF4C36002002
S21400532010B586B0142301AA00210B480B4CA047E9
S2140053309DF80830B12B0BD006AAB12302F8103D19
S21400534004210123064C0448A047012006B010BDE6
S214005350002006B010BD00BF00408000FD92000097
S214005360659300008318B3F5805F0CD810B5074C22
S214005370E36A5B07FCD40B4600F188411846044BF1
S2140053809847012010BD0020704700BF0040004134
S214005390D70301008318B3F5805F16D810B50C4C00
S2140053A0E36A5B07FCD400F188400A4B9847084A3A
S2140053B0D36A5907FCD4D36A9B0704D54AF2335301
S2140053C09380012010BD012010BD0020704700BF53
S2140053D000400041D7030100024A136801331360FE
S2140053E0704700BF503600200C4B1A791AB99B68DC
S2140053F003B118477047014610B5186919730124A0
S214005400074A5C7300219047064B4FF080521A60A3
S214005410BFF34F8FBFF36F8F10BD00BF5036002015
S21400542045EC000004ED00E070B51F4C237D82B013
S2140054302BB1657DEDB2012D03D00023237502B09C
S21400544070BD237933B9A37DCBB9184B4FF48032A6
S214005450C3F898200021A069154B9847154B4FF0CC
S21400546080521A60BFF34F8FBFF36F8F2379002BE4
S214005470E3D10E4B4FF48032C3F89420DDE701A849
S2140054800D4B9847094B0D49D3F88000D3F8A02060
S214005490D3F8906056400640564001A88847B303AC
S2140054A0D3D5E575D6E700BF503600200080004112
S2140054B045EC000004ED00E0D58D0000E58D000011
S2140054C0014B9860704700BF50360020014B98751E
S2140054D0704700BF50360020B1F5806F01D3002022
S2140054E070472DE9F04F284C284B227D06460122B6
S2140054F083B00D46A069227500219847304629469C
S214005500234B9847667DF6B2012E06D00023E3753E
S2140055101846237503B0BDE8F08F1421A0691D4B13
S21400552098470028F2D0E37D43B3DFF87090DFF8A9
S2140055307080194FDFF86CA001A8C847D7F8801014
S214005540D7F8A020D7F8903082EA030B0BEA010BBD
S2140055508BEA020B01A8C0471BF4003F304606F159
S214005560010602D0D047052EE6D14FF48033C7F8A7
S2140055709830094B4FF48032C3F8942000232375EB
S2140055802846E375C6E700BF50360020A9E80000AD
S214005590295E0000A1EE000000800041D58D0000CD
S2140055A0E58D0000A1F600002DE9F04182B0104E16
S2140055B0DFF848800F4B02A801254FF48017F5222C
S2140055C07761294600F8012D88F804509847002294
S2140055D00446094B88F8042028469847E0B2401B4A
S2140055E0B0FA80F04009B76102B0BDE8F08100BFB4
S2140055F000800041D9540000A1F60000503600207B
S214005600F0B5124D83B0F5234FF480168DF80500E3
S2140056108DF806108DF804306E6100BF00BF0C4F89
S2140056200C4B0122032101A83A7198470A4BC4B2D9
S21400563002209847032C02D000233B71AE61A4F1F0
S2140056400300B0FA80F0400903B0F0BD00800041CE
S21400565050360020D9540000A1F6000010B582B0E4
S214005660194B8DF805004FF48012F5208DF80610C2
S2140056708DF804005A6100BF00BF144C144B012281
S214005680032101A8227198470023C0B22371114953
S2140056904FF0805201E07D2B0FD000BF01339BB24C
S2140056A0FA2BF8D1A0F10300074BB0FA80F04FF4C4
S2140056B0801240099A6102B010BD0A60BFF34F8F96
S2140056C0BFF36F8FE9E700BF00800041503600202F
S2140056D0D954000004ED00E070B582B0154C164AAF
S2140056E08DF805000023FD264FF4801063738DF8B7
S2140056F004600D46506100BF00BF012219462069B4
S2140057000E4B2271984702210D4B01A8984720693D
S2140057100C4B0A21984728B1637B03F0FF000BB1BE
S214005720237B2B70044B00214FF4801221719A6169
S21400573002B070BD5036002000800041A9E800008D
S214005740D9540000A1EE000030B5114B83B00446DA
S2140057500D469847C0B1022C12D020460DF1070125
S2140057600C4B984718B96FF0010003B030BD9DF898
S2140057700730AB420CBF00206FF0020003B030BD14
S2140057802046054B9847E8E74FF0FF30EDE700BFAF
S21400579001560000D9560000A1F6000010B582B0F0
S2140057A004460DF107010220054B984728B19DF8E5
S2140057B00700001BB0FA80F0400902B010BD00BF21
S2140057C0D9560000024BA3FB0030C00805307047D6
S2140057D0CDCCCCCC044BA3FB0023DB0803EB83032C
S2140057E0A0EB4300C0B27047CDCCCCCC10B582B095
S2140057F004460DF107010020074B984748B104F016
S21400580003049DF8070044F06004001BB0FA80F023
S214005810400902B010BD00BFD956000000F00302D8
S214005820044B054853F8223080FB0320DB17C3EBFC
S214005830A0107047100D0100D34D6210704700BFD6
S2140058402DE9F04106460D4603201C210C4C174658
S214005850A047002812DB05F0030141F0600100209C
S214005860A04700280ADB39460120A047002805DBB0
S214005870314623460220BDE8F0411847BDE8F081D6
S214005880495700002DE9F04F85B0414E03900020A7
S21400589070750191029230753E4B3F4A3F49404831
S2140058A0404DDFF82091404CDFF81C8198474FF0C0
S2140058B0030A4FF480124FF4803B3C4BA261C4F8BD
S2140058C094B0C4F884B0C4F8A880C4F8A8304FF4E4
S2140058D00033C4F88430364BC4F8A8800220C4F8DD
S2140058E0A8304FF00067A84704206761A847022049
S2140058F0A761A8472F4B98470120A8470122727539
S214005900727DFAB9019B03F0030141F060010020AB
S214005910C847071E02994FF001002ADBC847071E3A
S21400592003994FF0020024DBC847071E21DB022044
S214005930214B98471C4B4FF4801238469A6105B0AD
S214005940BDE8F08F1C210320C8474FF400334FF00A
S21400595080411A4AC4F888B0071EC4F8A810C4F8D4
S214005960A820C4F88430124BC4F8A880C4F8A83025
S214005970C8DA0220124B98474FF48013A361022026
S214005980A847BAF1010A94D1384605B0BDE8F08FB1
S21400599050360020195C0000D9530000E95300007F
S2140059A029540000A1F6000000800041010002C05A
S2140059B0020002C0A95500009DD70000010000C0EB
S2140059C08DD70000495700000000024010B5154B67
S2140059D01B7D0446D3B12046134B144C9847144BFA
S2140059E04FF480125A614FF08050002340F2771136
S2140059F000BF7D2B9AB20ED0FA2A0CD001338B4210
S214005A00F6D10B4B4FF480129A6110BD9F21094BC3
S214005A1003209847DFE72060BFF34F8FBFF36F8FF9
S214005A20ECE700BF50360020A1F6000004ED00E0D1
S214005A30008000415D56000038B503220021054D68
S214005A40054C0120A8470322206100210120A84719
S214005A50A06138BD3DE9000050360020F0B589B0A1
S214005A6008AC174644F8200D094D01A80B221E4627
S214005A70A8470E998DF80F700C2205A80496A84723
S214005A80202322461946034C0348A04709B0F0BD20
S214005A9055040100659300000040800010B4044CDB
S214005AA020230246A446194602485DF8044B604788
S214005AB0659300000040800070B52F4C637801228B
S214005AC022702BB12D4B2E4898472D482D4B9847CA
S214005AD02D4B2E4A2E492F4D29484026C3F8E0600C
S214005AE0936943F480639361A8472B4B24482B4D5E
S214005AF098472B4B2B482C494FF480025A609862EB
S214005B0099625A6093F8561041F0040183F85610D3
S214005B109A6193F8562002F0FE0242F0010283F8E2
S214005B20562093F83B2002F0F0024FF4000142F0BA
S214005B30020283F83B20596098629D62596093F890
S214005B40572042F0040283F85720996193F85720B3
S214005B5002F0FE0242F0010283F8572093F83B2041
S214005B6002F00F0242F0200283F83B2000210120C1
S214005B7060702170618070BD72360020818F0000D9
S214005B80A4E90020658F0000001C004000080040CB
S214005B9000400141458F0000798F0000800002C060
S214005BA00080004100000240400002C0F0B50B4CEF
S214005BB00B4B83B007460D46204601A9164698476C
S214005BC0394620464FF40062064B9847F2B2294603
S214005BD02046054B984703B0F0BD00BFA4E900205F
S214005BE0BD8F0000898F0000998F000010B5054C0E
S214005BF06388022B01D8012010BD034B9847002074
S214005C00608010BD72360020B95A0000014B022297
S214005C109A75704700340040F0B5494D494C2860ED
S214005C206069494E6960494B402140F4005060610C
S214005C30C6F8A0101968AA6041F0010183B0196087
S214005C40D86910F00100FBD1414C424A1A604FF46B
S214005C5040374DF6AD0684214FF480225F609E816A
S214005C609975C4F88420BFF34F8FBFF36F8FA026BB
S214005C70A968394BC4F88421384F84F832636260CF
S214005C80009107223649B8474FF40023C4F8843001
S214005C90BFF34F8FBFF36F8F6A68C4F8843184F800
S214005CA0336363606AB14FF48013C4F88430BFF383
S214005CB04F8FBFF36F8F8022C4F8843184F834236B
S214005CC06360AB6873B1224B4FF40012C3F88420B4
S214005CD0BFF34F8FBFF36F8FC021C3F8842183F8C3
S214005CE035135A6019481F4D02681F4C1F4B002180
S214005CF042F0020202602980218093F8502002F0D0
S214005D00FE0242F0010283F8502093F8382002F099
S214005D10F00242F0020283F8382093F8512002F095
S214005D20FE0242F0010283F8512093F8382002F078
S214005D300F0242F0200283F8382003B0F0BD00BF07
S214005D407836002000080040001C00400034004068
S214005D5000E100E0040010400D5C0000D5430000A8
S214005D6028340040C6ED0020C4ED0020008000412D
S214005D70114A138801339BB2B3F5806F138024BF9A
S214005D80002313800D4B1988138889B29BB2994261
S214005D900AD013880A490B4A9BB2CB5CDBB29362EB
S214005DA0084B01221A767047064B01221A75054BDE
S214005DB001221A76704700BFC6ED0020C4ED002011
S214005DC0C4E900200034004008B5054B1B681BB131
S214005DD09847044B02221A75024B02221A7608BD17
S214005DE0783600200034004008B5054B5B681BB1D0
S214005DF0044A906AC0B29847024B04221A7608BD3D
S214005E00783600200034004008B5054B9B6803B187
S214005E109847044B0621802259831A7608BD00BF96
S214005E2078360020003400400A46024B0146002027
S214005E30184700BF21440000114A138801339BB263
S214005E40B3F5827F138024BF002313800D4B19887F
S214005E50138889B29BB299420AD013880A490B4A22
S214005E609BB2CB5CDBB29362084B01221A7670477A
S214005E70064B01221A75054B01221A76704700BFA1
S214005E80C8ED0020CAED0020CCED00200020014126
S214005E9008B50B4B196839B10A4A0B4B12881B8898
S214005EA092B29BB29A4203D0084B02221A7608BDE1
S214005EB08847064B02221A75044B02221A7608BD42
S214005EC084360020CAED0020C8ED002000200141E5
S214005ED008B5054B5B681BB1044A906AC0B2984788
S214005EE0024B04221A7608BD8436002000200141A9
S214005EF008B5054B9B6803B19847044B06218022E2
S214005F0059831A7608BD00BF843600200020014160
S214005F102DE9F041104C114D002301214FF6FF7280
S214005F20A160A3614FF4FE716361E3602361201DED
S214005F306360A8472146206080224FF40060084B2B
S214005F40984708B9BDE8F081214680224FF40060EA
S214005F50044BBDE8F0411847D8F00020FDFF0000D4
S214005F6095530000655300002DE9F047DFF8F090E8
S214005F70374E384B002529462022072409F1100009
S214005F80C9F80840C9F8045098475022032089F8F9
S214005F9034207778F17889F835001222F02089F8D5
S214005FA03D204FF0FF3289F83650A9F83A5089F86C
S214005FB03E50A9F8385089F8FE5189F8FF51C9F8C3
S214005FC0405089F83F0089F83C10C9F84450C9F899
S214005FD04850C9F84C50C9F85050C9F85450C9F840
S214005FE0302089F83720B7B1DFF8808006F5DC76F8
S214005FF0AA4616F8044C0AEB050040302246314605
S2140060004844013C0135C0475444BD425FFA84FA17
S21400601006F12006EDD14FF6FF724FF4FE710E4BDF
S2140060200E48CD2489F8FD4198474FF40072C9F810
S21400603000000B490B4B0020984708B9BDE8F087D5
S2140060404FF400720649084B0020BDE8F047184799
S21400605030F30020ED030100FDFF0000DCEE002021
S214006060D8EE00209553000065530000D7030100CA
S21400607010B5044C044B21464FF40072002098479C
S214006080204610BDD8EE002065530000004870473B
S214006090D8EE002010B50D4C0D4B984720464FF615
S2140060A0FF724FF4FE710B4B984721464FF4007277
S2140060B041F8040D084B00209847044618B1074BDA
S2140060C09847074B9847204610BD00BFDCEE0020DF
S2140060D055F40000FDFF00009553000049B5000090
S2140060E00178000010B5094C094B984720464FF63A
S2140060F0FF727C21074B9847211F44F8040C80222E
S2140061004FF40060044BBDE810401847DCF0002058
S21400611055F40000FDFF0000955300002DE9F04106
S2140061201B4C01220023A260636008B12361E36078
S214006130184D194E00236B604DF2D86E23624FF651
S214006140FF72AB60EB607821A5F11C006427238307
S214006150E382A382A383A4F81AE0A777B047A5F149
S2140061602001206080224FF440600C4B984708B90D
S214006170BDE8F081A5F120018022094B4FF4406074
S2140061809847084B9847084BBDE8F041184700BFB2
S21400619080FE0120A0FE0120FDFF000095530000B8
S2140061A06553000049B50000017800002DE9F04F66
S2140061B0254D95F8019081B0B9F1000F3BD04FF016
S2140061C0000ADFF8908005F5DC75574601261CE0CE
S2140061D092F84020B34669885044914206F1010681
S2140061E000F1400002D8A988914206D240442246D7
S2140061F02946164B98470137FFB2013C5444D9450F
S2140062001FFA84FA05F1200514DD15F8044C08EB96
S2140062100A02701E022C0244DAD108EB0A02911917
S214006220024491F8401092F8402002EB012292B20C
S214006230B346D0E717B901B0BDE8F08F044B01B004
S214006240BDE8F04F184700BF30F30020D703010029
S21400625095600000D8EE002070B50A4C0A4B9847AF
S2140062600025201D4FF6FF727821084BA58398471E
S2140062702146206080224FF44060054BBDE8704008
S214006280184700BF80FE012055F40000FDFF000007
S214006290955300002DE9F0414D4E4E4C4E4D314683
S2140062A04FF400720020A0474C4B301D4FF6FF7293
S2140062B04FF4FE711E60A8473368834268D0484B8F
S2140062C09847484890F801E0BEF1000F2BD0002711
S2140062D0B8463A4605E001377745DAB200F12000C5
S2140062E01ED090F8B4114B1E01291344F3D13A4442
S2140062F0B118B0F8BAC191F840108C4503D8B0F880
S214006300BCC18C45E7D232440137B0F8B81182F8E8
S214006310401077454FF00108DAB200F12000E0D1D6
S214006320B8F1000F26D1304E802231464FF440603F
S214006330A0472E4B301D4FF6FF7278211E60A847EF
S2140063403368834233D00120294B9847294E802258
S21400635031464FF40060A047274B301D4FF6FF72C2
S2140063607C211E60A847336883422DD1B36823B1D1
S214006370BDE8F081214B9847D5E7802231464FF49F
S2140063800060A0470122B2601D4BBDE8F0411847EF
S214006390B368062B95D8012B9CBF002333870221B8
S2140063A00722164B86F84610B260984789E7B3680E
S2140063B0002BCBD1802231464FF44060A04701220B
S2140063C0104BB2609847C1E70F4BBDE8F041184745
S2140063D0D8EE002065530000FDFF0000D4EE00203C
S2140063E0695F000030F3002080FE0120D0EE002020
S2140063F01D610000D8F0002058F1002095600000D4
S214006400E560000059620000115F0000004B18476D
S214006410E58A0000014B5E225A74FEE700FF012069
S214006420014B28225A74FEE700FF0120014B292267
S2140064305A74FEE700FF0120014B2B225A74FEE738
S21400644000FF0120FEE700BF014B40225A74FEE722
S21400645000FF0120014B21225A74FEE700FF0120B5
S214006460014B3D225A74FEE700FF01201B491C4ADF
S214006470914208B50ED01B4882420BD2D343034448
S21400648023F003030433134451F8040B42F8040BBF
S2140064909A42F9D1144A15498A420AD2D3430B4488
S2140064A023F0030304331344002142F8041B9A42EA
S2140064B0FBD10F4A0F4B22F07F029A60D3F8882058
S2140064C042F47002C3F88820BFF34F8FBFF36F8F7C
S2140064D0094B9847094B9847FEE700BF1424010074
S2140064E000220020642B0020702B0020F8F80020EB
S2140064F00040000000ED00E071030100C1CC000088
S21400650030B44B1CC5B24FEA501005F01F04C0B2A1
S21400651027D0C30103F1824303F50043181903EBA8
S214006520540390F8402002F0FE0242F0010280F888
S2140065304020EA070AD493F8302001F00F0102F059
S214006540F002114383F8301030BC704793F83020C7
S21400655002F00F0242EA0111C9B283F8301030BCD3
S214006560704704EBC01000F1824000F5004090F840
S214006570403003F0FE0380F8403030BC704700BF68
S21400658040F21223234A03FB01F1531893F86230BA
S21400659050B1DBB2B3FA83F35B0901EB831111440C
S2140065A0D1F866301E2B20DC10B41B4A1B4B1C484F
S2140065B050611C491C4C4FF400524FF04040C3F849
S2140065C09820C3F88820C3F8A810C3F8A80093F84A
S2140065D0CD20802102F0FE0283F8CD2099609C62D7
S2140065E0986259615DF8044B70470B4B0B4A0F4994
S2140065F0596192F8CD3003F0FE0343F0010382F8B0
S214006600CD3092F8B63003F00F0343F0500382F813
S214006610B630704704220020003800420080004157
S21400662000686001002000408000004002686001B1
S21400663040F21223224A03FB01F1531893F862300A
S21400664050B1DBB2B3FA83F35B0901EB831111445B
S214006650D1F866301E2B1EDC10B41A4A1A4B1B48A3
S21400666090601B491B4C4FF400124FF080409A611B
S2140066709A609862996293F85520022102F0FE0211
S2140066804FF0404083F8552099609C6298625961AB
S2140066905DF8044B70470B4B0B4A0F49996092F814
S2140066A0553003F0FE0343F0010382F8553092F8AC
S2140066B03A3003F00F0343F0600382F83A30704735
S2140066C0042200200038004200800041006860017B
S2140066D0200000C0020000400268600140F2122361
S2140066E0224A03FB01F1531893F8623050B1DBB233
S2140066F0B3FA83F35B0901EB83111144D1F86630DA
S2140067001E2B1EDC10B41A4A1A4B1B48D0601B49BD
S2140067101B4C4FF400224FF080409A619A609862BA
S214006720996293F85320082102F0FE024FF0404091
S21400673083F8532099609C62986259615DF8044B17
S21400674070470B4B0B4A0F49D96092F8533003F051
S214006750FE0343F0010382F8533092F8393003F019
S2140067600F0343F0500382F83930704704220020AC
S214006770003800420080004100686001080000C048
S214006780080000400268600140F21223224A03FB20
S21400679001F1531893F8623050B1DBB2B3FA83F3C9
S2140067A05B0901EB83111144D1F866301E2B1DDC0A
S2140067B010B41A4A1A4B1B4810611B491B4C4FF069
S2140067C080724FF080409A619A609862996293F85E
S2140067D058204FF0007102F0FE0283F858209960AE
S2140067E098629C6259615DF8044B70470B4B0C4AEB
S2140067F00F49196192F8583003F0FE0343F0010385
S21400680082F8583092F83C3003F0F00343F005036A
S21400681082F83C30704700BF042200200038004257
S2140068200080004100686001000100C0000200C056
S21400683002686001F0B4184A1849D369184C43F04E
S214006840100343250120D361C4F8F4500A460860BB
S214006850936813F00103FBD1012113609162146C5D
S2140068601049114F6FF07F4060F3170402264FF473
S2140068708075202014649764D6631562C1F88C0076
S214006880BFF34F8FBFF36F8FC1F88C0181F865336C
S214006890F0BCC860704700BF00080040001000420F
S2140068A0001C004000E100E0E0FFFF00F0B4184AE2
S2140068B018499369184C43F480534325012093618B
S2140068C0C4F8E4500A460860936813F00103FBD14D
S2140068D0012113609162146C1049114F6FF07F40D4
S2140068E060F3170402264FF480754FF0805014644E
S2140068F01765D6631562C1F88800BFF34F8FBFF3E4
S2140069006F8FC1F8880181F85C33F0BC88607047EF
S2140069100008004000800141001C004000E100E04B
S214006920E0FFFF0070B4184A1849D369184C43F0CA
S214006930080343250120D361C4F8F4500A460860D2
S214006940936813F00103FBD1012113609162146C6C
S21400695010494FF6FF7060F317044FF6E0760220FA
S2140069604FF480751464D664D0631562C1F88C0049
S214006970BFF34F8FBFF36F8FC1F88C0181F861337F
S21400698070BCC860704700BF00080040000C0042A2
S214006990001C004000E100E0F0B4194A1949936970
S2140069A0194C43F40063432501209361C4F8E45076
S2140069B00A460860936813F00103FBD101211360B7
S2140069C09162146C11494FF6FF7060F317044FF68E
S2140069D0E07702264FF480754FF400101464976435
S2140069E0D6631562C1F88800BFF34F8FBFF36F8F71
S2140069F0C1F8880181F85533F0BC8860704700BF45
S214006A000008004000600141001C004000E100E07A
S214006A10F8B5384A38499369384C43F480434325DF
S214006A2001209361C4F8E8500A460860136913F021
S214006A300103FBD142F2231003254FF446740421D0
S214006A40136015731486D080517113682C492D4F2E
S214006A502D4E2E4D43F00203136088472C4B2D4AD3
S214006A60D96A2448DFF894C0DFF8ACE041F087012B
S214006A70D9624FF40671116240F2772191620221C9
S214006A80C2F824110121C2F8DC115160C26942F437
S214006A908042C261802443224FF04040CCF804215B
S214006AA0C7F814E09C609E62986293F8472002F054
S214006AB0FB0283F8472093F847204FF4005102F07A
S214006AC0FE0283F847205C61C3F88810C3F8A8501C
S214006AD0C3F8A80093F8CD2002F0FB0283F8CD207F
S214006AE093F8CD2002F0FE0283F8CD20C3F898106C
S214006AF0F8BD00BF0008004000C00141001C004077
S214006B003568000000380042800000400020004049
S214006B100080004100E0004100686001F8B5314A9D
S214006B2031495369314C43F40043432501205361F6
S214006B30C4F8A4500A460860136913F00103FBD199
S214006B40042403254FF4467042F223111360157394
S214006B501086D180547113682549264F264E43F07F
S214006B60020313608847254B254AD96ADFF898E068
S214006B7041F40301D96240F21D21116340F27521F0
S214006B80916308204FF04041C2F82C41C2F8D4511E
S214006B905460C7F80CE098609E62996293F84320B0
S214006BA0184C02F0FB0283F8432093F843204FF47E
S214006BB0002102F0FE024FF0804583F84320586122
S214006BC099609D629C6293F8532002F0FB0283F862
S214006BD0532093F8532002F0FE0283F85320996165
S214006BE0F8BD00BF00080040003C0040001C00400C
S214006BF0AD680000003800420800004000800041F8
S214006C0000E00041080000C000686001F8B5324AA4
S214006C1032499369324C43F4005343250120936173
S214006C20C4F8E8500A460860136913F00103FBD164
S214006C3042F2231003254FF44674042113601573A3
S214006C401486D080517113682649274F274E284D49
S214006C5043F0020313608847264B274AD96ADFF8B9
S214006C609CE041F4194140F2162440F27620D962A5
S214006C701464062190640520C2F828114FF00074B1
S214006C80C2F8D80110214FF080405160C7F810E0DC
S214006C909C6098629E6293F8592002F0FB0283F88B
S214006CA0592093F859204FF0807102F0FE0283F8C5
S214006CB059205C61996098629D6293F8582002F0B2
S214006CC0FB0283F8582093F8582002F0FE0283F85F
S214006CD058209961F8BD00BF0008004000A001419F
S214006CE0001C00402569000000380042000200C079
S214006CF0000100C00080004100E000410068600123
S214006D00F8B5324A32495369324C43F4804343253E
S214006D1001205361C4F8A4500A460860136913F0B2
S214006D200103FBD142F2231003254FF446740421DD
S214006D30136015731486D080517113682649274E48
S214006D40274D284F284C43F0020313608847274BF3
S214006D50274AD96A41F00141D9624FF41D700821D3
S214006D6040F2122EC2F850E09065C2F830110720AB
S214006D704021C2F8D001516002204FF04042B76077
S214006D8098609D629A6293F8412002F0FB0283F8B5
S214006D90412093F841204FF4001102F0FE024FF01C
S214006DA0804583F84120586199609D629C6293F803
S214006DB0552002F0FB0283F8552093F8552002F088
S214006DC0FE0283F855209961F8BD00BF0008004018
S214006DD000380040001C004099690000003800425E
S214006DE00200004000686001200000C000800041F2
S214006DF000E00041814205D006D9091AD14001447D
S214006E0088420AD008467047411AD140411A884243
S214006E1008BF01F1FF310846704701310846704748
S214006E20024B1888003018BF0120704794360020A7
S214006E300C4B0D4A10B5A3FB00130C4C0021DB08CD
S214006E4008462380904701210020094B98470221DD
S214006E500020084B984703210020074BBDE8104050
S214006E60184700BFCDCCCCCC8165000094360020FE
S214006E70DD66000089670000316600002DE9F04FEE
S214006E80A64BA74C83B09847638807460BB1013BD7
S214006E90638047F22F539F4200F29980A379013313
S214006EA0DBB20022072BA371A28000F2028104202D
S214006EB09C4B9847002800F0AD804CF608739F4224
S214006EC040F2AE80237A0133DBB2032B237200F24A
S214006ED0EA80954B9847637A00286DD00133DBB281
S214006EE0092B637200F2F580904EDFF85C82DFF8C3
S214006EF044A2DFF84C92A7F57A67002440F21225E8
S214006F0005FB04652B6A9847B84283463BD9AB68B5
S214006F10202B38DDB5F80A3201339BB2032BA5F8D7
S214006F200A3200F2B28040F6B7339B4515D840F2DD
S214006F30122505FB0465AB68FA2B0EDDB5F80C329E
S214006F4001339BB2272BA5F80C3200F28E80013459
S214006F50042CD3D103B0BDE8F08FE5B22846C04775
S214006F6002460028F3D140F2122303FB0463B3F871
S214006F700C1289B20029EAD0681DC0B26C49A3F889
S214006F800C228847E3E7E5B22846C0470028CAD166
S214006F9040F2122303FB0463B3F80A2292B2002ADB
S214006FA0C1D0B3F80A22013A92B2A3F80A22002A04
S214006FB0B9D12846D047B6E7002B95D0013BDBB2C7
S214006FC06372002B90D10A205A4B98478CE747F6FD
S214006FD017139F4237D800230420524DA380A8479A
S214006FE000287AD10420A84700287FF466AF47F22D
S214006FF023739F427FF661AFE379002B3FF45DAFCA
S214007000013BDBB2E371002B7FF457AF0620494B00
S214007010984752E7E3790133DBB2072BE3716DD86B
S2140070204CF61F339F423FF654AF237A002B3FF4B3
S21400703050AF013BDBB22372002B7FF44AAF0B202C
S2140070403C4B984745E70420364DA84700284ED0CD
S2140070506388002B58D12288002A55D1A388013393
S2140070609BB2632B53D8A380BCE75FFA84FB0BF17B
S2140070700500C0B2304B98472822584641F2883166
S2140070802E4BA5F80C22984761E7E3B21846019309
S214007090C847019B18468023A5F80A324FF47A7138
S2140070A0264B98473FE7264B0B209847042323722E
S2140070B00FE7214B0420984763880422A271002B17
S2140070C07FF4F5AEC8224FF4FA601E4B62809847F4
S2140070D0EDE60A201A4B984706E76388002B81D115
S2140070E0C8224FF4FA60174B628098477AE7A37974
S2140070F0002B3FF477AF013BA37173E7104B0620DC
S21400710098470423E37190E70023A3806AE70420EE
S214007110074BA280A271984764E700BF99D500008C
S21400712094360020B9D7000081B700000422002062
S2140071309DD7000009D800008DD7000065BD00006F
S214007140F9D70000316E000045BD000070B41F4B3B
S2140071501F4C93F8630093F862100A1CC0B218BF65
S214007160012200EB021202F1180603EB860602F17A
S2140071703805D6F80660E66603EB85055832D5F87E
S2140071800650256703EB820201F0FF01D2F80620C5
S214007190626793F863200132D2B20F2A83F8632025
S2140071A084BF002283F8632093F8F62152B29042FF
S2140071B007D1B1FA81F14909FF2283F8621083F8FA
S2140071C0F621034B0122DA6270BC704704220020CD
S2140071D00010004270B41F4B1F4C93F8750293F8D2
S2140071E074120A1CC0B218BF012200EB021202F190
S2140071F0180603EB860602F13805D6F81862E6662E
S21400720003EB85055832D5F81852256703EB820242
S21400721001F0FF01D2F81822E26793F875220132D6
S214007220D2B20F2A83F8752284BF002283F8752213
S21400723093F8082452B2904207D1B1FA81F1490975
S214007240FF2283F8741283F80824034B0122DA62C3
S21400725070BC7047042200200080014170B41F4BB0
S2140072601F4C93F8870493F886140A1CC0B218BF04
S214007270012200EB021202F1180603EB860602F169
S2140072803805D6F82A64E66603EB85055832D5F845
S2140072902A54256703EB820201F0FF01D2F82A2464
S2140072A0A26793F887240132D2B20F2A83F8872484
S2140072B084BF002283F8872493F81A2652B290429D
S2140072C007D1B1FA81F14909FF2283F8861483F8C1
S2140072D01A26034B0122DA6270BC70470422002093
S2140072E0000C004270B41F4B1F4C93F8990693F89D
S2140072F098160A1CC0B218BF012200EB021202F157
S214007300180603EB860602F13805D6F83C66E666F4
S21400731003EB85055832D5F83C56256703EB820209
S21400732001F0FF01D2F83C26626793F899260132F5
S214007330D2B20F2A83F8992684BF002283F89926B2
S21400734093F82C2852B2904207D1B1FA81F149093C
S214007350FF2283F8981683F82C28034B0122DA6262
S21400736070BC704704220020006001412DE9F84FF0
S2140073704B6A0C469046074698479B4B05469847EF
S214007380E22D38BFE225B4F84030B4F84030ADB254
S214007390AB4282B280F0FF8094F85410012940F28C
S2140073A00F81A4F84050B4F84010B4F84230994227
S2140073B084BFB4F84030A4F84230B4F84010B4F8B3
S2140073C00432994240F2D180A38BB3F5404FC0F00F
S2140073D0CC80B4F8063201339BB2632BA4F8063295
S2140073E000F2E980A4F84A20B4F84A20B4F8403005
S2140073F09A423CBFB4F84A30A4F8403080B205F157
S2140074006103984200F3BF80DFF808A246F29F06A9
S214007410A368DFF8049203FB07F31B0C40F29710F7
S214007420A3FB00012A460023C8474E2838BF4E203B
S214007430C0EB401B4FEA4B0B6C4B6D4A94F8641044
S214007440D7810BFB05FB03FB07B34E2184F86410C2
S21400745053454FF00001024688BFA3EB0A03A0F194
S2140074600C0994F8650084F86510A4F84420B4F874
S214007470080294F8522088BF190C5E4B984740F6D5
S214007480FF721FFA80FE9645714628BF1146B1F579
S214007490007F38BF4FF40071A4F80812A068B4F853
S2140074A00832B4F8081200FB0EF00014A3F50073BF
S2140074B003FB00F3B3FBF1F303F50073A4F84830C5
S2140074C0B4F848104C4BB3FBF5F3914228BF114675
S2140074D0B1F5007F38BF4FF40071A4F84810ABEB4D
S2140074E00A0AA068B4F848101B04B3FBF0F303EBD9
S2140074F01A43934228BF1346B3F5007F38BF4FF4B4
S21400750000738B4208F1100039D2A4F84830C0B29C
S2140075103A4B9847B4F84800A36841F20E5202FB73
S214007520006009EB89063C3605FB1606360B05FBA4
S21400753006F52D0A03FB05F52D0CC4F8EE51A4F84C
S2140075403C90E38B012B4BD0E38B022B4AD0E38B92
S214007550032B0CBF2A4A2B4AA38F5386A38F0333D1
S2140075609BB21386E787BDE8F88F002394F80612CF
S21400757084F8063294F8071284F8073232E7C0B26D
S214007580214B9847C6E7401B40F6184A0AFB00FA0C
S214007590C0EB00263CE7591BA3EB1111A4F84010E2
S2140075A0B4F842108B427FF4FEAEB4F84030013B94
S2140075B0A4F84030F7E6B4F84030A4F8043211E7F7
S2140075C0E91A03EB9101A4F84010B4F840108B427E
S2140075D07FF4E9AEB4F840300133A4F84030E2E678
S2140075E00A4AB9E70A4AB7E7C1D500008C940200F8
S2140075F094360020F56D0000C0047700F9D700002F
S21400760000A001410038004009D8000000C0014138
S214007610003C0040189504006100010010B4094BBE
S214007620094C1B68094993F8403003EB830303EBCE
S21400763083035B0096339BB20246184623465DF8EA
S214007640044B1847D4EE00206D730000042200207F
S21400765010B4094B094C1B68094993F8403003EBFA
S214007660830303EB83035B0096339BB20246184604
S21400767023465DF8044B1847D4EE00206D730000D7
S2140076801624002010B4094B094C1B68094993F8CE
S214007690403003EB830303EB83035B0096339BB21C
S2140076A00246184623465DF8044B1847D4EE0020E1
S2140076B06D7300002826002010B4094B094C1B6887
S2140076C0094993F8403003EB830303EB83035B0025
S2140076D096339BB20246184623465DF8044B18477D
S2140076E0D4EE00206D7300003A28002070B51E4EC0
S2140076F01E4D33681E4C93F8400000EB800000EBF4
S214007700800040009630294680B20022A0473368A9
S21400771093F8400000EB800000EB800040009630BD
S21400772005F2122180B20122A047336893F8400088
S21400773000EB800000EB80004000963005F224410C
S21400774080B20222A047336893F8400000EB800026
S21400775000EB80004000963005F23661234680B28A
S2140077600322BDE870401847D4EE00200422002013
S2140077706D73000030B51549154C8B69154D1648CC
S214007780012243F080038B6183B02A702270804709
S214007790124B9847124B9847124B9847124B9847F4
S2140077A002232370114B9847114A13690BB103B09B
S2140077B030BD103206218DE806000E480E490F4CEB
S2140077C04FF40072A0470128F1D0FEE70008004001
S2140077D00038004200E00041116A00001D6B000006
S2140077E00D6C0000016D0000D5440000ED76000031
S2140077F09436002001820000681301009DF100000D
S214007800084A094B1268DB8992F8400000EB8000BA
S21400781000EB80004000963080B2834201D0034BDC
S21400782018477047D4EE002094360020ED7600000E
S214007830014B5869704700BF943600200549042262
S2140078408B8B9BB21BB9013AFAD1012070470020FE
S214007850704700BF0422002029482DE9F04100228D
S21400786040F2122404FB020101328B8B9BB26BBBED
S214007870B1F80C329BB24BBB042AF3D1214A1168F3
S2140078809C4614319E4640F2122404FB03052F4604
S214007890B5F84E2092B28AB1B5F84E600A88B6B2F4
S2140078A0921B002AB8BF5242B2F5FA6F2E460FDC82
S2140078B095F81022022A0BD0A7F84EE00133042BCD
S2140078C001F10201E1D1BCF1000F0DD1BDE8F0815C
S2140078D0B6F80E2221F8082CB6F84E200A804FF093
S2140078E0010C86F810E2E7E7074B084C984702229F
S2140078F0A446114601230520BDE8F041604700BFBD
S2140079000422002058F10020E5600000C1D80000E5
S214007910134904228B8B9BB2D3B9013AFAD170B5C6
S214007920104C114DA047114B1B689B8B032B04D8A2
S214007930AA690F4B801A984206D90E4B98470E4BF1
S214007940984730B1A047A8610C4BBDE87040184777
S21400795070470123184602220521094EB047F1E779
S2140079600422002055F4000094360020D0EE0020BB
S214007970FF2D93025962000091BD00005978000067
S214007980C1D8000010B53B4CA3894FF6FF72934256
S2140079901CBF0133A381237F0133DBB2632B18D8CE
S2140079A02377354B984794F824300133DBB2072B06
S2140079B017D884F82430E38C304A01339BB2512127
S2140079C0632BE38451741DD8322B24D0192B37D067
S2140079D010BD236A002101330322236221776277D8
S2140079E0DFE794F825300022012B84F8242020D0ED
S2140079F0627F52B90133DBB2102B00D9002384F822
S214007A002530D8E70023E38410BDA17A0029F1D001
S214007A10013A6277EEE71A4C23685B07D8D5194B14
S214007A2002214FF400709847236823F00403236074
S214007A3010BDA27AD2B1627F002AE9D10223DEE726
S214007A40238D01339BB2092B2385C1D90E48002311
S214007A5040F2122101FB0302183201331268002A99
S214007A60B6DC042BF6D10023238510BD022384F850
S214007A702530A0E794360020EDC7000000FF012067
S214007A809CF8002091CC0000042200202DE9F84349
S214007A90714C724B94F862509847714B9847B5FA00
S214007AA085F5704B98476D096F4B984704EB851327
S214007AB06E4AD3F866001064D3F8E6605664D3F8CE
S214007AC0660190644FF0010C4FF0FF0E84F8625090
S214007AD084F863C084F8F6E1D3F86670644E6548AF
S214007AE06549BFB2013F5763D3F878723764D3F85D
S214007AF0F892C6F84490D3F87873376584F87452D1
S214007B0084F875C284F808E4D3F87872BFB2A7F296
S214007B102F477763D3F88A740764D3F80A95C0F8BA
S214007B204490D3F88A75C76484F8865484F887C46A
S214007B3084F81AE6D3F88A74BFB2A7F65E074763DE
S214007B40D3F89C760F6403F2167703F29668D7F89C
S214007B5006704F6403F29673D3F806308B6484F88D
S214007B60985684F899C684F82CE8D8F806309BB264
S214007B70A3F68D434B6372B6136843F0020313609B
S214007B80336843F002033360036843F00203036084
S214007B900B6843F002030B6093689C07FCD4344ADE
S214007BA093689807FCD4334A93689907FCD4324A02
S214007BB093689B07FCD462B63048314B314C446125
S214007BC093F8CD20304902F0FE0242F0010283F81D
S214007BD0CD2093F8B62002F00F0242F0500283F850
S214007BE0B620C46093F8532002F0FE0242F0010271
S214007BF083F8532093F8392002F00F0242F0500227
S214007C0083F83920046193F8582002F0FE0242F00F
S214007C10010283F8582093F83C2002F0F00242F06C
S214007C20050283F83C20846093F8552002F0FE029B
S214007C3042F0010283F8552093F83A2002F00F0232
S214007C4042F06002012083F83A2081F82A0081F889
S214007C502B00BDE8F88300BF042200203568000032
S214007C60AD68000025690000996900000010004218
S214007C7000800141000C00420060014100380042D3
S214007C800080004102686001943600200000000079
S214007C902DE9F04F8BB04FF0000ADFF8D4B3CDF8E3
S214007CA004A0CDF80CA0CDF808A040F2122808FBDE
S214007CB00AB14A68002A40F0E2805FFA8AF0009033
S214007CC0B1F8EE01A1F8EE21B1F8F001A1F8F0212B
S214007CD0B1F8EA01A1F8EA21B1F8EC01A1F8EC212B
S214007CE0A1F8482008FB0AB318331B68002B03DDF5
S214007CF0039B0133DBB2039308FB0AB31D469A6964
S214007D00059293F8624055F8042FE4B222B1D04AA7
S214007D101288002A00F0BA8008FB0AB40020228BE2
S214007D202083618B6083A36B00999847B4F8043274
S214007D309BB2002B6ED108FB0AB318331B68002BCE
S214007D4006DD029A00991346002A08BF0B460293E6
S214007D5008FB0AB318331B68002B03DD019B0133B5
S214007D60DBB201930AF1010ABAF1040F9FD1019B1D
S214007D70002B00F05D81029B40F2122C0CFB03F7F7
S214007D804FF0000E0CFB0EF00BEB0003996929BBBD
S214007D9093F86240B4FA84F464092401631803F18A
S214007DA018029200D5195D4403F158060244383390
S214007DB0D5F8065000EB860600EB83035A445E4473
S214007DC05B440131C2F8065005F1FF381029A5F1D1
S214007DD00205C6F80680C3F80650DFD10EF1010E84
S214007DE0BEF1040FCED1039B002B00F0DA81029A7D
S214007DF040F2122303FB02B393F86330023303F01E
S214007E000F038BF8F6318BF808348BF81A368BF89C
S214007E102C385DE1636B984748BBB4F804228D4B61
S214007E2091B24DF24C4202FB01F2A3FB0213D21AAE
S214007E3003EB5203C3F3CF23A3F53B52213A92B28E
S214007E4046F653718A4200F25981DA0AA4F80E22E5
S214007E50B4F80E22110408FB0AB248BFA4F80E02BA
S214007E60A2F84E3092F81032012B00F08F8108FBFA
S214007E700AB30022A3F80422A3F806225BE75FFAFF
S214007E808AF300931846CB6A98472BE734331B686F
S214007E90984700287FF440AF2B68C3B16E4A9342E0
S214007EA040F28D81B3F5800F00F291816FF4A972D4
S214007EB0A3F5F133134446F22660A3FB0001674D99
S214007EC061A3D3E90023A84700F23A739BB208FBEC
S214007ED00AF70BEB0701B4FA84F25209604D0B6106
S214007EE01446002001F5F0730692CDF81CA00A4651
S214007EF004934FEA041E0646AA468AE01C68594DBB
S214007F001B68AB4240F21481574B9C4203D82409AD
S214007F1004FB00F4210C0EEB0603183307EB830377
S214007F20156904985B44141DD0F806002944B0FB7C
S214007F30F1F1C3F80610D3F80600D4F800C0D3F861
S214007F400690C517A0FB0C010CFB0511000E40EABD
S214007F5001200330484540F2E780D3F80610C81EDB
S214007F60B2F80E429568B2F80EC20EEB060318334E
S214007F700FFA8CFC21B207EB830305FB0CF55B4480
S214007F80A1EB154101440EEB0600D3F8064018306D
S214007F9007EB8000A142584488BFD3F80610D0F8FB
S214007FA00600B2F8483088BF01F1FF3140F696541B
S214007FB0411A04FB01F0000A9BB203FB00F3D08FCA
S214007FC0B2F84A401B0C03F2971380B200FB03F38F
S214007FD0A4B2B3FBF4F4002900F0A38008460EEB2D
S214007FE00603383307EB83038C425B4480F09180B2
S214007FF0091BC3F806100EEB0603583307EB830382
S2140080005B440136102EC3F8060000F0A5803AF84F
S214008010020B1346014653F8044FB4F5000F7FF6E3
S2140080206DAF1868114CA04240F28580890872E74F
S214008030039BFBB9FF238BF8F6318BF808348BF8DB
S2140080401A368BF82C3843E0AD1C3E0000000000CA
S214008050943600200101100053E301006100010086
S214008060220D0100FFFF0300FFFF0F00FFFFA3002C
S21400807004220020029A574D40F2122303FB02B35B
S214008080554A93F86330023303F00F038BF8F6314A
S2140080908BF808348BF81A368BF82C3890474F48F4
S2140080A0019F04684E494F4A4F4B67F341040460F2
S2140080B0086885F82A7067F341000860116867F35E
S2140080C0410111601A6867F341021A60474B9847EE
S2140080D0BBF86C04ADF82000BBF85A42444BBBF822
S2140080E07E16BBF84820ADF8224008A8ADF824104C
S2140080F0ADF8262098470BB0BDE8F08F0A23A4F809
S2140081000E3208FB0AB30022A3F80422A3F80622C4
S21400811011E60121DC88D98019894FF00001198108
S21400812069E7012001465AE7002808BF012017E743
S2140081304FF48044ECE618682E4CA0420AD81B6820
S214008140C3F530031B0901FB03F12B4BA3FB0131E5
S214008150490CE0E60021DEE6069BDDF81CA007EBF6
S21400816083145C445F44D4F866307B61D4F866318F
S214008170BB61059B1BB9174B93F82A3013BB9BF9C1
S2140081804838002BB8BF8BF848A8D4E5022382F8FD
S214008190103208FB0AB30022A3F80422A3F8062232
S2140081A0C9E5FF238BF8F6310B4A8BF808348BF8B9
S2140081B01A368BF82C389047104B984786E740F2D3
S2140081C03A7384E60099BB6B01209847D7E746F6DA
S2140081D060537CE69436002041F400000010004214
S2140081E000800141000C0042006001419DF5000046
S2140081F0BD450000FFFFAF00ABAAAAAA8D7A00001B
S2140082002DE9F04F5E4B5F4D8BB098475E4B5F4A53
S2140082104321C3F89010536943F4806353612B786D
S21400822043F001032B706E6816F00106FBD12E6238
S214008230EE61EB69564CDFF884915649564FDFF8ED
S2140082408081DFF880A143F00073EB612B6A43F472
S21400825000532B62EB6943F40033EB61EB6940F6A5
S214008260510043F00203EB61A8602A6B40230243EF
S2140082702A636E636360A162C4F82890636094F812
S214008280462042F0040284F846204FF41811A361F9
S2140082900620B8474FF40063404A6360A262C4F801
S2140082A02890636094F84B2042F0040284F84B2038
S2140082B04FF42C11A3610B20B8471023384A636093
S2140082C0A262C4F82890636094F8442042F0040246
S2140082D084F844204FF41011A3610420B84701230A
S2140082E0304A6360A262C4F82890636094F8402025
S2140082F042F0040284F8402031463046A361B84775
S2140083002B78294A43F002032B709047274B88F8B6
S2140083102C601B6830460C3340F2122101FB06A28B
S214008320013633F9024BA2F80E42042E82F81002F0
S214008330F4D100230993079340F2122BEBB10220ED
S21400834006901B4B98471B49B8F8003052224A74D7
S214008350002B39D0069A013BC2F10A00A8F800307B
S214008360134B9847144B9847B8F80C30182B00F26C
S214008370548298F82C30002BE1D105200690E0E7D7
S2140083801DB6000000280040001C00400008004009
S21400839000800041400002400165000000080240E5
S2140083A01000024001000240F9CE000058F1002003
S2140083B0A1F6000000FF012085790000000002C041
S2140083C09436002004220020A14B9847002800F095
S2140083D01E820023C8F814300BFB03A202F5F472C9
S2140083E00133D2F80620D8F81410042B0A44C8F833
S2140083F01420F1D10893B8F80C30182B00F226821E
S214008400944A26234FF000095374934B5FFA89F081
S21400841098470BFB09A2C0F30F2113680193938BB7
S21400842006468E48C3F307230068CD1A002DB8BF52
S2140084306D4290F841400094994290F8467000F0E2
S21400844080814FF0000382F846300BFB09A42D1103
S21400845094F84630032D4FEA131303F10203A8BF26
S21400846003250493EBB203930123013F0293009B81
S214008470022B00F009817A4B9847002840F00481CF
S214008480009B012B00F0AA81009B032B00F0C88103
S21400849023682268F31A48BF0F3302EB2313042223
S2140084A023604FF0000388F82C3084F8533084F8AB
S2140084B052202368019A9A4200F02581FAB2A683D8
S2140084C0022A6368226800F23181C2F30F2E216807
S2140084D0059107EB07220EF101016248D4F800C0AF
S2140084E01144724400EB410100EB42024FF6FF7E5E
S2140084F0F445098C128C00F062819DF81400891AEC
S214008500120200FB012161602268964204D0626874
S2140085109BB2934200F00D810BFB09A4254655F84B
S214008520042FE260636B984738B1A3884FF00003CE
S214008530A3806B884FF000036B804B4B984730B39B
S2140085400BFB09A494F8F73113F0010F474B00F02A
S2140085500481984728B194F8F731012B94BF002086
S214008560022000230BFB03A292F8F721824200F0C0
S2140085709A810133042BF5D10BFB00A00BFB09A25B
S214008580C1681368090A03FB01F31B0A53600BFB5F
S21400859009A42546364B55F8040F984760602B68AB
S2140085A098F80A201B0AA3602968C4F85E1032B146
S2140085B0E38B98F80B109BB2994200F0F28009F119
S2140085C00109B9F1040F7FF420AF224A2A2353741D
S2140085D0284B984798F82C30002B069B0CBF0A2097
S2140085E00520C01A80B2244B98471A4A2423537495
S2140085F0224B9847002800F02C8198F83430002B46
S21400860000F04D81013B88F8343098F82C30002B70
S21400861000F0D88098F83530002B40F0D380012346
S21400862088F83530164B9847079B044643B1089A9E
S214008630BAF81C309BB2002B40F01281013AF7D1F9
S214008640104B1B685B0700F1F480079491E600BFAF
S214008650B145000000FF012099C30000D4EE0020C1
S21400866091BD0000200D01005DC3000075C3000031
S2140086704DB70000917C0000A1F60000ED5B000005
S21400868055F400009CF8002094F85430AB4202DD0C
S21400869094F85330B3B9B8F80C30B3F5AF7F11D9AE
S2140086A02023039A8AF853308AF854208AF86532D1
S2140086B08AF866228AF877348AF878248AF889361F
S2140086C08AF88A2694F85430C3F10403DBB284F89F
S2140086D05230236894F852102268F31A0B41134460
S2140086E0236094F853302BB194F85330013BDBB23F
S2140086F084F853304FF0000388F82C302368019A32
S2140087009A427FF4DBAE23689E423FF4D7AE2368DE
S2140087109E422368FAB2CCBF013303F1FF332360D5
S214008720022AA683636822687FF6CFAE12026260D2
S214008730EAE6029B049A0133934202937FF497AED3
S214008740EAE692F846301F2B3FF67FAE92F84630A8
S2140087500133DBB282F8463077E6984700283BD0F4
S21400876094F8F731012B94BF0122032200230BFB60
S21400877003A191F8F711914200F097800133042B82
S214008780F5D10BFB09A10BFB02A24868136883F422
S2140087907F43020A83F0FF0303FB02F31B0A4B60CE
S2140087A0F5E6012A98F81D3072D90022C8F8302064
S2140087B0002B3FF404AF013B88F81D30FFE66FF056
S2140087C07F41A0E63D4B98473D4B98473D4B984729
S2140087D0002388F8353025E70122C7E7B8F80C30C3
S2140087E0B3F5AF7F7FF654AE23682268F31A48BF0E
S2140087F00F3302EB23132360042201214FF0000302
S21400880088F82C1084F8533084F8522051E62E4B0A
S214008810984700287FF4DDADABE52C4B9847A8E5DC
S21400882023682268F31A48BF3F3302EBA3130622DD
S21400883036E6274B02214FF400709847254B254A11
S2140088401B68079423F00403136092E51F4B9847B8
S214008850D6E5214B02209847C82388F83430D4E662
S21400886098F82C30002B079B08BF0A22A4EB0303C2
S21400887018BF05229A421AD3099B002B3FF4E0AE9C
S214008880013B09937FF4DCAE0C20144B9847D7E6E7
S214008890002B3FF494AE0022C8F830208BE702206D
S2140088A00F4B9847B1E6D8B266E6DAB269E70D4BE9
S2140088B00C2098474FF4C8730993C1E685790000E9
S2140088C01179000009C70000D54400007D6E000045
S2140088D091CC00009CF800208DD7000009D800003D
S2140088E09DD70000F9D7000070B50B4A0B4C5369B2
S2140088F00B4D0C4943F4807353612046256088472E
S2140089002046094B4FF400624FF47A719847204690
S214008910064BBDE8704018470008004080F1002074
S21400892000200040B99B0000FD9B0000C59C000095
S21400893000B583B0064B01A89847064B9A680AB95B
S214008940A5221A7301A8044B984703B05DF804FBF0
S214008950D58D000000200040E58D000070B5074A68
S214008960074CD369074D084943F48063D36120461A
S214008970A8472046054BBDE8704018470008004051
S21400898078F100200D9000000028004215900000AD
S2140089902DE9F0412D4F2E4E2E4D84B001A8B04744
S2140089A0D7F88020D7F8A030D7F890405C40144025
S2140089B001A85C40A8476846B047D7F88010D7F8AB
S2140089C0A020D7F8903082EA030808EA0108684633
S2140089D088EA0208A84718F4000F0CBF00230223F9
S2140089E002A8C4F380541C43B047D7F88010D7F8C9
S2140089F0A020D7F8903082EA030808EA010802A807
S214008A0088EA0208A84718F0804F0CBF002304230A
S214008A1003A81C43B047D7F88020D7F8A030D7F873
S214008A2090605E4016405E4003A8A847002E04DB18
S214008A30E0B2013004B0BDE8F08144F008040F2C29
S214008A40F6D1012004B0BDE8F08100BF00800041EF
S214008A50D58D0000E58D00002DE9F0411E4DDFF8B4
S214008A6080801E4E84B002A8C047D5F88020D5F876
S214008A70A030D5F890405C40144002A85C40B04757
S214008A8001A8C047D5F88020D5F8A030D5F890705A
S214008A905F40174001A85F40B04717F4804F0CBFF7
S214008AA00023022303A8C4F300341C43C047D5F8B0
S214008AB08020D5F8A030D5F890505D4003A815402A
S214008AC05D40B04715F4004F0CBF00200420204343
S214008AD004B0BDE8F08100BF00800041E58D0000D5
S214008AE0D58D00002DE9F041A44BA54CA54FA64D11
S214008AF0A64E9847A64BA748A749DFF8D0E24FF402
S214008B008002C3F88420C3F8A800C3F8A810C3F8EE
S214008B10842093F8D61041F0040183F8D610C3F8E9
S214008B20982093F8D6209D4902F0FE0283F8D620BE
S214008B304FF40002C3F88420C3F8A800C3F8A84086
S214008B40C3F8842093F8D74044F0040483F8D74051
S214008B50C3F8982093F8D72002F0FE0283F8D720B7
S214008B604FF08042C3F88420C3F8A800C3F8A8706A
S214008B70C3F8842093F8DE40894F44F0040483F859
S214008B80DE40C3F8982093F8DE4004F0FE0483F835
S214008B90DE404FF00044C3F88440C3F8A800C3F892
S214008BA0A850C3F8844093F8DF5045F0040583F8D6
S214008BB0DF50C3F8984093F8DF4004F0FE0483F8D3
S214008BC0DF404FF48054C3F88440C3F8A8E0C3F8ED
S214008BD0A810C3F8844093F8CC50DFF8F4E145F0D1
S214008BE0040583F8CC50C3F8984093F8CC4004F0C2
S214008BF0FE0483F8CC404FF48044C3F88440C3F8A6
S214008C00A860C3F8A810C3F8844093F8CE50654E09
S214008C1045F0040583F8CE50C3F8984093F8CE404C
S214008C2004F0FE0483F8CE404FF40044C3F88440BA
S214008C30C3F8A870C3F8A810C3F8844093F8CF50C0
S214008C40594F45F0040583F8CF50C3F8984093F881
S214008C50CF40564D04F0FE0483F8CF404FF000643A
S214008C605C619C609A62C3F828E093F85B4004F06D
S214008C70FE0483F85B404FF40034C3F89440C3F816
S214008C808840C3F8A820C3F8A86093F8D140484E9F
S214008C9004F0FE0483F8D1404FF480145C619C60BD
S214008CA09A629F6293F854400EF5FC3E04F0FE0470
S214008CB083F854400EF1040E4FF480245C609862F2
S214008CC0C3F828E093F852003A4C00F0FB0083F813
S214008CD0520093F8520000F0FE0083F852004FF462
S214008CE08060C3F88400C3F8A850C3F8A810C3F87F
S214008CF0840093F8CA5045F0040583F8CA50C3F8B8
S214008D00980093F8CA004FF480350F3F00F0FE003D
S214008D1083F8CA00C3F89450C3F88850C3F8A82054
S214008D20C3F8A87093F8D0004FF4006200F0FE007D
S214008D3083F8D000C3F88420C3F8A860C3F8A8104E
S214008D40C3F8842093F8CB1041F0040183F8CB10CD
S214008D50C3F8982093F8CB2002F0FE0283F8CB20CD
S214008D60A047154A154C13691549164843F04003A9
S214008D701361A047144BBDE8F0411847B1900000BE
S214008D80800002C0004002C0008002C000400240D6
S214008D900080004100000240400002C0000002C007
S214008DA000800240020000C0100000C00004024024
S214008DB000080240E988000000080040018E00001C
S214008DC0004000415CF100205D8900000010024078
S214008DD0000800C0EFF31083036072B6BFF35F8F26
S214008DE0704700BFBFF35F8F036883F31088704738
S214008DF0436903B118477047836903B11847704742
S214008E0010B5044B0446984718B9034A034B84E848
S214008E100C0010BD19920000F18D0000F98D0000C5
S214008E202DE9F84F244F1E4605460C469146B84796
S214008E30224B074628469847B6F5007F37D800FBF2
S214008E4007F0A0422FD3331998422CD3DFF878804E
S214008E50D8F800304FEA543A9A451CD021462846A6
S214008E60DFF868B0D847D0B924F4FF5121F01F01CD
S214008E702846134B98470127C8F800A021462846E5
S214008E80D84760B92146284633464A460D4CA04787
S214008E903846BDE8F88FDFF834B00027EEE76FF00D
S214008EA01000BDE8F88F6FF00D00BDE8F88F6FF08A
S214008EB01E00BDE8F88F00BF6D920000759200009E
S214008EC07D92000099920000D4360020AD920000FA
S214008ED0034B1B68B3EB503F14BF012000207047C4
S214008EE0D436002030B585B0058903911446029229
S214008EF0074BADF804504FF4004201A91438ADF802
S214008F0006209847002808BF204605B030BD00BFA1
S214008F109D96000030B585B00589039114460292EF
S214008F20074BADF8045048F2010201A91438ADF819
S214008F3006209847002808BF204605B030BD00BF71
S214008F409D96000010B5044B0446984718B9034A8E
S214008F50034BA261636110BD11960000158F0000DF
S214008F60E58E000010B5034B0446984708B9A0618B
S214008F70606110BD1D960000004B1847419600002A
S214008F80004B184789960000C1F3090102F480627D
S214008F900A4382831046704710B584B0848B0391D1
S214008FA00292054BADF804404FF4004201A9ADF81B
S214008FB00620984704B010BD9D9600001430086047
S214008FC0002070472DE9F0470679002E08BF2026BE
S214008FD08E4212D2A9B10025DFF82C9080460F46AB
S214008FE02C464046C8473319A040DCB2A74245EAA3
S214008FF00005F6D82846BDE8F087034BBDE8F047E5
S21400900018470D46F6E700BFAD9B0000004B18471B
S2140090106D9B0000004B18479D9B00002021014BD4
S214009020184700BFC58F0000044A05491368002B87
S21400903008BF0B461844106018467047D836002004
S214009040F808012038B5194B1D682B681C6DE00721
S21400905028D4A20522D4A3011BD4E00114D42202F2
S21400906009D52A68EB68526C12F0200F14BF022153
S214009070012128469847230703D5EB680421284694
S21400908098472B681C6538BDEB6800212846984732
S214009090E5E7EB68032128469847DEE76B68284635
S2140090A09847D8E7AB6828469847D2E7DC360020D2
S2140090B010B50A4A0A4913889BB243F440731380DA
S2140090C08847084B9847084B9847084B984740F600
S2140090D0FF70074BBDE81040184700BF0040004136
S2140090E0E1930000F5930000459100000D94000008
S2140090F0F5900000C10707D50E4A0F4B136243F6E2
S214009100FD7153680B42FCD1820707D5094A0B4B09
S214009110536243F6FD7153680B42FCD1030708D532
S214009120044A074BD36243F6FD7153680B42FCD1E9
S21400913070477047001C0040070101000701080047
S21400914008010100014B01225A71704700080040D7
S21400915070B48E08448AE507FCD54AF2155484801C
S214009160448AE407FCD54BB1C2EB86061446256854
S214009170A5510434A51AADB2AB42F8D8438ADB0732
S214009180FCD54AF20353416170BC8380704700BF30
S214009190F0B41D4A1D4B17889B78DE0730D4BFB24B
S2140091A0538ADD07FCD51388194D17499BB24FF437
S2140091B025441380556194804B8ADC07FCD51449FE
S2140091C0114B144E4AF215554AF204549D805A8AA1
S2140091D0D207FCD502680A6042684A6082688A60E4
S2140091E0C268CA6059619C805A8AD207FCD5103181
S2140091F0B14200F11000E9D11F800020F0BC70479A
S2140092006FF01000FAE700BF004000410020004168
S214009210004080000042800010B401610B88114CB1
S214009220114A206023F0C0039B049B0C4FF00054AF
S2140092300B80C2F88040BFF34F8FBFF36F8F4FF0A5
S2140092408043C2F88030BFF34F8FBFF36F8F00208C
S214009250C2F88041C2F88031146013605DF8044B98
S214009260704700BFE036002000E100E04FF40070D9
S214009270704700BF0369986880B2704721F4FF51B9
S214009280026921F01F01538ADB07FCD54AF201531D
S21400929051619380704700BF10B4034C0069A44628
S2140092A05DF8044B604700BF519100000369C1F3AD
S2140092B04F319A69012303FA01F111420CBF184697
S2140092C0002070470A4B186803691A8AD20704D52B
S2140092D001221A8203684BB118471A8A92B22AB141
S2140092E040F25E221A824368002BF5D1704700BF19
S2140092F0E0360020004B1847C592000070B5A0F578
S2140093000005A5F58045B5F5007F0BD2124E451831
S214009310B5421BD85C1E21440844B0420FD96FF0FA
S2140093200C0070BDA0F18014042C12D80B4E45180A
S214009330B5420BD85C1E21444418B442EFD82946E7
S21400934010461A46064B9847002070BD6FF00D0079
S21400935070BD6FF01A0070BDFF4180008400800071
S214009360D7030100F0B5A0F50004A4F58044B4F5D9
S214009370007FADF5017D1CD2164D4418AC4223D8B3
S2140093805C1E0C440444AC4221D81D4616460C46CE
S214009390114F01464FF400726846B8472A463146D8
S2140093A00DEB0400B84768460C4B98470DF5017D59
S2140093B0F0BDA0F18010052834BF6FF010006FF0EC
S2140093C01A000DF5017DF0BD6FF00D00F9E76FF0A6
S2140093D00C00F6E7FF418000D703010091910000E2
S2140093E0034BDA69012102F47C52DA611974704782
S2140093F000140040034A044B53611369DB07FCD595
S214009400704700BF00100040022E6002184A232357
S2140094105363D36B13F0060FFBD1164B93631449BB
S214009420022382F83030CB6B9B07FCD42C23104AE7
S2140094308B64136D13F0060FFBD10E4BD3640C49EF
S214009440022382F844300B6D9807FCD4084B02E0E8
S2140094501A6C900702D41A6CD207F9D5044B02E0B6
S2140094605A6D920702D45A6DD107F9D5704700BFDE
S214009470001000404000020000B50C4A937883B00C
S214009480DBB20193019B990707D5094B1B6823B1F3
S2140094905068984703B05DF804FB019BDB07F9D5DD
S2140094A0034B5B68002BF5D0004AF1E70000024151
S2140094B084F1002070B4104D06460FCD87B06C4680
S2140094C00FC495E8030084E803006A46002352F8B8
S2140094D0041BB14207D00133062BF8D14FF0FF3002
S2140094E007B070BC7047DBB2D81E18BF4FF0FF3015
S2140094F007B070BC704700BF74130100F0B5056973
S214009500154E4FF480343C2703E0013C1BD09B07EC
S21400951013D12B7E0B6077740B68AA7D13F0800046
S2140095201FFA83FEF1D02E218023A6F82CE0328687
S21400953071742B766FF00400F0BD3E237374A6F8AA
S2140095402CE03286F0BD21237374A6F82CE0328618
S2140095506FF00400F0BD00BF00FF0120F8B52A4BF5
S214009560054608460C469847E3692849C7B27E0078
S21400957013F0010F06EB070301EBC303DA6917D1FB
S21400958002F01C00E3699B07FCD123689B0709D502
S214009590236823F002032360E3699B07FCD1E36999
S2140095A09B07FCD440F001002060E3699807FCD1DB
S2140095B0E369DB07FCD42260E3699807FCD1F31962
S2140095C001EBC3031B6A6360E3695B07FCD4F31912
S2140095D001EBC303C2F301625B6AE360AA81636ABC
S2140095E0012A94BF0022012223F4804343EA8232F8
S2140095F06262E06910F00400FBD13E4401EBC60154
S2140096004B8DEB81F8BD00BFB594000074130100CC
S2140096100161014B184700BF5D95000003691A6899
S21400962022F002021A60DA699207FCD11A6842F048
S21400963001021A60D86910F00100FBD1704700BF24
S21400964030B403691A6842F002021A60DA699107B8
S214009650FCD1042410254FF6FF71D86910F00400E1
S214009660FBD15A8BC2F30112012A0AD00139F4D178
S214009670013C04D05D83DA695207FCD4EBE76FF057
S214009680050030BC704700BF03691A6822F002026A
S2140096901A60D86910F00300FBD170472DE9F04737
S2140096A043880469DE0582B000F127824B889BB2AE
S2140096B043F480734B8082460F4607C98AE807004A
S2140096C0636843F480736360E3695D07FCD4DAF88B
S2140096D004302268012B636800F07A8123F480232B
S2140096E06360E3695B07FCD4BAF800305A0552D5CC
S2140096F0BAF80220D60706D5BAF8022092B242F48B
S2140097008062AAF8022040F2FE7202EA4302E3698F
S2140097105D07FCD4636A03F4804343F400431343B9
S2140097206362E3695807FCD401A95046B04EB14DB8
S214009730B0473B236B742168019AE3695B07FCD44E
S214009740638B12F0010F9BB238D09A0761D50122C5
S2140097502276BAF8022092B242F48052AAF8022088
S214009760BAF8022022F48072120413F0010F4FEAB6
S2140097701242AAF8022014BF6FF004006FF0030034
S214009780BAF8023023F480731B041B0CAAF80230CC
S21400979002B0BDE8F087BAF802105A00D2B201F063
S2140097A001031A43E3695907FCD4636A03F4804350
S2140097B01A436262E3695A07FCD4B5E7920742D5BA
S2140097C0DAF80420002A00F0AA81580700F1A781E1
S2140097D0013ACAF80420C1F3C061002A40F01B8198
S2140097E049B9636843F480236360E3695807FCD48F
S2140097F0002A40F01281BAF802301B0400F1808182
S214009800BAF8023023F480731B041B0CAAF802304B
S21400981003E1580700F18881BAF802305B0500F1D1
S2140098200981DAF80420002A40F02C81BAF80230C8
S2140098301A0400F15A81BAF8023023F480731B042C
S2140098401B0CAAF8023000234FF03A084FF002092A
S214009850BAF80220D2052ED501A95046B04785F8A1
S2140098601180002840F0A880019B2168E269520719
S214009870FCD4628BD80792B221D5900754D5012329
S2140098802376BAF802309BB243F48053AAF802302B
S214009890BAF8023023F480731B041B0CAAF80230BB
S2140098A012F0010FBAF8022014BF6FF004036FF035
S2140098B00303D205D0D4184602B0BDE8F08713F0F3
S2140098C00203C5D0DAF80430002B00F0CE80500733
S2140098D000F1CB805A1ECAF80420C1F3C061002AEA
S2140098E045D139B9636843F480236360E3695B0755
S2140098F0FCD45AB9BAF802301A047DD4BAF8023049
S21400990023F480731B041B0CAAF80230DAF8082034
S214009910531CCAF80830E36913F00403FBD1A16AAC
S214009920117084F8189093E7510700F1B980BAF8DF
S2140099300230580520D5BAF80030DB0903F00602DD
S214009940E3695907FCD4636A03F4804343F0F103E8
S21400995013436362E36913F00403FBD1BAF80220F1
S21400996022F480621204120CAAF8022070E7012A80
S214009970CCD10029CAD0B5E7DAF804206AB9BAF81B
S21400998002301A0476D4BAF8023023F480731B042B
S2140099901B0CAAF8023000235AE7DAF808100B78F6
S2140099A0A362E36913F00403FBD10131013ACAF85C
S2140099B00810CAF804204BE77B881D047FF5E0AE4C
S2140099C0636843F440336360E3695907FCD4D7E621
S2140099D010017FF583AE43F480236360E369590783
S2140099E0FCD4BAF800305A053FF582AED3E600BF85
S2140099F0FD94000000FF0120636823F48073636019
S214009A00E3695807FCD4636843F440336360E36952
S214009A105907FCD472E7012A5CD0DAF80820531CF8
S214009A20CAF80830E3695B07FCD4A36A1370022304
S214009A30237608E7BAF80030DB0903F00602E3698C
S214009A405807FCD4636A03F4804343F0F1031343DE
S214009A506362E3695907FCD4BAF8023023F48063E2
S214009A601B041B0CAAF80230EDE684F818906FF081
S214009A700103EDE6636843F440336360E3695B0724
S214009A80FCD480E7DAF808100B78A362E36958077D
S214009A90FCD40131013ACAF80810CAF80420D2E60C
S214009AA0DAF80430002B06DDBAF802309BB243F435
S214009AB08053AAF80230BAF802301A040DD4BAF865
S214009AC0023023F480731B041B0CAAF802306FF0DC
S214009AD00103BDE60029A0D083E6636843F4403363
S214009AE06360E3695B07FCD4E9E7636843F44033EB
S214009AF06360E3695B07FCD49DE66FF0050047E60C
S214009B00636823F480736360E3695907FCD4636871
S214009B1043F440336360E3695A07FCD470E60223DB
S214009B2023766FF001002BE6DAF80430002B06DD12
S214009B30BAF802309BB243F48053AAF80230BAF85F
S214009B40023019040AD4BAF8023023F480731B04D6
S214009B501B0CAAF802306FF0010011E6636843F4AC
S214009B6040336360E3695A07FCD4ECE70B7813F0E4
S214009B7002030FD10A7802F0BF020A700A7910B405
S214009B8002F0FE0220240A71047101605DF8044BA5
S214009B90184670476FF0100318467047026813782F
S214009BA043F0020313700020704700BF0268937AE8
S214009BB0DB07FCD5106A704703689A6812F00E0F30
S214009BC0FBD11A78D20915D19A6812F00E0FFBD184
S214009BD01A7892070ED41A7802F0FB021A70986868
S214009BE010F00E00FBD15A7802F0F00242F00702A5
S214009BF05A7070476FF01000704700BF036898688F
S214009C0010F00E0FFBD11878C0094CD1986810F0F0
S214009C100E0FFBD11878C0F34000002843D1F0B4F3
S214009C20A2FB01452E46074656EA070210D1B4F5B8
S214009C307A3F41D010D9B4F5FA1F3BD02BD9B4F5F2
S214009C40FA0F24D0B4F57A0F38D0B4F57A1F20D0A6
S214009C506FF00C00F0BC7047B4F5FA4F26D00ED863
S214009C60B4F5FA5F03D0B4F57A5FF1D101205A78E3
S214009C7002F0F00210435870F0BC00207047B4F5B4
S214009C807A4F15D0B4F5FA3FE2D10420EFE70A2068
S214009C90EDE70920EBE7B4F5FA2F11D0B4F57A2FEB
S214009CA0D6D10720E3E76FF0100070470220DEE70A
S214009CB00320DCE70820DAE70520D8E70B20D6E704
S214009CC00620D4E703681A7842F002021A709868F1
S214009CD010F00E00FBD1704710B5154C23780133F9
S214009CE0DBB2092B23701ED863780BB1013B63707F
S214009CF0104B1A880AB1013A1A805A880AB1013AFA
S214009D005A8063880BB1013B6380A3880BB1013B8B
S214009D10A380094B9847094B9847094B9847A36877
S214009D200133A36010BD074B984700232370DBE781
S214009D30E45600204E2A002025B80000ED4C000016
S214009D403D58000011530000F0B50023224C234D6F
S214009D50E36083B0194603220120A847606118B16A
S214009D60A76917B103B0F0BDFEE704F1180204239B
S214009D70019200934FF400723B46194919481A4D58
S214009D80A8470128064600D0FEE7E5695DB1174BF7
S214009D90174C9847009702463B4631462846A04750
S214009DA00128DFD0FEE7134B00930246124F1348FC
S214009DB02B466421B8470746E06158B10B4B0C4C64
S214009DC09847009502462B4631463846A04701285C
S214009DD0C8D0FEE7FEE700BFE45600203DE90000DD
S214009DE0A413010075B000009DF1000055F40000BA
S214009DF021FD0000D99C0000CDFC0000AC13010042
S214009E00044B93F8200020B1034B1888003018BF8D
S214009E1001207047E45600204E2A0020034BD868E5
S214009E2010B9034B1B68186B704700BFE456002040
S214009E30D4EE0020154B93F8212022B9144A12685C
S214009E4092F8452042B993F8222082420ABF4FF684
S214009E50FF72D884DA84704710B493F8231083F81E
S214009E602200013A520001310C2402F0060201F0F1
S214009E700F014FF6FF7083F8242083F8231083F831
S214009E802140D8845DF8044B704700BFE45600209C
S214009E90D4EE00202DE9F04FA94FAA4E442399B0E6
S214009EA004467B7409B3F2680368002A74D05340F2
S214009EB033F07F430DD1636873B9A34B217B1B68D6
S214009EC0D8B2814200F0BA807933DBB2994200F012
S214009ED0B58019B0BDE8F08F9B4A12689342F8D15E
S214009EE0A37B012BF5D105237380657B2A0600F141
S214009EF0688145237B74A27B12BB2B0703D105F038
S214009F007005202D73D096F82D5046237B74022DB5
S214009F1000F0BE80637B03F00F03022B00F0CF80BF
S214009F20E57B002D00F0308196F82830012B3BD0E1
S214009F30864B14221A805A237B7419B0BDE8F08F22
S214009F40012A00F09780202A31D0222A40F0B983D7
S214009F5015F00F08D7D105F07005102D00F05D81C3
S214009F60002D2ED16389C3F30B03032B29D9784B1D
S214009F7094F80C80774D9847774B02461B787748C5
S214009F804146A847764B774D1988744A03462068A1
S214009F90A84796F82D50B8E7734A1268126B5340DC
S214009FA033F07F4395D186E764237370C3E72807B1
S214009FB0A9D105F07005102D00F0B682002D00F036
S214009FC00F81DFF89C916FF0040546237B74637B5A
S214009FD0217B62480095C3F30213644DA847B9F885
S214009FE000105E4A034620685E4CA0479CE76389E3
S214009FF0C3F30B03042B86D996F82850012D82D183
S21400A000524B227C1B799A423FF47DAF584B5948FD
S21400A0109847594B8046984700F07F0050FA88F0E2
S21400A020564B984702234FF0000263F3070265F38E
S21400A0300F22217B524B49489847A3E7607B00F0EC
S21400A0400F0002287FF445AFE37BFF2B7FF441AF80
S21400A0504FF0000360F30703012060F30F23494D20
S21400A0603E48A8473E4B3D4A19883E4D0346206869
S21400A070A8472EE715F00D0F05F00F0850D0B8F1E1
S21400A080000F7FF440AFDFF8D8904FF0FF359CE725
S21400A09096F82C20802A00F02881812A00F08E81F4
S21400A0A0212A00F0B481222A00F0F880202A00F04D
S21400A0B08382002386F82D3086F82C3034E7F36848
S21400A0C0E57B002B00F08380B37C9D4200F0178177
S21400A0D0FF2D7FF426AF2268511C3FF425AF96F87B
S21400A0E02110002900F014810121237BC6F83C21B1
S21400A0F086F83A1186F83B311F4B984741F2883371
S21400A100984200F26882F368E27B002B00F08A81B6
S21400A110B37C9A427FF408AF0C4B5A225A8003E76E
S21400A12005F07005102D00F05A81002D7FF449AF20
S21400A1306389C3F30B03032B3FF6E5AE41E700BF8D
S21400A14000FF0120E4560020204080004E2A002018
S21400A1508DC200008D4E000014F3002094F1002004
S21400A16018F30020B54C0000D4EE0020454D00004A
S21400A1701D90000078F1002055F40000A1F60000C4
S21400A180694D000049500000AB4B9847012840F24B
S21400A1903681B368632B1FD9B3F5167FB6F8443102
S21400A1A003F101039BB2A6F8443180F04081312BC5
S21400A1B07FF6BAAE01220023A6F84221A6F8443163
S21400A1C0B2E69E4B98479E4B9847657B91E69D4B23
S21400A1D01B6893F8373078E70123A6F84231A3E6E8
S21400A1E06389C3F30B03032B7FF6EBAE954A964BBE
S21400A1F01068257BB0F83A8090F83C9090F83DA027
S21400A20090F83EB09847294602908DE8000C4B46E1
S21400A21042468E4D8E48A847B4E66389C3F30B03C7
S21400A220042B51D9043B13F0FF054DD0894BB3F8EE
S21400A23000904D4548D8C246434687484FF0010C2B
S21400A24019E09EF810E0B0F8BA8101391944CBB293
S21400A250F0459A4603EB0C0836D8B0F8BC117145A9
S21400A26000F1200030D365450CF1010C40F3158257
S21400A270C84580F2128290F8B411022904EB080E49
S21400A280DFD104EB0C0EA044F24498F810E09AF8E4
S21400A29010800EEB082E1FFA8EFED4E796F8345088
S21400A2A0BDB96E4B217B6A4898470346002B3FF4A6
S21400A2B000AF6B4A206811886A4C654AA047F8E6EA
S21400A2C0B8F1020F3FF41FAE6FF00105DFF8909172
S21400A2D07BE6637B217B5E48DFF8B8816DB2C3F313
S21400A2E002130095C0470346E0E796F83450002D69
S21400A2F0EFD15D4B217B564898470346D6E7226848
S21400A30001323FF40EAE96F82120002A40F0A781D5
S21400A31096F84081B8F1000F40F06D819D427FF4C1
S21400A320EBAE524AD388002B00F08681013B9DB2EB
S21400A330012DD58040F0808102224D4B94F80CB060
S21400A3404FF0000962F3070998474A4B0C9098476C
S21400A350494B0B909847494B82469847484B0A9082
S21400A3609847484A03460F93904747490E908847B8
S21400A3700D90464880470D990E9A0F9B059165F300
S21400A3800F290A9906900492ADF80C3002910B9BA7
S21400A3900795ADF80090ADF804A00C9ACDF824808F
S21400A3A05946CDF820802A48394DA84703462C49FF
S21400A3B0274A098820682B4DA847A4E696F834302B
S21400A3C0002B00F0538294F80DE0217B2048314D9D
S21400A3D05BB20093CEF30213A847034666E796F8EF
S21400A3E02830012B5AD07388002B57D1B8F1020FB2
S21400A3F03FF489AD6FF00305DFF86490E5E5B6F845
S21400A4004431A6F842515B08A6F844318CE596F82C
S21400A4103450002D7FF45DAF1F4B217B0C489847CE
S21400A420034643E7074B1B6893F8373071E6B3F5EE
S21400A430167FBFF4BFAE77E5354D000071DE000035
S21400A44085BD0000D4EE002085C50000094E000042
S21400A45094F1002014F3002030F30020454E000055
S21400A46018F30020B54C0000C15000004E2A002012
S21400A470D1C50000EDC5000025C6000009C60000D5
S21400A48039C6000041C60000C1C50000C9C50000AD
S21400A4903D4F0000454D0000C14E00006389C3F3E8
S21400A4A00B030D2B7FF60CAFB8F1000F15D0F36839
S21400A4B0002B40F0E380AB4A63691268116B4B4097
S21400A4C033F07F4305D192F83430627C9A423FF4F1
S21400A4D01AADB8F1020F00F0D980637E102B00F0A1
S21400A4E093800022A04BF260984762690263627C08
S21400A4F080F83420A27C80F83520E27C80F8372073
S21400A500227E80F83F20994B9847002840F08680AE
S21400A510637B03F00F03022B3FF4F5ACA27BDFF85E
S21400A52060926FF0020550E56389C3F30B03082BB6
S21400A5307FF6CAAE8E4BA17C1B789942BFF4C4AEA0
S21400A540894B9847238A428F9A4218BF4387A37C39
S21400A55090F83C209A4218BF80F83C30237D80F863
S21400A5603E30E37C80F83D30824B257B9847294679
S21400A5700246814B8148984701252021637B804A0B
S21400A58086F82C1086F82D5086F835301188DFF8BE
S21400A59044827A4A034620683563C04796F82D50B1
S21400A5A0012D7FF4B2AC0023764D70691A46194629
S21400A5B0A84796F82D50A8E496F83450002D7FF45E
S21400A5C088AE714B257B9847704B024629466B48F0
S21400A5D0984703466AE66E4B984700283FF493ADCB
S21400A5E096F83A31002B7FF48EAD1A4619467069FC
S21400A5F0644DA84787E5674B217B60489847002253
S21400A600034686F84021D2E66569607CA17C227EFE
S21400A610E37CF56030747174F274B374637B5E4AE5
S21400A620217C117103F00F03022B3FF46CAC217BED
S21400A6305A4B52489847A5E4594B257B9847594BA7
S21400A6401FFA80F89847584B00901B7801932946CC
S21400A650434602224948554DA8470346A7E696F8C2
S21400A660223096F82320217B4448514DA84796F87F
S21400A6702120013A034686F8212098E66269534075
S21400A68033F07F437FF425AF337C1EE70423184660
S21400A6900A220321474DA8471FE72A4604F1100166
S21400A6A0454B00209847217B3448444B98474FF051
S21400A6B0220E0121637B324A86F82CE086F82D10A4
S21400A6C062E7212A40F0888029077FF41CAC05F059
S21400A6D07005102D19D0002D7FF473AC6389C3F379
S21400A6E00B03032B7FF66DAC1E4A354B15681035F1
S21400A6F028469847431CDBB2202B2A4628BF202337
S21400A700217B304D1D48A8473CE46389C3F30B0307
S21400A710042B7FF6D9ADDBB21D1FEDB2202D3FF620
S21400A720D3AD1E2D04D86219033B0021DDB211748F
S21400A7300D4B984704F1100900F1100840464946B1
S21400A7402A46214B984730B9217B0C481F4B984727
S21400A7504FF0210EADE7494640462A461C4B984727
S21400A760F2E700BFD4EE00207160000095600000A4
S21400A77030F3002091C50000B94D000094F1002090
S21400A78018F3002095E9000085C50000E14D0000A3
S21400A7903D7800009D5000004E2A0020994D000094
S21400A7A0A1BD0000F1C000001CF30020ED4F00002A
S21400A7B01D500000C1D8000059C10000654E0000C1
S21400A7C045040100094F0000B9030100E14E0000F6
S21400A7D0D7030100B54C0000422A72D12B077FF444
S21400A7E092AB15F070057FF4ECAB6389C3F30B03F3
S21400A7F0032B7FF6E6AB02234FF00008012263F33B
S21400A8000708964B94F80CB062F30F289847944BC1
S21400A8100B909847934B81469847934B82469847B0
S21400A820924B0A909847924A03460E939047914956
S21400A8300D9088470C90904880470E9B0C990D9A77
S21400A840ADF80C300A9B0690059104920293099588
S21400A85008950795ADF80080ADF804A04B460B9A16
S21400A860864D87485946A847FFF78CBB217B854B0A
S21400A8708348854E9847854B814A19880346206849
S21400A880834CB04704212A4608460123A0474FF4CC
S21400A8907A70804B9847C8207F4B98477F4B9847E5
S21400A8A07F4A804B87E80C00BFF34F8F7E497F4B73
S21400A8B0CA6802F4E0621343CB60BFF34F8F00BF59
S21400A8C0FDE7112A21D115F00D0F1AD105F07005FC
S21400A8D0202D7FF476AB6389C3F30B03052B7FF63D
S21400A8E070AB734B217C607C9847637B03F00F034F
S21400A8F0022B3FF408AB217B6E4B61489847FFF76D
S21400A90041BB05F00F08FFF7BABB022A37D115F096
S21400A9100D0FF6D105F07003102B7FF452AB237C9D
S21400A920012B11D096F82830EBB128077FF4EBAA5C
S21400A930F368217B73B1327C737CB07C00905E4DF3
S21400A9404F48A847FFF71EBB0222002386F82820A0
S21400A9507370EAE7594B186890F8342090F8353051
S21400A96090F83700EAE70125284602230A22052147
S21400A970DFF81C8186F82850C047657BD5E7A2F132
S21400A9803003012B05F00F083BD9802A00F0A08089
S21400A990812A00F0ED80822A40F09681B8F1000FFF
S21400A9A07FF4B1AA05F07005202D7FF40AAB638909
S21400A9B0C3F30B03082B7FF604AB284B9847236999
S21400A9C08342024600F06F81237D217B3C4D2C485C
S21400A9D0DFF8B89003EB83035B00B380A847B9F8B1
S21400A9E00010274ADFF8A090034620684546C8476F
S21400A9F046237B74002D40F0628196F82D50FFF7B9
S21400AA0086BAB8F1020FC6D105F07005102D7FF496
S21400AA107AAA2C4B9847294B61891B6893F83E20ED
S21400AA2015180335C1F30B018D4280F24181A17BDD
S21400AA30312940F0EE8093F83D100909012900F015
S21400AA40E880214B9847002386F820300E201F4BC5
S21400AA50984796F82D50FFF758BA00BFD1C50000AA
S21400AA60EDC5000025C6000009C6000039C6000076
S21400AA7041C60000C1C50000C9C500003D4F00002A
S21400AA8094F1002009510000B54C000018F3002096
S21400AA90C1D80000316E0000A1F600005962000027
S21400AAA0DCACBAAB4433221100ED00E00400FA053A
S21400AAB0C5C2000079500000BD4F0000D4EE002053
S21400AAC05151000085C5000035E0000009D800009F
S21400AAD0B8F1000F66D0B8F1020F7FF414AA05F0A3
S21400AAE07005102D7FF46DAAB388002B3FF40BAAD7
S21400AAF023696189083BC1F30B010B44B3F5E03FC2
S21400AB003FF6E2AB02231A4619460120A94DA84794
S21400AB102069A94B00F500309847002848D1638982
S21400AB202169A64DA648C3F30B03083B9BB201F56B
S21400AB30003104F11402A847A24B217B0028A2484A
S21400AB40B4BF6FF0030500259847637B03F00F033F
S21400AB50022B804652D196F82D30012B7FF448AF59
S21400AB6000231A4619467069DFF8B082C0473FE7EF
S21400AB70B8F1000F7FF4C7A905F07005202D7FF40B
S21400AB8020AADFF89C82914BDFF8989208F5E03512
S21400AB9098476A688E4B9A424FD0A27B6FF00105A9
S21400ABA0FFF713BA05F07005102D7FF40AAA9FE789
S21400ABB0217B884B8448884D98472369618903F533
S21400ABC00033C6F83630C1F30B010839637B86F8CC
S21400ABD035300A4601234FF0800E3163804604F17B
S21400ABE014017E4886F82D3086F82CE0A847637B53
S21400ABF003F00F03022B4FF00005B1D0DFF82492CC
S21400AC00714AB9F800102068DFF8E0914346C8475B
S21400AC10A1E70021103283B222440846704DA847AF
S21400AC20A37B312B3FF40DAFF368002B3DD06D4B6B
S21400AC309847012386F8203008E7A98AB9F800204B
S21400AC409142AAD82B8C0B449342A6DDEA68904525
S21400AC50A3D92B69B3F5003F9FD29A429DD2297F94
S21400AC6088429AD3A97F09B1884296D802F5E03186
S21400AC700133C6F836109B1A94F80DE0217B336337
S21400AC80594A514886F835E00123812586F82C502C
S21400AC9086F82D309047554DB9F800104A4A0346BD
S21400ACA02068A8477FE40A25A2E6514B9847C0E7EC
S21400ACB00E20504B984796F82D50FFF726B9A27BEA
S21400ACC0DFF86091FFF783B9402A52D1B8F1000F40
S21400ACD07FF419A905F07005102D10D0002D7FF413
S21400ACE012A96389C3F30B03132B7FF70CA9202348
S21400ACF0414A217B414D3448A847FFF743B9638951
S21400AD00C3F30B03132B06DD043B9DB2202D08D99D
S21400AD106FF001056CE646237B7496F82D50FFF71E
S21400AD20F6B810A82A4604F110012B4B9847102DB0
S21400AD3005D8334B98472D231490ADF8543010A8FF
S21400AD40304B9847002811DB217B2F4B1E48DFF83D
S21400AD50D490264D9847B9F800101B4A0346206841
S21400AD60A8470420234B9847002541E66FF00305CB
S21400AD703EE60A2A58D1B8F1020F7FF480A905F002
S21400AD807005202D7FF4BFA8204B984700287FF43D
S21400AD90BAA84FF47A701E4B98471E4B4046984709
S21400ADA0238A632B7FF6AFA81B4B984796F82D5047
S21400ADB0FFF7ABB8C1D80000D18E0000218E00008E
S21400ADC05CF10020C150000094F10020C1C50000D5
S21400ADD0AABBCCDDE1500000D70301001E570020BF
S21400ADE0CD460000A1E0000029510000B54C00004F
S21400ADF0D1DF0000F9D70000204080009D51000000
S21400AE00055300009D5A00007D510000216E000091
S21400AE10316E0000A1F600005962000095E90000BE
S21400AE2000FF010018F30020132A7FF428A9B8F1C8
S21400AE30020F7FF424A96389C3F30B03042B7FF668
S21400AE4062A8023B13F0FF033FF45DA8F268DFF848
S21400AE506090DFF860B0254604EB43084FF0000A28
S21400AE6014462A4605E0B17C8B420AD00235A84536
S21400AE7019D02B7C002CF6D1D9F8001091F8371099
S21400AE80F2E7697C96F823309942EFD1B6F92600AE
S21400AE9086F821A0002886F83AA1C0B2E6DB0A921E
S21400AEA0D8470A9AE2E7144696F82D50FFF72DB8D1
S21400AEB0D4EE0020359E000070B51E4C94F83A3152
S21400AEC003B970BD94F824001B4B1C4D9847002610
S21400AED094F8232094F8223094F83B11184884F80C
S21400AEE03A61A84794F82120013AD2B2054684F880
S21400AEF021208AB9B4F92600002802DBC0B2114B23
S21400AF009847114BD4F83C01104C19880C4A2B4634
S21400AF10A446BDE8704060470D4B0E48984794F82D
S21400AF20243000F00600184400F0070084F82400DF
S21400AF30E7E700BFE4560020A1F600001D50000021
S21400AF4094F10020359E000018F30020B54C000058
S21400AF501D90000078F10020024B012283F840216A
S21400AF60704700BFE4560020F0B583B0002834D008
S21400AF700546324B324C334F00209847012D4FF098
S21400AF80F8038CBF4626002603251A463046294677
S21400AF9084F8483184F8466184F84751B8472A4B0C
S21400AFA084F8490101209847284B984794F84601B1
S21400AFB0274B9847274B054694F846019847264B5B
S21400AFC0064694F84701254C9847334600902A4693
S21400AFD023492448A04703B0F0BD194C224B98479C
S21400AFE0E368CBB9214B1B6893F8340093F835100F
S21400AFF093F83F2094F9493184F84601002B84F8F1
S21400B000471184F8482114DB194B984784F8490106
S21400B01000200D4B9847C7E794F94931207C617CA6
S21400B020E27C84F84601002B84F8471184F8482116
S21400B030EADA044B984784F84901E9E77DD800002E
S21400B040E456002085580000CD540000E9D80000E2
S21400B050C5570000D55700001D580000FD0301002D
S21400B060BC1301009CF2002095D80000D4EE00200E
S21400B070415800002DE9F04F002083B0A14BA24DAF
S21400B0809847C82404E00520A04B9847013C02D00E
S21400B090A8470028F7D09E4C9E4B9F4DDFF8E082D5
S21400B0A0DFF8E0B29D4EDFF8E0A2984714230022B6
S21400B0B0012063709A4B84F828209847994A9A4B47
S21400B0C01088012284F84A2198479848984B984758
S21400B0D09848994B9847994B984741236B7438E0AA
S21400B0E0B9F1020F00F0D2804FF0030384F8283045
S21400B0F00020934B9847934B9847894B00209847DE
S21400B100002384F84A314223142160696B74D847BF
S21400B110B04794F82D30012B814632D08A4B1B88DD
S21400B12043226A742BB9B04742F21073984200F279
S21400B1309B800320C047844B5B8823B9B04747F207
S21400B140305398427DD80A20C047DAF800301B07F3
S21400B1507ED494F82890B9F1030F2FD06378002B93
S21400B160BED00A2BCFD8B9F1010FCCD094F84A3113
S21400B170022BC8D06A4B02209847012384F84A3134
S21400B180C1E794F82C304822802B6A7400F0908037
S21400B190812B6DD0203B022BC0D86C4B98476C4B54
S21400B1A0984700286ED0002384F83430022384F8B1
S21400B1B02D30B047A0EB0900E085AFE7B4F8423188
S21400B1C0012B67D094F94931002B96DB94F8203098
S21400B1D0ABB15D4B1B8893B10022B4F84E31A4F896
S21400B1E04C21012284F84B21002B8CD0013B9BB2D2
S21400B1F0A4F84E31002B86D10220C04783E7B4F86E
S21400B2004C3101339BB2FA2BA4F84C3104D894F895
S21400B2104B31002B3FF477AF94F847014D4B9847DE
S21400B220002860D100203E4B98474B4B02209847A1
S21400B230C823A4F84E310023A4F84C3184F84B31CF
S21400B24061E7454B0A209847DAF800301B0780D59F
S21400B250424B03214FF400709847DAF8003023F091
S21400B2600803CAF8003074E703203B4B984762E7B0
S21400B2703B4B216BD4F8360000229847394B9B682D
S21400B280984290D0FD2384F834308FE714201F4B6B
S21400B290984729E701930520334B344F9847019B85
S21400B2A0484602220821B8470023A4F842312AE77C
S21400B2B0238ED4F836102E4A2E482F4FB847002833
S21400B2C0B4BFFC23002384F8343094F8353013F0F0
S21400B2D00F0F0CBF0223002384F82D30B047A0EBDD
S21400B2E00900E0851AE794F84601244B98470028A1
S21400B2F098D094F84B31002B9DD00020084B9847EF
S21400B30099E700BF7DD8000071B40000A1F60000E8
S21400B310E4560020395A000000FF012055F40000D2
S21400B32069AF000018F30020E5490000959E000074
S21400B3304D4A0000B9AE0000594A0000BDCB0000DF
S21400B34095D80000E9D800004E2A00208D60000045
S21400B35095600000ED5700008DD7000091CC0000EE
S21400B3603900010000BF0300CD590000C1D800001D
S21400B3701E5700205CF10020218E00009D57000023
S21400B3809DD70000A1EE00009CF8002038B50446CA
S21400B390284B0D469847012C16D00C2C19D00D2C96
S21400B3A01CD0222C0BD0232C1DD0102C20D0212CCE
S21400B3B02ED0802C31D0812C1FD0002038BD2B7889
S21400B3C080F84130012038BD2B7880F84030204688
S21400B3D038BD2B7880F84230012038BD2B7880F8B5
S21400B3E04330012038BD2B7880F84630012038BD28
S21400B3F02B7880F84430012038BD90F83D302A780C
S21400B40003F00F0343EA021380F83D30002038BDF6
S21400B4102B7880F84530012038BD90F83D302A78EA
S21400B42023F00F0302F00F02134380F83D30002094
S21400B43038BD00BF8D60000070B40A4C0A4B0B4A42
S21400B440C6B2C0F30725A4FB0141C0F30744000EB3
S21400B4501E70C1F34F115D709C70D87070BC118067
S21400B460704700BF1F85EB5110F3002034580020B2
S21400B470014B9878704700BF34580020F8B5154B3C
S21400B480154C164F164E07CBA4F24455B3F800E001
S21400B49020606160A2600C233946A4F80CE0A4F595
S21400B4A0A8604FF4D8722B70B0470222062307F527
S21400B4B0D871EA70A4F56470C0226B70B04711238F
S21400B4C007F51C71A4F504704FF4BB72AB70B0475F
S21400B4D0F8BD00BF2C19010074F80020E413010029
S21400B4E0D703010038B5144B144D984714484478D8
S21400B4F000232B8054B100EB4414024692F8B4119A
S21400B50020320B44A2429BB2F8D12B800D4C82789D
S21400B5100023238072B102EB820102EB4101084A4C
S21400B52000EB410092F8341316320B4490429BB263
S21400B530F8D12380012038BD7DB4000014F300202C
S21400B54030F300201CF3002030B42D4B2D4A1B682E
S21400B550117893F83C3099423AD82B4D2B4A02F595
S21400B5600070134601E083423AD09C1A13F8011B80
S21400B5706829F8D1E40024B2244BAC8001E0834271
S21400B58031D09C1A13F8011B6329F8D1E40024B2C9
S21400B5901F4B204A1C8002F50070134601E08342D0
S21400B5A024D09C1A13F8011B5A29F8D1E40024B2BF
S21400B5B0184BEC8001E083421BD09C1A13F8011B49
S21400B5C05529F8D1E400144B24B21C8030BC7047D7
S21400B5D003EBC30302EB83030B4D1B79EB70BDE754
S21400B5E04FF0FF34C8E74FF0FF34D1E74FF0FF3499
S21400B5F0DEE7094B4FF0FF341C8030BC704700BFBD
S21400B600D4EE002030F30020345800207C1C0100CB
S21400B61094F800207C1A01001AF3002070B5204B25
S21400B62020481B78204A1E240021012B048011800C
S21400B63026D0032B29D0052B2CD0042B1BD0022B75
S21400B64003D1137843F008031370184E184D194BA6
S21400B6504FF4087434802C809847174B9847174B44
S21400B66034802C809847164B1649002201201A6019
S21400B6705A60887070BD137843F010031370E4E7C7
S21400B680137843F001031370DFE7137843F00203E7
S21400B6901370DAE7137843F004031370D5E700BF9E
S21400B6A098F80020CCF2002028F3002016F30020A3
S21400B6B018F30020E5B40000AD61000049B50000B5
S21400B6C020F3002034580020984218DC904220DDF9
S21400B6D0801A9B1A10B44FF4FA620C8892FBF3F3AC
S21400B6E013FB00F080B2A0421FD2201A7F2801DD93
S21400B6F0032C26D8ECB1013C0C8001201AE00B8804
S21400B70040F2C57293420CD94FF4FA630B800020C6
S21400B71070470B880A2B8CBF0A3B00230B80012046
S21400B72070470A330B800120704702D9B4F5FA6FD0
S21400B73003D301205DF8044B704701340C800120D0
S21400B740F8E7043C0C800120F4E700BF0A4910B576
S21400B7500A884C888B88A24228BF2246934228BF7C
S21400B7601346B3F5FA6F06D2A3FB0001034C4FF461
S21400B770FA620023A04710BD582A0020610001008D
S21400B78038B5234C234BA5889847234B234A984229
S21400B790136013D9A0F5EA33C03BC3F38F1000281B
S21400B7A030D0B0F5807F28BF4FF48070A1888842E3
S21400B7B096BF091A002189B2A18006E0A188B1F5DA
S21400B7C0FA6F0DD34FF4FA61A18028460322144B7A
S21400B7D0984780B2A080B0F5FA6018BF012038BD47
S21400B7E01B1A9B0910D09BB2B3F5807F28BF4FF47D
S21400B7F080731A460A44B2F5FA6FE3DC194489B23C
S21400B800A180E2E70120D1E701221346F2E700BF5C
S21400B810582A002031780000C0D401002CF3002004
S21400B820F56D00002DE9F8439B4C238901339BB24C
S21400B830312B88BF0023238123889BB21BB123882A
S21400B840013B9BB22380002304EB430101338A892A
S21400B85092B21AB18A89013A92B28A81042BF3D144
S21400B8608E4A13882BB1013B9BB21380002B00F04D
S21400B870C2808B4B9847002840F09A80A38A002B02
S21400B88056D0013B9BB2A382002B7FD0E38A002BCD
S21400B89040F0C1802389012B40F29881042B00F0F0
S21400B8A0A981062B00F08381082B00F0D5810A2B96
S21400B8B040F02881227E062A00F2E7807949062594
S21400B8C0FF20022225764870228023F0040080B2F2
S21400B8D0122840F02F81227E062A02D9228892B2B0
S21400B8E032B970490626FF25022226768D70228000
S21400B8F0A3F11E0292B20C2A40F23181202800F0F9
S21400B9007781282B00F074812C2B11D14FF41673FD
S21400B910227E062A02D9228892B24AB96249614A30
S21400B920A1FB03135B09062000212076D17023803B
S21400B930237F0133DBB2092B237725D95B4B5C4A87
S21400B9401968CB680133CB6002F10805134633F85B
S21400B950020B002840F09580AB42F8D101F120039D
S21400B960303132F8020B10B1186801301860043319
S21400B9708B42F6D1238DB3F5616F3CBF013323852F
S21400B98000232377BDE8F883BDE8F883237E062BE3
S21400B99002D923889BB22BB9002106220846454BC4
S21400B9A022769847444B1A786FF346121A70BFE710
S21400B9B0424B434D9847434BE2881B88424900B2AE
S21400B9C01BB212B2A84790B90820404B9847404B8C
S21400B9D09847404BA2881B883F4900B21BB212B260
S21400B9E0A847002849D007203C4B984746E7082040
S21400B9F03A4B9847EBE7304939480A7863F3000238
S21400BA0063F3410263F3820263F3041263F3C30237
S21400BA100A7080472DE7012B00F0B880022B00F05B
S21400BA20F880628B002A83D00025402B658300F0C7
S21400BA302A81412B00F03381422B00F03A81E02B23
S21400BA407FF476AF4FF47A70264B9847C820264B83
S21400BA509847264B9847264B2649274A83E80600F0
S21400BA60BFF34F8F2549264BCA6802F4E0621343A2
S21400BA70CB60BFF34F8F00BFFDE70720134B9847FF
S21400BA80FCE60B6901330B6168E7228892B2002A54
S21400BA907FF41BAF12E700BF34580020CCF2002022
S21400BAA031D3000010F300201F85EB51D0EE0020AC
S21400BAB05458002039B4000028F3002045D6000072
S21400BAC0C9B600001AF300205A2A002009D8000040
S21400BAD0F9D5000094F80020582A0020F9D7000075
S21400BAE049B50000316E0000A1F600005962000062
S21400BAF000FF0120DCACBAABAA99887700ED00E025
S21400BB000400FA050E2B3FF4D5AE0C2B40F0DB807C
S21400BB10227E062A40F2AF80228892B2002A00F0E7
S21400BB20AA8023F0040080B212283FF4D4AE1A2B69
S21400BB303FF4D1AE23F00802142A40F0C880227EDB
S21400BB40062A04D9228892B2002A7FF4D1AE62492E
S21400BB5006260025022226768D702280C8E641F24F
S21400BB60111121FA02F2D2077FF5C8AE237E062B0A
S21400BB7004D923889BB2002B7FF4DAAE564A0620FF
S21400BB80FF2102232076D1702380D1E6237E062B68
S21400BB9004D923889BB2002B7FF4CAAE06224FF44A
S21400BBA07A714FF0FF304D4B22769847C0E6227EE2
S21400BBB0062A02D9228892B232B947490625FF20C2
S21400BBC00222257608702280022091E6227E062A2E
S21400BBD004D9228892B2002A7FF466AE06223F4B32
S21400BBE022764FF4C8714FF0FF309847238958E605
S21400BBF0C8238DE6227E062A03D9228892B2002A1E
S21400BC008FD10622354B2276C821002098472389FB
S21400BC1047E6334E334DDFF8C0804FF00009062765
S21400BC20B047227E03B2C3EB0323062A85FB03211B
S21400BC304FEAE37302D9228892B23AB9C3EB611392
S21400BC40DBB20A22277608F80930228009F10109BA
S21400BC50B9F1040FE4D16BE6227E062A02D92288C7
S21400BC6092B232B91C4906250020022225760870B9
S21400BC70228008205EE71849062500200222257645
S21400BC80487022804DE72846042206210223164EDD
S21400BC90B047164B98472846154B984748E628461F
S21400BCA0022304220821104EB0472846104B98471E
S21400BCB03EE602232846194604220B4DA8470120DB
S21400BCC00B4B984734E6102B3FF422AF29E7182B8E
S21400BCD03FF435AF0CE600BF10F3002039B4000087
S21400BCE0654A00001F85EB51C1D80000695F00005F
S21400BCF01D610000034B988980B2003018BF0120F8
S21400BD00704700BF34580020034BD88980B20030FB
S21400BD1018BF0120704700BF34580020034B188A14
S21400BD2080B2003018BF0120704700BF3458002092
S21400BD30034B588A80B2003018BF0120704700BFFE
S21400BD4034580020032808D8054B03EB40008089B0
S21400BD5080B2003018BF012070470020704700BF37
S21400BD6034580020032807D8044A054BA2FB0121BB
S21400BD7003EB400049098181704700BF1F85EB51E6
S21400BD8034580020014B00221A8170473458002096
S21400BD90024B988A003018BF0120704734580020A4
S21400BDA0014B1888704700BF28F30020012870B5A3
S21400BDB004460D466AD013287BD01A282AD01728A6
S21400BDC034D0042800F0A280052800F0A4800D28B6
S21400BDD000F0A6800E2800F0A880192800F0AA809F
S21400BDE0202845D0232869D0152800F0BD801E28BD
S21400BDF069D0222800F0EF801F2800F0F28021286A
S21400BE0000F09D80242800F0F9802B2800F0118196
S21400BE10002409E0A04B9847A04BA3FB0030C308C2
S21400BE20C00A2B7068700224204670BD9C4E338872
S21400BE307488A34237D9994BA3FB0434C4F3071480
S21400BE400A20984B984750B3944BB288A3FB023213
S21400BE501309DBB2A34228BF2346934A2B7013680C
S21400BE60924A997FD27891421BD99A770124DBE7D0
S21400BE708D4B8F4A1B68DB68A2FB03235B0BC3F367
S21400BE80072202242B706A70204670BD894B9847A3
S21400BE90894B7D30A3FB003000092870C4E764237B
S21400BEA0D7E70124C0E77D4CA4FB0323C3F30714A4
S21400BEB0C6E7824B984701242870B5E77A4B7C4A40
S21400BEC01B681B69D8E77E4B7E4A93F82A007E4B98
S21400BED040F2122101FB002140314DF24C4209880C
S21400BEE002FB01F2A3FB0213D21A03EB5203C3F3C5
S21400BEF0CF23B3F57A7F2CBF9B08002303EB803358
S21400BF009BB21A0A2B706A7002248DE76F4B984713
S21400BF100124287088E76E4B98470124287083E731
S21400BF206C4B9847012428707EE76B4B984701249A
S21400BF30287079E7694B98470124287074E7604AAF
S21400BF40594B92F82A101B68654A01F10800022432
S21400BF5053F82030A2FB03239B0BC3F3072202EB0C
S21400BF6081122B706A705FE75E4B984700280BDBE8
S21400BF7004286DD0052867D006286DD007286DD018
S21400BF80082879D0022871D0574B984700281EDB26
S21400BF9000285FD0012863D0022863D0032863D02E
S21400BFA0072865D0082865D0092869D00B2865D0F1
S21400BFB0052869D00A2865D0A0F11003DBB2032B50
S21400BFC060D90D2866D0062862D004285ED00024EA
S21400BFD02C70012428E7344B1B689B7F0B700124D0
S21400BFE022E7314B344A1B685B8B7D3382FB03129E
S21400BFF0DB17C3EB22132B70012415E7304B314AB5
S21400C00093F82A3040F2122101FB03219A014B6873
S21400C010D2B2BBB10B69354880FB0301DB17C3EB1B
S21400C020A103D9B2C3F3072313446B70297002240B
S21400C030FAE6244BD3F856300B70C3F307234B7045
S21400C0400224F1E61946EFE78A24274B9847BFE714
S21400C0508424FAE78924BBE78C24F6E78E24F4E7E9
S21400C0608B24B5E78D24B3E78F24B1E79F24ECE754
S21400C0708024ADE78224ABE79024E6E78524A7E793
S21400C0808324A5E7A024A3E79424A1E79D249FE7A3
S21400C09084249DE797249BE731780000CDCCCCCC58
S21400C0A0582A002035D80000D0EE0020D0F200201C
S21400C0B049D6B9F299D50000D34D6210654A000002
S21400C0C0345800200422002001011000CDD50000C5
S21400C0D021D6000015D6000039D6000021CB00007E
S21400C0E007452EC2D1D700004DD8000067666666A9
S21400C0F02DE9F041144A154E92F82A300133DBB28E
S21400C100032B88BF002382F82A3092F82B300133A5
S21400C110DBB20F2B88BF002382F82B30B37883B1B5
S21400C120DFF830800A4F3446002594F8361394F82A
S21400C13035034144B847B3780135AB4204F11604E1
S21400C140F3DC0448BDE8F0813458002030F30020CA
S21400C150ADBD0000D0F200202DE9F04FDFF874A04E
S21400C1609AF8013083B09BB30025064688461746EA
S21400C170DFF86490AB46544605E09AF80130AB42CF
S21400C18004F1200418DD94F8B631B34205F1010538
S21400C190F3D194F8B431BB420ED88BB9FF1A1E44C3
S21400C1A09AF801300BF1010BAB42FFB25FFA8BFB42
S21400C1B0F6B204F12004E6DC584603B0BDE8F08F82
S21400C1C008EB060194F8B5010193C847019BE5E723
S21400C1D09B46F1E730F300208DB30000012818D00D
S21400C1E00C281CD00D2821D022280BD0232824D0A0
S21400C1F0102829D0212836D080283BD081282AD064
S21400C20000207047204B1B6893F841300B700120CC
S21400C21070471D4B1B6893F840300B7070471A4BE5
S21400C2201B6893F842300B7001207047164B1B6852
S21400C23093F843300B7001207047134B1B6893F83C
S21400C24046300B70012070470F4B1B6893F8443044
S21400C2500B70012070470C4B1B6893F83D301B0990
S21400C2600B7001207047084B1B6893F845300B7025
S21400C27001207047044B1B6893F83D3003F00F0312
S21400C2800B700120704700BFD4EE0020F8B50A4DB1
S21400C2906B787BB1094F0A4E2A46002492F8B611F5
S21400C2A092F8B5013944B0476B780134A34202F1E5
S21400C2B02002F3DC0148F8BD30F30020F0F2002045
S21400C2C0DDC100002DE9F0410C4669B3DF290546C3
S21400C2D00CBF0126002634D04FF4167303FB01F37F
S21400C2E04FF6FF72934228BF13469FB2C4EB041268
S21400C2F0920043F23334A24228BF22460223194654
S21400C30092B20420104CA047104A114B11789F821D
S21400C310012464F3461111700024DD825E831C81C3
S21400C3200C48BDE8F04100470B4B9847074A084BBE
S21400C33011785C8364F34611012011709882BDE881
S21400C340F0811E27D2E700BFC1D8000028F30020E6
S21400C3503458002005E10000E9D80000044B1B68B3
S21400C36093F83C00072894BF00200120704700BFC8
S21400C370D4EE0020074B1B6893F83C00032806D930
S21400C38000F00300012894BF002001207047002021
S21400C390704700BFD4EE00202DE9F843734B1A68AF
S21400C3A092F83C3006464BB3DFF8D48192F844202E
S21400C3B06F4808EB060101EB820140F2122291F869
S21400C3C0E87302FB0602012B384682F8F7712CD17F
S21400C3D0684D2B889BB2002B4DD0674BDC5D2888C0
S21400C3E080B2002859D0FF2C54D0FF2010FB04F058
S21400C3F080B205EB46052884BDE8F8835C4940F228
S21400C400122202FB0012184682F8F731594D2B888B
S21400C4109BB2002B34D0584B185C05EB460540EA1F
S21400C420002080B22884BDE8F883032B0CD0EDD919
S21400C43013F0010237D1072B5AD903F00303012B5F
S21400C440E4D800F0FD00E1E74A4D2B883FB29BB2EE
S21400C4504FEA4709C3B1484BDFF8208113F817406D
S21400C46009F10100C04705EB460540EA042080B20A
S21400C4702884BDE8F883781C404B984784B2AEE722
S21400C4803E4B984780B2C8E74846DFF8F080C04782
S21400C49084B2E5E74FF6FF70ABE7384B984780B2BB
S21400C4A0FF28A3D19FE7072B19D00B2B17D000200E
S21400C4B0304D2B889BB2BBB12F4B185CFB07ACD51D
S21400C4C0AB8A002BA9D1A0F13F039AB2BF2A31D97B
S21400C4D0FF284FF0FF3018BF002080B289E7012FF9
S21400C4E0D4BF00200120E3E7244B984780B2E5E75D
S21400C4F0042B31D0062B15BF07F0010907F0020206
S21400C500012707F001091B4D2B889BB2FBB11A4B84
S21400C5109C5CB9F1000F16D02B889BB203B3164B68
S21400C520D85D8044FF2C98F848047FF45FAF40EA5B
S21400C53000205EE703EBC30203EB420303EBC303F7
S21400C540580080B255E744EA042080B251E710460E
S21400C5500A4B984784B2DCE707F00107B946D2E7F2
S21400C5603846064B984780B2DBE700BFD4EE002083
S21400C570042200203458002010F300202547000035
S21400C580E4130100014BD878704700BF34580020F0
S21400C590084B094A1B68117893F83C30994202D838
S21400C5A0064BD878704703EBC30302EB8303187976
S21400C5B0704700BFD4EE002030F30020345800202F
S21400C5C0004B184791890000004B1847598A000015
S21400C5D0054B59885A781B78002061F30F0062F3E8
S21400C5E0174063F31F60704700FF010043F6FC73BB
S21400C5F0002059885A781B7861F30F0062F31740C1
S21400C60063F31F60704700BF054B59885A781B7844
S21400C610002061F30F0062F3174063F31F6070475A
S21400C620007F030014234FF0000063F3070002238B
S21400C63063F30F20704700BF4FF00000704700BF45
S21400C64007207047034B188880B2003018BF0120BF
S21400C650704700BF34580020032810B5104B0CD983
S21400C660187E824202D2188880B2A8B94FF0FF30F6
S21400C6700C4C1A76A047012010BD1C7EA24202D2A6
S21400C6801C88A4B254B9FF24C00004FA00F0054C7C
S21400C6901A76A047002010BD012010BD002010BD56
S21400C6A03458002039B4000070B4094C257E9D42F1
S21400C6B002D92588ADB245B9064E2376064DA6FBAF
S21400C6C00232C2F34F122954228070BC704700BF5A
S21400C6D0345800201F85EB5110F3002010B4084B8F
S21400C6E01C7E944202D91C88A4B22CB9054C1A763A
S21400C6F023465DF8044B18475DF8044B704700BFAF
S21400C7003458002039B40000F8B5304B984720B1B3
S21400C7102F4B012283F82C20F8BD2E4B984741F270
S21400C7206F73984227D92A4D95F82C3023BB2A4B95
S21400C7301B6893F83D3003F00F03022B23D0002B29
S21400C74038D195F82D40002C36D1EB7883B1234EA6
S21400C750234F03E0EB780134A3422BDD2046B0479D
S21400C7600028F7D0421ED2B221460020B847F1E793
S21400C770012385F82D30F8BD174B1B6893F83D3024
S21400C7801B09022BDBD195F82D40ACB9EB78002BBA
S21400C790EED0124E134F2046B047421CFF282146CB
S21400C7A0D2B204F101044FF0000000D0B847EB7895
S21400C7B0A342F0DC95F82D400134E4B2012C8ABF88
S21400C7C0002385F82D4085F82D30F8BD019E000029
S21400C7D03458002055F40000D4EE00202547000011
S21400C7E07D46000039460000704700BF2DE9F04343
S21400C7F0B24D2B7883B00BB1013B2B706846B04F1F
S21400C800B04EB847B04BD3F88010D3F8A020D3F87A
S21400C810904054400C4054406846B04763052DD4C1
S21400C8206B88B3F5166F41D3642B00F0DE80B3F54A
S21400C8307A7F00F0E180B3F5FA7F00F0EA8000230B
S21400C840EB8001A8B847A04BD3F88010D3F8A020FF
S21400C850D3F8904054400C40544001A8B04714F41C
S21400C86000642BD1EB8FB3F5166F04D201339BB265
S21400C870042BEB8773D003B0BDE8F083EA88531C23
S21400C8809BB2012BEB8064D9297941B36C88322C9A
S21400C89079D9B4F5166F00F2948004EB8404620034
S21400C8A08A498B488B4B98476C886FE001339BB264
S21400C8B00A2B6B80B8D101232B71C0E7B5F8423044
S21400C8C001339BB2012BA5F8423095F8403055D97C
S21400C8D0002B6BD10023EB8703B0BDE8F08341F259
S21400C8E06F708342698004D8023292B2322AEA809C
S21400C8F0A7D92B8F002BA4D0774B98472C8F032CCF
S21400C90000F0BC80022C00F0A3802978002940F0BB
S21400C910B08095F83A40002C00F0888095F83B30BF
S21400C920FF2B04D01933D9B2FA2908BFFF21DFF84C
S21400C930D091DFF8C88185F83B100024E0B20423CC
S21400C94042460134C847042C00F08A8095F83B1014
S21400C950F4E72B79002B7FF474AF6B80C4E70120DB
S21400C9605E4B5F4F98470126022330461A4619460B
S21400C970A5F8424085F84060B8477CE7002BA9D070
S21400C98003B0BDE8F0832B8F01332B87A4F164033B
S21400C990C82B13D9A4F5FA73C82B34D9A4F57A7426
S21400C9A0C82C3DD900232B716B804AE7002318461C
S21400C9B04A4AEB8785F8403090475CE7494B9847F2
S21400C9C0F0E7DFF840C1DFF808E1BCE80F00AEE8AA
S21400C9D00F00BCE80F00AEE80F00DCF800302EF8C1
S21400C9E0023B1B0C8EF80030D0E702231A4619468D
S21400C9F004203B4CA04722E702231A4600210620CB
S21400CA00374CA0471BE7384B0020984796232B70DF
S21400CA10C8E702231A4604210120314CA0470EE73E
S21400CA20324B98470020304B9847BBE7304B98472F
S21400CA3000286BD095F83C402E4B2046042241F24D
S21400CA4088319847002864D000232C8F85F83C3026
S21400CA50204B29491E482246984700232B87F0E69C
S21400CA601F4C02234FF4167203210620A0472C8F7A
S21400CA70EEE701201C4B98472C8FE9E795F83AE043
S21400CA80DFF85C80DFF88090BEFA8EFE4FEA5E1E0E
S21400CA90214602230422062085F83AE0C0470023F8
S21400CAA018460422154985F83B30C847214602231C
S21400CAB04FF416720620C0472C8FC9E76458002032
S21400CAC0D58D0000E58D0000008000413C19010076
S21400CAD06C580020FD03010005E10000359E0000B3
S21400CAE0C1D8000059AF00001D610000695F00005A
S21400CAF045C6000059C6000084190100C027090079
S21400CB00A9C6000060190100DDC6000085F83C409B
S21400CB1092E795F83C302C8F013385F83C3097E748
S21400CB20014B93F84000704764580020BFF34F8FC6
S21400CB300549064BCA6802F4E0621343CB60BFF3B4
S21400CB404F8F00BFFDE700BF00ED00E00400FA05D0
S21400CB50014B2A225A74FEE700FF012038B5104B1D
S21400CB60104C98474922104B6274054698470F4B65
S21400CB701A7882B141F2883295420CD900221A7096
S21400CB800B4BE2600B4C0C491F2501200022256050
S21400CB9008701A7038BD064B1A78002AF2D138BDD4
S21400CBA055F4000000FF0120318900005E2A0020B5
S21400CBB0AC5800209CF80020A0F80020F0B5274CC8
S21400CBC0274B22689A4285B01ED0264D264C274F0A
S21400CBD0274E0FCD0FC495E8030044F8040B04233A
S21400CBE021703B7043F6FC702249438803934378D8
S21400CBF0029300784B780A784988019000911A4889
S21400CC001D49B04705B0F0BD237C012B10D0022B88
S21400CC1015D0052B1AD0032BA268E3680CBF174962
S21400CC2017491148124EB047104B227C1A70D9E7AC
S21400CC30E368A26813490E4E0B48B047F4E7E36872
S21400CC40A26811490A4E0848B047EDE7E368A268B3
S21400CC500E49074E0448B047E6E700BF00FF012034
S21400CC60DCACBAAB2C1A0100B058002098F80020B3
S21400CC70FD03010000FF0100441A0100F419010041
S21400CC80101A01009C190100B8190100D8190100FA
S21400CC9010B5084C23788AB01BB1074B9847002381
S21400CCA023700523012201A90020044CA0470AB0E6
S21400CCB010BD00BFA0F80020A5E600004DF900005A
S21400CCC000B5214B214A198E988D5C7C598683B01D
S21400CCD0D8859C7490471E4B98470122114620B178
S21400CCE01C4BD92098471C4B9847D920194B98477E
S21400CCF00446B0B9194B9847194B9847194B1B680F
S21400CD00013310D0184B9847184B9847184B984744
S21400CD10184B9847184B9847184B9847184B984706
S21400CD20FEE70D4B9847174B1748984780B2174BAE
S21400CD30009300F13C60234654221549154C00F53B
S21400CD405020A047DEE700BF00FF01200D64000072
S21400CD50215300004D5200002DCB0000E5B400002A
S21400CD609562000020408000D14200007DE1000076
S21400CD7005DF0000E9C70000499D00007577000048
S21400CD80BDF300001D90000078F10020781A010025
S21400CD906C1A01005D5A0000F8B5354B354C9847C3
S21400CDA0B0F57A7F46D90123334D23702B8833485C
S21400CDB0C3F3C803C15C324B10291B6845D9DA8A15
S21400CDC089B28A4243D29A8BD98201329A832D4AFB
S21400CDD0B3F814E011895289C1F3C801C2F3C8023E
S21400CDE00244014492F8007291F80062B7423A4653
S21400CDF038BF3246964532D3BEF1FF0F2FD0698832
S21400CE00214A5D8B88B24DF24C4101FB00F1A2FB3A
S21400CE100102891A02EB5102C2F3CF22AA4219D3A9
S21400CE20FF2D17D0FF2E4FF009001DD0FF2F1BD06F
S21400CE30164B984763783BB1154A137823B113789D
S21400CE40013BDBB21370F8BDF8BDDA8A0021FF2A79
S21400CE50BDD1B8E7998B5A834A1C9A83E2E7998B2F
S21400CE609A824A1C9A83CAE70A4B9847E2E700BFB1
S21400CE7055F40000E0580020D4F800207C1A010089
S21400CE80D0EE0020C4F80020010110009DD700005D
S21400CE90602A00208DD70000430840F6FF7103F596
S21400CEA0DA0303F5B043B3FBF0F38B42054A28BF21
S21400CEB00B469BB2002113825182D38843F00403B1
S21400CEC0D380704700200043430840F6FF7103F507
S21400CED0DA0303F5B043B3FBF0F38B42054A28BFF1
S21400CEE00B469BB2002113825182D38843F0040381
S21400CEF0D3807047001C00432DE9F043DA4ADB4933
S21400CF00136ADB4E43F4807341201362C1F8240198
S21400CF10338843F0010383B03380346B14F001048C
S21400CF20FBD1D44BD44F1A68D4495301900100F476
S21400CF30E04003F4E063034302F007024FF0010809
S21400CF401343802286F82D804FF40075A6F80480DF
S21400CF502620F48032722222FC613580F072B27292
S21400CF60A6F8483033884FF0007043F00203338051
S21400CF70C1F88C00BFF34F8FBFF36F8FC04BC1F863
S21400CF808C01C02281F87923A7F5B0574FF04042B4
S21400CF90C860C3F88450C3F8A870C3F8A82093F8F4
S21400CFA0C910B84801F0FE0141EA080183F8C9102B
S21400CFB093F8B41001F00F0141F0100183F8B4109B
S21400CFC05D609F629A6293F84910AF4D01F0FE01D2
S21400CFD041EA080183F8491093F8341001F00F0174
S21400CFE04FF4807741F0100183F834105F60986248
S21400CFF09A6293F8481001F0FE0141EA080183F8AE
S21400D000481093F8341001F0F00141EA080183F863
S21400D01034100821C3F88410C3F8A850C3F8A82019
S21400D02093F8C31001F0FE0141EA080183F8C3102B
S21400D03093F8B11001F00F0141F0100183F8B11020
S21400D04005F57E754FF4806159609D629A6293F88B
S21400D0504A1001F0FE0141EA080183F84A1093F8ED
S21400D060351001F0F00141EA080183F83510C3F8E5
S21400D0708470C3F8A800C3F8A82093F8C810834F9C
S21400D08001F0FE0141EA080183F8C81093F8B410D5
S21400D09001F0F00141EA080183F8B410A5F57075B7
S21400D0A04021C3F88410C3F8A850C3F8A82093F80A
S21400D0B0C610774D01F0FE0141EA080183F8C6105C
S21400D0C093F8B31001F0F0014FF0100941EA08019F
S21400D0D083F8B310C3F88490C3F8A870C3F8A820E8
S21400D0E093F8C4106B4F01F0FE0141EA080183F883
S21400D0F0C41093F8B21001F0F00141EA080183F879
S21400D100B210E0382021C3F88410C3F8A800C3F892
S21400D110A82093F8C52002F0FE0242EA080283F82F
S21400D120C52093F8B22002F00F0242EA090202205C
S21400D13083F8B220B8476C6085F8089085F80980B7
S21400D140337D43F0020333752B7A23B10220B847B0
S21400D1502B7A002BFAD16B68434A44484E4E002186
S21400D1601B09EB6069606972136A412143F0800312
S21400D1701362C0F82011338843F001033380346B08
S21400D18014F00104FBD1454B3C491A685301900149
S21400D19000F4E04003F4E063034302F007021343A5
S21400D1A04FF001084FF0030E80204FF4A06286F87F
S21400D1B02D80A6F804E0F4803072328026202222E9
S21400D1C0F072B272A6F8483033884FF4000243F08B
S21400D1D002033380C1F88C20BFF34F8FBFF36F8FED
S21400D1E0274BC1F88C21C02081F87703CA604FF422
S21400D1F000704FF040412A4AC3F88400C3F8A820C4
S21400D200C3F8A81093F8C9201F4802F0FE0242EAAD
S21400D210080283F8C92093F8B42002F00F0242F007
S21400D220100283F8B4200822C3F88420C3F8A800AC
S21400D230C3F8A81093F8C32002F0FE0242EA0802E0
S21400D24083F8C32093F8B12002F00F0242F01002D8
S21400D25083F8B1200220B84710232C612B7585F87F
S21400D2600980337D1EE000BF00080040001C00401F
S21400D27000200043880080000018004000E100E025
S21400D28000800041000100400800004010000040FF
S21400D290E0580020A1F60000001C00438400800037
S21400D2A00002004043F0020333752B7D23B10220B9
S21400D2B0B8472B7D002BFAD12A691649164BEC6924
S21400D2C012090020AA61286168720A7D42F00202F3
S21400D2D00A751A7D42F002021A756CB10F4B984718
S21400D2E0002302460093204601210D4CA04701234F
S21400D2F06B7003B0BDE8F0830A4B0093012223460F
S21400D3007D21094C0948A0470446E8610028EED074
S21400D310E4E700BF00200043001C004355F4000073
S21400D32021FD000099CD0000CDFC0000981E0100F4
S21400D330024B1878B0FA80F040097047602A002047
S21400D34070B5444C627A002A45D1218C424D89B290
S21400D35002F0FF03414A32F81100B5F84010E568C4
S21400D36089B2A94280B24FD3E368C91A89B288420B
S21400D3705CD06DD2268C3A4D15FA86F60B1A96F8C6
S21400D3800064334103449BB298425ED0208C354EF5
S21400D39080B222F81030238C9BB226F81310238C10
S21400D3A09BB2062B47D0238C01339BB2072B2384DA
S21400D3B084BF00232384228C274B15FA82F595F828
S21400D3C008249A801A7D42F002021A75224B012226
S21400D3D083F82E2070BD237A002BF7D01E4AB2F8B1
S21400D3E04030616811FA83F36360237A013BDBB255
S21400D3F02372002BEAD0137D43F002031375164BFD
S21400D400012283F82E2070BD80B11946268C144D5B
S21400D41015FA86F6C31A96F800643341C31A9BB20F
S21400D420984204BF03F1FF339BB2AFE7238C0C4D49
S21400D4309BB2062BB7D12378002BB4D0908980B24C
S21400D4400028B0D0084B9847ADE701339BB29DE764
S21400D4500B46DBE7E058002000200043C4F800201D
S21400D4607C1A0100DCF8002099CE000070B5444C10
S21400D470627A002A45D1618C424D89B202F0FF03E0
S21400D480414A32F81100B5F84010A56989B2A942A0
S21400D49080B24FD3A369C91A89B288425CD06DD2D4
S21400D4A0668C3A4D15FA86F60B1A96F810643341D8
S21400D4B003449BB298425ED0608C354E80B222F810
S21400D4C01030638C9BB226F81310638C9BB2062B2D
S21400D4D047D0638C01339BB2022B638484BF002346
S21400D4E06384628C274B15FA82F595F814249A808B
S21400D4F01A7D42F002021A75224B012283F82E2072
S21400D50070BD237D002BF7D01E4AB2F8403021694B
S21400D51011FA83F32361237D013BDBB22375002BD5
S21400D520EAD0137D43F002031375164B012283F8ED
S21400D5302E2070BD80B11946668C144D15FA86F6FD
S21400D540C31A96F810643341C31A9BB2984204BFBC
S21400D55003F1FF339BB2AFE7638C0C4D9BB2062BF7
S21400D560B7D12378002BB4D0908880B20028B0D0F2
S21400D570084B9847ADE701339BB29DE70B46DBE7C8
S21400D580E0580020001C0043D4F800207C1A01005C
S21400D590BCF80020C9CE0000074B08485A884DF258
S21400D5A04C4392B203FB02F3A0FB03201B1A00EBD2
S21400D5B05300C00A704700BFD4F8002001011000D5
S21400D5C0014B588880B27047D4F80020084B094AAF
S21400D5D019895B89C1F3C801C3F3C80313440A441D
S21400D5E093F8000292F80032984238BF1846704707
S21400D5F0C4F800207C1A0100054B19895A8989B2A3
S21400D60092B2914234BF1889588980B2704700BFE1
S21400D610C4F80020014B1B68187D7047D0EE002030
S21400D620034B044A1B88C3F3C803D05C704700BF93
S21400D630D4F800207C1A0100014B1B68987D7047C7
S21400D640D0EE0020014B188880B27047D4F8002036
S21400D650014B188880B27047C4F80020074B084872
S21400D6601A884DF24C4392B203FB02F3A0FB032050
S21400D6701B1A00EB5300C0F3CF207047C4F80020FD
S21400D68001011000014B188880B27047DCF80020BA
S21400D690014B588880B27047C4F80020074B0848F2
S21400D6A05A884DF24C4392B203FB02F3A0FB0320D0
S21400D6B01B1A00EB5300C0F3CF207047C4F80020BD
S21400D6C001011000014B588880B27047DCF800203A
S21400D6D0014B988880B27047C4F80020074B084872
S21400D6E09A884DF24C4392B203FB02F3A0FB032050
S21400D6F01B1A00EB5300C0F3CF207047C4F800207D
S21400D70001011000014B988880B27047DCF80020B9
S21400D710014BD88880B27047C4F80020074B0848F1
S21400D720DA884DF24C4392B203FB02F3A0FB0320CF
S21400D7301B1A00EB5300C0F3CF207047C4F800203C
S21400D74001011000014BD88880B27047DCF8002039
S21400D750054A136803B993801168012303FA00F0A1
S21400D76008431060704700BF14590020064A13682B
S21400D7701BB993680BB9938093819168012303FAD0
S21400D78000F0084390607047145900201F2801D805
S21400D790014B1847704700BF51D700001F2807D815
S21400D7A0044901220B6802FA00F023EA0000086030
S21400D7B0704700BF14590020044A0123126803FA78
S21400D7C000F0104214BF184600207047145900207D
S21400D7D010B40023074C012102E00133202B05D0B2
S21400D7E0226801FA03F01040F7D058B25DF8044BF7
S21400D7F0704700BF145900201F2801D8014B184756
S21400D800704700BF6DD700001F2810D8084B10B413
S21400D81001219C689A6801FA00F022EA00009860EC
S21400D8201CB19A680AB91922DA815DF8044B704770
S21400D83014590020044A0123926803FA00F01042AB
S21400D84014BF1846002070471459002010B400205A
S21400D850094C012102E00130202808D0A36801FA13
S21400D86000F21A42F7D040B25DF8044B70474FF012
S21400D870FF305DF8044B7047145900201F2806D867
S21400D880034A0123116903FA00F008431061704748
S21400D890145900201F2810D8084B10B401211C6909
S21400D8A01A6901FA00F022EA000018611CB11A6930
S21400D8B00AB91922DA815DF8044B70471459002022
S21400D8C010B402EB8202074C92B220766176628335
S21400D8D02377638B9BB213B9E38384F820305DF81B
S21400D8E0044B704714590020014B00225A8370479E
S21400D8F014590020F0B500296BD04FEA400E0EEB0D
S21400D90000033C4F3C4DFC5CAB8C3C4E04EB84026D
S21400D91002EB82021BB2C3EB8203002B4FEA5101DB
S21400D920B8BF5B4293FBF1F39BB2A6F88830B6F81B
S21400D93088309BB213B90123A6F888300EEB00029C
S21400D9403A44EB8C527802EB820C0CEB8C0C1BB23C
S21400D950C3EB8C03002BB8BF5B4293FBF1F39BB287
S21400D960A6F88A30B6F88A309BB213B90123A6F817
S21400D9708A3070440744288DBB7803EB830707EB97
S21400D980870700B2C0EB87000028B8BF404290FB74
S21400D990F1F189B2A6F88C10B6F88C1089B211B9DC
S21400D9A00121A6F88C1004EB840402EB820203EB40
S21400D9B0830304EB840402EB820203EB8303A400DC
S21400D9C092009B00A4B292B29BB2AC85EA852B86ED
S21400D9D0F0BD084A094E084DA6F8881000EB400036
S21400D9E01318145CA6F88A105A78A6F88C109B7840
S21400D9F0D9E700BFA81E010014590020682A00209D
S21400DA0070B52B4DAB889BB2BBB9012401E0202B2F
S21400DA1008D004FA03F20A42D8B203F10103F6D0A2
S21400DA200130688601240023AC803221AB860920B1
S21400DA30EB86204ABDE870401047AB889BB2012BAE
S21400DA400AD0AB889BB2022B09D0AB889BB2042BC2
S21400DA5022D00023AB8070BD0223AB8070BDAB8E9E
S21400DA6001339BB2AB86DB074FF0320110D5114B6A
S21400DA7009209847EB8E9BB25A1C92B2EA866A8EB1
S21400DA8092B29342E7D303220023AA80AB8670BDEE
S21400DA90084BBDE870401847064B322109209847CE
S21400DAA0AB8E01339BB2032BAB86D4D9D1E700BF34
S21400DAB014590020F5D8000010B5894C238F013387
S21400DAC09BB2132B238784BF00232387238F9BB20D
S21400DAD02BB9A28992B2012A04BFA381A380814AEE
S21400DAE0B2F890309BB243B1B2F89030013B9BB293
S21400DAF0A2F89030002B00F08780002384F83A309C
S21400DB00638B9BB2002B2BD0A3682BBB23681BBB5D
S21400DB10E38B01339BB2E383227F93420DD394F8C9
S21400DB202030002B40F0D4806F4B207E3221984767
S21400DB30012384F820300023E383638B013B9BB2F0
S21400DB4000226383A280A3899BB2012B3FD9A389BD
S21400DB50013B9BB2A38110BDA3899BB2002BD7D1FA
S21400DB602368002B34D0A3899BB2002B37D0A36840
S21400DB7013B9236C002B56D0A3899BB2002B52D12D
S21400DB80236C0BB9A3682364584B216C0320984779
S21400DB90A3889BB23BB9628B92B20A2A8CBF15222D
S21400DBA00122A2812364A3899BB2012B03D9A389F6
S21400DBB0013B9BB2A381B4F844309BB23BB1B4F8AE
S21400DBC04430013B9BB2A4F84430002B7AD010BD01
S21400DBD0E36B002BCBD0A3899BB2002BC7D1E36BA2
S21400DBE00BB92368E363414BE16B00209847A38899
S21400DBF09BB2002BD7D1628B92B20A2A8CBF152219
S21400DC000122A281E363CEE794F83A1000293FF49C
S21400DC1074AFA2F88830A2F88A30A2F88C30A385B8
S21400DC20E385238669E72369002B31D1E3899BB21C
S21400DC30002B2DD16369002B5AD0A3889BB2012BF1
S21400DC4067D0A3889BB2022B63D0A3889BB2042B19
S21400DC505FD0A3889BB2052B5BD0A3889BB2072B13
S21400DC6060D0A3889BB2082B5CD0A3889BB20A2BFB
S21400DC7058D0A3889BB20B2B54D0C8210C201A4B2B
S21400DC809847A38801339BB2132BA3808BD93DE022
S21400DC90A3889BB27BB9012232210920124BA280B5
S21400DCA09847E3899BB2002B3FF47DAFE389013BA5
S21400DCB09BB2E38177E70022322102200A4BA28042
S21400DCC09847EEE7C8210920074BBDE810401847E3
S21400DCD0054B607E32219847002384F820302AE7DF
S21400DCE014590020682A0020F5D8000001DA000048
S21400DCF0012384F83A30B4F844309BB233B1B4F818
S21400DD004430013B9BB2A4F84430A3B10023A38067
S21400DD1049E76369DA07A0D54FF4C8710F20084BAE
S21400DD209847AEE763699B07A7D54FF4C8710520EF
S21400DD30034B9847A5E7C8210920014B9847E5E71C
S21400DD40F5D800002DE9F84F444B454E10229A7244
S21400DD50B6F8463001339BB2632BA6F8463064D83B
S21400DD600120404FDFF804C1864600214FF0040929
S21400DD704FF002084A00B3189D8C9C8DADB2A4B239
S21400DD80A54221D90CEB020ABAF888509C8CADB299
S21400DD90A4B2A54204D2BAF88840A4B2002C3DD161
S21400DDA03244938D9BB29384CBB2002943D0012B8F
S21400DDB047D0338D9BB233BBC7F898E0032826D0F4
S21400DDC00130C0B20131D5E79D8C9C8DADB2A4B2B6
S21400DDD0A5421ED20CEB020A9D8CBAF888B09C8D28
S21400DDE01FFA8BFB1BFA85F5A4B2A542D8DCBAF85D
S21400DDF08840A4B2002CD3D0BAF888409A8C22442B
S21400DE0092B29A84D0E70328C7F894E0D8D1BDE848
S21400DE10F88F96F84830002BD0D0C5E7BAF888407F
S21400DE209A8C121B92B29A84BEE70F4B9847002337
S21400DE30A6F8463094E7B38C9BB243B9C7F89880EF
S21400DE40BEE7F38C9BB22BB9C7F89890B8E7C7F833
S21400DE509480B5E7C7F89490B2E700BF001400427C
S21400DE601459002000800041B9DA0000682A00201A
S21400DE70224B5A8B92B210B46AB91A685AB99A6889
S21400DE80C2B19A8992B232B19A8892B2042A02D961
S21400DE901B4A202151711A482024002240F6FF71A7
S21400DEA04471A3F846201987D98383F820205DF8AB
S21400DEB0044B70471A69002AEDD15A69002AEAD144
S21400DEC0DA8992B262B99A8892B2032A08D89A88F6
S21400DED092B272B90A4920204871A3F84620DAE7C0
S21400DEE007490022202048719A80DA81A3F846204C
S21400DEF0D1E7012283F84920CDE700BF145900205E
S21400DF0000140042F0B5294B294A2A4CDFF8BCE041
S21400DF10294F2A482A4E0221C3F88810C3F8A820A1
S21400DF204FF04042C3F8A8200425C3F898100121FA
S21400DF30C3F88850C3F8A8E0C3F8A820C3F89850E0
S21400DF40C3F88810C3F8A870C3F8A820C3F89810C0
S21400DF50E369402543F02003E3610246C6F8F85023
S21400DF6001601369DB07FCD44FF4806410200121A4
S21400DF7042F6E06314605072117393831068114B7D
S21400DF8040F002004FF400411060C3F88C10BFF35D
S21400DF904F8FBFF36F8F0C4AC3F88C11C024032039
S21400DFA083F86F43D96082F84800F0BD00800041D6
S21400DFB0020000400008004001000040001400423B
S21400DFC0001C004000E100E014590020040000405E
S21400DFD0164B93F83A20EAB193F84A201449012ADE
S21400DFE04FF0000217D042F21070A1F88820A1F876
S21400DFF08A20A1F88C209A85DA85188693F84A201C
S21400E00012F1FF324FF0C80118BF012283F84A20F0
S21400E010A3F844107047A1F88820A1F88A20A1F838
S21400E0208C209A85DA851A86E8E700BF1459002006
S21400E030682A0020184B93F83A20DAB110B493F807
S21400E0404A1001F0FF02B1B91449A1F88820A1F8DE
S21400E0508A20A1F88C209A85DA851A8693F84A20B9
S21400E060B2FA82F2520983F84A20C8215DF8044BBE
S21400E070A3F8441070470949002242F2107441F296
S21400E0807070A1F88820A1F88A20A1F88C209C85C1
S21400E090D8851A86E2E700BF14590020682A0020B7
S21400E0A0164B93F83A20D2B193F84A1001F0FF02CB
S21400E0B0B1B91349A1F88820A1F88A20A1F88C20CC
S21400E0C09A85DA851A8693F84A2012F1FF324FF0C5
S21400E0D0C80118BF012283F84A20A3F844107047ED
S21400E0E00749002242F21070A1F88820A1F88A2081
S21400E0F0A1F88C209A85D8851A86E4E71459002062
S21400E100682A0020024B4FF49672A3F890207047BE
S21400E110682A002038B50A4CE36ADB030AD5094DA5
S21400E1202B683BB198474FF4803300222A60E362A5
S21400E130636238BD024B4FF48032DA6238BD00BFEE
S21400E140001000436059002038B50A4CE36A9B0370
S21400E1500AD5094D6B683BB198474FF4003300224F
S21400E160E3626A60636238BD024B4FF40032DA62E3
S21400E17038BD00BF001000436059002010B422498B
S21400E18022480B6A224A43F0100340240B62C0F870
S21400E1901841136843F001031360936813F00103FA
S21400E1A0FBD14FF480611160D363136C18494FF6AE
S21400E1B0FF7060F317031364136843F002031360E1
S21400E1C08B689B07FCD4134B20224FF400704A71D7
S21400E1D0C3F88C00BFF34F8FBFF36F8F60214FF4EF
S21400E1E08062C3F88C0183F86913D860C3F88C206A
S21400E1F0BFF34F8FBFF36F8FC3F88C2183F86A137A
S21400E2005DF8044BDA60704700080040001C0040D0
S21400E2100010004300E100E000F108034FF0FF317A
S21400E2200022816002604360C3600361704700BFE4
S21400E23000230361704700BF4368026810B49C68FF
S21400E2408C609C684B600132616099605DF8044B9D
S21400E25008610260704700BF30B40D686B1C11D0B7
S21400E26000F1080200E01A4653681C68A542FAD27C
S21400E27004684B60013499608A60516008610460EC
S21400E28030BC704702695368F2E700BF4268816895
S21400E290036910B4916081685C684A601A68A0429D
S21400E2A008BF5960013A002101611A6018685DF8DC
S21400E2B0044B70470E4B1B6882B00022013301925C
S21400E2C008D04FF0800383F31188BFF36F8FBFF33E
S21400E2D04F8FFEE74FF0800383F31188BFF36F8FF5
S21400E2E0BFF34F8F019B002BFCD002B0704700BFDE
S21400E2F0FC2A002008480068006880F308884FF071
S21400E300000080F3148862B661B6BFF34F8FBFF388
S21400E3106F8F00DF00BF000008ED00E0DFF80C00A4
S21400E320016841F4700101607047000088ED00E06C
S21400E33030B421F001014FF08075074C40F80C4CCA
S21400E3406FF0020340F8202C00E9220040F8243C3D
S21400E35030BC4438704700BFB5E200000000000043
S21400E360074B19680868B0E8F04F80F30988BFF3D8
S21400E3706F8F4FF0000080F311887047AFF3008076
S21400E380C4DA00204FF0800383F31188BFF36F8F49
S21400E390BFF34F8F0A4A13680133012B136000D076
S21400E3A07047084B1B6813F0FF0FF9D04FF080033F
S21400E3B083F31188BFF36F8FBFF34F8FFEE700BF65
S21400E3C0FC2A002004ED00E0084A136843B94FF029
S21400E3D0800383F31188BFF36F8FBFF34F8FFEE781
S21400E3E0013B13600BB983F311887047FC2A0020A9
S21400E3F0EFF30980BFF36F8F154B1A681EF0100FEE
S21400E40008BF20ED108A20E9F04F10602DE90900C2
S21400E4104FF0800080F31188BFF34F8FBFF36F8FEC
S21400E42001F06AF94FF0000080F3118809BC196802
S21400E4300868B0E8F04F1EF0100F08BFB0EC108A66
S21400E44080F30988BFF36F8F704700BFAFF300807B
S21400E450C4DA002008B54FF0800383F31188BFF3B9
S21400E4606F8FBFF34F8F054B984718B1044B4FF093
S21400E47080521A60002383F3118808BD79F40000E7
S21400E48004ED00E030B4064B064D0748074C00226A
S21400E49007211A602A600460196030BC704700BF0C
S21400E4A010E000E018E000E014E000E0FF76010075
S21400E4B03A4B3B4A1968914237D01A68394B9A4210
S21400E4C03CD030B5384B39491A7883B0FF20D2B2E9
S21400E4D0019218701B78DBB28DF803309DF803307C
S21400E4E09DF80320072003F08003486010060B7099
S21400E4F048BF062301D40FE003469DF803205200D0
S21400E500D2B28DF803209DF80320120603F1FF30E7
S21400E510F2D4042B4B601AD04FF0800383F311889B
S21400E520BFF36F8FBFF34F8FFEE74FF0800383F389
S21400E5301188BFF36F8FBFF34F8FFEE74FF0800356
S21400E54083F31188BFF36F8FBFF34F8FFEE70198F9
S21400E550154D174A174CC0B22870106840F460007A
S21400E560106010681B0240F06040106003F4E06327
S21400E5704B60A047104A114B002414609847104A7D
S21400E5801049136843F04043136088470E4B984782
S21400E5900E4B9847204603B030BD00BF00ED00E0AC
S21400E5A071C20F4170C20F4100E400E068590020BC
S21400E5B020ED00E085E40000FC2A00201DE30000BA
S21400E5C034EF00E0F5E20000F9F60000B5E20000E6
S21400E5D0EFF305820F2A11D8104B11495A680B68C1
S21400E5E003F4E063934208D94FF0800383F3118865
S21400E5F0BFF36F8FBFF34F8FFEE770470949074B96
S21400E600525C19789142E8D94FF0800383F3118861
S21400E610BFF36F8FBFF34F8FFEE700BF6859002030
S21400E6200CED00E0F0E300E0430710B5134B0446A2
S21400E6301CBF20F0070408349847114A1368B3B18A
S21400E6401049D1F83C3947F6F7701C44844209D883
S21400E650A34207D21268C1F83C49D4180A4B98471F
S21400E660204610BD0024084B9847204610BD02F1F6
S21400E6700C0323F007031360E2E700BF41F4000039
S21400E6807059002038D000209DF5000040B14FF0B2
S21400E690800383F31188BFF36F8FBFF34F8FFEE7BE
S21400E6A0704700BF034BD3F83C09C0F5FF407830F5
S21400E6B0704700BF38D0002070B51546026C866BD8
S21400E6C0044632B9056835BB4068164B9847656006
S21400E6D024E0154B65B980689847A368216C62688A
S21400E6E00B449342A36016D32368A360284615E024
S21400E6F0C0689847236CE26821685B421A448A42E5
S21400E700E26002D262681344E360022D03D126B1B0
S21400E710013E002002E0002000E030460136A663FD
S21400E72070BD00BF9DFA0000D7030100026C0346CF
S21400E73072B110B40846D9685C681144A142D96029
S21400E74024BF1968D960D9685DF8044B014B184797
S21400E750704700BFD70301004FF0800383F3118892
S21400E760BFF36F8FBFF34F8FFEE700BF70B5846CAB
S21400E77082B00190A4B10A46E36BA16B994208D31C
S21400E7804FF0800383F31188BFF36F8FBFF34F8F73
S21400E790FEE7A16B8B4205D80026304602B070BD5E
S21400E7A00F4B984794F845500E4B01A920469847C2
S21400E7B06DB26B1C064606D06B1C5BB2304684F806
S21400E7C0453002B070BD636A002BE6D004F1240029
S21400E7D0054B9847002818BF0126304602B070BD8A
S21400E7E059E70000B9E6000011F800002DE9F047EF
S21400E7F00446DFF8A890C84794F845305DB2002D6F
S21400E8001CDD244FDFF89880234E05E0B04778B92A
S21400E8106B1EDBB25DB28BB1A36C00212046002BD1
S21400E820F4D1636A04F1240043B1B8470028EFD05E
S21400E830C0476B1EDBB25DB2002BEDD1FF2384F820
S21400E8404530DFF86080C047C84794F844305DB272
S21400E850002D17DD2369ABB104F110070D4EDFF86C
S21400E860409005E06B1EDBB25DB25BB123694BB135
S21400E8703846B0470028F5D0C8476B1EDBB25DB2FD
S21400E880002BF3D1FF2384F844304346BDE8F0471D
S21400E890184700BF11F800006DE7000085E3000090
S21400E8A03DF90000C9E3000038B5E0B104461D4B51
S21400E8B00D469847236CE06B2268A26000FB03F0CD
S21400E8C0C31A134400210244FF20A163E36084F8C6
S21400E8D04400626084F84500CDB923692BB9124B19
S21400E8E09847012038BD114B984704F11000104B93
S21400E8F098470028F3D00F4B4FF080521A60BFF3B2
S21400E9004F8FBFF36F8F084B9847012038BD04F137
S21400E9101000094DA84704F12400A847024B984769
S21400E920012038BD85E30000C9E3000059E7000078
S21400E93011F8000004ED00E019E20000F8B540B957
S21400E9404FF0800383F31188BFF36F8FBFF34F8FB1
S21400E950FEE7064601FB00F054300C4B17460D460A
S21400E9609847044658B165B92060094BE6632564AC
S21400E970012120469847002384F85070A36420465F
S21400E980F8BD00F154030360EFE700BF29E600007E
S21400E990A9E800002DE9F04F85B00192002800F0AC
S21400E9A0B280002900F0A280022B00F092801E4662
S21400E9B05D4B04460F46984750B9019B4BB14FF04C
S21400E9C0800383F31188BFF36F8FBFF34F8FFEE78B
S21400E9D00023DFF87C81554DDFF878B1DFF878A1A9
S21400E9E024E0A847D047C04794F84430FF2B04BF24
S21400E9F0002384F8443094F84530FF2B04BF0023EE
S21400EA0084F84530A847484601A9494B984700284E
S21400EA1040F08280C047A26BE36B9A421BD0A847A7
S21400EA20444B20469847444B984701230093C047E1
S21400EA30A16BE26B914229D3022E009B26D0DDF813
S21400EA400490B9F1000F1CD00DF10809002BC8D1B5
S21400EA504846D847C5E7A8470199384B04F1100047
S21400EA609847344B20469847334B98470028DCD1CC
S21400EA70334A4FF080531360BFF34F8FBFF36F8F4F
S21400EA80D3E7A847484605B0BDE8F08F2D4B39467A
S21400EA90324620469847A36C7BB1314620462A4B27
S21400EAA0984738B1264B4FF080521A60BFF34F8F0D
S21400EAB0BFF36F8FA8470120E5E7636A13B9002804
S21400EAC0F0D1F7E704F12400204B98470028E9D15D
S21400EAD0F0E7C26B012A3FF46AAF4FF0800383F37E
S21400EAE01188BFF36F8FBFF34F8FFEE7026C002ACB
S21400EAF03FF45AAF4FF0800383F31188BFF36F8F54
S21400EB00BFF34F8FFEE74FF0800383F31188BFF308
S21400EB106F8FBFF34F8FFEE72046064B9847064B96
S21400EB2098470020AFE700BFEDF90000C9E30000FA
S21400EB30A1F80000EDE700009DF500008DF700004D
S21400EB4004ED00E0B9E600006DE7000011F80000F3
S21400EB5085E300008DF8000041F400002DE9F8433D
S21400EB60F0B1002941D0022B33D01F46314B04466A
S21400EB70904689469847EFF311864FF0800383F35B
S21400EB801188BFF36F8FBFF34F8FA26BE36B9A4270
S21400EB900FD3022F0DD0002086F31188BDE8F8832E
S21400EBA04FF0800383F31188BFF36F8FBFF34F8F4F
S21400EBB0FEE794F84550204B49466DB23A4620464B
S21400EBC098476B1C1DD06B1C5BB284F84530012047
S21400EBD0E2E7C46B012CC8D04FF0800383F31188A2
S21400EBE0BFF36F8FBFF34F8FFEE7046C002CBAD0D5
S21400EBF04FF0800383F31188BFF36F8FBFF34F8FFF
S21400EC00FEE7A36C63B1394620460C4B98470028B4
S21400EC10DDD0B8F1000FDAD00120C8F80000BBE75D
S21400EC20636A002BD3D004F12400054B98470028D4
S21400EC30EFD1CCE7D1E50000B9E600006DE70000B3
S21400EC4011F8000000282FD0036C43B14FF080036A
S21400EC5083F31188BFF36F8FBFF34F8FFEE7036810
S21400EC60002B39D070B5274B04460E469847EFF375
S21400EC7011854FF0800383F31188BFF36F8FBFF3C6
S21400EC804F8FA26BE36B9A4224D294F84530013240
S21400EC905BB2A2635A1C10D001335BB284F84530D5
S21400ECA0012085F3118870BD4FF0800383F311882F
S21400ECB0BFF36F8FBFF34F8FFEE7A36CC3B1204641
S21400ECC00021114B98470028EAD0002EE8D00120FA
S21400ECD03060E6E70020E4E74368002BC2D04FF040
S21400ECE0800383F31188BFF36F8FBFF34F8FFEE768
S21400ECF0636A002BD4D004F12400044B9847002804
S21400ED00E3D1CDE7D1E500006DE7000011F8000083
S21400ED102DE9F04F85B0019200287ED0002900F042
S21400ED208A80534B04468846984750B9019E4EB198
S21400ED304FF0800383F31188BFF36F8FBFF34F8FBD
S21400ED40FEE700264B4F4C4DDFF84CB1DFF84CA1E8
S21400ED50DFF84091B847A36B002B39D1019B002BFD
S21400ED6064D0002E55D002AEA847D047B84794F8D6
S21400ED704430FF2B04BF002384F8443094F8453019
S21400ED80FF2B04BF002384F84530A847304601A96E
S21400ED903A4B9847002831D1B847A36B33BBA847F6
S21400EDA00199374B04F124009847364B2046984784
S21400EDB0354B984738B94FF08053C9F80030BFF349
S21400EDC04F8FBFF36F8F0126B847A36B002BC5D0BC
S21400EDD0414620462D4A00939047009B013BA36383
S21400EDE02369002B34D1A847012021E0A8472046FC
S21400EDF0244B9847244B98470126E5E72046214BAD
S21400EE009847214B9847B847A36B7BB1A847012684
S21400EE10DAE702AE3046D847A6E74FF0800383F322
S21400EE201188BFF36F8FBFF34F8FFEE7A847002010
S21400EE3005B0BDE8F08F036C002B3FF472AF4FF0C7
S21400EE40800383F31188BFF36F8FBFF34F8FFEE706
S21400EE5004F110000E4B98470028C4D00D4B4FF01D
S21400EE6080521A60BFF34F8FBFF36F8FBBE700BFB0
S21400EE70EDF9000085E30000C9E30000A1F80000FA
S21400EE808DF70000EDE700009DF500002DE700007F
S21400EE9011F8000004ED00E08DF8000041F40000D9
S21400EEA02DE9F04F85B0019150B1056C8DB14FF052
S21400EEB0800383F31188BFF36F8FBFF34F8FFEE796
S21400EEC04FF0800383F31188BFF36F8FBFF34F8F2C
S21400EED0FEE7584B0446984718B9019D002D40F0B0
S21400EEE09080AB46544F554EDFF878A1DFF8789106
S21400EEF0DFF86C811CE0B847A36B002B46D1B04707
S21400EF002368002B6AD001994D4B04F124009847E2
S21400EF104C4B204698474C4B984738B94FF0805397
S21400EF20C8F80030BFF34F8FBFF36F8F4FF0010B61
S21400EF30B847A36B002B58D1019B002B32D0BBF1F6
S21400EF40000F2AD00DF1080BB047C847B84794F811
S21400EF504430FF2B04BF002384F8443094F8453037
S21400EF60FF2B04BF002384F84530B047584601A95C
S21400EF70364B98470028BED02046324B9847324B37
S21400EF809847B847A36BBBB1B047CFE7B04720461A
S21400EF902C4B98472C4B9847C8E70DF1080B584662
S21400EFA0D047D1E7ADB14FF0800383F31188BFF3AC
S21400EFB06F8FBFF34F8FFEE7B0475DB1B847616A0A
S21400EFC019B1236B1968C1F110016068204B98478E
S21400EFD00025B047284605B0BDE8F08FB847606802
S21400EFE01C4B98470546B0478DE72268013BA36354
S21400EFF012B9194B9847606023695BB9B047012581
S21400F000E8E74FF0800383F31188BFF36F8FBFF3F9
S21400F0104F8FFEE704F11000104B98470028EDD004
S21400F0200F4B4FF080521A60BFF34F8FBFF36F8FB6
S21400F030E4E700BFEDF9000085E30000C9E3000047
S21400F0408DF70000EDE700009DF50000A1F8000038
S21400F05029FB00000DFA0000C9FB000011F80000B3
S21400F06004ED00E08DF8000041F4000070B50446A1
S21400F070104B0D461646984794F84430FF2B04BFB5
S21400F080002384F8443094F84530FF2B04BF002357
S21400F09084F84530084B9847A36B2BB9324629466F
S21400F0A004F12400054B98472046054BBDE8704008
S21400F0B0184700BF85E30000C9E30000C9F7000059
S21400F0C0EDE7000080B5074D074C084F4FF080561F
S21400F0D02B68012B04D93E60BFF34F8FBFF36F8FB1
S21400F0E0A047F5E778D900205DCB000004ED00E0EE
S21400F0F0044BD3F84021D268D2685268C3F8442142
S21400F100704700BF78D900202DE9F0411A4C1B4B00
S21400F110D4F84861D4F84C210546101D0F46984790
S21400F1206B1C1DD03544D4F84C31AE425D600ED811
S21400F130D4F84001D4F84C11114B04319847D4F858
S21400F14044319D4238BFC4F84451BDE8F081D4F83C
S21400F1506401D4F84C110A4B0431BDE8F04118475D
S21400F160002FDFD0D4F84C11064B04F5A8700431FC
S21400F170BDE8F041184700BF78D900208DE20000B6
S21400F18059E2000039E200004FF0800383F3118853
S21400F190BFF36F8FBFF34F8FFEE700BF2DE9F84F29
S21400F1A04FEA82080646614C404689461F46A047FD
S21400F1B0002800F08E8005465420A047044600280C
S21400F1C000F0AD8042460563A521594B2846984776
S21400F1D0236BA8F10408984428F0070809F1FF33C8
S21400F1E009F1070104F13402587802F8010B13F80C
S21400F1F0010F08B18B42F7D10A9B4E4D0F2B28BF4B
S21400F2000F234FF0000B04F1040AE36263645046D8
S21400F21084F83BB0C4F848B09946A84704F11800F3
S21400F220A847C9F11003A361C4F84CB0424B24614F
S21400F23084F850B064623A463146404698470B9B85
S21400F240206003B11C603D4D3D4B9847D5F87C319E
S21400F2500133C5F87C31D5F84C31002B3DD0D5F8BC
S21400F260A8316BB3E06AD5F8B021D5F8AC3182424C
S21400F27003F1010338BFC5F8B00100EB8000C5F804
S21400F280AC31E36305EB800051462E4B98472E4B7E
S21400F2909847D5F8A83183B1D5F84C21E36AD26AED
S21400F2A09A420AD2294B4FF080521A60BFF34F8F12
S21400F2B0BFF36F8F0120BDE8F88F0120BDE8F88FFF
S21400F2C0D5F84C31E06ADB6A834298BFC5F84C41FA
S21400F2D0C9E74FF0FF30BDE8F88FC5F84C41D5F8C8
S21400F2E07C31012BBED11A4F2E4605F5A07830464C
S21400F2F01436B847B045FAD1164E304606F1140813
S21400F300B8474046B847A6F11800B847A6F13000FF
S21400F310B847C5F84061E06AC5F86481A3E72846A7
S21400F3200D4B98474FF0FF30BDE8F88F29E60000F8
S21400F330ED03010031E2000031E3000078D900203F
S21400F34085E3000039E20000C9E3000004ED00E0B8
S21400F35019E20000F8DA00208DE6000070B510B360
S21400F360124CD4F84C31984205461AD0104B9847A8
S21400F370104B6E699847D4F840319E4209D0D4F8B5
S21400F38064319E4205D004F5A874A64203D001203D
S21400F39070BD022070BDAB6A002B14BF0220032094
S21400F3A070BD002070BD044B984700BF78D9002080
S21400F3B085E30000C9E3000089F1000070B51A4C2F
S21400F3C01A491B481B4E82B004F5DC7300250193D6
S21400F3D000952B466022B04701280CD0013001D0A2
S21400F3E002B070BD4FF0800383F31188BFF36F8FB8
S21400F3F0BFF34F8FFEE7104B98470128EED14FF032
S21400F400800383F31188BFF36F8FBFF34F8F0B4BCF
S21400F4104FF0FF32C4F84421C4F8A801C4F848519C
S21400F42002B0BDE87040184778D9002038210100A6
S21400F430C5F000009DF100007DFC0000B1E4000076
S21400F440034AD2F8B4310133C2F8B431704700BF72
S21400F45078D90020014BD3F84801704778D90020AE
S21400F46008B5034B9847034BD3F8480108BD00BFC7
S21400F470D1E5000078D900202DE9F047434CD4F8B8
S21400F480B431002B48D1D4F848610136C4F848613D
S21400F490002E4FD0D4F844319E4258D3DFF8F48083
S21400F4A0DFF8F490002523E0D4F84031DB68DF680D
S21400F4B07B6807F1040A9E4250465ED3C047BB6A8B
S21400F4C007F1180003B1C047FB6AD4F8B02103EB7C
S21400F4D083009342514604EB800088BFC4F8B031E5
S21400F4E0C847D4F84C31FA6ADB6A9A4228BF01252D
S21400F4F0D4F840311B68002BD6D14FF0FF33C4F848
S21400F5004431D4F84C31DB6A03EB83039B00E358A9
S21400F510022B28BF012505E0D4F8C0310133C4F81A
S21400F520C0310025D4F8C431002B18BF0125284669
S21400F530BDE8F087D4F840311B6853B14FF0800324
S21400F54083F31188BFF36F8FBFF34F8FFEE700255D
S21400F550D7E7D4F84031D4F86421C4F84021C4F881
S21400F5606431D4F8BC310133C4F8BC31D4F840312E
S21400F5701B682BB1064B98478CE7C4F84431C0E7AC
S21400F5804FF0FF33C4F8443184E700BF78D9002039
S21400F590F1F000008DE2000039E200002DE9F843AA
S21400F5A0374CD4F8B43143B94FF0800383F3118855
S21400F5B0BFF36F8FBFF34F8FFEE7324B9847D4F8F9
S21400F5C0B431013BC4F8B431D4F8B451002D4ED157
S21400F5D0D4F87C31002B4AD02B4EDFF8C0904FF089
S21400F5E001081DE0D4F87431DD682F1D05F1180000
S21400F5F0B0473846B047EB6AD4F8B02103EB830037
S21400F6009342394604EB800088BFC4F8B031C8473F
S21400F610D4F84C31EA6ADB6A9A4228BFC4F8C4813F
S21400F620D4F86831002BDDD13DB1D4F840311B68E9
S21400F6301BBB4FF0FF33C4F84431D4F8C0514DB172
S21400F640124F0126B84708B1C4F8C461013DF9D18C
S21400F650C4F8C051D4F8C4314BB10D4B4FF08052B2
S21400F6601A60BFF34F8FBFF36F8F012400E00024B2
S21400F670084B98472046BDE8F883074B9847DCE7D9
S21400F68078D9002085E300008DE2000079F40000C0
S21400F69004ED00E0C9E30000F1F0000039E20000EC
S21400F6A010B560B1104BD3F8B41189B14FF0800398
S21400F6B083F31188BFF36F8FBFF34F8FFEE70B4BBB
S21400F6C04FF080521A60BFF34F8FBFF36F8F10BD9D
S21400F6D0D3F8B421064C0132C3F8B421A047054B39
S21400F6E098470028EBD010BD78D9002004ED00E044
S21400F6F009F100009DF5000010B5224CD4F8B43195
S21400F700002B3AD1C4F8C431D4F84C21D4F84C318B
S21400F71012681B6B9A4206D8D4F84C01D4F84C11E8
S21400F720194B34319847D4F8B0319A00D118890073
S21400F730615839B9C3B1013B9A00D11854F8211069
S21400F7400029F7D01A449200A01808324168496888
S21400F75041602244914204BF49684160CA68C4F8C7
S21400F7604C21C4F8B03110BD4FF0800383F31188EC
S21400F770BFF36F8FBFF34F8FFEE70123C4F8C4318A
S21400F78010BD00BF78D9002051CB000068B110B57D
S21400F7900A4A0B4B0C46D2F84C11183198472046B3
S21400F7A00121084BBDE8104018474FF0800383F353
S21400F7B01188BFF36F8FBFF34F8FFEE778D9002015
S21400F7C059E2000009F1000098B170B514460D4AE0
S21400F7D00D4B0D46D2F84C1118319847002C08BF37
S21400F7E02846214618BF4FF0FF30084BBDE8704052
S21400F7F018474FF0800383F31188BFF36F8FBFF372
S21400F8004F8FFEE778D9002039E2000009F10000AA
S21400F810F8B5C368DD6825B305F11806184C194F0E
S21400F8203046B847D4F8B43123BB2E1D3046B8470F
S21400F830E86AD4F8B031984288BFC4F8B00100EB4B
S21400F840800004EB800031460F4B9847D4F84C31CB
S21400F850EA6ADB6A9A4286BF0120C4F8C401002027
S21400F860F8BD4FF0800383F31188BFF36F8FBFF3AB
S21400F8704F8FFEE7314604F5B470034B9847E5E733
S21400F88078D900208DE2000039E20000034BD3F85F
S21400F890BC21D3F8483180E80C00704778D90020A6
S21400F8A0F8B550B301B30D46214B044698472B6874
S21400F8B020496068D1F848215E1C34D0D1F8BC617C
S21400F8C02768B74206D0824204D301251A4B9847D0
S21400F8D02846F8BD121A9A4218D300232B60012539
S21400F8E0154B98472846F8BD4FF0800383F31188E0
S21400F8F0BFF36F8FBFF34F8FFEE74FF0800383F3A6
S21400F9001188BFF36F8FBFF34F8FFEE7D1F8BC01AE
S21400F9109B1AD1F848212B6084E805000025064B89
S21400F92098472846F8BD0025034B98472846F8BD5B
S21400F93085E3000078D90020C9E30000024B0122CD
S21400F940C3F8C421704700BF78D90020F8B50D462B
S21400F9501646002836D00446E16A276BE06B2C601A
S21400F96004F134026A60052B626C29614FF00001D5
S21400F970EF61A8606A61A96128D0194AD2F84C01E3
S21400F980844228D0032B2B7310D06EB1206B0378E3
S21400F990A52B22D1431C1C1A13F8012BA52AFAD03A
S21400F9A0C4F38F042C84F8BD2E84F8BDD2F8B4318D
S21400F9B0A16A0133C2F8B43109B102232B73094B93
S21400F9C09847E2E7064AD2F84C41C5E72046064B80
S21400F9D098472873D9E72973D7E70024E2E700BFE2
S21400F9E078D900209DF500005DF30000064BD3F8A3
S21400F9F0A82132B1D3F8B431002B0CBF022000206E
S21400FA0070470120704700BF78D9002000283ED0FC
S21400FA1070B51F4CC36AD4F84C21D26A934215D2F3
S21400FA208269002A05DBD4F84C21D26AC2F11002A2
S21400FA30826103EB8303426904EB83039A420ED090
S21400FA40D4F84C31DB6AC362012070BDD4F84C3167
S21400FA50406CDB6A98422CBF0020012070BD051D5B
S21400FA6006460C4B28469847D4F84C21D4F8B031BB
S21400FA70D06AF062984201D9C4F8B00100EB800069
S21400FA8004EB80002946044B9847012070BD704760
S21400FA9078D900208DE2000039E2000010B370B57E
S21400FAA01E4DD5F84C31984208D04FF0800383F3B2
S21400FAB01188BFF36F8FBFF34F8FFEE7836C43B998
S21400FAC04FF0800383F31188BFF36F8FBFF34F8F20
S21400FAD0FEE7C16A426C013B9142836400D01BB1D1
S21400FAE0002070BD002070470446061D30460C4BB3
S21400FAF09847606CD5F8B031E0629842C0F11002C9
S21400FB0088BFC5F8B00100EB800005EB8000A2615D
S21400FB103146044B9847012070BD00BF78D90020BD
S21400FB208DE2000039E20000A8B170B5846C44B9DB
S21400FB304FF0800383F31188BFF36F8FBFF34F8FAF
S21400FB40FEE7426CC36A8A4238BF0A46934201D037
S21400FB50012C01D070BD7047184DD5F84C11884265
S21400FB6022D08169C2620029A4BFC2F1100282615C
S21400FB7003EB8303426905EB83039A42EAD104460A
S21400FB80061D0F4B30469847E06AD5F8B0319842CC
S21400FB9001D9C5F8B00100EB800005EB80003146C6
S21400FBA0084BBDE8704018474FF0800383F3118878
S21400FBB0BFF36F8FBFF34F8FFEE700BF78D90020EB
S21400FBC08DE2000039E20000054BD3F84C2122B14B
S21400FBD0D3F84C118A6C01328A64D3F84C01704712
S21400FBE078D900202DE9F0410E4C0F4B9847256838
S21400FBF01DB10E4BBDE8F0411847271D3846DFF80B
S21400FC00348004F11806C0473046C0472A46084BE1
S21400FC10E7620C210A2026639847044B2060BDE863
S21400FC20F041184740DB002085E30000C9E30000F0
S21400FC303DE9000019E20000914210B5044600615B
S21400FC40416005D88169D21A8A420CD3012010BDC2
S21400FC509A4201D29942F9D2064A074BD06A211D30
S21400FC609847002010BD034A034B106B211D984790
S21400FC70002010BD40DB002059E2000010B50E4BFE
S21400FC8082B098470D4B1A6862B1343304228DE86F
S21400FC900C000B490B480C4C0023C022A04708B1AF
S21400FCA002B010BD4FF0800383F31188BFF36F8F4F
S21400FCB0BFF34F8FFEE700BFE5FB000040DB0020F0
S21400FCC05021010029FE00009DF100002DE9F042C0
S21400FCD0104C81462C200D4616461F46A04704466B
S21400FCE0A8B145B94FF0800383F31188BFF36F8F37
S21400FCF0BFF34F8FFEE7084B9847069B6362C4F836
S21400FD000090A561E6612762201D044B98472046B7
S21400FD10BDE8F08229E60000E5FB000031E20000C5
S21400FD20002826D070B5174D0446286884B080B1E8
S21400FD30164605291A460191029603940BDC124BCF
S21400FD40984702280DD000232868104C1A4601A9AF
S21400FD50A04704B070BD002301A90D4CA04704B015
S21400FD6070BD2868094C089A002301A9A04704B072
S21400FD7070BD4FF0800383F31188BFF36F8FBFF31E
S21400FD804F8FFEE740DB0020EDF9000095E900000C
S21400FD905DEB00002DE9F04F1F4DDFF880A0DFF887
S21400FDA0808083B00CE0DB68DC681F6804F104091F
S21400FDB04846D047636A20469847E369012B09D036
S21400FDC0EB6A1A68002AEED12A6BEA622B6303B04C
S21400FDD0BDE8F08FA669DFF84CB007EB060C4FF0D5
S21400FDE0000E674573463A467146204606D2C4F86A
S21400FDF004C02461E86A4946D847E1E7CDF800E048
S21400FE00C0470028DCD14FF0800383F31188BFF38E
S21400FE106F8FBFF34F8FFEE740DB00208DE20000C0
S21400FE2021FD000059E200002DE9F04F674CDFF895
S21400FE30C091DFF8C081DFF8C0A1654D89B0E36AE4
S21400FE401E68002E41D0DB681E68C847614B984785
S21400FE50A26B9042034646D38642A0634FD9002247
S21400FE60F11A2068D047C04738B95B4A4FF0805334
S21400FE701360BFF34F8FBFF36F8F002205A9206872
S21400FE80A8470028DBD0059B002BF6DB079E73698E
S21400FE9013B1301D514B98474E4B9847A36B984271
S21400FEA0024627D3059BA263092BE6D8012101FA57
S21400FEB003F313F4047B77D113F0C70F4FD19B06DF
S21400FEC0DBD53046464B9847D7E7C847414B98475F
S21400FED0A26B8242034606D8226BA3631268B2FA6C
S21400FEE082F25209BCE703933E4B9847039BA363F9
S21400FEF0C047C2E73B4B03909847039AD2E7039369
S21400FF00C047E26A354BD268D2F80CB00BF1040059
S21400FF109847DBF81C20039B012A04D0DBF824302A
S21400FF2058469847A9E7DBF818102F4F1A46314471
S21400FF3033465846B8470028F0D000233246009390
S21400FF4019465846294EB0470028E7D14FF080039F
S21400FF5083F31188BFF36F8FBFF34F8FFEE7069BC7
S21400FF60B169214F19443046B847002885D0736AD6
S21400FF7030469847F369012B7FF47FAFB369069A42
S21400FF80CDF800B01A4430465B465946174EB04787
S21400FF9000287FF472AF4FF0800383F31188BFF31D
S21400FFA06F8FBFF34F8FFEE70699B16129B11144F9
S21400FFB0304613460C4EB0475FE74FF0800383F39E
S21400FFC01188BFF36F8FBFF34F8FFEE740DB002033
S21400FFD011ED000055F4000004ED00E08DE2000095
S21400FFE08DE6000095FD000039FC000021FD0000B4
S21400FFF041F400009DF500006DF0000070B5054668
S21401000041F221062B1A9BB2994202D8D24390B2F2
S21401001070BD15F8013B82EA032293B2082413F45B
S214010020004F4FEA430318BF7340013C9BB2A4B292
S2140100301A46002CF3D1E5E710B5084C0144884276
S21401004001D1104610BD10F8013B83EA122334F8A3
S214010050133083EA022292B2F1E700BF5821010071
S21401006053B94AB9002908BF00281CBF4FF0FF3119
S2140100704FF0FF3000F07AB9ADF1080C6DE904CE0F
S21401008000F006F8DDF804E0DDE9022304B070476D
S2140100902DE9F0478C460D460446089E002B51D1AB
S2140100A08A4217466DD9B2FA82FEBEF1000F0BD016
S2140100B0CEF1200C01FA0EF520FA0CFC02FA0EF72E
S2140100C04CEA050C00FA0EF44FEA174A250CBCFB65
S2140100D0FAF81FFA87F90AFB18CC45EA0C4508FB23
S2140100E009F3AB420AD9ED1908F1FF3280F02381FA
S2140100F0AB4240F22081A8F102083D44ED1AA4B2B9
S214010100B5FBFAF00AFB105544EA054400FB09F971
S214010110A14509D9E41900F1FF3380F00A81A14510
S21401012040F2078102383C44A4EB090440EA084047
S2140101300021002E61D024FA0EF40023346073608F
S214010140BDE8F0878B4207D9002E54D0002186E8FF
S21401015021000846BDE8F087B3FA83F1002940F094
S2140101608E80AB4202D3824200F2FA80841A65EB9B
S21401017003050120AC46002E3FD086E81010BDE8EE
S214010180F08712B90127B7FBF2F7B7FA87FEBEF17F
S214010190000F34D1EB1B3A0C1FFA87FC0121B3FB8D
S2140101A0F2F8250C02FB183345EA03450CFB08F36D
S2140101B0AB4207D9ED1908F1FF3002D2AB4200F28B
S2140101C0D1808046ED1AA3B2B5FBF2F002FB1055C2
S2140101D043EA05440CFB00FCA44507D9E41900F1E9
S2140101E0FF3302D2A44500F2B8801846A4EB0C04F3
S2140101F040EA08409DE731463046BDE8F087CEF13B
S214010200200405FA0EF307FA0EF720FA04F83A0C62
S21401021025FA04F448EA0308B4FBF2F14FEA18455C
S21401022002FB11441FFA87FC45EA044501FB0CF367
S214010230AB4200FA0EF409D9ED1901F1FF3080F056
S2140102408A80AB4240F2878002393D44EB1A1FFA9E
S21401025088F5B3FBF2F002FB103345EA034500FBD9
S2140102600CF3AB4207D9ED1900F1FF386FD2AB4260
S2140102706DD902383D44EB1A40EA01418FE7C1F1DE
S214010280200722FA07F88B4005FA01F448EA03032F
S21401029020FA07FE4FEA134CFD404EEA040EB5FB6A
S2140102A0FCF94FEA1E440CFB19551FFA83F844EA81
S2140102B0054509FB08F4AC4202FA01F200FA01FA1C
S2140102C008D9ED1809F1FF3043D2AC4241D9A9F162
S2140102D002091D442D1B1FFA8EFEB5FBFCF00CFB1C
S2140102E010554EEA054400FB08F8A04507D9E41866
S2140102F000F1FF3529D2A04527D902381C4440EA2F
S2140103000940A4EB0804A0FB02894C45C6464D46AD
S21401031015D312D056B1BAEB0E0364EB050404FAFA
S21401032007F7CB401F43CC40376074600021BDE81F
S214010330F0871846F8E69046E0E6C245EAD2B8EB02
S214010340020E69EB03050138E4E72846D7E7404685
S21401035091E78146BEE7014678E702383C4445E727
S214010360084608E7A8F102083D442BE7704700BF9E
S21401037070B50D4E0D4CA41BA4100025A54209D145
S2140103800B4E0C4C02F032F8A41BA4100025A5421B
S21401039005D170BD56F8253098470135EEE756F879
S2140103A0253098470135F2E7F8230100F8230100CC
S2140103B0F8230100FC23010010B5013902449042E4
S2140103C001D1002010BD10F8013B11F8014FA342E6
S2140103D0F5D0181B10BD10B5431E0A44914200D13A
S2140103E010BD11F8014B03F8014FF7E7024403462D
S2140103F0934200D1704703F8011BF9E70EB400B52C
S2140104009CB04FF402711DABADF81410029006902B
S2140104106FF000410A48049107914FF6FF7153F8B7
S214010420042BADF816100068019302A900F0E2F85B
S214010430029B00221A701CB05DF804EB03B07047F3
S214010440002B0020034613F8012B002AFBD1181AB3
S2140104500138704770B5044602B970BD234611F8DD
S214010460015B03F8015B561E1DB91444A34203D178
S21401047070BD1C463246EFE703F8015BF6E7000065
S21401048070B5CD1C25F0030508350C2D38BF0C259D
S214010490002D064601DBA94203D90C233360002058
S2140104A070BD00F0AFFB234A1468214691B9224C77
S2140104B023681BB9304600F027FB206029463046EA
S2140104C000F022FB431C26D10C233360304600F09B
S2140104D09AFBE4E70B685B1B1AD40B2B0FD90B6056
S2140104E0CD50CC18304600F08EFB04F10B00231DD6
S2140104F020F00700C31A1BD05A42E25070BD8C424E
S2140105000DBF63684B686360136018BF0C46E9E76C
S2140105100C464968CAE7C41C24F00304A04205D06F
S214010520211A304600F0F0FA0130CDD02560D9E727
S21401053070BD00BF7CDB002080DB00202DE9F0478A
S2140105408E689E4282460C469146984635D88A89E0
S21401055012F4906F31D0256809696F1A6569022314
S21401056005EB450595FBF3F508F101033B449D4278
S21401057038BF1D46530531D52946FFF781FF06468C
S21401058050B90C23CAF80030A38943F04003A38175
S2140105904FF0FF30BDE8F0873A462169FFF71BFFB1
S2140105A0A38923F4906343F08003A38126616561E8
S2140105B03E44ED1B2660A5604646464528BF464696
S2140105C032464946206800F003FBA3689B1BA360E4
S2140105D023681E4426600020BDE8F0872A4600F006
S2140105E061FB06460028E1D12169504600F00CFB6C
S2140105F0C7E700002DE9F04F9DB0804603938B8935
S2140106001C060D4616460FD50B696BB94021FFF740
S21401061037FF2860286128B90C23C8F800304FF04E
S214010620FF30C5E040236B610023099320238DF83A
S214010630293030238DF82A304FF0010B37463C46DF
S21401064014F8013B002B3CD1B7EB060A0BD05346FE
S214010650324629464046FFF771FF013000F0A3807D
S214010660099B534409933B78002B00F09C800023A0
S2140106704FF0FF3204930793059206938DF853309B
S2140106801A9305222178504800F052FA671C049B01
S214010690D8B9D90644BF20228DF853201A0744BF83
S2140106A02B228DF8532022782A2A16D0079A002169
S2140106B00A20274601343B78303B092B51D9C9B172
S2140106C011E0252BC0D02746B9E73F4A801A0BFA1E
S2140106D000F0184304903C46D3E7039A111D1268B4
S2140106E00391002A01DB079204E0524243F0020321
S2140106F0079204933B782E2B0ED17B782A2B07F199
S214010700010132D1039B1A1D1B680392002BB8BF4F
S2140107104FF0FF33023705932C4C397803222046DD
S21401072000F006FA38B14023001B03FA00F0049BE0
S214010730034304930137397825488DF8281006229B
S2140107407E1C00F0F5F9002835D0224BFBB9039B3F
S214010750073323F0070308330393099B4B4409939C
S2140107606CE700FB02320121A3E70023059318463C
S2140107700A240F4601313A78303A092A03D9002B68
S214010780CAD00590C8E704FB00200123F1E703ABBC
S21401079000932A46104B04A94046AFF30080B0F1FF
S2140107A0FF3F8146D9D1AB895B063FF538AF099843
S2140107B01DB0BDE8F08F03AB00932A46064B04A993
S2140107C0404600F081F8EAE7B8230100BE230100A5
S2140107D0C2230100000000003D0501002DE9F0479D
S2140107E091461F468A680B69DDF820809342B8BFA0
S2140107F01346C9F8003091F8432006460C4612B15C
S2140108000133C9F800302368990642BFD9F8003091
S2140108100233C9F80030256815F0060507D104F142
S214010820190AE368D9F800209B1A9D4229DB94F83F
S21401083043302268003318BF012392062ED404F1F8
S214010840430239463046C047013021D02368E56867
S214010850D9F8002003F00603042B08BFAD1AA368DD
S21401086022690CBF25EAE57500259342C4BF9B1A91
S214010870ED184FF000091A344D451BD10020BDE894
S214010880F0870123524639463046C047013003D12E
S2140108904FF0FF30BDE8F0870135C2E7E1185A1C7A
S2140108A0302081F84300224494F8451082F8431022
S2140108B00233C4E70123224639463046C047013099
S2140108C0E6D009F10109D7E72DE9F04317460A7E7C
S2140108D085B06E2A984606460C460C9B01F1430EDF
S2140108E000F0BC801AD8632A2ED00AD8002A00F05D
S2140108F0C880582A00F08A8004F1420584F8422014
S2140109002AE0642A01D0692AF6D121681A6811F012
S214010910800F23D0111D1960136827E0732A00F099
S214010920B48008D86F2A2AD0702AE5D10A6842F026
S21401093020020A6003E0752A21D0782ADCD17822C9
S21401094084F845206E4964E01A6801F14205111DDC
S2140109501960136884F842300123A3E011F0400FB8
S21401096002F104011960D7D0B2F90030002B03DA86
S2140109702D225B4284F8432062490A2217E0206850
S214010980196810F0800F03D0081D18600B6806E088
S21401099010F0400F01F104001860F7D00B88594998
S2140109A06F2A14BF0A220822002084F843006568D3
S2140109B0A560002DC0F29C80206820F00400206015
S2140109C0002B3FD1002D40F095807546082A0BD1AB
S2140109D02368DA0708D5236962689A42DEBF3023A6
S2140109E005F8013C05F1FF35AEEB05032361CDF8B3
S2140109F000803B4603AA21463046FFF7EFFE013052
S214010A0055D14FF0FF3005B0BDE8F08381F84520A1
S214010A103C492268186812F0800F00F104051D6039
S214010A2001D0036802E05506FBD50388D00744BF12
S214010A3042F0200222601BB9226822F020022260C6
S214010A401022B1E77546B3FBF2F002FB1033CB5C24
S214010A5005F8013D03460028F5D1B7E708681A688E
S214010A60496910F0800F04D0101D186013681960D2
S214010A7007E010F0400F02F1040018601368F6D08A
S214010A801980002323617546B1E71A68111D1960A4
S214010A90156862680021284600F04AF808B1401B34
S214010AA0606063682361002384F843309FE723690D
S214010AB02A4639463046C0470130A2D023689B07F4
S214010AC007D5002504F11909E368039A9B1A9D428C
S214010AD005DBE068039B9842B8BF184693E70123FD
S214010AE04A4639463046C04701308AD00135EBE7E1
S214010AF0002BA7D10B7884F8423004F1420565E754
S214010B00DA230100C923010038B5064C0023054647
S214010B1008462360F8F788FA431C02D1236803B11C
S214010B202B6038BDF4F80020000000000000000033
S214010B3001F0FF01102A2BDB10F0070F08D010F888
S214010B40013B013A8B422DD010F0070F42B3F6D18C
S214010B50F0B441EA012141EA014122F007047FF0A5
S214010B6000070023F0E80256083C85EA010586EAFC
S214010B70010685FA47F5A3FA87F586FA47F6A5FA38
S214010B8087F68EB9EED1F0BC01F0FF0102F0070244
S214010B9032B110F8013B013A83EA010313B1F8D1EF
S214010BA00020704701387047002D06BF35460338D0
S214010BB0073815F0010F07D1013015F4807F02BF09
S214010BC0013015F4C03F0130F0BC0138704700BF5A
S214010BD0884210B501EB020303D8421E99420CD19C
S214010BE010BD9842F9D28118D21AD34200D110BD55
S214010BF013F8014D01F8014DF7E711F8014B02F822
S214010C00014FEBE77047704738B50546002945D0D8
S214010C1051F8043C0C1F002BB8BFE418FFF7F2FF95
S214010C201F4A1368104633B9636014602846BDE84E
S214010C303840FFF7E8BFA3420CD9216862189342F7
S214010C4004BF1A685B68636004BF521822600460C0
S214010C50ECE713465A680AB1A242FAD9196858183D
S214010C60A0420BD120680144581882421960DDD198
S214010C70106852685A6001441960D7E702D90C23FC
S214010C802B60D3E7206821188A4204BF1168526896
S214010C90626004BF091821605C60C7E738BD00BF09
S214010CA07CDB0020F8B5074614460E4621B91146EE
S214010CB0BDE8F840FFF7E4BB22B9FFF7A5FF2546DC
S214010CC02846F8BD00F014F884420FD9214638466C
S214010CD0FFF7D6FB05460028F2D031462246FFF73D
S214010CE07AFB31463846FFF78FFFE9E73546E7E7F7
S214010CF051F8040C0028A0F10400BCBF0B58C01822
S214010D0070470000497A69506C757352780000008C
S214010D10C05C150040420F00107A0700E86E030021
S214010D200000F401E803DC05D007C409B80BAC0DDC
S214010D30A00FAC0DB80BC409D007DC05E803F4011D
S214010D400000020012002F0056008300B600EF00DC
S214010D502D017001B70101025002A202F8025203EE
S214010D60AE030E047004D6043E05A90517068806D0
S214010D70FB067107E9076408E1086009E209660AEB
S214010D80EC0A740BFE0B8B0C1A0DAA0D3D0ED20E3F
S214010D90680F01109B103811D61176121813BC1368
S214010DA062140915B2155D160A17B81768181919CD
S214010DB0CD19821A381BF01BAA1C651D221EE11EC6
S214010DC0A11F62202521EA21B022772340240B258A
S214010DD0D625A426732743281429E729BC2A912B54
S214010DE0692C412D1B2EF62ED32FB1309031703247
S214010DF0523335341A350036E736CF37B838A3398B
S214010E008F3A7D3B6B3C5B3D4C3E3E3F324026413C
S214010E101C4213430B440545FF45FB46F847F6487D
S214010E20F549F64AF74BFA4CFE4D034F095010515F
S214010E30195222532D5438554556535762587259F4
S214010E40835A955BA85CBD5DD25EE95F006119625D
S214010E5032634D6469658566A367C268E269036BA0
S214010E60256C476D6B6E906FB670DD7105732E74D1
S214010E7058758376AF77DB78097A387B687C997DFD
S214010E80CA7EFD7F318165829B83D1840986418735
S214010E907A88B589F08A2C8C698DA78EE68F269183
S214010EA06792A893EB942E967397B898FE99469BF3
S214010EB08E9CD79D209F6BA0B7A103A351A49FA58D
S214010EC0EEA63EA88FA9E1AA34AC87ADDBAE31B061
S214010ED087B1DEB236B48EB5E8B642B89EB9FABA74
S214010EE057BCB4BD13BF72C0D3C134C396C4F9C5D1
S214010EF05CC7C1C826CA8CCBF3CC5BCEC4CF2DD180
S214010F0097D202D46ED5DBD648D8B6D925DB95DC88
S214010F1006DE77DFEAE05DE2D1E345E5BBE631E8F0
S214010F20A8E920EB98EC12EE8CEF07F182F2FFF3C2
S214010F307CF5FAF679F8F9F979FBFAFC7CFEFFFF05
S214010F40FFFF00000200030006000B0012001B005A
S214010F50260033004300540067007C009400AD0077
S214010F60C900E600060127014B0170019801C10185
S214010F70ED011B024B027C02B002E6021E0358037F
S214010F809403D203120454049804DE042605700563
S214010F90BC050A065B06AD0601075807B0070A0836
S214010FA06708C50826098809ED09540ABC0A270BF3
S214010FB0930B020C730CE60C5B0DD10D4A0EC50E9D
S214010FC0420FC10F4210C5104A11D1115A12E61232
S214010FD07313021493142715BC155316ED168817B0
S214010FE02518C51866190A1AAF1A571B011CAC1C1E
S214010FF05A1D0A1EBC1E6F1F2520DD209721532275
S2140110001123D123932457251D26E526AF277B28B8
S2140110104A291A2AEC2AC02B972C6F2D492E262FE7
S2140110200430E530C731AC3292337B346635523604
S214011030413732382439193A103B093C043D013E08
S214011040003F0140044109421043194424453146FA
S2140110504147524865497A4A924BAB4CC64DE44EDD
S2140110600350255148526E539654BF55EB561858A7
S21401107048597A5AAE5BE45C1B5E555F9160CF615E
S2140110800F6351649565DB6623686D69B96A086C00
S214011090586DAA6EFE6F5571AD7207746475C2768F
S2140110A023788579EA7A507CB97D247F9080FF8108
S2140110B07083E2845786CE874789C28A3F8CBE8D6D
S2140110C03F8FC2904792CE935795E2966F98FE99BE
S2140110D08F9B239DB89E4FA0E9A184A322A5C1A6FC
S2140110E062A806AAABAB53ADFDAEA8B056B206B425
S2140110F0B7B56BB721B9D9BA93BC4FBE0CC0CCC13A
S2140111008EC352C518C7E1C8ABCA77CC45CE15D039
S214011110E7D1BCD392D56AD745D921DBFFDCE0DE27
S214011120C2E0A7E28DE476E661E84DEA3CEC2DEEFE
S2140111301FF014F20BF404F6FFF7FCF9FBFBFCFDC1
S214011140FFFFFFFF00000200030004000500060089
S214011150070008000A000D00110016001B00210000
S21401116028003000390043004D0059006600740025
S21401117082009200A300B500C900DD00F3000A0159
S21401118022013C01570173019001AF01CF01F1012A
S214011190140239025F028602B002DA020603340341
S2140111A063039403C703FB0331046804A104DC044E
S2140111B0190557059705D9051D066206AA06F30601
S2140111C03E078B07D9072A087C08D108270980091A
S2140111D0DA09360A950AF50A570BBC0B220C8B0C5A
S2140111E0F50C620DD10D420EB50E2A0FA20F1B1083
S2140111F097101511951118129C122313AC1338145D
S214011200C5145615E8157D161417AD174918E718B5
S21401121088192A1AD01A781B221CCE1C7E1D2F1E56
S214011220E31E9A1F53200E21CD218D225023162412
S214011230DF24AA25772647271A28EF28C729A22AB6
S2140112407F2B602C422D282E102FFB2FE830D83113
S214011250CB32C133BA34B535B336B437B838BE3904
S214011260C83AD43BE33CF53D093F21403C41594255
S21401127079439D44C345EC4618484749794AAE4BE5
S214011280E64C214E5F4FA050E4512B537554C25586
S21401129012576558BC59155B725CD15D345F9A6014
S2140112A003626F63DE645166C6673F69BB6A3A6C68
S2140112B0BD6D426FCB705772E77379750F77A8785B
S2140112C0447AE47B877D2D7FD78084823484E885C9
S2140112D09E875989168BD78C9C8E63902F92FD938F
S2140112E0CF95A4977D995A9B399D1C9F03A1EDA28A
S2140112F0DBA4CCA6C0A8B8AAB4ACB3AEB6B0BCB298
S214011300C6B4D3B6E4B8F8BA10BD2CBF4BC16DC392
S21401131094C5BEC7EBC91DCC52CE8AD0C6D206D55F
S2140113204AD791D9DCDB2ADE7CE0D2E22CE58AE7DB
S214011330EBE950ECB8EE25F195F309F681F8FCFAE5
S2140113407BFDFFFFFFFF0000BE0600035504A3015F
S21401135042060C03B707050160053E006406BB02A2
S2140113602706F60022054F0053746570446F776EAA
S2140113700000000000300040003400400020014121
S2140113800040014100000043000400430300000048
S21401139014002060000100006E0000000000D7006D
S2140113A000D8B805497A69506C757300497A695056
S2140113B06C757354696D657200000000506F776537
S2140113C072206F6E202D3E20467265713A2025648C
S2140113D02E25644D487A20526174653A2025646B47
S2140113E0487A00000100000031204368616E6E6596
S2140113F06C0000000000000000000000000000007B
S21401140000000000000000000500000034204368D2
S214011410616E204D6173746572000000000000006B
S21401142000000000000000000000000004000000B2
S21401143034204368616E6E656C0000000000000099
S2140114400000000000000000000000000000000096
S2140114500800000034204368616E6E656C203136EA
S2140114606269740000000000000000000000000037
S214011470000000000200000054572053696E676C9C
S21401148065204374726C000000000000000000003C
S2140114900000000000000000010000005744205337
S2140114A0696E676C65204374726C00000000000072
S2140114B00000000000000000000000000400000022
S2140114C05457204475616C204374726C0000000010
S2140114D00000000000000000000000000000000006
S2140114E0020000005744204475616C204374726CFE
S2140114F000000000000000000000000000000000E6
S214011500000000000200000043726F73736F76657F
S21401151072205457205343000000000000000000D2
S21401152000000000000000000100000043726F731D
S214011530736F766572205744205343000000000005
S2140115400000000000000000000000000400000091
S21401155043726F73736F766572205457204443004D
S2140115600000000000000000000000000000000075
S2140115700200000043726F73736F766572205744E2
S21401158020444300000000000000000000000000AE
S2140115900000000001010000000000001200000031
S2140115A043757272656E74207365740000000000E6
S2140115B000000000012201000000000003000000FE
S2140115C046696C746572206D6F64650000000000EA
S2140115D000000000010C020046003C005A0000001A
S2140115E04E5443312054656D702050726F74000064
S2140115F000000000011003000000000017000000BA
S2140116004368616E6E656C20537761700000000060
S214011610000000000121040000000000200000007E
S214011620436F6E746163742031204D617000000059
S2140116300000000001230500020000000300000076
S21401164044696D2063757276650000000000000035
S2140116500000000001010000000000000000000082
S21401166000000000000000000000011A0100000058
S2140116700000000000000000000000000000000064
S2140116800117030000000000000000000000000039
S214011690000000000000010404000000000000003B
S2140116A00000000000000000000000000105050029
S2140116B00000000000000000000000000000000024
S2140116C00000010D06000000000000000000000000
S2140116D00000000000000000010E070000000000EE
S2140116E000000000000000000000000000000113E0
S2140116F008000000000000000000000000000000DC
S21401170000000000011909000000000000000000B0
S2140117100000000000000000000001150A000000A3
S21401172000000000000000000000000000000000B3
S214011730021E0B0000000000000000000000000078
S21401174000000000000002200D0000000000000064
S21401175000000000000000000000000002210F0051
S2140117600000000000000000000000000000000073
S214011770000002241100000000000000000000002C
S214011780000000000000000002221300000000001C
S2140117900000000000000000000000000000011F23
S2140117A0140000000000000000000000000000001F
S2140117B000000000022B15000000000000000000E1
S2140117C0000000000000000000000000000102030D
S2140117D000010302000201030002030100030102EB
S2140117E000030201010002030100030201020003DB
S2140117F001020300010300020103020002000103CB
S21401180002000301020100030201030002030001BA
S21401181002030100030001020300020103010002AA
S2140118200301020003020001030201000053606885
S2140118306E73777B7F828487898C8E90929395973F
S214011840989A9B9D9E9FA1A2A3A4A5A6A8A9AAAB70
S214011850ACADADAEAFB0B1B2B3B3B4B5B6B7B7B861
S214011860B9B9BABBBCBCBDBEBEBFBFC0C1C1C2C296
S214011870C3C4C4C5C5C6C6C7C7C8C8C9CACACBCBF0
S214011880CCCCCCCDCDCECECFCFD0D0D1D1D2D2D262
S214011890D3D3D4D4D4D5D5D6D6D6D7D7D8D8D8D9E5
S2140118A0D9DADADADBDBDBDCDCDCDDDDDEDEDEDF73
S2140118B0DFDFE0E0E0E1E1E1E2E2E2E3E3E3E3E40B
S2140118C0E4E4E5E5E5E6E6E6E7E7E7E7E8E8E8E9AC
S2140118D0E9E9E9EAEAEAEBEBEBEBECECECECEDED53
S2140118E0EDEEEEEEEEEFEFEFEFF0F0F0F0F1F1F1FE
S2140118F0F1F2F2F2F2F3F3F3F3F4F4F4F4F5F5F5AE
S214011900F5F5F6F6F6F6F7F7F7F7F8F8F8F8F8F962
S214011910F9F9F9F9FAFAFAFAFBFBFBFBFBFCFCFC1A
S214011920FCFCFDFDFDFDFDFEFEFEFEFF495A492DB8
S21401193044726976654343342B000000537769741B
S21401194063682061637469766520287072657373B5
S2140119502074696D65202564206D732900000000E0
S2140119605377697463682061637469766520616E74
S21401197064207265706F727465642068616E646C51
S21401198065640000537769746368206163746976DF
S2140119906520256420636C69636B7300506F7765FF
S2140119A0722D75702C207273743A2025642C207762
S2140119B0643A2025640000005761746368646F67A9
S2140119C02072657365742C207273743A2025642C1A
S2140119D02077643A20256400424F4420726573657F
S2140119E0742C207273743A2025642C2077643A2074
S2140119F0256400004578742072657365742C207226
S214011A0073743A2025642C2077643A2025640000FC
S214011A105379732072657365742C207273743A203F
S214011A2025642C2077643A2025640000496E76618F
S214011A306C6964207265736574207374727563745F
S214011A400000000056657273696F6E206170703A0F
S214011A502025642E25642E25642C20626F6F743A2F
S214011A602025642E25642E25640000004175746FC0
S214011A702067656E2E0000002D000000FFF8D0BB29
S214011A80ADA39B958F8B86837F7D7A777573716FF8
S214011A906D6B6A68676664636261605F5E5D5C5B0E
S214011AA05A59585757565554545352525150504FED
S214011AB04F4E4E4D4D4C4B4B4A4A4A494948484772
S214011AC047464646454544444443434342424241D1
S214011AD041414040403F3F3F3E3E3E3E3D3D3D3C16
S214011AE03C3C3C3B3B3B3B3A3A3A3A39393939384C
S214011AF0383838373737373636363636353535357A
S214011B00353434343434333333333332323232329D
S214011B10323131313131313030303030302F2F2FBA
S214011B202F2F2F2E2E2E2E2E2E2D2D2D2D2D2D2DD3
S214011B302C2C2C2C2C2C2C2B2B2B2B2B2B2B2A2AEA
S214011B402A2A2A2A2A2A29292929292929292828FB
S214011B50282828282828272727272727272727260A
S214011B602626262626262625252525252525252518
S214011B702524242424242424242423232323232324
S214011B80232323232222222222222222222222212C
S214011B902121212121212121212020202020202036
S214011BA020202020201F1F1F1F1F1F1F1F1F1F1F3A
S214011BB01E1E1E1E1E1E1E1E1E1E1E1E1D1D1D1D43
S214011BC01D1D1D1D1D1D1D1D1D1C1C1C1C1C1C1C46
S214011BD01C1C1C1C1C1C1B1B1B1B1B1B1B1B1B1B49
S214011BE01B1B1B1A1A1A1A1A1A1A1A1A1A1A1A1A4C
S214011BF01A1919191919191919191919191919184F
S214011C001818181818181818181818181818171750
S214011C101717171717171717171717171717161650
S214011C201616161616161616161616161616151550
S214011C301515151515151515151515151515141450
S214011C40141414141414141414141414141414134F
S214011C50131313131313131313131313131313134E
S214011C60121212121212121212121212121212124E
S214011C70121211111111000000000000FFFFFFF504
S214011C80E0D1C5BCB4ADA8A29E9A96928F8C8A87E5
S214011C908582807E7C7A797775747271706E6D6CD0
S214011CA06B6A696866666564636261605F5E5E5DF5
S214011CB05C5B5B5A595958575756555554545353AC
S214011CC052525150504F4F4E4E4E4D4D4C4C4B4B29
S214011CD04A4A4A4949484848474746464645454587
S214011CE044444443434342424241414140404040D0
S214011CF03F3F3F3E3E3E3E3D3D3D3C3C3C3C3B3B0C
S214011D003B3B3A3A3A3A393939393838383838373C
S214011D103737373636363636353535353534343465
S214011D203434333333333332323232323131313188
S214011D30313130303030302F2F2F2F2F2F2E2E2EA7
S214011D402E2E2E2D2D2D2D2D2D2D2C2C2C2C2C2CC0
S214011D502B2B2B2B2B2B2B2A2A2A2A2A2A2A2929D8
S214011D6029292929292828282828282828272727EB
S214011D7027272727262626262626262625252525FD
S214011D80252525252424242424242424242323230C
S214011D902323232323232222222222222222222118
S214011DA02121212121212121202020202020202025
S214011DB020201F1F1F1F1F1F1F1F1F1F1E1E1E1E2F
S214011DC01E1E1E1E1E1E1D1D1D1D1D1D1D1D1D1D37
S214011DD01C1C1C1C1C1C1C1C1C1C1C1B1B1B1B1B42
S214011DE01B1B1B1B1B1B1B1A1A1A1A1A1A1A1A1A46
S214011DF01A1A19191919191919191919191918184D
S214011E001818181818181818181818171717171751
S214011E101717171717171716161616161616161655
S214011E201616161615151515151515151515151558
S214011E30151514141414141414141414141414135B
S214011E40131313131313131313131313131312125E
S214011E501212121212121212121212121111111160
S214011E601111111111111111111111101010101061
S214011E7010101010101000000000000003030303F0
S214011E80060603060008060703021A0906060300EB
S214011E900F0A1A0000100000416E616C6F675F54F4
S214011EA0696D6572000000006400000064000000B7
S214011EB064643C00640064006464646464641400E4
S214011EC0641E3C0000001E120000000A00140014EC
S214011ED00000141414282864003C3C00556E6B6EF8
S214011EE06F776E206572726F72000000556E6B6EB2
S214011EF06F776E207761726E696E6700556E6B6ED6
S214011F006F776E20696E6974207374617465000062
S214011F1053746172742043414E2062757300000051
S214011F20537461727420495A492B206275730000FC
S214011F305374617274696E67204F53004F757470E5
S214011F4075742031206F70656E0000004F757470D7
S214011F5075742032206F70656E0000004F757470C6
S214011F6075742033206F70656E0000004F757470B5
S214011F7075742034206F70656E0000005265626FC4
S214011F806F74206E656564656400000042616420BC
S214011F90636F6D207175616C69747900537570702B
S214011FA06C7920746F6F206C6F770000496E7465D2
S214011FB0726E2074656D70657261747572652068E5
S214011FC0696768004E5443312074656D70657261AF
S214011FD07475726520746F6F206869676800000009
S214011FE04E5443322074656D706572617475726506
S214011FF020746F6F2068696768000000546F746111
S2140120006C20706F77657220746F6F2068696768DF
S21401201000000000537570706C7920766F6C7461E7
S214012020676520746F6F20686967680054696D6919
S2140120306E67207761726E696E6700005561727413
S214012040206F766572666C6F77000000444D5820ED
S2140120507761726E696E6700506F776572206C6982
S2140120606D69742043683100506F776572206C6922
S2140120706D69742043683200506F776572206C6911
S2140120806D69742043683300506F776572206C6900
S2140120906D697420436834004E6F2070726F6475EA
S2140120A06374696F6E2064617461000048617264D4
S2140120B077617265206572726F7200004E6F2063E1
S2140120C06F6D6D756E69636174696F6E00000000F7
S2140120D056696E20746F6F206C6F77004F75747041
S2140120E0757420312073686F727400004F757470B8
S2140120F0757420322073686F727400004F757470A7
S214012100757420332073686F727400004F75747095
S214012110757420342073686F727400004E54432027
S2140121206572726F72000000496E636F6D706C6548
S214012130746520636F6D000049444C450000000043
S2140121400925630925750925750925750D0A0000F8
S214012150546D7220537663000000211042206330D4
S2140121608440A550C660E770088129914AA16BB1E9
S2140121708CC1ADD1CEE1EFF1311210027332522291
S214012180B5529442F772D662399318837BB35AA339
S214012190BDD39CC3FFF3DEE3622443342004011461
S2140121A0E664C774A44485546AA54BB52885099589
S2140121B0EEE5CFF5ACC58DD5533672261116300631
S2140121C0D776F6669556B4465BB77AA719973887D9
S2140121D0DFF7FEE79DD7BCC7C448E5588668A778F1
S2140121E04008611802282338CCC9EDD98EE9AFF929
S2140121F0488969990AA92BB9F55AD44AB77A966AD1
S214012200711A500A333A122AFDDBDCCBBFFB9EEB78
S214012210799B588B3BBB1AABA66C877CE44CC55CA0
S214012220222C033C600C411CAEED8FFDECCDCDDDC8
S2140122302AAD0BBD688D499D977EB66ED55EF44E70
S214012240133E322E511E700E9FFFBEEFDDDFFCCF18
S2140122501BBF3AAF599F788F8891A981CAB1EBA16C
S2140122600CD12DC14EF16FE18010A100C230E320E8
S2140122700450254046706760B9839893FBA3DAB390
S2140122803DC31CD37FE35EF3B1029012F322D23238
S2140122903542145277625672EAB5CBA5A895898560
S2140122A06EF54FE52CD50DC5E234C324A014810488
S2140122B06674476424540544DBA7FAB79987B89730
S2140122C05FE77EF71DC73CD7D326F2369106B016D8
S2140122D057667676154634564CD96DC90EF92FE9F0
S2140122E0C899E9898AB9ABA9445865480678276828
S2140122F0C018E1088238A3287DCB5CDB3FEB1EFBD0
S214012300F98BD89BBBAB9ABB754A545A376A167A77
S214012310F10AD01AB32A923A2EFD0FED6CDD4DCD9F
S214012320AABD8BADE89DC98D267C076C645C454CC7
S214012330A23C832CE01CC10C1FEF3EFF5DCF7CDF6F
S2140123409BAFBABFD98FF89F176E367E554E745E17
S214012350932EB23ED10EF01E0000000000000000D9
S2140123600000000000000000000000000000000067
S2140123700000000000000000000000000000000057
S2140123800000000000000000000000000000000047
S2140123900000000000000000000000000000000037
S2140123A00000000000000000000000000000000027
S2140123B00000000000000000232D302B2000686C78
S2140123C04C00656667454647003031323334353652
S2140123D0373839414243444546003031323334358B
S2140123E0363738396162636465660000F8B500BF48
S2140123F0F8BC08BC9E46704789420000F8B500BF8D
S210012400F8BC08BC9E4670476542000010
S20C01240C84DCFF7F01000000E3
S214012414FF010200000000000000000000000000B0
S21401242400000000000000000000000000000000A2
S214012434000001005DD6000051D6000085D60000DC
S2140124441D76000000000000F5BC00008165000058
S2140124540000000000000000000000000000000072
S2140124640000000000000000000100000000000061
S2140124740000000000000000000000000000000052
S2140124840000000000000000000000000000000042
S2140124940000000000000000000000000000000032
S2140124A40000000000000000000000000000000022
S2140124B40000000000000000000000000000000012
S2140124C40000000000000000000000000000000002
S2140124D400000000000000000000000000000000F2
S2140124E400000000000000000000000000000000E2
S2140124F400000000000000000000000000000000D2
S21401250400000000000000000000000000000000C1
S21401251400000000000000000000000000000000B1
S21401252400000000000000000000000000000000A1
S2140125340000000000000000000000000000000091
S2140125440000000000000000000000000000000081
S2140125540000000000000000000000000000000071
S2140125640000000000000000000000000000000061
S2140125740000000000000000000000000000000051
S2140125840000000000000000000000000000000041
S2140125940000000000000000000000000000000031
S2140125A40000000000000000000000000000000021
S2140125B40000000000000000000000000000000011
S2140125C40000000000000000000000000000000001
S2140125D400000000000000000000000000000000F1
S2140125E400000000000000000000000000000000E1
S2140125F400000000000000000000000E2707000095
S21401260400000000000000000000000000000000C0
S21401261400000000000000000000000000000000B0
S21401262400000000000000000000000000000000A0
S2140126340000000000000000000000000000000090
S2140126440000000002009DD6000091D60000C5D609
S2140126540000517600000000000009BD0000DD66A0
S2140126640000000000000000000000000000000060
S2140126740000000000000000000000000000000050
S2140126840000000000000000000000000000000040
S2140126940000000000000000000000000000000030
S2140126A40000000000000000000000000000000020
S2140126B40000000000000000000000000000000010
S2140126C40000000000000000000000000000000000
S2140126D400000000000000000000000000000000F0
S2140126E400000000000000000000000000000000E0
S2140126F400000000000000000000000000000000D0
S21401270400000000000000000000000000000000BF
S21401271400000000000000000000000000000000AF
S214012724000000000000000000000000000000009F
S214012734000000000000000000000000000000008F
S214012744000000000000000000000000000000007F
S214012754000000000000000000000000000000006F
S214012764000000000000000000000000000000005F
S214012774000000000000000000000000000000004F
S214012784000000000000000000000000000000003F
S214012794000000000000000000000000000000002F
S2140127A4000000000000000000000000000000001F
S2140127B4000000000000000000000000000000000F
S2140127C400000000000000000000000000000000FF
S2140127D400000000000000000000000000000000EF
S2140127E400000000000000000000000000000000DF
S2140127F400000000000000000000000000000000CF
S214012804000000000000000000000000000E270782
S21401281400000000000000000000000000000000AE
S214012824000000000000000000000000000000009E
S214012834000000000000000000000000000000008E
S214012844000000000000000000000000000000007E
S2140128540000000000000300DDD60000D1D6000011
S21401286405D7000085760000000000001DBD0000AD
S214012874896700000000000000000000000000005E
S214012884000000000000000000000000000100003D
S214012894000000000000000000000000000000002E
S2140128A4000000000000000000000000000000001E
S2140128B4000000000000000000000000000000000E
S2140128C400000000000000000000000000000000FE
S2140128D400000000000000000000000000000000EE
S2140128E400000000000000000000000000000000DE
S2140128F400000000000000000000000000000000CE
S21401290400000000000000000000000000000000BD
S21401291400000000000000000000000000000000AD
S214012924000000000000000000000000000000009D
S214012934000000000000000000000000000000008D
S214012944000000000000000000000000000000007D
S214012954000000000000000000000000000000006D
S214012964000000000000000000000000000000005D
S214012974000000000000000000000000000000004D
S214012984000000000000000000000000000000003D
S214012994000000000000000000000000000000002D
S2140129A4000000000000000000000000000000001D
S2140129B4000000000000000000000000000000000D
S2140129C400000000000000000000000000000000FD
S2140129D400000000000000000000000000000000ED
S2140129E400000000000000000000000000000000DD
S2140129F400000000000000000000000000000000CD
S214012A0400000000000000000000000000000000BC
S214012A140000000000000000000000000000000E9E
S214012A24270700000000000000000000000000006E
S214012A34000000000000000000000000000000008C
S214012A44000000000000000000000000000000007C
S214012A54000000000000000000000000000000006C
S214012A64000000000000000004001DD7000011D77C
S214012A74000045D70000B97600000000000031BD13
S214012A8400003166000000000000000000000000A5
S214012A94000000000000000000000000000000002C
S214012AA4000000000000000000000000000000001C
S214012AB4000000000000000000000000000000000C
S214012AC400000000000000000000000000000000FC
S214012AD400000000000000000000000000000000EC
S214012AE400000000000000000000000000000000DC
S214012AF400000000000000000000000000000000CC
S214012B0400000000000000000000000000000000BB
S214012B1400000000000000000000000000000000AB
S214012B24000000000000000000000000000000009B
S214012B34000000000000000000000000000000008B
S214012B44000000000000000000000000000000007B
S214012B54000000000000000000000000000000006B
S214012B64000000000000000000000000000000005B
S214012B74000000000000000000000000000000004B
S214012B84000000000000000000000000000000003B
S214012B94000000000000000000000000000000002B
S214012BA4000000000000000000000000000000001B
S214012BB4000000000000000000000000000000000B
S214012BC400000000000000000000000000000000FB
S214012BD400000000000000000000000000000000EB
S214012BE400000000000000000000000000000000DB
S214012BF400000000000000000000000000000000CB
S214012C0400000000000000000000000000000000BA
S214012C1400000000000000000000000000000000AA
S214012C24000000000000000000000000000000009A
S214012C34000E27070000000000000000000000004E
S214012C44000000000000000000000000000000007A
S214012C54000000000000000000000000FFAA1400AD
S214012C645A00AA0004000200D007D007D0070100CA
S214012C740A000000E803000098200100AC200100CF
S214012C84BC200100D0200100DC200100EC20010062
S214012C94FC2001000C2101001C2101002821010057
S214012CA4000000003C1F01004C1F01005C1F0100D6
S214012CB46C1F01007C1F01008C1F01009C1F01007A
S214012CC4AC1F0100C41F0100E01F0100FC1F01002E
S214012CD4142001002C2001003C2001004C2001009E
S214012CE45C190100582001006820010078200100C9
S214012CF488200100101F0100201F0100301F010061
S214012D0401000100010002002C010000AAAAAAAADF
S214012D14042B002000000000782301009823010002
S214012D24582301000000000000000000000000001D
S214012D340000000000000000000000000000000089
S214012D440000000000000000000000000000000079
S214012D540000000000000000000000000000000069
S214012D640000000000000000000000000000000059
S208012D740000000055
S21401FF0001024800AABBCCDD000000000040000052
S21401FF1000000000200200000000000001000300B5
S21401FF20400000000000000000000000000000008B
S21401FF3000000000000000000000000000000000BB
S21401FF4000000000000000000000000000000000AB
S21401FF50000000000000000000000000000000009B
S21401FF60000000000000000000000000000000008B
S21401FF70000000000000000000000000000000007B
S21401FF80000000000000000000000000000000006B
S21401FF90000000000000000000000000000000005B
S21401FFA0000000000000000000000000000000004B
S21401FFB0000000000000000000000000000000003B
S21401FFC0000000000000000000000000000000002B
S21401FFD0000000000000000000000000000000001B
S21401FFE0000000000000000000000000000000000B
S21401FFF000000000000000000000000000000000FB
S804004000BB
